tweet,label,n_words,has_keyword
اكيد اكتئاب بعد العصر ما في زيه بس ان شاء الله العيد دا غير اشوف عمل تطوعي ولا خير اعمله في الوقت دا ♥️,1,24,True
والله ما أنا عارف هو اكتئاب ولا انطفاء ولا نضج ولا وحدة ولا توحد ولا,1,15,True
حزينه ل ابعد درجه اول مسلسل اصيح على هالكثر وما ابغاه يخلص تكفون مو مستعده اودعهم انا داخله اكتئاب 💔,1,20,True
واله الواحد مايدري هو اكتئاب ولا انطفاء ولا نضج ولا انعدام الشغف ولا تخلف ولا حالة نفسية,1,17,True
بعد اكتئاب فوق السنة ومحد داري عني لا ام لا اب لا اخ لا اخت لاصديق ولا أي بشر بعد ٧٠ طعنة و٥٠ تنازل,1,24,True
و كل صورة وكل أغنية وكل مكان يذكرني فيه يحترق قلبي عليه وأقول يا ليت لو يمديني ارجع لسنه او سنتين عشان اعدل كل شيء,1,25,False
زمان ف ٣ ثانوي بعد امتحان ما قعدت اعيط من كتر الضغط جت هي قعدت جنبي وقعدت تعيط من غير م تقولي ف اي تلقائي بطلت عياط,1,27,False
ما عجبني جوجوتسو ما ادري هو نضج ولا أحب أكون عكس التيار او فيني إكتئاب حاد أحترت 🤷🏻‍♂️,1,18,False
مكنش عظيم انا مبتفرجش عالمسلسل و مشفتش غير المقطع ده على يوتيوب و جالي اكتئاب من ساعتها شديد جدا,1,19,True
كيف اشوف نفسي حلو او على الأقل مقبول ما اقدر افتح الكاميرا واحاول اتصور بدون ما يجيني اكتئاب,1,18,True
توي أفتكرت إن من قبل لا أتخرج عندي إكتئاب يعني كأنك يابو زيد ماغزيت الفشل بالصحة النفسية ↗️↗️↗️,1,18,False
واله الواحد ماعاد يعرف هو إكتئاب ولا نضج ولا برود ولا إنعدام شغف ولا فترة وتعدي ولا دبلت تسبد ولا كلهم مع بعض,1,23,False
تخيل امك تحمل فيك ٩ شهور يعني 39 اسبوع و273 يوم و652 ساعه و 120393 دقيقه و2358720 ثانيه و بالنهايه يجيك اكتئاب,1,22,True
الواحد لما بقعد لوحدي بفتكر سنه ٢٠١٩ لان مكنتش لوحدي كانت اختي بتشاركني كل حاجه فرحتنا و زعلنا و الكلام و كل حاجه,1,23,False
واله الواحد مايدري هو اكتئاب ولا انطفاء ولا نضج ولا انعدام الشغف ولا تخلف ولا حاله نفسيه,1,17,True
قعد أشوف وايد ناس تمر بحالة يأس و اكتئاب و خوف من الأوضاع في البلد و في العالم بأكمله هذه الأيام عنصرية منتشرة جر,1,24,True
أنا في الشغل انا اتخنقت بجد عايزة اجازة مش قادرة اكمل أنا في الإجازة انا جالي اكتئاب خلاص عايزة انزل مش قادرة اقعد في البيت,1,25,True
لا منجد انا لما تشوفوني قاعده فغرفتي وهي مو مرتبه وحايسه اعرفو انو حاليا معايا اكتئاب شديد,1,17,True
فيديوهات المصريات هذي الي تمحور حول الشغل والمطبخ تجيب لي اكتئاب وكره لحياة وربي مابالغ لدرجة اخذت عهد ع نفسي ان ما اشوفها,1,23,True
اكبر كذاب الي قال الاطفال مصدر سعاده اختي البزر بتدخلني في اكتئاب حاد من قوة النكد,1,16,True
هو انا مش في علوم بس كل محاضراتي فيها واحب اقول ان المظاهر خداعه والكليه دي بتجيب اكتئاب وشكرا🙂,1,19,True
ياناس فيه كثير اوهموهم القراء والي يسون رقيه ان عنده حسد وسحروبالاخير اكتشف انه مرض نفسي,1,16,False
واله من اصعب الاشياء الي مريت فيها بحياتي اني قاعد اتعامل مع شخص احبه واشوفه كله يوم يمر في اكتئاب قوي,1,21,True
الواحد لما بيشوف مقاطع الطبخ وشكل الطبخات ومنظر الأكل بيصيبه اكتئاب اكتر من اكتئاب الجوع والمل💔,1,16,True
ليه ابقي في حالة إكتئاب مايعلم بيها الا ربنا والاقي واحدة أخر مرة قالتلي ازيك كانت من بتاع6 سنين مثلا ألاقيها داخل تنكد عليا,1,24,False
احب مون لوفيرز مرا واخ فيني اكتئاب عشان النهايه خايسه دايما اشوف النهايه اذا بصيح,1,15,True
إذا الشخص انصاب بمرض روحي من مده طويله يصيبه اكتئاب وغيره من الأعراض واذا تعالج بالبرنامج العلا,1,17,True
واله الوحده ماسارت تدري هوا اكتئاب ولا انطفاء ولا نضج ولا انعدام الشغف ولا حالة نفسيه الي فيها,1,18,True
العبة ذي احسها اكتئاب الكاتب احسه مريض نفسي حابس الشعب في مدينه او غرفه ولا يشوفون شيء و مدري وش وضع,1,21,True
فكرة انّي رح أبلش أداوم من بكرا 4 أيام بالاسبوع لحالها جايبيتلي ألف نوع اكتئاب,1,15,True
من الحين شايله هم اكتئاب المغرب اول يوم بالعيد عادي جداً وقتها ابكي لاني مشتاقه لرمضان,1,16,True
اعرف انه فيه موجة اكتئاب جايه لمن اصير اشيل هم اني احط مويه على جسمي وجلدي يعورني من البلل مهمة الاستحمام تصير اصعب مهام اليوم,1,25,True
وانا احاول اكون قوين وصابره لما جاني اكتئاب بعد مالعبت ردر٢ وطلعت لي فجاءه ستميه حبه وطاحت حشوة سني وانكسرت نظارتي,1,21,True
على الواحد معد يدري هو اكتئاب ولا انطفاء ولا نضج ولا انعدام الشغف ولا تخلف ولا حاله نفسيه ولا هذي شخصيته,1,21,True
لازم تقدرون انو الانسان تجيه فتره اكتئاب ومضغوط وتعبان مو كل شوي متغير ومتغير حقيقي اكتئاب فهمتو مو طايق احد ماله خلق لآي شي👎🏽,1,24,True
اغنية لسه بدري دي حزينة اوي اينعم الدنيا حر واحنا تعبانين والناس مبترحمش صيام من غيره بس الاغنية دي بتقفلني,1,20,False
مفيش بعد كده اكتئاب مهما تحاول تو نورمالايز لكن تاني سنة و تالت عيد عالتوالي متشوفش اهلك و قرايبك كده تو ماتش جدا,1,23,True
يمكن عندك مشكله نفسيه او تعانين من اكتئاب وتحتاجين علاج نفسي ولاهو عيب علاجك واله يسهل امورك,1,17,True
ابوي مسوي لي مفاجاة بمناسبة انه خلصت اختبارات قر يسوي عزيمة رمضان بكرا و أتساءل ليش عندي اكتئاب,1,18,True
لما تحسي ان حياتك وقفت بسب هذي المشكله توتر او اكتئاب او وساوس وغيرها مثال القلق من الاختبار لدرجة لا توصف,1,21,True
واه يابنات بعد ماحلت عنده جاني شهر اكتئاب من السلبيات والنكد الي قاله لي طلع كذاب يعني الحمدله😓,1,18,True
اشكرك دكتور على تجاوبك واعذرني على استفساري مين يحد او كيف اعرف هل هي حالة اكتئاب او شي اخر ولمن اذهب,1,21,True
كان قاعد وسط شلة غربان جابوله اكتئاب 😂 الحمد له احنا كمان خلصنا منهم 🥳,1,15,True
اكتشفت مؤخرا أنه مهما تغير الشخص الي كان معيشني أسوأ ايام حياتي وسبب لي اكتئاب وحول أغلب أيام حياتي إلى جحيم ومهم,1,22,True
انا غبيه الي كنت مخليه التصوير ع لارا لان كمية الظلام الي بالصور يجيب اكتئاب,1,15,True
عندها اكتئاب مابعد الولادة لازم تأخذ دواء ولازم هي يكون عندها إرادة ورغبة في تغير وضعها لاتستسلم,1,17,True
اول ما احس بشعور سوداوي او اكتئاب على طول لحبوب المنومه على الأقل اقدر اتنجب السيلف هارم والأفكار السيئة والخطوة,1,20,True
الله يسعدك اشتغل عند وحدة وامي راضية تجد هويتي سارة الجوزاء جاني اكتئاب وطلعت لي اكزيميا,1,16,True
انتي يمكن عندك اكتئاب حزن شديد وتمني الموت سهل علاجة خلال اسبوعين تنتهي الاعرض اناعاني من ثنائي القط,1,18,True
اي صح نسيت اذكر اني كرهت واحد من عيالي فيني وانا متعمد احس عشان يسير رجال صح جاه اكتئاب بس عادي اهم شي يطلع رجال,1,25,True
حلو والله لأنو غالبًا لو الشخص عنده خطة وحدة بس وبذل كل جهده عليها وما صارت يدخل في اكتئاب,1,19,True
لو بنت نزلت الشارع بتخاف ل حد يتحرش بيها زي اي واحده ايا كان لبسها ولا شكلها في ناس بعبايات بيتحرشو بيها,1,22,False
وليش تأنيب ضمير لم نكن سبب في معاناة أحد نحن الضحية مرض وصمة إبعاد عن الوظيفة شتات إجتماعي إكتئاب ديون,1,20,False
يوم الاثنين ١٤١٦٣٠ اتذكر مريت بفترة ماتخيلت من قوة الضيقة اني بطلع منها لدرجة اكتئاب ماكان طبيعي 🥺💔,1,18,True
احمد ربك ان امك مات ب قهرولم تنتحر بسب تشدد قرية العباد لاجل صابها اكتئاب عشان ما علمت بنات القريه لغة الكفار مالهم حق,1,24,True
بعد التخرج شغلي بقى دوام كامل بدل بارت تايم وكان عندي اكتئاب عامل لي شلل في حياتي تخليت عن أحلامي اني أكمل دراسة و,1,24,True
الناس مرضت نفسيا وجاها اكتئاب في ظفار بسب المدة المطولة لحظر من غير المعقول أن يستمر بهذا الشكل الرجاء رفع الحظر,1,21,True
فالافكار والمشاعر والسلوك الغير عقلاني يؤثر كلًا منهما على الاخر بشكل حلقة حيث يتفاعلوا معًا لينتجوا نوبات اكتئاب,1,18,True
اغث استاذه شفتها صوتها اكتئاب استغفر اله المشكله يقولون متوظفه هالسنه واسلوبها وشرحها 0 ماترد علينا الا بطلعه الروح,1,19,True
هو انا اه عندي اكتئاب بس مش بحب النكد يعني لو كلمتني هنضحك ونهزر والحياه😂🙃,1,15,True
حياتي اليومية هي عبارة عن ضحك زائد ضحك زائد ضحك وفجأة يجي إكتئاب من حيث لا أدري🌝😂💔,1,17,False
بعض الاخوان والأخوات مشكلتهم مشكله هل تعاني من اكتئاب عليك بمتابعته هذا الحساب لا لا مو جذي قولو آد لفلان وخلاص ليش,1,22,True
طول ما أنا ف جروب شقة العريس هيجيلي اكتئاب والمشكلة إن أغلب الي عليه سناجل أصلاً بس كلنا داخلين نتفرج 😂💔,1,21,True
حدا قال اني مضاد اكتئاب مثلا صح انا حدا كتير بحب يكون ايجابي بس مالي مصلحة اجتماعية انا 🤦🏻‍♀️بصلح حياتي و واقعي لقريب بس مو لكون,1,26,True
الفراغ العاطفي دي حاجة خطيرة لما الانسان يجيه دا الاحساس يتحول الى وحش مكروه مليان اكتئاب وحزن,1,17,True
جواتنا شغلات كثيرة لا قادرين نساها ولا قادرين نحكيها لحدا بس هي بتحكي عن حالها على هيئة زهق عصبية إكتئاب وحزن من غير سبب📵,1,24,False
فقال لي عندك اكتئاب وصرف لي ادوية وقيمة الادوية تقريباً 385 ويعلم اله ان الجلسه معه لم تعدا العشر دقائق,1,20,True
لأسف العيادات النفسية ومن تجربة الدكتور لايقدر المريض اذكر في احدا المرات ذهب لمستشفى الحبيب بريدة,1,16,False
التحطيم وعدم الفهم من الاطراف الآخرين مثل الأهل الزوج الحبيب عندنا يصل الشخص إلى بداية حزن أو الاكتئاب,1,18,True
دكتور انا عندي امي عندها اكتئاب حاد ساءت حالتها وصار مع الاكتئاب عندها ذهان بالرغم انها تعالج عند طبي,1,19,True
انا رجعت اتسحل تاني في ال ودي حاجه متطمنش خالص شكلي داخل ع دور اكتئاب واسترها معانا يارب,1,18,True
ليس كل اكتئاب اكتئاب وان جازت التسمية هناك لون من ألوان العذاب في الحياة الدنيا عندما تصر على معاصياباحيا,1,19,True
ما راح تقدرين تنسين ابد ومستحيل تعايشي مع الوضع كذا الدنيا ماتجي على كيف الواحد,1,15,False
الواحد من اول رمضان مخرجتش مع صحابي ولا فطرت معاهم ولا قابلتهم ولا رحت لاختي تاني رمضان ع التوالي وحرفيا كورونا دي,1,22,False
كل إشي فيا حاليا بيحكيلي اكتئاب ولازم أنعزل وأكبر مشكلة مخي بيقلي فش وقت لاكتئاب 😭,1,16,True
هناك اكتئاب صامت يسكن البعض إنه اكتئاب أن تعرف أكثر ما يجب أن تعرف حتى تكون في خلاف دائم مع كل شيء و مع نفسك,1,25,True
امبارح قولت يابت اتفرجي ع اي مسلسل حظي وقعني ف ملوك الجدعنه لاسف ايه كم القرف والكأبه دي وهو بجد ف مصر الحاجات دي,1,24,False
بقيت راحتي ف بعدي عن الناس مع كنت اكتر حد اجتماعي وبيحب الناس ف الدنيا مش عارفه انا بتغير ولا دا نضج ولا توحد ولا اكتئاب ولا ايه,1,28,True
احس مسلسل الي عندي محمل صار عنده اكتئاب هلكدما كلما انقهر وابچي افتحه اتفرج اني ودموعي المسلسل محتاج هسة,1,19,True
انا بحب احرق دمي كتير يعني اشوف شو اكتر اشي بدايقني فحياتي وأقعد أفكر فيه لحد ما يصيبني اكتئاب ربنا يشفيني 🙂👍🏻,1,22,True
جاها أكتئاب الولادة بنتك محتاجة تخص نفسي علاجها وحلها مب هنا اله يشفيها يرفع عنها يارب,1,16,False
عن نفسي انا لما خلصته جاني شوي شعور بالأكتئاب بس اغلب الاشخاص الي تابعوه جاهم اكتئاب,1,16,True
دي اسمها اكتئاب مابعد الولاده هي مش مجنونه ولاكرهت جوزها الرجاء الاعتناء بها اذهبو بهالطبيب نفسي ضروري,1,17,True
جد متعه خواتي كلهم بعيد واذا اجتمعوا البيت يصير مزعج ٢٤ ساعه 🥲وبعدها يروحون ويصير موحش ويجيني اكتئاب وابكي وعلى هالحال,1,21,True
حرفيا اي حاجه لها علاقه بالكليه بقيت بتجيبلي اكتئاب وضيق تنفس يارب اخلص واسافر بقي ولما حاجه تفكرني بيها اقول ال,1,21,True
اكتشفت ان وائل مب طبيعي عنده مشاكل نفسية شكله فعلاً مر في حالة اكتئاب عميقة جداً مثل جيم كاري,1,19,True
بس فكونا نبي نعيش خلاص جانا اكتئاب من البيت والجلسه فيه و الوسواس اذا طلعنا,1,15,True
ربي قد مسني اكتئاب طفيف بلا اسباب و أنت ارحم الراحمين ارحمنيرحمة يهدأ بها قلبي وتلمّ بها شعثي وتجمع بها أمري وتصلح بها غبائي,1,24,True
عودت نفسي حتى لو إن الحزن تملكني ما أهمل الأمور الازمه تراكم وبدل الحزن يتحول إكتئاب,1,16,False
اليوم قررت ابتدي فتره جديده لاني امر بحالة اكتئاب قرت اصادق ناس غير عني وغير عن الاشياء الي احبها عشان انوع لاني,1,22,True
يضايقني جداً موضوع اني ما اقدر افهم مشاعري اقرب الى اني بجسد ما افهمه لاني ما اعرف هل الشعور المؤلم الكئيب المظلم,1,22,False
يسطا انا بتلذ بوجع القلب بحب اعذب نفسي بدور عالحاجات الي تجيب اكتئاب واتفرج عليها 😐,1,16,True
أعرف أن الموضوع صعب بس حاولي تنسيه واضحكي واطلعي مع رفيقاتك صدقيني اذا انطويتي على نفسك وعشتي منعزلة عن العالم راح يجيك اكتئاب,1,23,True
الواحد ما يعرف هذا اكتئاب ولا انطفاء ولا نضج ولا انعدام شغف ولا تخلف ولا مل ولا,1,17,True
قاعده ابكي ودي اهرب مع كل اصحابي تعبت وانا أشوفهم يدخلون في اكتئاب بسبب اهلهم وانا مقدر اسوي شي او اساعدهم حرفيا,1,22,True
عندي أعراض اكتئاب لكن ماودي اروح اكشف اخاف من لحظة الحقيقة انا واعية على الي فيني و احاول اغيره اقرأ عنه اع,1,22,True
لوسمحتي فيه نظام غذائي معين تمشي عليه انا عندي نفس المشكلة ومسبه لي حالة اكتئاب بسب الارتجاع,1,17,True
بزيد اكتئاب اليوم وبكره اخر حلقتين من فينشينزو حزن ماتنفس من يرقع ايامي المعفنه غير جونغكي😩🙄🖕🏻,1,16,True
ام الوايجي انا معي اكتئاب بسب نقص فيتامين دال مكن تسالي البنات افضل حبوب لنقص الفيتامين ايش هي — بسأل لك بس اسأ,1,23,True
سأل ليش ضايجه اني شايفين الحروف الي تكون كلام وجمل وحديث طويل ومناقشه عريضه يعجز يوصف حالتي بين اكتئاب وبين ضوجه,1,21,True
من كثر م اتابع واسوي ريتويت صرت كاني آلة حرفياً جاني اكتئاب من اصراري ع المشاركة ف المسابقات,1,18,True
لازم تشوف ايش الشي الي مسب لك اكتئاب لازم تواجه مشكلتك الداخليه طمن نفسك من داخل انو مافيه شي دام ا,1,21,True
شي يحزن مره انو هو المسلسل الوحيد الي يغير نفسيتي وهو الوحيد الي تقبلته لو خلص بدخل بحالة اكتئاب اه لايخلص تكفون💔,1,22,True
طيب اوكي مو مشكله اذا تحسي روحي طبيب بس ترا صدق الاكتئاب مو شي عادي ابد يصدموني الي على ايشي قالوا فيني اكتئاب,1,23,True
نوبات اكتئاب شرسه بتحضر ولا حد حاس بينا بنضحك من بره وجوه قلوب مات تعبت من المناهده وتعبت من المعفره والمجاهده,1,21,True
طيب انت عندك اكتئاب في خطة حلوه بتغير شوي مودك جيب ورقه وقلم واكتب في وجه دفتر النعم واكتب ٢٥ نعمة,1,21,True
سلام عليكم انا عندي اكتئاب اظطربات شخصيه وسواس غيره مرضيه هل انقبل بالاعانه تكفون ردو علي,1,16,True
بقالي كتير فشخ ف دور اكتئاب ابن حرام واليومين دول بحاول اموڤ اون وارجع ل حياتي تاني ف اتمنى مرجعش تاني علشان انا حر,1,24,True
وبعدها ابدأوا قارنوا بين العلامات والحالة ممكن تكون بداية اكتئاب وممكن منتصف اكتئاب وممكن اكتئاب فعلاً او مكن حزن فقط او فقدان شغف حماس,1,24,True
اكتئاب حاد او حزن شديد او تبلد طبعاً بدون استخفاف بالناس المصابة فعلاً عسى الله يسهل عليهم كل عُسر ف مو اي لحظة,1,23,True
والله الواحد مايدري وش يصير فيه مدري هو اكتئاب ولا انطفاء ولا نضج ولا فقدان شغف ولا تخلف ولا حاله نفسيه واله عجزت احد وش يصيرلي,1,26,True
اقسم باله موجة اكتئاب صابتني الناس يتابعون مسلسل عشان يطلعون من الاكتئاب انا اتابع مسلسل ادخل بحالة اكتئاب,1,18,True
تدرون ايش لو ماقدر اشوفه منجد مافي شي بيسكتني وقتها اقسم بالله اكتئاب مابعده اكتئاب,1,15,True
للأسف هذه المؤشرات تشير بأني سأدخل في حالة اكتئاب شديده بالتالي سأنتج لقارئ حزنا أكثرسأضع زينة على وجه يسأر,1,19,True
يارا جدتي جاتها جلطه بالدماغ و بعدين طابت اتوقع او طابت شوي بعد الجلطة جاها اكتئاب وكل شوي تبكي,1,19,True
انا العكس احبهم مرا وتكون عندنا فعاليات وسهر ونبسط بس يجيني اكتئاب فيها ما احبها,1,15,True
يعنى منعزل ومش عارف تأكل مفيش نفس لاكل واصلا لا بتشم ولا بتذوق غير خوفك الاعراض تطور اكتئاب فظيع بجد,1,20,True
تمريرهالهواري الواحد موده اكتئاب من بعد الماتش بسب قلقه على الاهلي ان الجيل دا يطول في التخاذل الي هما فيه دي,1,21,True
البعد راحه ✅ الوحده راحه ✅ النفسيه كويسه ✅ مفيش إكتئاب ✅ حاسه بفرحه ✅ بگذب 😂✅☑️✅☑️,1,17,False
دايم افكر بشعور القط الي بأقفاص خارج عن فطرتها مقفول عليها لا تلعب ولا تمشى بالارض احسها حزينه مره وفيها اكتئاب,1,21,True
واله الواحد مايدري اهو اكتئاب ولا انطفاء ولا نضج ولا انعدام الشغف ولا تخلف ولا حاله نفسيه,1,17,True
انا طاقه سلبيه تمشي على الارض هالايام ماعمري دخلت بالحاله ذي من قبل خايفه موت يكون اكتياب صدق,1,18,False
صدقت الاعلام والناس ما يركزون الا ع الناجحين فقط من الي عانوا بحياتهم ونجحوا لكن الي عانوا وانتحروا لا,1,19,False
لو استمريت اواجه نفس المواقف والأحداث الي أنا أواجها بشكل شبه يومي اعتقد راح أدخل مرحلة اكتئاب جامدة,1,18,True
حالة اكتئاب غريبة اجت فجأة و راحت فجأة لمدة ما تجاوزت الساعة بتوصل لدرجة أنو تبكي بجو مليان ضحك و بسط و أنت مو ه,1,25,True
الحزن مظله يندمج تحتها مشاعر كثيره ومسميات كثيره ضيق اكتئاب تبلد طفش وحده فقدان لشغف فقدان لذه الحياه كلها تندرج تحت الحزن كنبة السبت,1,24,True
طب ايه يا اكتئاب مش هتسبني متعملش فيها صاحبي اوي كدا وغور بقا انا تعبت,1,15,True
استفسار ٦٣٨٦ اموري حياتي متعطلة وصل عمري ٣٥ ماتوظفت كلما قدمت على شي تسكر بوجهي كلما حاولت جا ضدي وفوقها تعب نفس,1,22,False
مرت علي هذي الحالة واخذت معي وقت وتعبتني وراجعت دكتور وكتب لي مضادات اكتئاب مؤقته والحمد له رب العالمين والموضوع بسيط جدا,1,22,True
معظم المُكتئبين ناضجين واكتأبهم لو وصل لمرحلة القصوي حرفياً محدش هيقدر يزيح الهموم و العموم و اليأس الي ب الشخص,1,20,False
نعم مو مشكلتنا احنا الطلاب الي صار لنا شهر ونص من يوم قالو القرار واحنا عايشين ب اكتئاب,1,18,True
بالصدفة لقيت لي تدوينات في ٢٠١٢ ٢٠١٣م بالكلاود جتني ضيقة أليمة كانت أسوأ فترة في حياتي حادث سيارة و مشاكل عائلي,1,21,False
الحقيقيه انا شايفه إن أحسن حاجه الواحد يقدمها لنفسه الفتره دي إنّه يتعود ع الحياه لوحده يعيش لوحده يخرج لوحده,1,20,False
كل شيء حرام مايجوز وغير الاشياء الممنوعه وبالنهايه يقولون ليش معهم اكتئاب ياخي يلعن العيشه هنا,1,16,True
هذا لم يعد انطفاء ولاتعب ولا اكتئاب ابداً روحي خاضت كل الذي سبق لكن لاشي ما ذكر انا اشعر به ثمة شعور مايغبط صدري,1,24,True
كنت في مكان سيء و مظلم شبه يوميًا ابكي و افكر ما كان يمر يوم بدون ما افكر بوضع ينان دخلت اكتئاب حقيقي الين قبل سنة,1,26,True
حبيبتي انا زيك اكتئاب وقرية وتكه واهلي يتعبون النفسية وجاني تبلد بهالرمضان واستمريت على المسلسلات التركية والموسي,1,17,True
انا كلش تعبت من الحياة الجامعية الي والعباس ولا بيها حياة خلصتها اكتئاب وكرهت نفسي خسرت ثقتي بنفسي اختفيت وصو,1,20,True
لحين محتار هو اكتئاب ولا انطفاء ولا نضج ولا انعدام شغف ولا حاله نفسيه ولا هذي شخصيته الفرق راحت المراهقه خلاص,1,21,True
اوحش حاجه لما تكون بتمر بفتره اكتئاب و متلقيش حد جنبك يسندك و يحاول يخرجك من ده لا بالعكس كل الى حواليك بيزودوا عل,1,24,True
كنت قاعده اقول لاختي عن المرات الي دخلت فيها ب اكتئاب وانا صغيره وانهرت احس المهم عقمو عين,1,18,True
اقسم باله لو هذي أمي واكتشفت انها سألت سؤال زي كذا بكتئب اكتئاب حاد إذا الام شافت بنتها كائن غريب وصعب كيف المجت,1,23,True
تخيل اصلا تبقي مكتئب ومفروض تكمل حياتك عادي وتذاكر اناتومي وهيدرو ومواد اساسا تجيب اكتئاب لوحدها,1,16,True
انا بقيت زاهده الحياة بشكل عام والله ما اعرف بقي ده نضج و لا اكتئاب,1,15,True
انتو متاكدين من حوار ان التحدث مع اصدقائك يحسن من حالتك النفسيه ده دول قربوا يجيبولي اكتئاب,1,17,True
اتقوا الله يالي تشمتون فيها ذي تعرضت لحادث وتشوه انفها عملت عمليه وفشلت وتشوه زياده ودخلت اكتئاب,1,17,True
تخافون كل ما جاء ميلادكم ولا بس انا احس أني قاعده اكبر وانا أشياء بسيطه ما قدرت اجربها بسب المجتمع والأهل اخاف,1,22,False
هو ازاى البيت موحشنيش بجد و لا الى فيه حتى و اول ما دخلتوا حسيت ب اكتئاب و انطفيت كدا يا رب عدى الفتره دى بسرعه عشان النفسيه مش ناقصه ضغط,1,31,True
احلى شي بعد الاختبار تقدر تكتئب متى ماتبي و تاخذ راحتك فيه ماتحس بالذنب و يزيد اكتئاب معتدل خفيف لطيف,1,20,True
البكاء انواع بكاء فقد بكاء اكتئاب بكاء الصمت بكاء رحمه بكاء الخوف والخشيه واوا وصدقتي اختي سلطانه علينا بالقراه,1,19,True
توني ما كملت ٦ ساعات بدون ماد وجاني اكتئاب اكره اتعود على شي ويختفي فجأة اف شوي وابكي,1,18,True
كل الناس ف الصيدلية بتيجي تاخد ادوية اكتئاب و مهدئات و ناس عادية جدا شكلها عادي مش ناس بتضرب يعني,1,20,True
كنت أبكي على أشياء صغيرة كنت بلا هم ولا أكتئاب كانت الأوقات اوقات جميلة إلى ان مات أبوي أصبحت من ينامون في أحضان,1,23,False
معرف ليش يوم خلصت المسلسل جاني اكتئاب أبغاها تكون معه لوهله حسيت أنهم لمسوا مشاعري حقيقي 😓💔,1,17,True
نوبات هوس ونوبات اكتئاب عاليه مكن ابقي بعيط وبعدها بدقيقة بعيط من غير سب مش عارفه الي عندي اكتئاب عادي ولا,1,21,True
بدخل اكتئاب لو ماشفت بث بيكهيون بيجيني تانيب ضمير بس برضو لو مانمت بيجيني ضيقة لان ماحب افوت موعد نومي وش هالخياس ساعدوني 😭,1,24,True
احس اني داخله مرحلة اكتئاب مافي شي يسعدني ولايعجبني ولا يبهرني حاسه مل من كل شي مابي اخرج من البيت ماحب الناس ولا,1,23,True
حقيقي انا مرعوبه من تحور الفيرس وانتشاره والفزع الي بدأ يرجع بقوة دا وبجد داخله ف موجة اكتئاب وحزن مش لطاف رب,1,22,True
شهر10 كريه جدا وجدا خاصه النومه الي الى المغرب او العشاء وبعدها تقوم على اكتئاب وصداع وتصحى جوعان ومانسى الفضاوه😖,1,20,True
هل انا يمكن شفت هجوم العمالقه وباول حلقه اضحك وانا اقول م راح اكمله واصلاً مو حلو والحين وقفته لان سب لي اكتئاب من قوة الاحداث ي ترى,1,28,True
مو مستعده ابداً اني ابدأ ايامي الجايه بدون دراسه وانها راح تكون كلها اوقات فراغ واحساس بالغُربة وبداية إكتئاب,1,19,False
يجماعه هل انا الوحيدة الي اكتئب لما اروح من عند بنات خالتي 💔وربي مره اكتئاب مابا اروح عنهم,1,18,True
انا ليه اى دوا بيتكتبلى لازم يكون بيسب اضطرابات نفسية او اكتئاب و رغبة فى الانتحار هل مكن دى مؤامرة من الدكاترة عليا,1,23,True
اختي الصغيره داشه بحالة اكتئاب مادري شسوي المشكله عمرها تسع سنوات وربي واضح عليها الاكتئاب كانت متعوده على شي وراح,1,20,True
يعني ما أصدق على اله أفتك من اكتئاب ما بعد الفطور يجيني اكتئاب ما قبل السحور حياتي أصبحت رهينة هالقطب,1,20,True
لما يكون يومك بدايته زق وانت عارف انه بداية دوامه وموجة اكتئاب وتستغبي وتحاول تسوي سعيد وتزعل وتقول لالا ما بستسلم,1,21,True
موجة اكتئاب بعد ما استوعبت انو بدا 15 وعليا كويز ب 25 بمحاضرات ما احضرتهم ومادة بكرها 🌚💔,1,18,True
صار لي اسبوع اكتئاب حاد سوداوي و الحين حدي مبسوطة اله يستر اله يستر اله يستر و اله الفرح يخوّف هالايام,1,21,True
دايمًا بداية كل صيف خصيصًا هالوقت يحوشني اكتئاب لأسباب مجهوله ويطول شوي ف نسأل اله الصبر وان يعديها باسرع وقت,1,20,True
هو البقاء لله وكل حاجه يعني بس انا جالي اكتئاب من الي بشوفو ع الفيس بوك,1,16,True
انا قرفان من الناس ومن البشريه وعندى اسبابى ودوافعى المقنعه لاى حد عاقل مش اكتئاب او توحد او مشكله عندى انا هما الى ولاد وسخه,1,25,True
كل ساعتين بقر اقفل كل حاجه وانعزل عن العالم ودا بدايه اكتئاب جديد بلا سبب,1,15,True
ف نفس الوقت دا بالظبط من سنه كنت داخل ف فتره اكتئاب بنت وسخه وشكلنا راجعين تاني اهو ربنا يستر عشان انا م ش ق ا د ر,1,28,True
احا نيك 😂 يا اسطى انا جالي اكتئاب ساعتها و قعدت اتعالج و خسيت فشخ و حياتي اتناكت بس بعد كده خلاص بقى بقيت جبلة,1,25,True
ايوه معي اكتئاب حاد وثنائي قطب من ثلاث سنوات مع ان عمري 18 وعانيت بشكل ما تخيله منهم واحين جالس اتعا,1,21,True
اناعندي اكتئاب مهزأ يعني لو حد ضحكني بضحك ومكن اغني وارقص كمان بس انا فالحقيقة مكتئب,1,16,True
تخيلي لي فترة وانا في اكتئاب وكنت اتوقع المشكلة تكمن ف الفراغ واني لازم اتوظف وزاد همي بعدين اكتشفت مشاكل كلها لا,1,22,True
الصورة ال دي الي بالسماعة ياروش كنت بمر بفترة اكتئاب كانت في 2019 وكنت وازني زايد وشي متبهدل من السهر وكن,1,21,True
قبل اعلان الهانكر كنا كأنا حمّل حالياً ولدنا وصار فيه اكتئاب ما بعد الولادة التشبيه رهيب,1,16,True
اكتئاب مع شوية قلق وعليهم ضغوطات حياة وشويتين كره لحياة الغير عادلة و مع رشّة,1,15,True
الي يسمعني وانا بقول عندي طاقة اكتئاب ميقولش انه عندي من سنتين مثلاً لغاية مابقيت اتعامل معاه علي انه من اساسيات حياتي خلاص ☺️💁🏻‍♀️,1,24,True
يارب احميني من نفسي بجد انا عندي طاقة اكتئاب رهيبة و كل العوامل الي تساعدني عليه كمان,1,17,True
انا عندي اكتئاب نوعين واحد يسد نفسي عن الاكل و غالبًا هذا يكون مصحوب بقلق الثاني يفتح شهتي على الاكل,1,20,True
اكتر حاجة بترعبني و بتعبني نفسياً هي كلام ابويا على انه كبر و انه حاس ايامه بقت معدودة الافكار دي بتدخلني ف موجة اكتئاب و اله,1,26,True
🔴 من الخاص 📩 السلام عليكم اخواني لي فترة معاي اكتئاب شديد ومزاج متعكر بدون اسباب جربت الادوية النفسية وماجابت,1,20,True
بدايةً انا وقتها ما أعرف أيش معنى إكتئاب ولا عندي خلفية عنه كيف دخلت المرحلة بعدما إنتقلت من مدرسة عظيمة معطيه ال,1,22,False
وصلت ل مبقتش عارف دا اكتئاب ولا انطفاء ولا انا كدا فى حالتى العادية اصلاً,1,15,True
لأسف أول ماقريت البوست هبطت عليا موجة إكتئاب فاجأة متلازمة ال دي لازم ألاقيلها حل,1,15,False
في حياتي كلها مريت بأكتائبين اكتئاب في ٢٠١٧ وكان عشان صحتي كانت زفت وصدق تعبت وكرهت الحياه وكل شي سنه بس واكتئاب عل,1,23,True
مهما كنت مذاكر علم النفس و دارس فنيات علاج تمام التمام لما يحدث إثارة لاميجدالا ويجيك حزن او اكتئاب كل المعرفة ا,1,22,True
اخذت فيتامين د عشان كان عندي اكتئاب حاد ومع مرور الوقت اكتشفت انه العله مو بنقص فيتامين د العله بعيشتي هنا,1,21,True
مخي بيفكرني بميموريز سيئه بالنسبة لي ومصم يدخلني في مود اكتئاب يسطا مش كفايه عليا زتقه الامتحانات الي انا فيها انت عضو مش جدع علفكرا,1,25,True
واله انا زي زيك بالظبط معرفش ايه الي مزعلني ولا اكن اوضتي مرشوش فيها اكتئاب وانا قاعده بشمه 🤷‍♀️,1,19,True
واله الواحد ما بيعرف هو اكتئاب ولا انطفاء ولا نضج ولا انعدام شغف ولا حالة نفسية,1,16,True
لا واله انا الي محد صبر عالحجر كثري مريت بحجرين حجر مخالط ١٤ يوم وحجر مصاب ١٠ ايام و غير ٤ ايام بجابر دشيت في اكتئاب,1,26,True
بمناسبة ان أحس ان اختي ١٣ سنة فيها اكتئاب بسب محيطها الزق واهلنا المتخلفين ورغباتها الي مو قادره تحقها بسبهم من,1,21,True
واله الواحد ما يدري اهو اكتئاب ولا انطفاء ولا نضج ولا انعدام الشغف ولا تخلف ولا حاله نفسيه ولا هذي شخصيته,1,21,True
واله الواحد معد يدري هو اكتئاب ولا انطفاء ولا نضج ولا حاله نفسيه ولا هذي شخصيته,1,16,True
بدأت جد جدا وريحت شويه في النص بس بعد مريحت مبدأتش تاني وجالي اكتئاب ومذاكرتش من شهر ٤لحد الامتحانات ومحلتش اي امتح,1,22,True
اكتئاب حُزن فقدان شغ فصُداع خوفي ضياع بثانية وحدة اجتمعت كل هادي الشغلات فيا😥بسب الآخبار السيئة الي بشوفها,1,18,True
ماعرف هذا أكتئاب ولا فتره وتروح لكن هالشعور عمره ماراح ولا أختفى من داخلي ولو بشكل بسيط,1,17,False
استاذ ابراهيم عالج الصدمه بالكتابه اختلال الانيه يقع خلفه خوف شديد وقلق وأحيانا اكتئاب اكلمك من تجربه,1,17,True
الفتره دي الله يطلعني منها قبل ما ادخل ف اكتئاب م حقدر اطلع منو انا متأكده,1,16,True
في موجة اكتئاب داخلة عليا ان شاء اله أن شاء اله هتبقي دي الي هتموتني بقي,1,16,True
كل ألم كل شقى كل تعب كل حزن كل هم كل اكتئاب كل صراخ هاذا تعيشه أنت,1,17,True
حزين اكتئاب بتوتر انكزايتي بت دا انت عندك سندروم التراباتيت بتعيط باليل بس عندك تروما يالا دكتور دلوقتي,1,18,True
مين قالك محد راح ينتحر لذا الاسباب الا فيه اشخاص كثير ينتحرون لان شخص مات او تعبو من الدراسه او حتى بسب,1,22,False
اغنية المقدمة حقت الشقيري جابت لي اكتئاب مادورك في التحسين واله كنت من جيل الثمنينات كان التحسين عندنا انه عيب نسوي شي 🥲,1,23,True
ليا اكتر من شهرين فى اكتئاب وبلاوى سودة والموضوع اتطور لكوابيس وحاجة اخر قرف وفجأة يجي على بالى اشوف الرشته بتاعت ا,1,22,True
هو لدرجادي باين عليا ان محطمه ومريضه اكتئاب ده انا بتجيلي عروض في ال اتعالج وبلاش كمان ياحلاوه ياولاد,1,19,True
اتوقع انها المعدّه لانها تسبب اكتئاب وخوف وضيق ومكن تحسي إنك بتموتي من قوة الكئآبه طبيعي اشربي نعناع او شي,1,20,True
انا حاليا مش حاس اني زعلان ولا فرحان ولا متضايق ولا مبسوط تفتكروا ده اكتئاب ولا تخلف😢😂,1,17,True
مش عارفه الي انا فيه دا فقدان شغف ولا اكتئاب ولا دا ايه مش لقياله اي مسمي,1,17,True
حقيقي الفترة ديه بمر بحالة نفسية وحشة جدا و حاطة ايدي علي قلبي يطلع اكتئاب خصوصا اني عندي اعراض قلق و توتر,1,22,True
اسمع اوست فويس وحاشني اكتئاب مدري هو عشان الاوست مرتبط باحداث توجع ولا هو الاوست حزين 😩,1,17,True
ياخي عطوا الناس اختصاصها هذا الي تشتكي منه الاخت اكتئاب الضيق بدون سب والبكاء وضيق الصدر وتقول انه يدوم فترات طويلة,1,21,True
اكتئاب مود 💔 عياط مود 😭بسب ومن غير واله المهم ان الهرمونات مش مقصره معايا خالص عامله الواجب وزياده الواحد ناقص,1,21,True
بوستات الكرونا بدأت تطلع ف التايم لاين تاتي والي هو الواحد لسه خارج من مود اكتئاب ومفيش حيل يدخل تاني 🤣,1,21,True
اي ورقة عليها امضاء وختم نسر بقت تجيبلي اكتئاب الواحد ضيع عمره في مهازل واله,1,15,True
الواحد يدخل تويتر ما يطيق نفسه ويبي يترفه شوي وينبسط لكن يجيه اكتئاب زياده اله يعين,1,16,True
احس ب اكتئاب عشان الاجازه اغلب وقتي في البيت وماعندي غرفة الحالي مافي مكان اخد راحتي فيه 💔,1,18,True
سلام بشرى عندي اكتئاب حاد ونصحني طبيبي بالرياضة وجيت ادور بتويتر عن الرياضة ولقيتك بطريقي ♥️,1,16,True
لسب ما اعرفه ارفض اسمي نفسي مضطربه وارفض اسمي حالتي اكتئاب رفض تام احب اسمي نفسي حزينه و بس,1,19,True
خلصت علبه ميل فاي علشان حسبه ب حبه اكتئاب و قولت ممكن يساعد بس مساعدش و زعلت انه خلص 🙂,1,20,True
مو دايم يكون مريض من قبل الزواج النساء الي اعرفهم جالهم اكتئاب حمل و ومابعد الولادة امر طبيعي بس ز,1,20,True
كم الاماراتين وبعض العرب الي بيعزوا الاسرائلين وبيدعولهم بالصبر تجيب اكتئاب دول ملعونين في كل كتاب هم ومن ساندهم,1,19,True
الفقر ايوا الفقر دماغك مش هتبطل تفكير جسمك هيخس وشك هيكرمش لسانك هيسكت ومش هتستحملي حد عنيك حزينه م,1,19,False
واله الفتره دي الواحد صار مهو عارف هوا ايش فيه اكتئاب ولا ضيقه ولا يأس صرنا نحس بحاجه كابته علينا ومحنا قادرين نوصف الشعور دا,1,25,True
الواحد مايدري اكتئاب ولا انطفاء ولا نضج ولا انعدام شغف ولا حاله نفسيه ولا هذي شخصيته,1,16,True
الشيء الوحيد إلي مقدر اوقف قلق و اكتئاب و رغبة بالإنتحار منه هو إني أنثى,1,15,True
الي قاعده اعيشه هو اكتئاب ولا انطفاء ولا نضج ولا انعدام شغف ولا تخلف ولا حاله نفسيه ولا هذي شخصيتي,1,20,True
مش عارف هل انا الوحيد ال بيجيله اكتئاب اكتر م هو أصلًا مكتئب من ده ولا انا مش طبيعي نافورة تنمية بشرية,1,22,True
طول عمري نفسي اتعلم نجاره ولما روحت اسأل علي سعر الكورس لقيت رقم الهم احفظنا يجيب اكتئاب,1,17,True
طب ده أنا عندي صديقة أخدت الإتنين فايزر علشان حابسة نفسها في شقتها من الخوف لغت,1,16,False
دايم لما اصحى متأخر عالمغرب كذا يجيني اكتئاب ومزاج سيئ بزياده السؤال ليه يصير كذا وهل فيه احد مثلي صراحه مزاج زب,1,22,True
شكلها ليلة اكتئاب توقعت تحسن الوضع لأنها ما جتني من فترة لكن بوادر القلق والتوتر بدأت تطغى,1,17,True
بطلع الي بقلبي وخاطري هنا دخلت اكتئاب لمن كان عمري ١٠سنين لمن صار عمري١٤سنه بدأ اخوي الي اكبر مني بسنتين,1,20,True
الواحد معد يعرف سبب الضيقة هو الحزن ولا اكتئاب والا الي عايشين معاهم يجيبوا الهم والغم وبسبهم يدمرون نفسيتك وعقليتك,1,20,True
كل الأشجار الي يزرعونها تسب اكتئاب ومحد يستفيد منها اصلاً ومحسيني اذا زرعوا نخيل البحرين بترجع جنة بكب,1,18,True
اله يحرق مدام هناء على مؤنس على ابراهيم ذات نفسه جابولي اكتئاب هما الثلاثة ومعاهم بدر بيه,1,17,True
واله الواحد مايدري هو انطفاء ولا اكتئاب ولا نضج ولا انعدام شغف ولا تخلف ولا حاله نفسيه ولا هذي شخصيته,1,20,True
عندي استفسار يالغالي من أين أت ترجمة اكتئاب جسيم بعض الكتب تطلق عليه اكتئاب شديد وبعض المراجع اكتئ,1,18,True
انا قاعدة اتخيل انى عايشة مع ناس زى دول دة انا كان جالى اكتئاب مزمن وتوحد كمان,1,17,True
بتيجى عليا لحظات واحس بضعف قلبى وبكون عاوزة اعيط جدا ولولا رمضان واله كان زمان الواحد دخل فى اكتئاب الحمد ل,1,21,True
انتي فيك فصام وثنائي القطب وانا فيني اكتئاب اذا حابه نتكلم ونتشارك الامنا سوا لان محد بيتفهم غير الي عندهم هالالم,1,21,True
معد اعرف الي فيني هو اكتئاب ولا انطفاء ولا نضج ولا انعدام شغف ولا تخلف ولا حاله نفسيه ولا هذي شخصيتي,1,21,True
وربي انك فخورة فيك محد ينزل يصور مثلك وربي فخورة فيك كثيرا ماعليك تهون يعوضك ربي احسن افضل كل شي كلنا قاع,1,22,False
انا قاعده افكر بالقطوة ذي شكان اسمها وهل مات عندهم وتايلور جاها اكتئاب او اتبناها احد ثاني او هي مب قطوتهم اصلا,1,22,True
مش معني إني بحب أقعد لوحدي وبفضل الهدوء لأوقات طويله إني زعلانه❎ عندي اكتئاب❎ مبعرفش اتعامل وغريبه❎ أنا إنسان طبيعي,1,20,True
جد ما اكذب قايز احسني بديت اصير ايجابيه واتحسن صح انو لما تجيني نوبه اكتئاب اكون اسوء من قبل بس من ارجع طبيعيه,1,23,True
تشانل يوتيوب وبالذات الوثائقيات الي بيقدموها موقع مدي مصر قولا واحدا بحسه بيقدمي وجبة كبيرة من الحقائق مبشو,1,18,False
اذا مريتي بفتره اكتئاب بتغيري تسريحه قصه لون شعرك عشان تطلعي من الاكتئاب ولا عشان تخلصي من آثار الاكتئاب يعني,1,20,True
الحقيقه أنا شايف إن أحسن حاجه الواحد يقدمها لنفسه الفتره دي إنّه يتعود ع الحياه لوحده يعيش لوحده يخرج لوحده ي,1,21,False
ليلة فيها من الخير مالذ وطاب اشرقت بالنور حتى كسانانورها انورت واستبشر القلب مافيه اكتئاب دامت,1,16,True
يقولون مكتئب اذا أنت عاصي وبعيد عن اله وفاشل كلامهم غير صحيح طريقة الانتصار على الحزن والتحرك لأمام وسر المقاوم,1,20,False
هم ليهم عين احا مفيش ولا لعيب ليه انه يتكلم ولا حتي ميسي ما هو اول كام شهر في الموسم كان عنده اكتئاب اكيد العبط دا,1,26,True
يقال لي اربي قطو عشان يخف الاكتئاب جابت لي اكتئاب اكثر توبة اربي لا الحين ولا بعدين,1,17,True
يهوذا بعد ما سلم المسيحدخل في حالة اكتئابو جلد ذاتو لومو مشاعر ذنب بعدها علي طول جري علي رؤساء الكهنة عشان,1,21,True
اروح اماكن حديده 5 شهو ماطلعت من البيت بس قلك مايحس بشي دا الي جربو وقت الحجر شعر ونص الناس كلها حاشها اكتئاب,1,23,True
مو صاحيه المشكله انا احترمت وجهة نظرها وقلت اوك القرآن علاج لكن مو في كل الحالات مثلاً نفرض فيه شخص مسيحي وع,1,22,False
الراحه النفسيه ثريد عن مركب السيلوسيبين او مايسمى بالفطر المهلوس في جامعة بريطانيا بالتحديد إجراء الدكتور روبن دراس,1,18,False
من أحسن الحاجات إلي الواحد يقدمها لنفسه الفتره دي إنّه يتعود ع الحياه لوحده يعيش لوحده يخرج لو,1,18,False
احلى حاجة عرفتها الفترة الاخيرة ولقد نعلم أنك يضيق صدرك بما يقولون فسبح بحمد ربك وكن من الساجدين,1,18,False
واله الواحد م عاد يدري هو اكتئاب ولا انطفاء ولا نضج ولا انعدام الشغف ولا تخلف ولا حاله نفسيه ولا هذي شخصيته الطبيعيه,1,23,True
احس جاني اكتئاب من الماده الي قاعده ادرسها ابي اتقاعد من الحياة بسرعه لانه خلاص تعبت,1,16,True
يا سلام عليك انا شخصياَ لامن يبتعد مني زول بيني اكتئاب ما بحب اخسر زول بي هينة,1,17,True
يجب على الرجل يومياً أن يَجلُب لزوجته و أخته الحلويات كون الأناث تمر بحالات أكتئاب و فترات عصيبة و لا مانع من أحضار,1,23,False
الموضوع طلع صعب واحساسك انك لوحدك صعب وانك تعبان وموجوع والموضوع بيتمكن منك كل شوية,1,15,False
أعراض مرض البلاجرا هى التهاب حاد بالجلد و إسهال و غثيان و صداع و اكتئاب 9,1,16,True
جماعة الخير ترا الاكتئاب و القلق و غيرهم يعتبرن امراض نفسيه وركز لي على كلمة أمراض يعني يبالهم تشخيص و تاكد من,1,22,True
أنت شخص تعرضت لحاله اكتئاب تعايشها منذ سنوات وبدأت الحاله عند وصولك لسن الثلاثين لانك عالق ولا تستطيع تق,1,19,True
كنت أجي لك ود لو كلّي عتاب وأبتسم لك زيف لو كلّي كسور ماتركتك تلمح بوجهي إكتئاب كنت أبروّز صورة أحزاني سرور ليه,1,23,False
الامراض النفسية انحط لها دكاتره لسب لانها تقدر تدمر حياة الانسان مثل الامراض الجسدية حتى لو كان بصحة جسدية جدية ا,1,21,False
ومفتقده ان اكون شغوفه ومتحمسه ان اعمب حاجه لان كل حاجه انطفت في عنيا مش اكتئاب ولا حزن ولا بكاء ع اطلال بس اسلوب,1,24,True
الحزن اذا زاد عن حده اصبح اكتئاب يجب العلاج منه اذكر عندما كنتُ حزيناً دائماً لم أكن أعلم انه اكتئاب,1,20,True
الصراحة مش فاهمة الاستاذ شابوه بيعمل ايه يعني احنا ناقصين ذعر و اكتئاب هل مثلا الكورونا خلصت و بندور على ڤيرس جديد,1,22,True
واله الواحد معاد يدري هو اكتئاب ولا انطفاء ولا نضج ولا انعدام الشغف ولا تخلف ولا حاله نفسيه ولا هذي شخصيته,1,21,True
متضايق حزين مهموم جايك اكتئاب بعد الفطور تفضل فيديو ينتشلك من جديد ويعيد لك الحياة,1,15,True
لما يذلونا على نومنا واحنا ماخذينه مهرب منهم ومن الي نعيشه ويغتصبونا نجلس معهم ولا بياخذو الجهاز منا وهم ما يتقبلو,1,21,False
ابوهندالقحطاني انا مدري كيف هند هاجرت وتركت ابو طيب يخاف اله انا ابوي اله يرحمه كان مريض نفسي عنده اكتئاب حاد,1,21,True
شكلك نسيت المقطعالي مصورينه من داخل السياره وهو ماسك دموعه هذولي صورتين وفيديو اكرهم ويجيني اكتئاب اذا شفتهم بالتايم لاين💔,1,20,True
يمكن تمر بفترة اكتئاب او فيها مس او اي سب آخر وشكراً لك كل ذوق حبيت ردودك اله يزيدك نور 💞,1,21,True
واله الواحد معد يدري هو اكتئاب ولا انطفاء ولا نضج ولا انعدام الشغف ولا تخلف ولا حاله نفسيه ولا هذي شخصيته🚶🏻‍♀️,1,21,True
١٨رمضان١٤٢ واله الواحد معد يدري هو اكتئاب ولا انطفاء ولا نضج ولا انعدام الشغف ولا تخلف ولا حاله نفسيه ولا هذي شخصيته 🤷🏻‍♀️,1,23,True
حسابج مادخلته صدفة عبث 💔 من الصباح وانا اصيح بسب ايش ان شعري طاح بشكل مزري وبدون سب جاني اكتئاب,1,20,True
واله الواحد صار مايدري هذه اكتئاب لو انطفاء لو نضج لو انعدام الشغف لو تخلف لو حاله نفسيه لو هاي شخصيته😂,1,21,True
التعب النفسي مؤذي جداحاولوا لو لقيتوا حد داخل ف اكتئاب حاولوا تكونوا جمبه تخف عنه حتي لو هو رافض دا,1,20,True
نفسه وكذالك مايصير مثلي ويتخذ قرارات خاطئه بفتره يمر بيه بازمه نفسيه او حالة اكتئاب او او لان يكون معمي وسلامتكم,1,21,True
وحده تقول من ٢٥ إلى ٥ رمضان منع تجول الحمد له طلعت كذابه احنا محبوسين خلقه ما نطلع من الرعب جانا اكتئاب,1,22,True
شعور حلو يكون لك حساب تكلم فيه ما عندك احد يقول جبت لنا اكتئاب من كلامك,1,16,True
واليوم احس ان الأمل فيك معدوم وبديت افكّر بالعذول وكلامه سرّ اكتئاب النفس يا بنت معلوم دايم طريقه ينتهي بالملامه,1,20,True
إياك أن تنبهر بكل ما تراه فبعض الماء سراب و بعض الأصدقاء خراب و بعض الأقارب أغراب و بعض البعيدون أحباب و بعض الفرح,1,24,False
أنا شايف إن احسن حاجة تقدمها لنفسك الفترة دي إنك تعود علي الحياة لوحدك تعيش لوحدك تخرج لوحدك تاخد قرارات,1,20,False
وتكون مشرق لحياة بشكل رهيب وعندك خط و اهداف و دنيا جميله فخيالك جتلك الفرصة تحقها تروح الدنيا تقولك انت صدقت نفس,1,22,False
واله الواحد ماقام يدري اهو اكتئاب ولا انطفاء ولا نضج ولا انعدام الشغف ولا تخلف ولا حاله نفسيه ولا هذي شخصيته,1,21,True
مرة 💔 واله خلصت آخر حلقة وعندي اكتئاب وبتجهز اطلع اغير جو علشان انسى لكن,1,15,True
الا بس في حال لو مريتي باكتئاب وماصار لك نفس تأكلي هناك نقول من اعراض الاكتئاب بس مو كل من قل شهيته صار اك,1,24,True
نعيش مشاعر اكتئاب بسب احداث سلبية قديمة ونحمل الاخرين مسئولية مشاعرنا تذكر مشاعرك وليدة افكارك لنتفائل,1,16,True
واله الواحد معد يدري هو اكتئاب ولا انطفاء ولا نضج ولا انعدام الشغف ولا تخلف ولا حاله نفسيه ولا هذي شخصيته🦦,1,21,True
أحس رغم إني أتفهم كلامه مسبقًا عن كون الي يحس فيه هو السأم فعلًا بس كلما قريت أكثر بديت أشك مو مكن يكون بكل بسا,1,25,False
واله الواحد معد يدري هو اكتئاب ولا انطفاء ولا نضج ولا انعدام الشغف ولا تخلف ولا حاله نفسيه,1,18,True
حد قل ذوقه عليا مليون مرة وجرحني كتير وتسب لي في اكتئاب شديد وسكت له كل مرة جيت رديت عليه مرة واحدة بس دماغي بق,1,25,True
أنا السنة الي فات أخدت قرار أني مش هشوف حلقة منسي وفعلا لآن ماشفتهاش ولا عايز أشو,1,17,False
بابا مخلي لمبات البيت كلها بيضاء فقعت راسي يقول الصفرا تجيب اكتئاب يعم الاكتئاب فينا من اول جيب بس,1,19,True
اول شي صفنت وطگني اكتئاب لمدة 5 دقايق ع بالي طلعلنا تاج راس جديد بس الحمد له طلعوا نفس الخر١ ستنتصرثورةتشرين,1,21,True
بقالي شهر بنام ١٥ ساعه كل يوم وانا اطول فتره كنت بنامها ٧ ساعات ان شاء اله انيميا مش اكتئاب ولا حاجة,1,22,True
طب كلكم منهنهين مع مشاهد حياة و صافي و انا اكلة هم حلقة اخيرة خايفة يدخل الحبس و يكتشف انها نقيب و يبعتلها حدا من م,1,26,False
واله الواحد ما بقى عارف هو اكتئاب ولا انطفاء ولا نضج ولا وحدة ولا توحد ولا كله مع بعض,1,19,True
تالت حتة في مؤنس الأقناع والأباحة تحابيش هدفها يستحوذ على الي قدامه وخلاص مش مهم أي حاجة تانيةيعني انا هبيح الي,1,21,False
1 حالة اكتئاب 💔 حتى تفنى العوالم يَ صديقي 2 ده من طيب اصلك يارب ولك ب المثل ♥️♥️,1,19,True
ليه اخواني ما اقدر اشوفهم وليه ابوي مايكلمني ولا يحس اصلا ان عنده بنت وليه مقدر اكمل جامعه وليه لازم اشتغل ٩ ولا ١٠,1,24,False
مشكلتك مو عارفه تستمتعين بوقتك حاطه جدول يعني انا قويه ونشيطه ماله علاقه اخرتها بتملينواذا حسيتي بتحسن ال,1,18,False
صار لها حادث سقوط من الخيل وسوت عمليه بعدها ع يد اطباء فاشلين وصارعندها تشوه ومشاكل,1,16,False
أنا شايف إن أحسن حاجة تقدمها لنفسك الفترة دي إنك تعود على الحياة لوحدك تعيش لوحدك تخرج لوحدك تاخد قرارات لوحدك,1,21,False
جواتنا شغلات كتير مكتومة لا قادرين نساها ولا قادرين نحكيها لحدا بس هي بتحكي عن حالها بهيئة زهق عصبية اكتئاب من غير سب 💔,1,24,True
انا كيف نسيت ان تهاني قعدة ٧ سنوات بنفس كليتي لو اني متذكرة من اول الاسبوع كان ما صكني اكتئاب,1,20,True
منكم جاهم اكتئاب ومع شده اكتئابهم ما حملو سلاح واطلقو نار ولا توعدو بحرق بيوت الناس,1,16,True
لكن كيف نتأكد أن إنتحاره ناتج عن ألم نفسي ثم كيف نقر أن ما أصابه إكتئاب و لا غير,1,19,False
أظهرت الدراسة أن ٤٨٪ المشاركين لديهم أعراض اكتئابية بينما ١٨ ٪ كانت لديهم أعراض اكتئاب متوسطة إلى شديدة وأن الطبيب,1,20,True
انا حصلي اكتئاب بعد الولادة اسبابه كثير اهمها نمط الحياة تغير النوم شبه قل بشكل كب,1,16,True
الخوف من كُل ماهو جديد يجعل الكثير من الآباء يعتقدون أن ألعاب الكمبيوتر مضرة لأبنائهم على الرغم من أنها أفضل وسيلة لعلاج إكتئاب المراهقين,1,24,False
واله الواحد م عاد يدري هو اكتئاب ولا انطفاء ولا نضج ولا انعدام الشغف ولا تخلف ولا حاله نفسيه ولا هذي شخصيته,1,22,True
هاليومين صايره كل ماقمت من نومي اقول الحمدله انه حلم الاحلام مبدعه راجعه بقوه بس الحمدله اني انسى ولا واله ليحوشني اكتئاب وازمه نفسيه,1,24,True
واله ما أنا عارفه هو إكتئاب و لا إنطفاء و لا نضج و لا وحدة و لا توحد و لا 🙄,1,21,False
هل صحيح في قدساوية حايشهم أكتئاب والبعض منهم يعالج اليوم بعد تصدر الزعيم والفارق ٧ نقاط عن الثاني الى الان,1,20,False
شايفه إن أحسن حاجة تقدمها لنفسك الفترة دي إنك تعود على الحياة لوحدك تعيش لوحدك تخرج لوحدك تاخد قرارات لوحدك مش,1,21,False
اوك الطبيب الثاني راحت معي وقالها اضطراب اكتئاب جسيم وافكارها انتحارية وغالباً تحتاج تنويم تبيني ابلع مضاد هلع ليش,1,19,True
يعني اتكلمتوا يعني خلاص مفيش اكتئاب تاني سبتني لوحدي مع الاكتئاب مع السلامة ي غريمي 😂,1,16,True
انا اشعر بملل شديد وانفس احياناً معنى حالياً كل شي تمام الحمدلله بس احس ودي ع طول اكون مشغول ب اشياء,1,21,False
اكو حالة اكتئاب كلش حادة توصلج حتى متكدرين تحركيناني صارت بية ونزلت ١٥ كيلو خلال سنة,1,16,True
لأنها دولة جربانة ومسعورة لافتاً إلى أن الدولة لا تدعمنا بأي شيء فهم يعتبرونا من القطاعات غير الأساسية بالرغم,1,19,False
واله يعني الواحد معد يدري هو إنطفاء ولا نضج ولا إكتئاب ولا انعدام شغف ولا تخلف ولا حاله نفسيه ولا هذي شخصيته,1,22,False
و اله الواحد ما يدري اهو اكتئاب و لا انطفاء و لا نضج و لا انعدام الشغف و لا تخلف و لا حاله نفسيه و لا هذي شخصيته,1,28,True
حد قالي مكن انك مش كويس نفسيا و محتاج تاخد علشان تريح نفسيتك من ضغوط او اكتئاب 😅,1,18,True
انا المطر والمساحات المفتوحه والغابات والاماكن الي فيها غابات والصحراء الواسعه تسب لي اكتئاب وهلع,1,15,True
واله الواحد مايدري هو اكتئاب ولا انطفاء ولا نضج ولا انعدام الشغف ولا تخلف ولا حاله نفسيه ولا هذي شخصيته,1,20,True
مكن تقولو ان الفتره دى اسوأ فتره في حياتي بقيت فاقده ثقتى حتى في نفسي اقسم باله بقيت بخاف من البشر بقيت و بتنفس اكتئاب💔,1,25,True
انقذونا قبل العيد رمضان والله الواحد ماعاد يدري هو الي عنده إكتئاب ولاخمول ولا حالة نفسية ولا هذي شخصيته,1,19,False
ترى حتى الحيوانات تعرض لنفسية والاكتئاب مو بس البشر تذكرون الأسد إلي هجم على صاحبه المصري وقطع ك,1,18,True
الحمد له بجد مهما اقعد في البيت مش بزهق و لا بيجيلي اكتئاب من قعدة البيت بالعكس بحس بهدوء وامان بدل حرقة الدم الي,1,24,True
واله الواحد معد يدري هو اكتئاب ولا إنطفاء ولا نضج ولا انعدام الشغف ولا تخلف ولا حالة نفسية ولا هذي شخصيته,1,21,True
أنا مقدر واله إن كلنا عندنا اكتئاب بس رجاء ذوقياً متبخلش في أنك تبان مبسوط لو حد عملك حاجة تبسطك ولما حد يسأل على,1,24,True
أرى السحر طاقه شريره تظرب أماكن معينه بالدماغ فتجبر الدماغ على التخيل لبعض الشخصيات المذكوره بالاساطي,1,16,False
أنا شايف إن احسن حاجة تقدمها لنفسك الفترة دي إنك تعود علي الحياة لوحدك تعيش لوحدك تخرج لوحدك تاخد قرارات لوحدك,1,21,False
انا قررت اقصو لمن كنت في بداية اكتئاب ف ممكن يكون ايوه فيهو حاجه صح كلامك,1,16,True
فيلم جابلي اكتئاب نص القاعه قعد تعيط خوفنا من كبر السن اكتر ما احنا خايفين شغال في الزاوية حفلة ١٠ ونص,1,21,True
واله الواحد ما يدري هو اكتئاب ولا انطفاء ولا نضج ولا انعدام الشغف ولا تخلف ولا حاله نفسيه ولا هذي شخصيته,1,21,True
هو ازاي المواطن المطحون ده كان بيتقدم في قص اطفال بجد انا بحبه اه وكل حاجة بس كانت حياته بؤس اوي دي قص تجيب اكتئ,1,25,False
لدي خبران واحد تعيس والثاني جيد لكم التعيس اني لن احذف الحساب والجيداني س احذف تويتر لبعض وقت لا اعلم شهر او,1,22,False
مشهد ربيع في القاهرة كابول دا كفيل يجيب اكتئاب حاد في الدرجة الاول وبيمثل معظم الي بيحس بيه الشباب,1,19,True
كل ما بصحى الصبح وألاقي شمس والجو حر وسخن وعموماً كل ما بحس إن الصيف بيقرب بحسني داخله على إكتئاب حاد😤,1,21,False
كثير بتعز عليا نفسي لأنو هالجملة كانت سب اكتئاب ٦ شهور وكثير بعز عليا وقتها انّي ما قدرت أرد لأنه,1,20,True
الهم خلص البنات من غسل المواعين 😢 لا جوع ولا عطش بس الم تفكير في المواعين صار عدنا اكتئاب حتى اظافري تكسرت و,1,23,True
واله الواحد مايدري اهوا اكتئاب ولا انطفاء ولا نضج ولا انعدام الشغف ولا تخلف ولا حاله نفسيه ولا هذي شخصيته,1,20,True
لما قولت لي كنت مرتبط بيها كده في وقت اكتئاب حسبتها اني عايز اتجوز جواز متعة طالما مفيش اطفال,1,19,True
أنا مش عارفة هو اكتئاب ولا انطفاء ولا نضج ولا وحدة ولا الجو حر ولا أنا جعانة🤔,1,17,True
الجلوس وحيدا ليس اكتئاب كما يراه البعض و لكن هي لحظة راحة بعيدا عن تطفلات البشر,1,16,True
واله الواحد صار ما يدري الي فيه هو اكتئاب ولا انطفاء تام ولا نضج ولا انعدام الشغف ولا صدمه ولا حاله نفسيه ولا هذي شخصيته,1,25,True
أنا شايف إن احسن حاجة تقدمها لنفسك الفترة دي إنك تعود علي الحياة لوحدك تعيش لوحدك تخرج لوحدك تاخد قرارات ل,1,21,False
اجملحظاتبحياتي الحياة قرار وليست ظروف فقد تجد فقيراً ينشر السعادة على من حوله وغنياً يعيش حالة إكتئاب وحز,1,18,False
هنادي انا كان عندي اكتئاب وكنت اراجع عند اخصائية نفسية وقرت اقرا البقرة كل يوم واله شفت العجب العجاب,1,19,True
أنا أعيل ثلاثة بيوت بيت الأبوي المصاب بالزهايمر ومقعد منذ ثلاثة أعوام وبيتي وبيت أخي المصاب بمرض نفسي ا,1,19,False
وانا كمان لو مات يماش بنقهر 😭💔 إنما إيفسون واله بيجي لي إكتئاب إكتئاب لكن أظن ما بيموت حد فيهم بيموت أكين وسلطان,1,23,False
انت تحكم عن مصر بحكم درست فيها وعشت فيها فتعرف طبيعتها ذكرتني في برادها وايامها رغم اني كنت معتقل,1,19,False
انا ضد حرية الرأي ودايم اقولكم يعني قبل شوي شفت واحد يقول احس الي عندهم اكتئاب هوت نعم,1,18,True
كلنا ك صحاب بلا استثناء عندنا مصايب واله مش مجرد خنقة و اكتئاب دي بلاوي فعلآ و كلنا بنطبطب ع بعض واله الي بأ,1,24,True
الي تمنيت اسويه وما سويته و نادم جداً إني اطلع من الجامعة من اول سنة و اعمل على بناء على مهارات ما,1,22,False
نفسي اعرف ليش فيها اكتئاب وقلق مدري معقوله في احد مثلي هيا فعلا حلوه وبارده بس اكتئاب ارجع جيزان راح هل في سب,1,23,True
لانه مابحب فوت بالحالة ولا اندمج ولا اتأثر وبالفترة الاخيرة ماناقصني لا دراما ولا اكتئاب ب,1,16,True
واله الواحد ماعاد يدري هو اكتئاب ولا انطفاء ولا نضج ولا انعدام الشغف ولا تخلف ولا حاله نفسيه ولا هذي شخصيته,1,21,True
زمان فيه شخص ظهر بحياتي لمن كنت على وشك انو ادخل بحالة اكتئاب رغم الاختلاف وفرق العمر دبل عمري ثلاث مرات تقريبا كان,1,23,True
هي الناس كلها بقت عيوطه عموما اصله مش عامل حساب التخان اصله مش عامل حساب المحجبات اصل الموديل بتاعته رف,1,20,False
واله الواحد معد يدري هو اكتئاب ولا انطفاء ولا نضج ولا انعدام الشغف ولا حاله نفسيه ولا هذي شخصيته,1,19,True
واله الواحد معد يدري هو اكتئاب ولا انطفاء ولا نضج ولا انعدام الشغف ولا تخلف ولا حاله نفسيه ولا هذي شخصيته🤝🏻💔,1,21,True
المراهقه مُتعبه جداً و مايستهان فيها و ابد ماينمزح فيها فيها ارهاق وتعب و اكتئاب وفيها الخوف و توتر و قلق والاحسا,1,22,True
اعراض مشاكل الهرموناتالغدة الدرقية ضعف إعياء خمول قله نوم حاجة لنوم بعد الظهر الرغبة في الخبزالحلىالباستا كلست,1,17,False
اعراض مشاكل الهرمونات الادرينالين إعياء قله نوم أرق إكتئاب حبوب شباب بشرةضعيفه خطوط تمد في البطن وجه مدور ضغط ع,1,20,False
عندي اكتئاب فقط اضطراب الشخصية الحدية و هو مشابه كثير لثنائي القطب لكن مو نفسه🙏🏻,1,15,True
يومالجمعه فزعتكم تكفون ياأهل الخير 💔😭 المبلغ 6470 ريال تكفون ياأهل الخير حنا في ضيق مايعلم فيه إلا اله من ث,1,21,False
واله الواحد معتش عارف هو اكتئاب ولا انطفاء ولا نضج ولا انعدام الشغف ولا تخلف ولا حاله نفسيه ولا دي شخصيتي وبتوضح يوم عن يوم,1,25,True
واله الواحد معد يدري هو اكتئاب ولا انطفاء ولا نضج ولا انعدام الشغف ولا تخلف ولا حاله نفسيه ولا هذا ايش,1,21,True
و غير كذا فترة تغير الهرمونات عندها صح الرجال تحبه نفس الفتره لكن تخليه في الغالب يعتني من ا,1,19,False
الي حصل لحازم ده بجد هيدخلني في نوبه اكتئاب حاد كان مستخبيلك ده كله فين بس ياوليدي 💔😥,1,18,True
التفكير هي عاقبة الانسان الازليه وخصوصا السلبي منها حاربيها روحي عند دكتور نفساني حتى لو تظني,1,16,False
انا علي طول مكتئبه واله ياحمد 😂تعالي ونا اعملك اكل كله اكتئاب هتاكل صوابعك وراه 😂💙,1,16,True
صباحك سعاده وهنأ ورضى ياكابتن 🤟 مافيه دوله ادفى من أيرلندا شوي ما أحب البرد اله وكيلك يجيني اكتئاب,1,19,True
تفكيرك هذا اوله تشكيك في الدين ثم إلحاد أو ارتداد مكن ترجعين يهودية أو نصر,1,15,False
12 صحيح إن الخيانة مزعجة وتأثيرها قوي على النفس ومكن يدخل الانسان في نوبة اكتئاب وحزن عميقة ولكن ال,1,19,True
الفتره دي عباره عن زعل عياط اكتئاب ضغط زعل عياط اكتئاب ضغط زعل عياط اكتئاب ضغط زعل عياط اكتئاب ضغط زعل عياط اكتئاب,1,23,True
قبل لا أنام كنت ابغى اوجه شتيمة لحقين تطوير الذات والمستوى الاقتصادي وتحسيسك بأن كل الي تسويه ولاشيء ولازم تكون توب,1,21,False
لي كم شهر احاول الاقي موعد عند سيكاتريست زي العالم قعدت طول اليل صاحية وسافرت ٣ ساعات عشان في الاخير تقولي مسافر,1,22,False
لا حول ولا قوة إلا باله الأيام ذي هاشتاقات تجبلك إكتئاب كلها جرايم عفنة انقذوالمعنفهلجين,1,15,False
وله الواحد ما يدري هو اكتئاب ولا انطفاء ولا نضج ولا انعدام الشغف ولا تخلف ولا حالة نفسيه,1,18,True
بقالي سنتين بعيد عن الملعب و الدوري و الاتحاد لو لغى الدوري ده بسب كورونا حرفيا هخش في نوبة اكتئاب محصلتش قبل كده,1,23,True
عندنا العنصريه عالسمر اكثر اذكر شخص كان معي بالفصل كانوا يقولون له عبد كويحه اسود حر,1,16,False
و قال ايه كنت مقطع نفسي حزن و اكتئاب على معزة بنت لبوة اخرها ملك يمين لأمير سعودي تقعد تصورله صور مبينة كسها تحت البنطلون,1,25,True
واله الواحد معد يدري هو اكتئاب ولا انطفاء ولا نضج ولا انعدام الشغف ولا وش بالضبط,1,16,True
مدري ايش الفتره الي امر فيها هل هو ركود او اكتئاب ولا انطفاء ولا نضج ولا انعدام الشغف ولا تخلف ولا حاله نفسيه ولا هذي شخصيتي,1,26,True
و دخلت بفترة إكتئاب صارت ما تطلع عشان محد يشوفها و وصلت مرحله ما تناظر نفسها بالمرايا,1,17,False
أنا بستخدم فيتامينات لأن ف ياول فترة بدأت فعلا احسوبارهاق وشويه اكتئاب عشان كده تقريبا كل يوم بأخ,1,18,True
بصى يا هدير بجد واله و بدون دخول فى تفاصيل أنا ربنا سبحانه وتعالى بس الى يعلم أنا مري,1,19,False
حركةالنقلالخارجي مدري وش يضر لو تكلموا وقالوا مافيه على الأقل يرتاح الجمع الغفير الي قاعد ينتظر اذا,1,17,False
في مسلسل اسمه ملوك الجدعنة موت البنت الي اسمها حبيبة ولما غسلوها ودفنوها وكدة انا انهرت عياط بمعنى ك,1,19,False
صديقتي فيها اكتئاب وخوف واكبر خوف مسب لها ازمة ان عمرها يكون طويل مدري وش اسوي كل ماتكلمت اقعد ابكي,1,20,True
اله يهديك يا بنتي مافي شي اسمه اكتئاب و أمراض نفسيه بس انتي اطلبي من اله الهاديه و كثري من الدعاء و الاستغفار و ا,1,25,True
دخلت في حالة إكتئاب بسب حب الشباب لانه طلع لي بكثافة شديدة و تغيرت ملامحي و كل ما يشوفني احد يقول لي ايش فيك حاولت,1,25,False
مع ذلك الحمدله اشوف العملية كانت أرحم و أهون رغم كل آلامها صحيح مريت بسبها في مرحلة اكتئاب فضيعة و اتمنّى انسا,1,22,True
واله الواحد مو عارف اهو اكتئاب ولا نضج ولا انعدام الشغف ولا تخلف ولا بس الي اعرفه ان فترة مو راضيه تعدي كلش,1,23,True
انا تجيني حالة اكتئاب اذا خلص فلم حلو ولا مسلسل كيف بتحمل بعدين ي ربي 💔,1,16,True
مشاهيرالسناب يمدحون بعض يسوقون لبعض يرسلون المعلنين لبعض يكونون صداقة بينهم يفرحون لبعض يزعلون لبعض وفجأه,1,16,False
المفروض أحس بالإنجاز والفخر بس الي يصير معاي العكس تمامًا دوامة إكتئاب وضيق تخليني أفكر بالإستقالة كثير,1,17,False
اتمنى من هذا اليوم يكون نفس الي بالي واحسن وماتخرب كل خطي عشان ما ادخل بحالة اكتئاب,1,17,True
واله الواحد مايدري هو اكتئاب ولا انطفاء ولا نضج ولا انعدام شغف ولا تخلف ولا حالة نفسيه ولا ايش بالضبط,1,20,True
صارلي سبع سنين اعاني نفسيا ودايما كنت اعتقد انه اكتئاب لحد ما درست علم نفس وبحثت عن الأعراض وفي الاخير وصلت الى الحل,1,23,True
انا مبكرهش في حياتي قد حد استريحلوا واحسه صاحبي فعلا واكتشف انه مش شايفني صاحب ليه ساعتها بكره نفسي اضعاف مابكرهوا,1,21,False
ابو فهد صادق وهذا شي معروف بعضهم كل سبل السعاده متوفره له وينتحر او عنده اكتئاب بسب كثرة المعاصي,1,19,True
اي ادعمهم صح ما نكر انه حرام لكن شفت ناس يحاولون انهم يتركون ذا الشي وكثير جاهم اكتئاب وحاولوا ينتحروا عشان ذا,1,22,True
يُغلِقُ البَعضُ أَبوَابَهُم عَمدَاً بِوجهِك وَلكِن يَفتَحُ اله لَكَ بَعدَهُم أَلفَ بَاب وَقَد يُؤلِمُكَ فِعلُهُمَ,1,15,False
عملت الاكونت دا من سنه و دخلت موجه اكتئاب بسب واحد محصلش بينا نصيب و اكتئبت و لما مبقناش بنتكلم قلبت يومي و ابتديت,1,24,True
لمن م اقدر اكمل المسلسل من التفكير واضطر اوقفه اعرف ان فيه موجة اكتئاب قادمة لا مفر ولا مهرب منها,1,20,True
واله الواحد ما يدري هو اكتئاب ولا انطفاء ولا نضج ولا انعدام الشغف ولا تخلف ولا حالة نفسية,1,18,True
قُل لي أيا رجُل لأي قبيلة ولأي عصر او لجنس تنتمي ولمن تعود أصول عينيك التي أضحت قنايل الضياء بعالمي عنينيك تِلك,1,22,False
واله الواحد معد يدري هو اكتئاب ولا انطفاء ولا نضج ولا انعدام الشغف ولا تخلف ولا حاله نفسيه😩,1,18,True
كيف تحملون تعب وحزن الاحباب بمجرد ماشخص احبه يتعب او يحزن ما اقدر اكمل يومي بشكل طبيعي وخذلك اكتئاب ومناحة كل خمس دقايق 🙁,1,24,True
الحياة صعبانة علي من غير اكتئاب التويتر وزي ما حكوا الزملاء اله يعدي هالشهر على خير يارب,1,17,True
ابشرك ماخليتها بخاطري رحت قريتها من كتاب البداية والنهاية جاني اكتئاب يومين من الي قريته حسبي اله عليهم 💔,1,19,True
مسلسلات رمضان الى متابعها كلها جبتلى اكتئاب وحزن انا ارجع لمسلسلاتى التركى واستاذه ديميت فريش وفرافيش والحفره الكا,1,18,True
واله صدق في ناس عندهم اكتئاب ومجرد كلمة كذا يسويها حرام وربي مايصير كبروا عقولكم مو كل شيء طقطقه,1,19,True
خبر حزين عاملتنا الي عندنا ١٣ سنة وكأنها أختي الكبيرة قالت خلاص ابي أسافر السنة الجاية وقاعدة أحاول أكرّه نفسي فيها,1,21,False
واله الواحد معد يدري هو اكتئاب ولا انطفاء ولا نضج ولا انعدام الشغف ولا حاله نفسيه ولا هذي شخصيته اقسم باله هذا وضعي دي الايام 💔,1,26,True
و اله ما عارف إلى انا فيه دا اكتئاب ولا انطفاء ولا نضج ولا وحده ولا توحد ولا,1,18,True
دعاءاستغفارتسبيح فزعتكم تكفون ياأهل الخير 💔😭 المبلغ 6470 ريال تكفون ياأهل الخير حنا في ضيق مايعلم فيه إلا ا,1,19,False
مرات احس اني سعيدة ومرات زعلانة وحزينة وناقمة على كل شي ما احس بطعم شي حرفياً وفي راسي الف فكرة وفكرة ما ا,1,23,False
مابي افوز ابي اطلع بشوف الضو ليا شهر ماشوفت الشمس عايشه زي الخفاش اكتئاب 😭 منهوصاحبالسنابالغامض,1,16,True
هذا لم يعد انطفاء ولاتعب ولا اكتئاب ابداً روحي خاضت كل الذي سبق لكن لاشيء ما ذُكر انا اشعر بهناك شعور ما يغبط صدري ولايمكني شرحه,1,26,True
كل ما قيل من ايمان وصلاة ودعاء يساعد ولكن اذا تحول الحزن الى اكتئاب وقلق فيجب اخذ خطوات عملية وعلاجية ل,1,21,True
اهلي كلهم فيهم كورونا واحتمال مايكون في عيد واحس اني مخنوقه وبديت ادخل حاله اكتئاب,1,15,True
قال هالكلام وانا ماتوقعت بيصير شي ابداً وتوفى يوم الاحد باليل ب اغرب طريقة مكن تسمعها الطريقة الي مات فيها دخل,1,21,False
بحاول لحصر الأدوية الي اخدتها النهاردة مسكن لبيريود ٢ مضاد اكتئاب كولونا عشان القولون انتينال باوركابس انا اسفة يا معدتي,1,20,True
هاي شكلي كدا هستسلم وادخل في اكتئاب تاني عشان اعرف اذاكر وانعزل عن البشر حبه باي,1,16,True
✍️ الخذلان هو اسوء شعور يمر على الانسان لانك تعلق آمالك وتوقعاتك بشخص واحد وعندما يفاجك بالخذلان تموت كل,1,19,False
من بعد ماجربت الجانب السيئ بالحب احس مستحيل اوصل لمرحله هذي الي بالفيديو لان اذا جا بعدها خذلان بتواجهوا اكتئاب ص,1,21,True
الحقيقه أحسن حاجه الواحد يقدمها لنفسه الفتره دي إنّه يتعود ع الحياه لوحده يعيش لوحده يخرج لوحده ياخُد قرارات,1,19,False
انا احب حسابك لان فيك اكتئاب مثلي احس فيك واله ابي اصير صديقتك بس ماعرف اسولف ولا عندي حياه اشاركها اصلا عشان كذ,1,23,True
اخواتي الي معاهم اكتئاب راسلوني خاص لو تكرمتوا انا اعالجكم باذن اله تعالى و لوجه اله تعالى,1,17,True
ليتني عندك انا ابي اروح عند امي انا الي ابي انام ولا ابي اروح ولا ابي اجي وش قاعد يخربط ذا شكل الجوال فيه اكتئاب,1,25,True
بشكل صحي وضعهم صعب قد يموتون غيظ او يتعرضون لسكته يعانون من إكتئاب قوي فوبي,1,15,False
هل تعلم لماذا نحن نشعر بالضيق والحزن أحيانا دون اي سب هناك هرمون في الجسم يفرز خلايا على القلب عندمانلهى عن ذكر,1,22,False
بقولكم حاجه انا زعلانه لان قريبا بصير عمري ٢٣ و بعد خلاص بتخرج من جامعه بعدين بتزوج زواج تقليدي,1,19,False
احس احس احس احس عندي اكتئاب خفيف بس بحثت ومكتوب ان الاكتئاب وفقد الشغف الأرق والخ شي عادي فعمر المراهقة فنتظر لين ربي يفرجها,1,24,True
السلام عليكم عطيني نصيحة انت والمتابعين ايش الواحد بيسوي اذا راحت الرغبة في الدراسة بسب الاكتئاب والحالة النفس,1,18,True
مين تكلمين المهم يمكن يمكن يصرفولي مضاد اكتئاب الموعد الجاي 💃🏻 بس بعد كم شهر 😒,1,16,True
الواحد فعلا بيقول أنه عنده قلق أو اكتئاب فهو اكيد حاسس بمشاعر سلبيه ممكن تكون اقل حده من الاكتئاب بس وارد تتطور,1,22,True
نعم الأسرة جزء مهم من المعادلة لكن ليست جميع محاولات الانتحار مرتبطة بعلاقات تفاعلية أسرية هناك,1,16,False
كنت مفكرة اذا صرت اسهر لفجر رح يروح اكتئاب بعد الساعة ١٢ طلع في اكتئاب بعد الفجر😔,1,17,True
دموعي مو قادره توقف شوي وادخل بحاله اكتئاب ايش يحس مؤلفه واله ان النفسيه بالحضيض بعد ما شفته ايش هذا مقدر,1,21,True
أعاني من نوبة اكتئاب عظمى ولكن يعزّ علي أنّ يبتلع حزني كلَّ الذين أحبّهُم ويحبّوني,1,15,True
ما قدرت أشوف الجزء المتلئ من الكوب إلا بعد ما أخذت مضادات اكتئاب لذلك وفر إيجابيتك العينة لشخص متملق مثلك,1,20,True
أول شي أهنيك وأقولك انتي بطلة 🥺❤️ ثاني شي اله يسعدك يارب دنيا وآخرة الصراحة انا مثلك عندي اكتئاب,1,19,True
لايبكي الرجل الا من شيء عظيم قصم ظهره اله يعينه ويسخر له من عباده الصالحين 😭 احس فيه اكتئاب حاد💔,1,20,True
انهاردة في عيادة القط كان فيه واحدة جايبة قطتها عندها اكتئاب عشان متأثرة ان صحبتها تعبانة والقطة بتاخد ادوية لاكتئاب🥺,1,20,True
البوست بتاع الكلام الي قالوه ناس عندها اكتئاب قبل ما ينتحروا بوست مُخيف اوي فيه كلام كتير من الي ناس كتبينه,1,21,True
هوا الحياة مش حلوة ولا ده اكتئاب ولا عملي السيء والنحس بيلاحقني ولا ايش بالضبط,1,15,True
اه اوك انا بيجلي حاله الصمت دي بدون اكتئاب هي حاله كده مش عايزه اتكلم بس,1,16,True
مرحبا لو سمحتو انا عندي مرض الصرع وستعمل حبوب لمكتال واخذ حبوب اكتئاب وحمض الفوليك وحبوب منومه وغده,1,18,True
واله داخله ف اكتئاب مو قاعده احس بطعم الأكل كأني اكل ورق يارب ترجع بسرعه يارب,1,16,True
خمول اكتئاب ثلاث ايام بس انام واصحى ولا ابغى اسوي شي انسدح واطالع الجدار بس,1,15,True
قفلو حسابي الأول بدون سب حسبي اله عليهم جاني اكتئاب من وحرام اتعب مرة ثانية والنتيجة راح يتقفل,1,18,True
انا مريت بحالة اكتئاب واكبر غلط انك تاخذ حبوب والشي الصح تصارح اقرب شخص من اهلك او اهلك بالي في قلبك,1,21,True
خرجت من إكتئاب نهاية أتاك دخلت ف إكتئاب فصول مورياتي الأخيرة متى نشوف السعادة يا دنيا,1,16,False
واله ما أنا عارفة هو اكتئاب ولا انطفاء ولا نضج ولا وحدة ولا توحد ولا بس الجامد ف الموضوع اني رايقه وق,1,22,True
الدكتور القديم الي كنت اكلمه يقول عندي اكتئاب و الدكتور الجديد مصنفني سايكوباث خير لتسقون نرجع لقديم,1,17,True
الفترة دي انا وحيد جدا و مش بكلم حد ولا بشوف حد بس بحمد ربنا علي اني مسحولة عشان لو كنت فاضية كان زماني في حالة,1,26,False
انا ادري انه اكتئاب واكتئاب حاد بعد مو عادي من 4 سنوات مستمر لكن ما روحت افحص دعواتك 💔,1,19,True
الواحد معد يدري هو اكتئاب ولا انطفاء ولا نضج ولا انعدام الشغف ولا تخلف ولا حاله نفسيه ولا هذي شخصيته,1,20,True
فخوره اوي بنفسي عشان لما بحس بضعف او بوادر اكتئاب باخد بعضي واقفل واقعد مع نفسي وبقي احسن فعلا محدش له جميل عليا,1,23,True
انا اصبت فى شهر اتناشر احنا دلوقتى داخلين على خمسه وفيه اعراض لسه اكتئاب وزهق ومش بقدر اجرى وساعات احسن بألم فى صدرى,1,23,True
كل ما اكتئاب وادخل التويتر بلاقي حد بيشبهني أو كلام بيمثلني وبكتئب بزيادة🙂🚶🏻‍♀️ محدا دايم لحدا وخدوها مني❤️,1,18,True
طول عمري لما كنت احس اني علي مشارف اكتئاب عظيم كنت بهرب بالنوم علي أمل ان الوقت يعدّي وما أحسش هي حيلة طفولية بس,1,24,True
هذي البنت واضح عندها اكتئاب حاد انصحك تعالجين وتلاقين هدف لحياتك وضعك مايطمن ابد 😟,1,15,True
وزيادة على الوقت المهدر بسبه اكتئاب يمسكني من بداية الشهر بسب وجودي الدائم فيه وتعمقي بالناس وكثرت المشاكل محد ي,1,20,True
امر بفتره فيها كميه ضغوطات وفيها كميه اكتئاب وطاقه سلبيه اله وحده الي عارف كيف بتنتهي وانا بكامل قوتي العصبيه والنفسيه,1,21,True
لا عادي اسألي براحتج معرف اكو كم شغله دتغثني حيل و شغل و أهلي ضغط علية فصار عندي أكتئاب اصلن عادي مثل كل كتئاب 💔🥃,1,25,False
اهو اكتئاب اهي ضيقة خلق اهو تعب اهو احباط اهو انسكار بس كل الي اعرفه انه احساس ما قاعد يروح يارب اجبر بخاطري,1,23,True
الواحد مايدري الي عنده هو اكتئاب ولا انطفاء ولا نضج ولا انعدام الشغف ولا تخلف ولا حاله نفسيه,1,18,True
انا اتشخصت اني عندي اكتئاب و الدكتور كاتبلي دواين امبارح اخدت اول جرعة و رايحه ارميهم دلوقتي في الزبالة,1,19,True
مش قادره احدد ف حياتى إذا كنت مبسوطه ولا زعلانه بتمر عليا اوقات بقا كاره كل حاجه ف حياتى بجاهد علشان مدخلش ف مود وحش,1,25,False
تسالني الدكتوره وش تحسين فيه وانا اشرح لها بكيت اقسم باله فشله بس قالت الواضح عندك اكتئاب,1,17,True
شكل العايلة كلها عندي 😂 اكتئاب وانطفاء وعدم شغف وتخلف وحالة نفسية وطفش وكل شي😂,1,15,True
بحاول ابعد عن اى حاجه تإذينى نفسياناف فترة لا مستحمل زعل ولا اكتئاب يدوب مصلم نفسى بالعافيه,1,17,True
اعتقد انه كان صمت مقهور عشان الجامعة والا صمت صدمة والا صمت اكتئاب مزمن 🙂😭,1,15,True
هموم ضيقة نكد حزن بكاء ألم إنتاس إشتياء إكتئاب تعاسة جزع جنازة حرقة غم غصة,1,15,False
يا الهي حصلت لي ما أقساها من فترة ضاقت بي الدنيا واله ودخلت في مرحلة إكتئاب الحمدله عدت اله لا يعودها شفاك اله,1,23,False
احس فيني ثنائي القطب مو معقولة يوم بموة من سعادتي واليوم الي بعده اكتئاب حد الموة بس واضح بالحالتين ابي اموة,1,21,True
بعد اقتناع أهلي كلمت دكتوري الي يعالجني وبعد جلسة نقاش مع دكتورة كانت فاهمتني جداً شخصوني تشخيص مبدئي بإني اعاني من الاكتئاب,1,22,True
شعور الي ما تعرف انت فيك نوم ولا اكتئاب ولا ودك بأحد تفضفض له وتحس ما يسلك لك,1,18,True
صدري تحطم حيل وحطام صدري سب لباقي اجزاء جسمي اكتئاب واله ان الي بقى حزنين ل عمريّ حزن متعبني وحزن خلاني مصاب,1,22,True
انا مالي في الهرجة حقت الطافة اكلمك عن الشخص الي فعلا يشعر بضيق او اكتئاب,1,15,True
الناس كلها الفتره دي بتعافر علشان متدخلش في مرحلة اكتئاب الكل مرهق وعلي اخره وكل واحد فيه الي مكفيه فتره,1,20,True
أكتئاب حاد يعصف بي ثقل متهدل علي اكتافي ذلك الصغير ف اليسر اصبحت دقاته شبه منعدمه بدات اشعور بشعور العجوز,1,20,False
واله الواحد بطل عارف هو اكتئاب ولا انطفاء ولا نضج ولا انعدام شغف ولا تخلف ولا حالة نفسية,1,18,True
لدرجة انه ممكن اكون ببكي من التعب و الضغط بس بنفس الوقت مبسوطة لانه هاد الضغط انقذني من دوامة مشاعر و اكتئاب,1,22,True
هذه الوحشةُ التي وُضِعت بِي أكبر من أن يتسلها الإطمئنان حزن عبارات بوح خواطر اكتئاب,1,15,True
الحُفرة التي أدفن فيها الذكريات لا أنبشها أخاف أن أسقط وتوارى روحي في التراب و أُدفَن معها حزن عبارات بوح خواطر اكتئاب,1,22,True
ثقيلٌ هو الحزن أبحث في ليلي الطويل عن موسيقا تصدح لأفرد جناحي وأحلق عالياً علّ الحزن يخشى السماء ويهوي حزن عبارات بوح خواطر اكتئاب,1,24,True
أفضل أن اسير في طريق مظلم ولا نهايه له بدلاً من التخبط في واقع هذه الحياة المريره حزن عبارات بوح خواطر اكتئاب,1,22,True
لا نحتاج النسيان لنتخطى كل هذه الهزائم نحتاج فقط أن نستعيد اليقين أن يتلاشى أثر ما أفزعنا حينما كنا بمأمن حزن,1,21,False
لاجدوى من هذا الكم الهائل من الأصدقاء طالما انك تعيش لحظات حزنك لوحدك وتقضي اليل كله تشتم حزنك لوحدك حزن عبارات بوح خواطر اكتئاب,1,24,True
تصدقى بردو بحس إن الإجازة بتجبلى اكتئاب ال هو انا قاعدة فاضيه أما اقوم اكتئب شويه,1,16,True
لما الواحد ينام الصبح ويصحي باليل بيبقي اليوم مفهوش بركه كدا وكله اكتئاب وحاجه منتهي الوحده,1,16,True
ضحكة مزيفة 😴اكتئاب لايفارق💤نفسية 0٪ عقل مدمر تفكير سلبي بألوان ذكارية مؤلمة وبالنهاية بتصفنّ بتقول,1,15,True
بقالي خمس سنين بمتحن ولسه برده بيجيلي حالة اكتئاب وفقدان شغف في النص كدا ولسه ملقتش لحوار د حل ه,1,20,True
ماتسحر ولا افطر بس مويا بحكم نومي ومن عقبها وانا صايره اتعب وغثيان وانا صايمه ودوخه ومافيني طاقه هالنوم سبب لي اكتئاب وعيا,1,23,True
عيد ميلادي داخل عليا ب إكتئاب بس من قبل ما يبدأ و كأن لو عدى من غير ما اتنكد السنة مش هاتحسب,1,22,False
لا ما هو يا صيام يا مذاكرة يا اكتئاب انما التلاتة مع بعض لأ مش هينفع,1,16,True
في اوقات بتعدي علينا من صعوبتها نيأس ونفقد الامل في ربنا بس غلط حقيقي غلط لان ربنا بيسترها معانا طول ال,1,21,False
بعد الولادة جاني اكتئاب فظيع كرهتها وكرهت أبوها وكرهت حياتي كلها ويمكن مرتين ضربتها وكان يوجعني قلبي 💔ا,1,18,True
أنا اليوم داخلة مرحلة اكتئاب بكرا أخر يوم بسمح لحالي ابقى بهي الحالة لأنه بشعة كتير و أنا ما تعودت ضل مكبلة,1,22,True
الحمدله حسيت اني انسانه طبيعيه يوم شفت ان الكل حايشه اكتئاب طفيف ذيك الفتره 💃🏻اله يلوم الي يلومنا صراحتاً,1,19,True
حصل واله بقوم سيباهم وقايمه م ناقصه اكتئاب اكتر من كدا 😂 😂 😂 🙂,1,15,True
معلش قصرت يا حمادة معاك بس واله دوامات مشاغل ع اكتئاب دخول الصيف ع كورونا و راحت الحمداله كوكتيل مشاكل كده,1,21,True
لما بقي عايزه اتسحل ف المطبخ كده بقي داخله ف حاله اكتئاب ف ربنا يستر انا قايمه اعمل كيكه,1,19,True
اتوقع اني نفسية كل ما يخلص ترم ادخل في حالة اكتئاب واحس بالفراغ الى ما اتعود بعد فترة بس حاليا الفترة صعبة,1,22,True
مش متخيلة نفسي كمان بتاع ١٠ سنين كدا وانا بحكي لولادي قصة كفاح امهم و قد اي هي عافرت و قاومت ضغت نفسي و اكتئاب و تخ,1,27,True
نفسي اصحي ملاقيش هاشتاجات ولا حرقة دم والاقي خلاص الدنيا اتحلت وربنا سهلها من عنده يارب انا جالي اكتئاب فوق الي عندي واله 😢💔,1,24,True
شهد مالي غيرك بعد اله انا كنت بعلاقه وبسبها دخلت حاله اكتئاب قطعت تواصلي بهذا الشخص لكن احسه يتخاطر معي,1,20,True
ياشيخ علي انا اقرأه في القيام واستمر تماماً حتى اكمل شهر ثم تبدا معي حالات اكتئاب ودمار,1,17,True
أنا الصيف بيعملي اكتئاب مش فكرة حب لشتا وبتاع بس بجد أنا فكرة الشمس المنورة دايما ربنا يديمها نعمة 🙏 لما ب,1,22,True
شيلو الشغلات الإيجابية الي عم بتصير في حياتي على جنب أنا يومياً نفسيتي تعبانة ومش طايق حالي وعندي اكتئاب,1,19,True
إذا عندك ثنائي القطب وتمر بنوبة اكتئاب احد فهناك احتمال ان تعرض لهوس بعد ما يزول عنك الاكتئاب لذلك أنصح من يمر با,1,23,True
أنا أيضاً أُصاب بحالات مِن الحُزن المُزمنة وداخلي ك البركان تُراودني الكثير من الأفكار المُقلقه تجعلني في حالة إكتئاب لا نهاية لها,1,22,False
البارحة صايدني شي غريب اكتئاب ليوم واحد كنت وايد حاسة بالقبح تمكيجت و قلبت الكبت و جربت كل الملابس الي عندي ي,1,22,True
اكتئاب كنت عارفة ايش بيصير بيفلم قاتل الشياطين بشكل عام بسب الحرق بس يوم انحرقت على التفاصيل احس بكي,1,19,True
ورجعنا من الجنوب وهسه كالعادة عندي يومين اكتئاب لتعامل مع فرق الحياة و الطاقة والحماس بعد يومين شغل مع أحسن ناس,1,21,True
أحس نفسي اعرف ايش شكل الحياة بدون اكتئاب مرا حيفرق معايا لكن مافي شي يساعد,1,15,True
الطب الباطنة بتخلي دماغي تطلع دخان وبتدخلني ف حالة اكتئاب وحشة أوي وبقى مقتنع تمام الاقتناع إن البحر ده واسع فشخ,1,21,True
ماعندي حتى طاقة لبكاء تداهمني نوبة إكتئاب ولا أجد عندي أي ردة فعل سوى الإستلقاء على السرير طوال اليوم والتعرض لكل هذا الألم,1,23,False
مدري كلامي له علاقه او لا لكن هي كذا اذا بتقعد تسخط تبكي على الوضع الي انت وتقعد تشكى ماراح تقدر تعيش حياتك,1,23,False
تشتت متعب لغاية اعيشه لوحدي مابين تبلد و اكتئاب حاد و امل و حياة و زهد,1,16,True
مرت بريتنيسبيرز بمرحلة اكتئاب طويلة منذ انفصالها في العام 206 وفقدانها حق حضانة أولادها العام 207 سُجلت خلاله,1,18,True
اكتئاب مابعد الولادة جاني بأخر ولادة لي وكانت أسوأ ٤٠ يوم عشتها في حياتي 💔جحيم ومهما قاومت ما في فايدة,1,20,True
تم بقراه ومستعده لاكتئاب لان اخر كتاب قريته برضو قصه حقيقيه تحزن وجاني اكتئاب اسبوع,1,15,True
احس غريب اني كل لما امر ب اكتئاب او حزن او اتضايق اتذكر ان ذا مو مكاني وبروح كوكب ثاني ترا م استهبل حقيقي قاع انتظر,1,26,True
لا تكفين خلقه فيني اكتئاب واتحلطم من الذره كيف لو عاد انحبست في مكان وقسم لا اصير مجرمه😭💔,1,18,True
طيب صباح الخير اول ه المهم نظام رمضان يسب لي اكتئاب اكره اني انام هالوقت,1,15,True
عملت كتاب مذكرات عاساس اكتب فيه اشياء تصير معي امت كبيتو لانو حرفيا حياتي روتين قاتل سببلي اكتئاب,1,18,True
تحكم الأهل الفظيع والاجبار وحبس بناتهم بحجة الخوف والعيال مايخافون عليهم هذا عادي كثير انتحروا بسببهم,1,16,False
أُعاني من إكتئاب حاد الأصدقاء يُعاتِبوني على إبتعادي وأُمي تغضب لأنَّ حالي يتدهور أمّا أنا فَأُفَكِّر ك,1,17,False
مادري نفسية سوداوية او اكتئاب بس يجيني غالباً شعور مقزز وخرا من زواراتنا ولا التكلف الي يصاحبه و الانتقادات,1,19,True
مع ان واله اني انا احط الدخان كحبوب الاكتئاب يعني هو مخرجي من الاكتئاب الي انا عايشه و لو سبته ولا اهلي اجبروني,1,23,True
كل التروما الى حصلتلى فى حياتى لسه فى تراكمات منها جوايا وفى فاصل بينها وبين حياتى متمثل فى محاولتى للهروب والنسيان,1,21,False
واله ما أنا عارف هو اكتئاب ولا انطفاء ولا نضج ولا وحدة ولا توحد ولا 🙄,1,16,True
ملكه تعبت تخصي طب بالجامعه واريد اغيره نصحيني احس دادخل اكتئاب من حيرتي بابقه بهل تخص ولا اغيره,1,18,True
حقيقي الناس الي بتبقى قاعد معاهم لو مش مريحين هيجيبولك اكتئاب ف من مكاني هذا بقولك اعتزلهم 🤷‍♀️,1,18,True
زيادة على الرّوتين الكئيب ماعندك حياة خاصّة عايشه عشان ترضين الناس لا معليش كذا أوڤر اكتئاب احتفظي فيه لِنفسك,1,19,True
ماذا لو لم نلتقي من البدايه لكنت سأعيش دون دموع دون اكتئاب و دون حزن يستولي على قلبي كل يوم,1,20,True
ماشي كلامك كله صح وهو فعلا فكرته مختلفه وحوارته حلوه اوي بس حرام بجد جابلي اكتئاب من كل الناس ال بتموت دي😂,1,22,True
امر بفتره كثرة الضيقه مكن تسب لي اكتئاب بالذات مع الدواء الي اخذه وصدق اتمنى احد يستوعب ودي اقول فكوني من كلامكم واسلوبكم وانا بكون بخير,1,26,True
مش مستاهله إكتئاب على الصبح وحدي ربك وأبدأي يومك ضحكه وانشاله يجعل يومك وكل ايامك الجايه فرحه 🍂🌼,1,18,False
خايفة افتح الاسبيس دي الاقي كلام ناس كبيرة و صعب و احزن ع نفسي اكتر ما أنا حزينة أنا مرة فتحتها طلعت عندي اكتئاب بجد,1,25,True
باخد مهدئات وقت العازه مش عاوز اخد مضاد اكتئاب يستمر لفتره انا نفسيتي حاليا ف حاله هشاشه ومش ف احسن حال,1,21,True
ترا موضوع انه تضيق فيك الدنيا بدون سب وتعيش اما بعصبيه او اكتئاب فجأه بدون مبر ومرات تبكي بدون سب يتّعب النفسيه,1,22,True
مره شخص قال لي او كثير يقولون مو فقط هذا قال نظامك كئيب وروتيني وجوك ليل وحياة كذا مافيها ناس قلت فعلًا فيني مؤشر كابة,1,25,False
كنت مبسوطه لين قريت يوميات وحده وجاني اكتئاب المشكله يومياتها حلوه وحياتها احلى لكن كانت تكلم عن ضغط الاختبارات وا,1,20,True
قد مريتي باكتئاب وكيف تخلصتي منه — ما اقدر اسميه اكتئابس مريت بفتره سودا مره دايما افكر وابكي كثير ونفسيه زبال,1,21,True
ولا انسى انها السبب الاول والرئيسي الي دمر نفسيتي وانها سببت لي اكتئاب لدرجه صرت اكلم دكاتره نفسين يساعدوني,1,19,True
يمكن فيك اكتئاب لان يوم كان فيني كنت ماتحمل اشوف مقطع مدته عشر ثواني من اي شي,1,17,True
العشرينات المفروض تكون فترة الزهور من حياتنا بس الي اشوفه انها كابوس طويل لكل و اكتئاب و ضغوط و كبت كل جيلنا مضغوط,1,23,True
احب شعور ان ما يكون عندي شي اسويه لكن اكره الفراغ يعاني عادي يجيني اكتئاب بسب الفراغ ذا,1,18,True
وصلت ل مبقتش عارفه دا اكتئاب ولا دا انطفاء ولا دا انا كدا فى حالتى العادية اصلاً,1,17,True
ماذا تشعر الأن مصابٌ ب لعنة البرود وعدم الإهتمام ايضاً مصابٌ بلعنة القلق والخوف والتفكير في ادق التفاصيل,1,18,False
انك تبني حاجه معينه بمجهود جبار وقت سنه او اكتر وتبقي رقم واحد في النقطه دي وفجأه وبسبب حاجات خارجه عن ارادتك كل ده يروح هو دة الاكتئاب,1,28,True
بكمل سنه كامله ما طلعت من البيت وزعلانه ليش فقدت روح المهرجه وصرت جديه هو زين مني ما دخلت حالة اكتئاب حاد,1,22,True
كان في فتره كدا كنت قافله فيها كل حاجه وبخرج اتمشي لوحدي واقعد لوحدي دي كانت أحلي فتره ف حياتي♥️ التعامل مع البني آدمين بقا بيجيب اكتئاب,1,27,True
اكتئاب يجي بنوبات ممكن بعض الاحيان تفك وتنسى واقعك المؤلم بمواقف لحظية بإستثاء الحالات الاقوى,1,15,True
نفسى هفانى ع فتره اكتئاب كده اختفى فيها بتاع ٣ شهور و مشوفش فيها اى حد كده يا سلام,1,19,True
اهخ بما اني اشوف مناسبات تخرج الايام هذي احسها احلا فرحه بس ماحسيت فيها وقتها كنت اتعالج من نوبات الهلع وعندي اكتئاب,1,22,True
اكتئاب حاد شديد الخطورة من الفلم احتاج ابكي شوي وافضفض الي فيني اسطوري بشكل محزن الحماس الباكي,1,17,True
انا كنت راجع من بره مبسوط فشخ و متحمس إني اتكلم و بتاع دخلت بيتنا عملولي حاله اكتئاب فشيخه واله و انا خلاص امنيه حياتي اموت,1,26,True
الحالة الي انا فيها مدري هي نضج ولا اكتئاب ولا توحد ولا ملل ولا ايش,1,15,True
اعيش حالة اكتئاب بسبب ان رياكشناتي كلها انحذفت 🥺 انا كيف اعيش وكيف اعبر بدونهم,1,15,True
مرات الزعل ياخد من صِحتك مش بس يكسر خاطرك ويتعبك وفوق ما انه يتعبك يدخّلك في دوامة إكتئاب تحس انك مش محتاج حد معاك,1,24,False
العاطل فيه اكتئاب الدنيا ايش تحسبون العاطل مبسوط وسعيد مزاجه ونفسيته زفت لا وظيفه ولا مستقبل ويقولون مكبرين الوسائد وماعندكم الا النوم,1,22,True
ابوي يسألني كيفني وهو قبل ثلاث اسابيع يوم رجعت من المستشفى وقال لي الطبيب اكتئاب قال صلي اني لك من الناصحين يعني اكيد كيفني فهو خره,1,26,True
حرفيا لا صديقة تهديني عندي ولا اهل يرضون اشتري عندي واحس بدخل اكتئاب😭 الوحدة شي صعب ترا من,1,18,True
انا لما بتعمق بتفكيري فى فناء الدنيا والموت بيجيلى اكتئاب جامد وقلبي بيبقا هيقف من الرعب وده معناه انى مكملتش حتى ربع الطريق الصح,1,24,True
انا امر بحاله اكتئاب واحاربه من فتره ونفعني البودكاست جداً تقدرون تستيفدون معي وبأذن اله اقدر أتغلب عليه❤️,1,18,True
لأسف دى اسوء فترة بعديها ف حياتى بعيدا عن الإكتئاب و القلق لا دا اكتئاب و قلق و ضغط نفسى و ايه زيطة,1,23,True
الفصل الماضي جاني اكتئاب حاد في الدراسة و فقدان شغف بسب درجات الفصل الي قبله لان كنت متوقع اجيب درجات زينه لكن الص,1,23,True
بس انتقل من مرحلة اكتئاب مابعد التخرج إلى حياة الوظيفه راح اخذ عهد على نفسي ما التفت لتوافه الأمور لأني أعتقد حلت,1,22,True
وهيا مش فكره زعل او خنقه او اكتئاب او توحد حتي الفكره كلها تراكمات بس مش اكتر,1,17,True
حاسه بإنتكاسة إكتئاب من سويعات قليلة داهمتني وانا اطالع بعض الأخبار المزعجة ودي عاد الإكتئاب يحترم نفسه ويأجلها لبعد الويكند 😞,1,21,False
انا داخل علي ازمه اكتئاب حاجه محترمه كده ويابخت كل واحد مش في ثانويه عامه بجد وحقيقي مش هيعرف ولا يفهم غير الي جرب,1,24,True
داخلة علي حالة إكتئاب صعبة مضغوطة جدا واي حد بيكلمني كلمة بنهار ف وشه وبصرخ بسب ومن غير سب حتي الهزار مش متقبلاه,1,23,False
يبدو أني مُقبلة على موجةِ إكتئاب قاتلة أشعُر بألم ٍلا يتوقف في صدريّ منذ عِدة أيام متالية,1,17,False
ماعندي حتى طاقة لبكاء تداهمني نوبة إكتئاب وما أجد عندي أي ردة فعل سوى الإستلقاء على السرير طوال اليوم والتعرض لكل هذا الألم,1,23,False
بس بقالي فتره كل ما افتح الفيس الاقي اخبار وحشه موت مرض حوادث خراب خوف و رعب من الناس لما خلاص جالي اكتئاب,1,23,True
بقالى فتره كبيره بحاول امنع نفسى من الدخول ف مود أكتئاب بس لحد امتى 🤷,1,15,False
ينقلب مزاجك ويخرب يومك ويجيك اكتئاب من حركة تافه او كلمة بسيطة وغالباً يكون الشخص ما يقصد,1,17,True
داخله علي اكتئاب في اكتر وقت قريبه فيه من ربنا وتعبانه جدا مش عارفه لو مش قريبه من ربنا هيكون ايه حالي واله الحمدله,1,24,True
انا فيني اكتئاب وقالي مو من حقك تكتئبين بنتي يدها مقطىوعه وسعيده وهو شو يدري ال ةحبه يمكن تبكي باليل و,1,21,True
احس بشعور حزن على ضيقه على ودي انام فتره ولا اقوم على افكار غبيه على توتر على قلق على اكتئاب ودي اهرب من كل شي لا,1,26,True
كان سهلًا جدًا أن أقتل نفسي في نوبة إكتئاب أما الأصعب فكان ألا أفعل أيّ شيء أن أتحمّل حياتي أن أنتظر,1,21,False
كل فترة كدا بتجيلي نوبة اكتئاب ملهاش أي سبب بتخليني انعزل وماردش ع حد وغالباً بتكون يوم ومبتزدش عن ٣ أيام بس المرة دي مطولة,1,25,True
السلام عليكم انا مريضة اكتئاب شديد ومقاوم جربت ادويه كثير ودكاتره اكثر ولا استفدت الا زاد المرض معايه,1,18,True
سبحان اله انتي نفس مدة مرضي انا كمان عندي اكتئاب وقلق شديد وربي خلاص احس اني انتهيت اعوذ باله تعب مره,1,21,True
انا هاليومين صاير عندي ضيق في تنفس بشكل غير طبيعي وبدأ يسب لي اكتئاب دعواتكم لي💗,1,16,True
من اكتر الأسباب الي بتسبلي اكتئاب اني ديما بشوف اني مقصر في حق نفسي وبلوم نفسي كتير اوي كان لازم اعمل كان لازم اسوي,1,24,True
هتكون فتره صعبه عارفه ومتاكده بس انا انهارده اخدت القرار دا اني هتخلص من اي اكتئاب واي علاقات سامه كنت فيها,1,21,True
اله يسعدك مكن تسوي لي رتويت انا عندي اكتئاب وبقدم ع التاهيل هل ينزل لي ع طول والا فيه لجنة لازم تشوفني,1,22,True
احس عندي اكتئاب مو قادره اسيطر عليه مع ذلك احس اني فرحانه كيف مدري 🌚💔,1,15,True
احسني دخلت اكتئاب لدرجة تخيلو م احب اطلع برا غرفتي قبل شوي طلعت مع ابوي مشوار ورجعت منفسه وفيني الصيحه بس م اصيح ال,1,24,True
حزن اكتئاب ضيقه الهاي ويست الي قبل كنت البسه وكان واسع علي الحين لبسته مره ثانيه صار لاصق مهلًا رمضان,1,20,True
الواحد بيجاهد نفسه بقاله فتره كبيره ع ميدخلش ف مود اكتئاب ونقول رمضان ومينفعش بس مفيش فايده ف يارب حلها من عندك 🥺💔🤲,1,23,True
المهم انى بعد أى فترة إكتئاب بدخل فى حالة ضحك وهزار وتفاؤل هستيرى ربنا يستر 😂,1,16,False
وقبلها طبعًا كان عندي اكتئاب مرات نمر بتجارب من شدة وطأتها نعتقد ان ممكن ما ننجو منها,1,17,True
ويضايق حيل وتحس ان فيك اكتئاب حق فتره وماتكلم احد ونفسيتك تغير و تعب وايد وتفكر وايد وتحس ان فيك شي ناقص من يومك,1,24,True
مو مستوعبه كيف درجاتي الترم دا حلوه وانا قاعده امر في العن مرحلة اكتئاب في حياتي,1,16,True
وليّس الهجَر يؤلمني ولكّن جمًال الذُكرياتِ يهُز قلّبي أخادَع حُزن روّحي بالتمْني فأين حنًانِ ذاك القلّب عّني,1,17,False
•الّہ̣̥ يرحمك ياخوي مكانك فاضي اليله في المجلس والاصدقاء في حالة حزن على رحيلك ولم يستوعبوا ماحصل لك رحلت ونيدل,1,20,False
حزن وتقل الدنيا كله ولا أى حاجه مكن تخف من جبل الحزن والاحباط دا لان اكيد محدش هيحسه غير ال شايله الحمدله,1,22,False
واله اليوم جاني نفس شعور نهاية برنامج السوق حزن على توتر اختلاط مشاعر لكن ان شاءاله مو اخر ليلة تجمعكم,1,20,False
فعلاً مشهد مزدحم بكل شيء أنا وقفت عاجزة عن وصف ما أشاهد مدري فخر وإعجاب مدري حزن وغصة ولحظات كرهت حياتنا المرفه,1,22,False
أشد الألم وجعاً حزن لا نستطيع الإفصاح عنه ولا حتى إحتوائه رغم أنا نعلم يقيناً ما السب إلا أنه لا يحكى,1,21,False
حزن السماء و بكاها في ليالي القدر على من قتل مهراً لقطام بنت اعداء اله و رسوله في من قتلوه بسيف مسموم,1,22,False
مالقيت من اليالي عقب فرقاك أمان كوّن حزن ما يهدي و دمعٍ مستمر ماقدر ينساك قلبي ولو آن الاوان جعل عذال الموده على,1,23,False
أشعر كما لم أشعر من قبل بشعور لا أسْتطيع أن أميزه هل هو ألم فقد حزن ضياع بهت الحياة في عيني شعور مخيف هو ما أشعر به,1,27,False
إني أتألم بكل حزن أنّ كثيراً من الناس من المشايخ وغير المشايخ ينسبون إليّ بكل حقدهم أني أقول إن عليّاً علي,1,21,False
وليّس الهجَر يؤلمني ولكّن جمًال الذُكرياتِ يهُز قلّبي أخادَع حُزن روّحي بالتمْني فأين حنًان ذاك القلّب عّني,1,17,False
فكره انك تحاول تخطي حاجه جواك مسبالك حُزن جامد او تعباك نفسيا حاجه مش سهله خالص الحقيقه ان الواحد يعافر وقت طويل,1,22,False
لماذا أرى الدنيا حزينة اني اشم ريح حزن كبير أني أسمع نعي مفجع في السماء ما حل بالأرض تهتز بجنون مابها الشمس تري,1,23,False
وإنى يا اله حزينة وانين قلبى اخترق روحى وأحزنها فخف من وجع قلبى وهدئ من حُزن نفسى وقل من قلقي يا اله,1,22,False
وربي حزن ماتوقعت بكي لذي الدرجه معد بقي لخضر احد من الاصدقاء القدماء غير شاهين,1,15,False
جاني نفس الشعور الي جا بنهاية السوق 😭 مدري حزن على توتر على رهبة على فراق على وداع على نهاية على ختام 😔😪🙄😬🥴☹😟🥺,1,23,False
الهم بُشرى تشبه الغيث وفرحة تمحو كل حزن وشفاء لكل مريض ورحمة لكل ميت واستجابة لكل دعاء,1,17,False
في حزن عيني وضح تعذيبك لمغليك وايضا وضح في عيوني شوقي لمراسيلك الى متى يا غلاتي بستمر اشكيك اشكي هواك وجفاك وقلة وصالك,1,23,False
الهم إني أعوذ بك من أن أفقد شغفي ومصادر بهجتي وحبي لحياة أعوذ بك من دربٍ أسير فيه بلا جدوى ومن حُلم أتع,1,23,False
سامحني ياله اذا بكيت على قضائك و نفذ صبري و ضاقت نفسي الهم انت ربي انت معيني خذ بيدي و كن معي يارب بدل كل,1,25,False
في عيني حزن عالق لا تنهيه ألف سعاده و لا تخفيه مئات الضحكات حزني على فقدك عميق و كبير جدا,1,20,False
متضايقه حقك كلنا نتضايق بس حبي لا تكرهين نفسك انتي تستحقين كل الحب ماحب ابعص حزن الاشخاص بس لانو حابه,1,20,False
عيونه تحكي عن حزن كبير بقلبه والوحده الي ملازمته والكل حوله مع شويه لخبطت فيه مشاعرة تجاه الحب,1,18,False
عايشين في حزن وضرب ولطم سبحان اله الذي أذلكم لأنكم أشركتم باله ولعنتم اصحاب محمد موتوا بغيضكم الر,1,18,False
يا ذهينه كل هذا الحزن فينّي تجهلينه كل هذا ومالمحتي شي فيني تعرفينه وأنتي المفروض قبل يمر فيني حزنّ قبلي أنتي تلمحينه,1,22,False
انا أيضاً أشعر أني لست من هذا العالم ولا بد أن أفعل شيء لأذهب من هنا ولكني ضحية خوفي من حزن أمي ونوعاً ما اله,1,25,False
شعور مؤلم ان تنام كل ليلة وفي عينيك حزن لا يراه احد وفي صدرك كلام لا يسمعه احد,1,18,False
الضيقه الي تجي من غير سبه عيت تروح وخاطري حيل تعبان حزن وقلق واحلامنا المستكبه تجمعت في وقت وصبحت زهقان,1,20,False
ليش دايم تربطون حزن شخص بحبيب تركه او بصديق غلط مو كل حزن لازم يكون بالاصحاب او بالاحباب هو عنده مشاكله الخاصه ب,1,23,False
ماذا بك بداخلي ياصديقي حزن غريب أنا متعب جداً و لا أخفي عليك سراً فأنا على وشك الإنهيار عيناي صامدة لكن كل شئ بي يميل,1,25,False
في داخلي حزن أتظاهر طوال الوقت أنه غير موجود لكنه في النهاية يعضّ عنقي يفترسني يشحطني في الشوارع,1,18,False
وليس الهجر يؤلمني ولكن جمال الذكريات يهز قلبي أخادع حُزن روحي بالتمني فأين حنان ذاك القلب عني,1,17,False
الهم ان نمت على ضيق فأيقظني على فرح وان نمت على حزن فأيقظني على سعاده وان نمت على يأس فأيقظني على أمل,1,22,False
شعور ب نقص العاطفي حزن داخلي تحس قلبك فيه غصه فراغ عاطفي تعلق ب الماضي,1,15,False
قاسملميدانوالسياسة كثيرون من الناس يظنون أن كل مرح زائل ولكنهم يتصورون أن كل حزن مستديم أدرك يؤمنون ب,1,18,False
ربي ثبّت دموعي ثبّت صبري ثبّت إيماني عندما استعيد ذكريات فقيدي ثبّت يقيني انك قد اخترته ضيف في رحابك في جنات الخلود,1,22,False
ترا السواد الي تحت عيني مُش مرض هذا قلة راحة وملامحي الباهته مُش كره لناس هذي فرط حزن وعصبيتي مش غباء هذا ضغط ب,1,24,False
19 رمضان 🌙 الهم إني أعوذ بك من فواجع الأقدار ومن فقد الأهل ومن حزن القلب وحرقة الشعور الهم إني استودعتك نفسي و,1,23,False
اي قسم وربي حزن مادري اتضايق ان طلبيتي لسا ماجت ولا عشان رمضان بيخلص ولا وش الوقت قاعد يداهمنا,1,19,False
الهم إنَّا نرجو جبرك ونرتقبُ فرجك لا نعوّل إلّا عليك ولا نؤمِّل إلا فيك هبنا الرّضا وألبِسنا السكينة نعوذ بع,1,20,False
تاجي السيرة يا لطيف مسحة من حزن يتبعها رغبة شديدة في الموت بدون أي سب بدون أي سب بجد,1,19,False
ماذا يحدث ولماذا بؤس حُزن شؤم تعب داخلنا يبكي لا أحد يستطيع أخذ ولو القليل من الراحة لان الجميع متعب,1,20,False
حاسه بيأس و حزن مش طبيعين صحيت ع حريقه ف بيت جدي و الدخان كان كتير اوي و لسه شمه ريحته لحد دلوقتي,1,23,False
لن نعود بات كُل منا في طريقه في النهاية تعود الأمور لنصابها ما مِن أحد ياخذ حزن أحد كلّ قلب حزنهُ معه,1,22,False
ناس تلاقيها مبسوطه وناس تلاقيها حزينه وناس بدارى وراه الضحكه حزن عشان تكمل حياتها وناس تلاقيها حزينه ومستنيه فرحه ك,1,20,False
لقِد تعُبت من كل شيء لا اعِرف لمُا أبدو منهكاً إلى هاذا الحّد كُتنهيدة عُميقة بلا حُزن كصّراخ مُرعب بلا ألم,1,21,False
كان ما صار عندك شغف ولا حياه بختصار كانك تشاهدين فلم عارفه نهايته مافيه حماس ولا حزن ولا فرح لانك اوردي عارفه النهايه,1,23,False
ايه واله وش ذا حزن بس ماعليه من التطبيق انت افضل حساب عندي وعنهم كلهم,1,15,False
عامًين من الفقد يا كسراً لم يُجبر يا فقدًا لن يُعوض يا حزن قلبي الاول مرت سنتين على وفاتك وما كان لمرور الأيام,1,23,False
في هذه الساعات الثقيلة الخمول من عمق روحي إلى ذهني حزن مرهق لكل كائن تزداد المعاناة التي تغلغل في كل شيء,1,21,False
ماذا يفعل الحزن الذي نكتمه داخلنا ولا نتحدّث عنه إنه يتغذى على أرواحنا ينمو يكبر يلتقي بأحزان أُخرى,1,18,False
ارحمنا يا اله لأنا لا ندري وارحمنا مرة أخرى لأنا حين ندري لا نتمكن وارحمنا ثالثة لأن عجزنا هذا يورثنا حزن طويل,1,22,False
اخ حزن لابي صارله يومين طافي واحس اني وحيده بدونه ضيعت الشاحن انا عارفه اني اول ما اشتري جديد بيطلع الرْق,1,21,False
انتحرت حزن على وفاة ولدها توفى عندها بغرفتها بالمستشفى وكانت توها والده وحزنت حزن شديد حيل عليها توفى جد,1,19,False
الهم خف عني ثقل هذه الايام و اشرح صدري و ارح قلبي و ارزقني الصبر على كل حزن بداخلي لا يعلمه سواك يارب العالمين,1,24,False
جوايا طاقة حزن رهيبه بجد وم عارفه اطلعها ف اي والحقيقه اني اليومين دول قماصه اوي وم قادره اتحمل كلمه من حد,1,22,False
يا شهر اله بالرحمة اتيتنا وفي ضيافة الرحمان جعلتنا فرحنا بقدومك وحزن بختامك حزن لفراقك مع سيد أئمتنا واعلياه,1,19,False
في شوق وفي حزن وفي جرح وفي كيه وفي عيوني جمرةً حمراء وفي كبدي مليله اتركوني في متاهات الخيال الجرهديه لين اسوّي صل,1,23,False
كل حزن الدنيا في قلبي وانا ما اقدر اكون مع الي احبهم في وقت زعلهم,1,15,False
لم أعرف يوماً حُزناً أكبر من حزن موت امي الذي جعل في قلبي ثقبًا يزدادُ بحنيني وشوقي موتِها الذي علّمني أن الحياة تم,1,23,False
حزن سَحيق من النّوع الي يسب لك لوعة في الكبد و يولد لديك رغبة أستفراغ مافي جُوفك,1,17,False
وفاة الأب كسر لِقلب ابنته طول العمر ربي ارحم من مات بالدنيا ولم يمت في قلبي هو فقيدي واطهر قلب ذهب بلاعوده فليجبُر,1,23,False
صراعات عاطفيه او نفسيه يوجد بدايه او عاطفه جديدة وهدية كذلك قلق أرق كوابيس حزن مكن يبي يبعد يشعر,1,19,False
العشرلاواخرمنرمضان الهم يامن تملك حوائج السائلين وتعلم ضمائر الصامتين أرزق كل مسلم سروراً لا يرى به حزن وسعادة لا يعكرها شقاء,1,21,False
رسالتي لنفسي يا حزينه من ترك بعز ضيقك تذكرينه صدقيني مادرى هالبحر عن حزن السفينه ياحزينه ضحكتك تسعد مد,1,19,False
في لحظة حُزن بتحس بيها لما تعب جدا وتسعى بشدة علشان توصل لحاجة ومتجيش لحظة الزعل دي بتكون فيها كمية طاقة انك عا,1,23,False
فكرة إنك تحاول تخطى حاجة جواك مسبالك حزن جامد أو تعباك نفسيا دي حاجة مش سهلة خالص الحقيقة إن الواحدبيعافر وقت طويل,1,22,False
الناس شايفينى انى طالما بضحك ومبتسمة 24ساعة انى كده هطير من الفرحة ومعنديش مشاكل ومعرفش يعنى ايه حزن,1,18,False
امس الدكتور قعد يسالني كيف نفسيتك بالغلط كنت بفضفض وقلت ا قال فيه توتر فيه حزن قلت اله كريم هذي الحياه قال لا,1,23,False
نفسى أرجع لوقت ما كان أكبر خيبة أمل و حزن عندى لما أفركش مع حد,1,15,False
انا أبكي ايضًا لكني أبكي بلا دمع بلا شهقة حزن ولا انطفاء وهذا ما جعلني ابدو بخير تمامًا بينما قلبي يحترق💔😔,1,21,False
هذي الايه لمسلمين و المؤمنين مو الصهاينة كل شخص رضا يقعد بالاحتلال و يتعبرها دولة معناته راضي ب,1,18,False
الواحد قلبه مليان عتاب وزعل وحاس بكميه حزن وقهر وكأن الدنيا بحالها دايسه علي قلبه يارب بحق بركه الايام المفترجه,1,20,False
الاحباط يملأ جوانب قلبّي المُتعب و يزيد من ضيقِ تنفسي أريد أن أصرخ أريد أن أخرج ما في قلبي من ألم و حزن لكنِي أعجز,1,25,False
اعلنوا الحداد والبسوا السواد ف طبرة حيدر أوشكت علئ الاقتراب اشم ريحة حزن وصياح أطفال يمكن قربت طبرة علي,1,19,False
بنخبي حزن ودموع وألم كبير ورا كلمة انا بخير تباً لعزة النفس وسحقاً لحياة مفهاش حد يحتوينا وطبطب علينا,1,19,False
أرى السنين تمر ومُرّ فُراقك لا يمّر فلا ألم يُعادل ألم فقدك ولا ذِكرى أبشع من ذِكرى رحيلك ولا حُزن يفوق حُزن وفاتك,1,23,False
وله مره مقهوره بطلو تكسرونا بعدين تجون تقولون اسف ترا م يفيد كلمه من ثلاث حروف بتجبر كسر,1,18,False
واله انا تعلمت اسكت خلاص ولا عاد احكي احد لا في لحظة فرح ولا لحظة حزن ولا لحظة تعب واحسن شي,1,21,False
أتبكين على حُزنٍ مضى على محبوبٍ لو أحب لبقى ياغاليتي كُفِ عن الحُزن والبُكى من أرتحل لا يستحق الشقى,1,19,False
انا بمر في حياتي يوميا علي اشياء حزينة تقطم الواحد بس اتعودت فتأكد تماما انك لو وصلتني لحالة حزن شديد وجع وكسرة,1,22,False
بيتنا كل سنه عندهم رمضان يعني عزى حزن اليل تمر على الغرف ماتسمع الا بكاء ودعاء و النهار ابن امه يرفع صوته ولا يطق,1,24,False
هذا فقط اذا اخذت بروزاك 😌 كيف بسامح من ظلمني كيف بسامح الي دمر نفسيتي بظلمه لي,1,17,False
فترة طويلة كنت اعاني منه هلع و خوف من الموت فقدان الذه بأي شيء مرة زرت دكتور نفسي و صرف لي دواء بروزاك,1,23,False
صدگ چذب وصيت اخوية يجيبلي فد شي يساعدني عالنوم من الصيدلية راح الصيدﻻني منطيه بروزاك,1,15,False
لفاقد الأمان قلق ميز وهالة منكمشة ونظرات غائمة تعرفه من محاولته لاجتذاب اي شيء بالقرب منه,1,16,False
وأنت عندك متلازمة تحذلق المراقبه وهي حالة قلق وتوتر وسواس قهري يصاب بها من يشاهد من صح الخطأ الإمل,1,19,False
لا أُريد شيئًا سوى أن تمسح الملائكة على قلبي ورأسي ثم أنام دون تفكير دون خوف دون أرق دون قلقٍ وتعب,1,21,False
أعاني من قلب قلق قلق جداً لحد الذي يجعل كل تلك الأمور الصغيرة عبارة عن عُقد,1,16,False
احلامي الكثيره العشوائيه هذي الفتره تحاول توصلي رساله — لا يمكن عندكم قلق وتفكير مزمن,1,15,False
تعرفون جملة أنقذتني الكتب أنا عشتها حقيقة في فترة دراستي ولأربع سنوات كنت أعاني من قلق وأرق مزمنين تعاظموا ح,1,20,False
التصالح مع الذات هو القدرة على الاعتراف بالأخطاء وتقبُّلها بإيجابية ودون أيِّ خوفٍ أو توترٍ أو قلقٍ أو خجلٍ منها,1,20,False
أدركت كم كنت مخطئًا حين تغاضيت عن شعوري في بعض الأحيان حين دفنت بعض من الأحزان دون أن أطفأ نارها حين سدت فوهة صدري,1,24,False
أنا عندي قلق من المشي والتعدية جمب الناس أو قدامهم أو امشي وراهم هنطشيروا يعني ولا ايه,1,17,False
يا عفوك ياله 🥺 كمية قلق وخوف من هالشهرين تكفي العالم 💔 يارب سترك ورحمتك ولطفك زي كل مرة 🥺💔,1,20,False
يارب عجّل بالحظه الي انام فيها بدون منبهات وبدون اي قلق وكوابيس وروحي خفيفه ومرتاحه 😔,1,16,False
ليش ما نقدر نتكلم بكل شي نحسه عند اهالينا وبدون قلق ولا خوف ليش او حتى ليش ما عودونا على كذا انا نقول الي خاطرنا,1,25,False
ربنا يخليك انا فى قلق اكتر من المستشفي بسب المناعة هى وقعت باخد القاح وربنا يستر يومين واشوف,1,18,False
روتيني هذي الكم يوم قلق وتوتر نوم نوم نوم قلق وتأنيب ضمير تمثيل وتسليك لاهل,1,15,False
والعكس كذلك صحيح باختصار الابتعاد عن الناس سعادة وراحة وربي الناس قلق ومصلحجين واستغلالين وأنانين و,1,16,False
ربي لا احد يعلم مافي قلبي فإنهم يرون ابتسامتي وانت ترى ما يؤلم قلبي يرون ظاهري وانت ترى قلق داخلي ف يارب ارحني بما انت اعلم به,1,27,False
اقسم باله حطيتونا بحاله نفسيه و قلق ورب البيت النوم ما نامه هذا تخرج ولا عقاب جذي تشجعون عيالكم حطمتونا و حطمتو,1,22,False
أنا قلق أكثر من أن أكون شخصًا جيدًا من أن أكون أفضل لاعب كرة قدم في العالم,1,17,False
كل يوم اعيش هذا الخوف اخاف انام واصحى ويزيد حال والدي سوء قلق وتوتر وخوف,1,15,False
بقيت بخاف من الفقد اوى الفراق بكل اشكاله بقى مسبلى كبوس فى حياتى ومعيشنى فى قلق كبيربقيت بخاف مشوفش الناس الى بحبها,1,22,False
لازم تشوفي حل انا انام و اصحى انام و اصحى نومه كلها قلق و احلام,1,15,False
بعافر عشان انام و بعافر عشان اصحى و بينهم نوم قلق ده ايه العذاب ده 🤦🏻‍♀️,1,16,False
و المحزن جداً أني لست دائماً هادئ فمتى خلوت إلى نفسي شعرت بأني قَلِق دوستويفسكي,1,15,False
متى تجيك مشاكل القولون بعد زعل بعد أكل دسم بعد توتر وعصبية بعد قلق وتفكير تكتم في نفسك ولا تنفس,1,20,False
شيء مش طبيعي زي إيه 😢😟 هموت يعني ولا ايه ☹️ يكونش ده قلق ماقبل الموت 🙄☹️,1,17,False
لي قريب يعاني الان من انتكاسة ثنائي القطب من هوس وذهان بسب ترك العلاج ما يجعل المريض وأهل البيت في حالة صعبة,1,22,False
ربي لا احد يعلم ما بي يرون ظاهري و انت تري قلق داخلي فحقق لي ما اتمني يارب🤍,1,18,False
حزن ف القلب سعادة ف الروح حماس ف الكلام قلق ف المخ خوف مفيش غضب مفيش,1,16,False
التفكير الزائد عباره عن قلق وتوتر وكلهم عباره عن اوهاق نفسي ذاتي ارهاق بكل شي,1,15,False
انا لو نمت بدري وكويس ومن غير قلق ومزاجي رايق اه مكن اصحى فايقه بس دا زمان قبل الزن والعياط كل شويه 😵‍💫👧🏻👧🏻,1,23,False
اكتشفت انى دايما فى حاله قلق بسب انى مش بفهم غير الكلام الصريح يعنى لو اتلمحلى بحاجه او لو اتقال حاجه مفروض بعد,1,23,False
اتمنى يجي اليوم ال يبقى عندي سلام نفسي واحط دماغي وانام م غير قلق وتفكير كتير,1,16,False
الخوف اقوى وباء يفتك بالانسان ويدمر حياته يدخله في قلق دائم من لاشيء قلق من ماضٍ ذهب وطوي ولن يعود وقلق على مست,1,23,False
التفكير الي قبل النوم يسب لي قلق بشكل مو طبيعي ويحسني اني انسانه سيئه جداً,1,15,False
عايشه بخوف و قلق بأن الشخص الي ابيه و احبه بأي لحظه بيكسر لي قلبي و يروح ولا كأني كنت شيء بالنسبه له,1,23,False
رهاب اجتماعي قلق افكار انتحارية كله بسب ابوي واخر شيء يجي يقول انا وش قصرت به معك كل زق لا ادخل رجلي بحلقك بس,1,24,False
عايز اعيش حياتي الطبيعية بدون قلق عشان مفيش حد قلقان بينبسط يا سيد فنرجع نبسط وحفلاتنا وماتشاتنا وسفرنا وخروجاتنا,1,19,False
زهقت من القلق والتوتر الي الواحد عايشه من ساعة الكورونا ومش مجرد قلقه على نفسه الي مأثر نفسيا,1,18,False
و ربي تعبت نفسيتي من ذي القص صرت مره أخاف على الأطفال الي بعائلتي أنام و أصحى و أنا عايشة بخوف و قلق مو طبيعي ع,1,26,False
نفسي الاقي حل في قلة نومي انا مابقتش انام خالص ولا صبح ولا ليل بقيت بنام بالكتير ٤ ساعات في اليوم كله,1,22,False
راجعت العياده و قالت لي هاي نوبة قلق هذا و انا فاضيه قلق لو انشغل شو بيصير فيني 😂😭,1,19,False
معك قلق خذ حبوب بندول نايت الموف جميله وتنفع لك انا عن تجربه متازه 👌,1,15,False
قلق مفرط وخوف شديد يارب سلم ونجي انت بيدك الاقمار كلها وانت الطيف الخبير 🤦🏻‍♀💔😭,1,15,False
احتاج نفسية جديدة تكمل مذاكرة عني لأن نفسيتي ذي تحملت بما فيه الكفاية من تعب و تفكير و قلق,1,19,False
اكثر وقت محتاجه فيه دعم احد يطمني قلبي خايف الاختبار قرب توتر قلق تكفير مادري وش مقبله عليه 😭,1,19,False
مشكلة الاكتئاب أنه مرض مخادع يجعلك ترى السعادة سطحية والحزن عمق وهذا ما يجعلني قلقا أحيانا كثير,1,17,True
نفسي الدنيا تسبني ف حالي بق وتخليني انام ٨ ساعات بعمق كدا من غير قلق,1,15,False
١٩ رمضانمبارك يارب أنت وحدك تعلم بما أخفيه في قلبي وتعلم بما في صدري و أعلم بأنك تسمع ضجيج قلبي و شتات أفكاري رب,1,24,False
مع اني عارفه ان قدري وبيد رب العالمين بس برضو الخوف الي داخلي مو مقصر اتمنى اعدي فترة شتات,1,19,False
يا رب لا أحد يعلم ما بي يرون ظاهري و أنت ترى قلق داخلي فحق لي ما اتمناه و فوق ما اتمنى يارب ♥️♥️,1,24,False
متحمسه لنومه الي بنامها بدون قلق نفسي وتفكير بكم اسوي حساب ومتى اصحى عشان ابدى,1,15,False
فضفضةنفسية قبل ٣ أسابيع جاتني نوبات قلق شديدة لدرجة نبضات قلبي كانت مرتفعة و كتمة في صدري لكن تداركت الوضع والآن هدوء نفسي,1,23,False
بنام عد ساعات كتير بس فعليا الي بنامهم كويس ميكملوش ساعتين والباقي كله قلق وأرق وبيتحسبوا عليا ع الفاضي,1,19,False
ونعم باله ياريت ابطل قلق مع انى كلى ثقة ويقين باله ولكنى اخاف من عقابه يطول حد منى ويألمنى 🥺,1,20,False
واله فيه قلق يجي فجأه قوي معه خوف ودوخه يخوف يارب انه ينقطع لانه متعب بشكل,1,16,False
احس بمسؤولية رهيبة نحو قلوب أصدقائي يراودني قلق رهيب لما أحس ان قلب صديقي مُرهق من شيء ما,1,18,False
مش عارفه انام ساعه واحده ع بعض من غير قلق و صحيان ف النص و كوابيس زي الخره,1,18,False
نفسي مرة بس اجرب احساس نوم ال ٨ ساعات مظبوطين و كاملين من غير قلق و كوابيس و صحيان كل ساعتين ف نص نومي دا,1,25,False
وربي صح صح مره هذي أنا أول كنت كذا وغيرت من نفسي لأن كان مسب لي قلق وتوتر وتضيع فرص وتحسنت حياتي بشكل كبير,1,24,False
انا بؤس يأس تشت فراغ احباط إختناق تبلد انهلاك قلق أرق تقاعس إنطفاء هم خذلان انهیار شلل,1,17,False
بتمنى حاجات كتير الفترة دي بتمنى عقلي يرتاح من كل الأفكار المعقده الي مضطر اتعايش معاها بتمنى أبطل قلق وتوتر بتمنى,1,21,False
اوقات الكلام بيقف في حنجرتك مابيرداش يطلع ولا يعبر عن الي جواك خوف قلق رعب مش عارفين,1,17,False
امي في الطلعة تتصل وتسبب لي قلق وتوتر وانهيارات ويوم أوصل البيت ما تقول شي,1,15,False
تاتيك افكار سلبية وأحيانا مخيفة مشاعر سلبية منخفضة وتسب قلق أهداف تشعر انها صعبه حين تشعر بها فقط كر باستمر,1,20,False
سترة واديان عاصمة الثورة تم التأكيد الأسير علي جعفر تعرض لتنكيل والتعذيب في سجن جو والمصير مجهول والعائلة في قلق,1,20,False
أعاني من قلب قلق قلق جدًا لحدّ الذي يجعل كل تلك الأمور الصغيرة عبارة عن عُقد,1,16,False
أتمنى أن يهرب كل شيء متبقي على صدري من الإرق والقلق والأذى وأن تاتي أخر ساعه في اليوم وأغفي دون قلق مستمر مؤذي,1,23,False
واله احس اني ضايعه ابي اعرف اذا بتخرج وانا اشتغل بنفس الوقت ولا لا مرا هالموضوع مسب لي قلق وتوتر,1,20,False
بقيت دايما خايفة و عايشه في قلق و رعب لحسن اي بعد صغير او قله كلام يقلب و يرجعنا لصفر,1,20,False
نصلي لك نرجوك نتوّسل إليك أعد لنا السلام والطمأنينة وخذ القلق كله قلق اليل وقلق النهار,1,16,False
فينوس ممكن سؤال ليش لما تنخفض طاقتي أو أحس بخوف أو قلق أحس أطفالي فجأه يصيرون نفسي بالضبط,1,18,False
قلق توتر دائمُ التفكير والتنبه إلى كُل الأشياء في آنٍ واحد و هُنّا ربما تكمنُ مأساتي,1,16,False
عندي تسائُل عامل لي حالة قلق باستمرار هل طبيعي الإنسان يفضل يتخيّل سيناريوهات سيئة جداً لظروف حياته حتي لو الواقع,1,20,False
سعي في الحياة مو أن أعيش حياة صاخبة وحافلة سعي أن أعيش أيام مطمئنة لا يتخللها خوف ولا قلق,1,19,False
لو بختار صفة واحدة كانت ملزماني طول الخمس سنين كلية مش هترد لحظة في إني أختار القلق نسيت حياتي بدون قلق الكلية كان عامل ازاي,1,25,False
مش عارفه هقابل ناس تطمنى ومخافش من فراقهم ولا اصلا احساس الخوف دا طبيعى اصلا وهو ف ناس متطمنه فعلا ولا دا كلام وخلاص,1,24,False
تقريبا عندي انزايتي قلق نفسي وكذا ولازم اخذ فترة راحة لوقت كويس عشان اتعالج منه 😢,1,16,False
📩 السلام عليكم اسألكم باله ابي طبيب نفسي متاز بالاسم الحالة حساسة وماراح انساكم من دعواتي سواء بريدة او اي منطقة بالقصيم,1,22,False
بشكل جدي الحين انا صدق عندي ترست ايشوز مع الأشخاص بسب علاقه سابقه ومو قادره اثق بأي علاقه أو ارتاح واطمئن مع اصحاب,1,23,False
احس ان اخوك صارله شي قوي بس صغير مرا عشان كذا امكن صار انطوائي لا تطاوعين اهلك وصدق وديه لطبيب نفسي,1,21,False
متى الواحد يعرف انه لازم يراجع طبيب نفسي او كيف يفرق بين الضيقة و الاكتئاب,1,15,True
انا براجع طبيب نفسي مو معقوله ماتركت سايكو أو شخص مكروه إلا حبيته طبعاً من الثلاثه الي فوق اكرهم كلهم بإستثناء ماهيتو اعشقه,1,23,False
للاسف ذي معاناتي ومدركة تماماً اني بحاجة طبيب نفسي بس اخاف يفوت اوان قبل ما اروح تعالج لان بديت افقد نفسي,1,21,False
الي يعرف طبيب نفسي شاطر في أي محافظة يكتب اسمه ورقم العيادة أو أي طريقة تواصل وأسعار السيشن,1,18,False
هو انا اراجع طبيب نفسي بشكل اسبوعي بس ما في فايده دام انا بنفسي ما اتعدل,1,16,False
راجعي طبيب نفسي ماهو عيب ولا حرام وروحي لعيادات ميدي كير عند الدكتور ماهر بغدادي اذا انتي من سكان الرياض اله يشفيك ويعافيك,1,23,False
لما توصل من التعب إن ودّك تعالج عند طبيب نفسي وبالحقيقة كل الي تحتاجه شخص يسمعك بإهتمام,1,17,False
مرات احس اني احتاج طبيب نفسي ومرات اقول من هو الطبيب ذا عشان احكي له ومرات احس اني لو رحت طبيب مارح احكي له شي,1,25,False
وفكرت اروح طبيب نفسي مثلك لاكن مازلت بمرحلة التردد لاني فقدت ثقتي بنفسي كثير ونفس اعراضك كلها فيني شعور متعب جداً والله 🚶🏻‍♀️☹️,1,23,False
لازم ازور طبيب نفسي مو معقول مشاعر الفرح عندي زيرو او ردة فعلي تكون باردة خصوصاً لما يكون في شي يستدعي الفرح,1,22,False
سعيده جدا لسماع قصتك وانتي فعلا قوية صبرتي خمس سنوات😥 انا جلست سنة فقط وماقدرت اتحمل ولجئت لطبيب نفسي,1,19,False
دام وصلت معك لتفكير بالانتحار لازم تراجعين طبيب نفسي مش غلط ابدا واختاري الدكتور الصح,1,15,False
السلام عليكم ورحمة الله عندي الوالدة من فترة ايام يجيها خيالات وتشوف اشياء مزعجة اطفال وكبار يأذونها احتاج رقم طبيب نفسي,1,21,False
خاطري اروح مع طبيب نفسي واكلمه واخبره كل شي احس حلوات جلسات الثريبي شفت مسلسل البطل ياخذ جلسات ثريبي وحسيت انه حلو 🥵🤍,1,23,False
عشت حالة متشابهة ومابقيتش نخرج لشهور وشهور العيد صغير وانا مخبية من العائلة قاطعت كلشي,1,15,False
من قوة ما احب الهدوء مصمّت كل الاشعارات والرسائل والمكالمات حتى جوالي على الصامت ٢٤ ساعه هالحالة تستدعي تدخل طبيب نفسي ولا حالة عادية,1,24,False
أعتقد أني أحتاج لذهاب إلى طبيب نفسي لكن هذه الخطوة ربما تكون صعبة فأنا غير معتاد لحديث إلى أحد عن ما يدور في ذهني,1,24,False
ما اكذب ابغى اروح ل طبيب نفسي صرت ابكي بدون سبب كذا فجأه تجمع الدموع الاكل يجيب لي الغثيان عاطفيه بزياده صرت مو طبيعي,1,24,False
من قوة ما احب الهدوء مصمّت كل الاشعارات والرسائل والمكالمات حتى جوالي على الصامت ٢٤ ساعه هالحالة تستدعي تدخل,1,19,False
احتاج طبيب نفسي ما يقلي حلك في الصلاة ويبغاني اقول لنفسي انت رائع في المرايا,1,15,False
اعاني من حزن والحزن انواع العلاج ليس سهلا ربما يكون الحزن ناتجا عن مرض نفسي ف احتاج لمراجعة طبيب او معالج نفساني,1,22,False
هاي بيل انا الي قلتلك عندي رهاب بقولك التطورات اليوم كانت اول جلسه لي مع الدكتور,1,16,False
السلام عليكم انا انحذفت من شخص ماتوقعتا منه المهم حالتي صعبه لي شهر لا اكل زي الناس وقاعد لحالي ولا احس فيه شيء,1,23,False
قبل اسبوعين رحت المستشفى كان عندي موعد ولما كنت بالانتظار يدي كانت ترتجف وانا متعوده عليها لما اكون متوتره ترتجف,1,20,False
علامات تعني أني بحاجة لاستشارة طبيب نفسي الشعور الدائم بالحزن والبؤس وفقدان الأمل أغلب الوقت الأفكار العنيفة,1,17,False
حتى انا بعد ابي اروح بعد حق طبيب نفسي لان انا تبعيتي نفسانه 😂ابي اروح,1,15,False
وربي اني متضايقه احيانا اقلب عالي يقربون لي من نفسيتي واندم بعدين تعبت مدري ليش اتضايق فجاه ضيقه والله,1,19,False
شعور الضيع رجع لي واحس كلا اتنهد ولا عارفه الاسباب الي تخليني كذا احيانا ودي اروح طبيب نفسي,1,18,False
انا بعد نفسك توني قبل سنتين اكتشفت انه عندي رهاب اجتماعي وبعد جم شهر بروح عند طبيب نفسي لاني حاولت كل الطرق,1,22,False
عندك فوبيا التجمعات علاجه طبيب نفسي وترا بسيطه بس لا تهملينها وتصيرين بعدين تبكين ويمكن يغمى عليك اذا انتي في عزيمه او زواج,1,23,False
عندي اكتئاب حاد ونوايا إنتحارية وش تنصحيني — ارجوك زور طبيب نفسي تقدر تجي خاص ارشدك تاخذ الخطوة لو ضايع او شي,1,22,True
اول مره احس اني محتاجه طبيب نفسي فعلا او حد يعالجني او احس اني مريضه نفسياً بالشكل ده,1,18,False
لما رحت طبيب نفسي داخل الجامعة وقتها قال تبي تاخذ حقك في الدنيا ولا في الآخرة فقلت في الآخرة,1,19,False
السلام عليكم بسأل عن افضل طبيب نفسي و مستشار تربوي لاطفال الذين تعرضوا لتحرش و شكرا,1,16,False
اكتشفت بعد 23 سنه اني مليش بيست فريند انا ديما بديل عن غياب حد طرف تالت ف اي علاقه شخص مسلي ساعه اكتئاب طبيب نفسي,1,25,True
حينها بدات بالشك بي لماذا واقتنعت اني مريضة نفسيًا و قام بدفع رسوم طبيب نفسي من اجلي رغم انو زرع فكرة المرض النفسي,1,23,False
طبعا ف البدايه تعجبت منه وبعد مرور ٦ اشهر مرضت وقرت ازور طبيب نفسي وشرحت له القصه كامله واخيرا اعطاني علاج,1,21,False
وعندما تتجاوز كل هذا وتفضل أن تطلب المساعدة لمره الأولى في حياتك فإن أولى خياراتك هي مراجعة طبيب نفسي,1,19,False
اكيد كلنا محتاجين طبيب نفسي بس بنسب مختلفة ولأسباب مختلفةانا رحت لأن حسّيت بكأبة شديدة بسبب كورونا اكثر,1,18,False
بعد الحظر ابي تعطوني اسم اقوى طبيب نفسي حاشتني حاله نفساويه من الحظر احتاج علاج وتأهيل عشان ارد اطلع لمجتمع😂,1,20,False
الفتره دي صاير يجيني شعور اني بموت كثير و في كل مره انهار بكي و بديت اختف الصراحه — راجعي طبيب نفسي ضروري يمكن هلع,1,25,False
من المتوسط ودائما أحس فيه مشكلة دائما الي حولي لما أنفتح زي زهره يدعسوا علي يحسوني أني أكون أنا شيء غلط,1,21,False
كيف أتخلص من عقدة الانتقاد صاير كل ما اتابع شيء مو قادر استمتع فيه بسب افكار المستحنكين الي زرعوها في راسي مو قادرة,1,23,False
اللحظة دي اثرت فيا جدا اللحظة الي بنعرف فيها ان عندنا إضطراب نفسي ونفهم ان لينا الحق في مشاعرنا ودا مش عيب,1,22,False
خلي بالك من زيزي تسليط الضوء عل اضطراب نفسي موجود حوالينا كتير و لا نجيد التعامل معه وايضا مناقشة,1,19,False
ليس قلق وحده بل الخوف أيضاً اعيش بفقاعة اضطراب المشاعر نفسي وذاتي وكياني يشغل بالي يأخذ حيز كبير,1,18,False
الاكتئاب اضطراب نفسي والجينات لها دور في الاصابه في حال تعرض الشخص الى مسببات الاكتئاب مثل الصدمات والضغوط النفسيه,1,19,True
أنا عندي اضطراب نفسي وعندي حيوان أليف بابا مستأمني عليه ماله أي علاقة كون الشخص مضطرب يعني بيكون عدائي,1,19,False
٢٧ابريل٢٠٢١ ١٥رمضان١٤٢ الهم الهم امنحني القوة لأقاوم نفسي والشجاعة لأواجه ضعفي واليقين لأتقبل قدري وا,1,15,False
لأسف بالمتوسط عانيت من اضطراب الأكل لدرجه اني ابكي و انا اكل لأني تعبانه جدا ومره صعب علي اكل غير الغثيان والدوخه,1,22,False
انا متعمقه بمشاكل السمنه كوني اعاني من الوزن الزائد ومنذ انجاب طفلي الاول وانا في صراع مع الاكتئاب واضطراب الاكل,1,20,True
اضطراب نفسي شي سلوكي مزاجي خوف شديد قلق توتر كل شي جاني كنت ماحس بالأمن والأمان الداخلي وهستريا,1,18,False
اضطراب ثنائي القطب ثنائي القطب ليس من السهل التظاهر باني بخير لذلك اسال اله ان يعيني ويعين كل مصاب نفسي,1,20,False
لعل و عسى دة ي فكرة ان عادي اروح لطبيب نفسي لو انا شاك ان عندي اضطراب نفسي و دة مش معناها اني مجنون,1,24,False
هو الدور مطلوب انه يتادى بالطريقة دة لأنه واحد قضى عشرين سنة بالسجن و مغدور بيه و عنده اضطراب نفسى فه,1,21,False
ترا السواد الي تحت عيني ماهو مرض هذا قلة راحةوملامحي الباهته ماهو كره لناس هذي فرط حزنوعصبيتي ماهو غباء هذا ضغط,1,21,False
ها أنا أخيراً أغمض عيني لأصحو على أطلال الذكريات المسكونة بالألم الغارقة بالوجع والدموع والانهيار وحنانك المدمر,1,17,False
بعيداً عن السلبية بس فعلاً ماحب العيد ومن الحين شايلة هم القرف الي فية و المجاملات الكذابة وماحس فية اي فرحة ف,1,22,False
او لا وتشوف واقعيتها بنسبه اد اى وتاثيرها كمان عليك اى اذا كانت مثلا حطتك ف مود حلو او مود كله كابه وحزن,1,23,False
يا جماعة الي راش نكد و كآبة في الجو يبطل مفيش هزار ف الحاجات دي أو تقريباً أنا لوحدى الى مطفية ❤️🌹,1,22,False
انا تخرجت حمدله لكن فيني كآبة وقلق العالمين دعواتكم لي بالراحه نفسيه والطمأنينه 💔 كنت احسبها من الدراسه,1,18,False
ترى الهالات اليّ تحت عيوني مش مرض هذا قلة راحة وملامحي الباهته مش كره لناس هذي فرط حزن وعصبيتي مش غباء هذا ضغط,1,23,False
ليه اضطريت اسيب كل حاجة بحبها مرة واحدة كدة امشى واخسر كل ده بحجة كفاية عناء وشقاء بس طلع الشقاء ده مكمل وزاد عليه كآبة أكتر,1,26,False
وبعد العيد قرب مره وانا لا اخر عيد استانس فيه اكتئبت وربي وذا العيد شكله زيه اقول احسن اقعد بالبيت المخيس ذا واكتئب,1,23,False
هناك نوع من الجهاد لا يعرفه الكثير من الناس وهو جهاد السعادة و هو محاولاتك أن تبقى سعيداً بالرغم من كآبة البيئة المحيطة بك,1,24,False
الهِدوء ليس عُزلة العُزلة ليست كآبة و الإهتمام ليس فضول و الوحدة مع النفس ليست إنطوائية كل شخص له نكَهة,1,20,False
أشعر بكآبة ثقيلة تجثم على صدري كآبة توشك أن تكون نبوءة ﻻ تفسير لها و ﻻ تعليل,1,17,False
أوقات بتجيلي رغبة عارمة ف عدم التّواجد مَش كآبه ولا حاجة بس ال هو فالحظة دي أنا مش عايزة أكُون موجودة,1,21,False
السلام عليكم ممكن تسألهم لي امر بحالة كآبه كيف اقدر اتجاوزها احس إني مخنوقه ولا قادره أطلع منها,1,18,False
مادري كيف أوصف الشعور الي فيني مادري هو حزن ولا كآبة ولا ضيق و لا شو بالضبط كل الي أعرفه انه يخنقني 💔 حزن كآبة ضيق ضيقة,1,27,False
صار معي كآبه وشي اشبه بالمرض النفسي والسبب الحالات الي تجيني بالخاص وانا مو طالع بيدي شي من قله الحيلة يارب ياكريم,1,22,False
ظاربتني كآبه مب طبيعيه حتى البيت ماطلع منه واذا طلعت اكون استنفذت طاقتي القصوى 😞,1,15,False
و أشعر بكآبة ثقيلة تجثم على صدري كآبة توشك أن تكون نبوءة ﻻ تفسير لها و ﻻ تعليل فترة أليمة,1,20,False
تحس فيه غيمة كآبة مضللة على الكل فيه حاجة ناقصة ومحدش له نِفس لأى حاجة,1,15,False
مريت فشهور الله لايجعلكم تمروا فيها كآبه وضيق وحرمان وقهر بين أربع جدران ومن هم جزء فحياتي بعيدين جدا مني,1,20,False
هو ليه فيه روح كآبة في الجو كل الناس تعبانة و مرهقة و مضايقة تحس العالم كله في حاجة غلط,1,20,False
السواد الي تحت عيني مش مرض ده قلة راحة وملامحي المقفولة مش كره لناس دي فرط حزن وعصبيتي مش غباء ده ضغط,1,22,False
طب وعلى إيه بناقص كل واحد فيه الي مكفيه مش محتاج جرعات كآبة زيادة 🤚,1,15,False
الدفعه كلها في خروجات ورحلات الا انا قاعد في البيت وخلاص مشفتش كأبه كدا 😔,1,15,False
اخبار تعيسه وإجواء كآبه وقلق وضغط نفسي الواحد محتاج يغمض اعيونه ويحلم في مكان يرتاح له كافيه يحب يقعد فيه,1,20,False
ابي احس اني تخرجت ليش الحياه ركض ركض بدون اي احتفال او تكون كآبه مافي شي حلو تحس بطعمه,1,19,False
الهم اني اعوذ بك من كآبة المنظر هو الشماغ الي تقل كوبرا ولا الوجه ولا الحيه الغير مقلمه,1,18,False
هالاسبوع خلص وانا لا تمارين ولا اكل سنع وهذا الي زايدني كآبة اختي تقول الاحظك مجرد ما اشوفك مكتئبة اعرف انك ماتسوين تمارينك,1,23,False
استولت علي كآبة غريبة بدا لي فجأة أني أنا الوحيد قد هجرني الناس جميعاً نعم كل الناس تخلوا عني دوستوفيسكي,1,20,False
هالأيام برد مرة ومطر وأجواء المطر صايرة تسبب لي كآبة مدري شفيني يمة يلعن ام الضيقة,1,16,False
والأكثر كآبة تصنّع الشغف والحماس والحياة وروح التفاؤل وأنت محطم وباهت فقط لكي لا تُعرّى روحك,1,16,False
والله دكتوري زعلان يقول عدلي نومك نامي قبل ١٢ عشان ترتب أمورك مستحيه اعلمه اني خربطت نومي أكثر وصرت اكتر كآبه,1,21,False
أصل الواقع كله كآبة وتشاؤم فلما نيجى نقول كلام واقعى ولا منطقى تلاقى الكآبة والتشاؤم طفحوا ع الحوار,1,18,False
تحس فيه غيمة كآبة مضلة على الكل فيه حاجه ناقصة ومحدش ليه نِفس لأى حاجه 💔,1,16,False
قد تَعترِيكَ مِنَ الحياةِ كآبةٌ تُذْكِي الأَسَى وتَشُلُّ نَبْضَ الخافِقِ فتَوَدُّ لو تَبكي وما مِن أدمُعٍ,1,16,False
يع هذا الوقت صح انه مريح وكويس لكن تجيك فيه كأبه مو طبيعيه يوميا يوميا,1,15,False
فإن تَسأَلني كَيفَ أنتَ فإنَّني صَبورٌ على رَيبِ الزّمانِ صَعيب حَرِيصٌ على أن لا يُرى بي كَآبة فَيشمتَ عادٍ,1,19,False
الدُنيا عبست في وجهي كثيرًا ولا أريدها أن تعبس أكثر لقد عانيتُ ما عانيت من نزلات الحُزن المُزمنة ولا أحتاج إلى كآبةٍ أكثر من ذلك,1,25,False
الواحد بيحاول يخرج نفسه من آي مود كآبه بس لأسف كل الي حواليا بيحاول يدخلني ف دا مود بيكرهني ف نفسي وف عيشتي,1,23,False
منزعج من تبرير نفسي ل غيري كل شي ابيه يروح منّي وانا ابيه انقذوني من كآبة سريري الي يروح اليوم كلّه وانا فيه,1,23,False
مهو شي غريب ف فتره الكل يمر فيها وخاصة ذا الوقت تجيك كابه غير طبيعية مالك نفس لاي شي حتى الشخص نفسه يوسوس,1,23,False
يالله تدرين الحين قاعده ألوم نفسي شلون داومت رمضان ليتي اجازه بدون راتب راضيه حزن غلقه كمية كآبه أحس إني أموت,1,21,False
نفسيتي الى الطريق المنحدره بسب الحظر و الله كآبة مليون خلاص فكونا نبا نطلع 💔,1,15,False
كآبة في كل مكان والحمدلله اليوم بدأ الحظر الشامل وينتهي لإجازة العيد حضرتهم تاركين الحبل ع الغارب,1,17,False
الصداع النصفي عدوي الدود والله ماودي اروح لدكتور يكتب لي العلاج مره ثانيه مجرد الالتزام فيه يجيب كآبة,1,18,False
الواحد محتاج يعد نفسه انه فعلا يعيش لوحده يعنى قرار انك تعيش لوحدك ده مش سهل كده لازم تهيئ نفسك علشان متأثرش,1,22,False
الفولورز مسبين لي توتر وانا كابة حياتي الشخصية كلها هنا لو في قاتل متسلسل ناوي علي بيلقاني بسرعة والله,1,19,False
كرف طول اليَوم و تعب و شقى و بالنهايه فوق كأبه هاليوم يحصل شي يزيد خياس هاليوم خياس,1,18,False
حاولت افصل يوم عيد ميلادي عن السنه كلها عشان حسيت اني ڜبعت كآبه و وجع و تفكير و سده نفس حسيت اني قلبي كبر و عجز,1,26,False
وأنا مثلك أجمّع الأمل كلما استنفدتني كآبة وتأرجحت في خافقي قَدَمُ السكينة أنا مثلك أهشّ حرائق الأمس علّها تغادر,1,19,False
في كل يوم يصير العالم في عيني أكثر كآبة ألوانه تلطخ بألوان قاتمة بلا روح الحياة هنا لوحة رديئة الأدوات والجودة والخامات سيدعبدالحميد,1,23,False
محاربة ذبحات صدرية فجائية مع توالي آخبار سيئة جداً يسبب لي كآبة لا توصف ومجرد العيش في ظل هذا الوباء وفي بلدي بخصوص,1,23,False
بقيت بحس انى بتنفس كآبه وخوف وقلق مبيعديش 5 دقايق غير اما احس بخنقه لا إرادى كدا 🤦🏻‍♀️ المود↙️↙️↙️↙️↙️↙️↙️↙️,1,19,False
أكثر كلمة سمعتها من بدينا إمتحانات لسّه هي ضعفانة أوكي هي بالعادة الكلمة تفرّحني بس هالمرّة هذا الضعف من ورا الكآبه,1,21,False
الف شعور بين حزن و وحده كأبه خنقه وضيقة تعاسه وفراغ ولامبالاة وانعدام شعور انتهاء رغبة الف شعور وانا شخص واحد كيف بتحمل كل ذا لحالي,1,26,False
لست على م يرام اشعر ب كآبه وارق هدوء ملل تفكيرانفاس مضطربة دقات قلب حزينة مزاج معكر تفتقد طعم الأيام ترتدي وجها بائس,1,23,False
اشتقت لنفسي قبل سنوات الحين اكرهني كلّي كآبه و سلبية واحياناً اني اكره الكل ايش الي خلاني اتغير,1,18,False
إِن تسأليني كيف أنتَ فإِني صَبُورٌ على رَيْبِ الزمانِ صَعيبُ حريصٌ على أن لا يُرى بي كآبة فيشمتَ عادٍ أو يساءَ حبيبُ,1,22,False
السواد الي تحت عيني مش مرض ده قلة راحة وملامحي المقفولة مش كره لناس دي فرط حزن وعصبيتي مش غباء ده ضغط بحاول ا,1,24,False
احس صدعت من كأبة حياتي احس لو صارت لي الحريه اسوي كل شي بحر القدس من الفرحه,1,17,False
ما عندي إلا قلب يملاه العفاف واقف لا هو غالب ولا هو منغلب ربي انا عبدك وابن عبدك واخاف كآبة المنظر وسوء المنقلب,1,23,False
السواد الي تحت عيني مش مرض ده قلة راحة وملامحي المقفولة مش كره لناس دي فرط حزن وعصبيتي مش غباء ده ضغط بحاول اعديه,1,24,False
ملامحي المقفولة مش كره لناس دي فرط حزن وعصبيتي مش غباء ده ضغط بحاول اعديه وزعلي مش كأبة ده تراكم أحزان,1,21,False
ابشركم طلعت من ازمة اكتئاب الدورة😍خمس دقايق وندخل لاكتئاب الموسمي وترجع الامور كما تعودت عليها كآبة على طول,1,18,True
انك تقعد مع نفسك وتفضل تفكر ف ذكريات حلوة من تلت اربع سنين فاتو طلع حوار جامد فشخ بس بينتهي ب كآبة باين,1,23,False
بقالي فترة كبيرة ما عنديش شغف لأي حاجة ما بقاش في حاجة مُمكن تبهرني مش كآبة ولا عُزلة,1,18,False
انا كل لبسى اسود وبلاقينى فيه مش شرط كآبه شياكه بلس انى خدت عليه وبرتاح فيه,1,16,False
حُزن ملل وجع إشتياق خمول كسل ارهاق كأبه حنين أختناق ألم ذكريات ماضي تعيس أرق تعب احلام,1,17,False
حزينه وفاقده كل الحنان والحزن في حياتي مطلقه له العنان وكل من شافني أشر بالبنان ويقول هالبنت مليانه كآبه بالاطنان,1,20,False
بقالى فترة كبيرة معنديش شغف مبقاش فيه حاجة ممكن تبهرنى مش كآبة ولا عزلة على قد ما هو تصالح منى تجاه الى شايفه,1,23,False
اليوم مره كآبه وصعب انا حتى مالي خلق اتكلم بس ابي اتنفس بدون اي تدخلات,1,15,False
كنت أحسب كآبة يوم السبت مقتصره على انه دوام طلع و حتى وانا معطله كئيب,1,15,False
بقالي فترة كبيرة عندي كآبة اجتماعية علاقاتي تقلصت وانحصرت على ناس معينة مبقتش قابل اشوف الناس زي الأول,1,18,False
بكاء كآبه حزن بكاء كآبه حزن حزن حزن كسرة حزن حزن حزن تناسي تعايش تأقلم,1,15,False
صداع قلة نوم لخبطة مواعيد مفيش كتاب بينفتح كأبة ضيق حزن نفسية بايظة كسل تضيع وقت نزاع عقلك الي عاوز حاجة مع جسدك,1,23,False
الدراسة صعبة الحياة صعبة الاجتماعات وقروشة الناس صعبة احتاج عزلة بالغابة لحالي اشرب من مويه النهر واكل اي شي واعيش بكوخ على الطاقة الشمسية,1,24,False
أحتاج عزلة في مكان هادئ تسكنهُ النجوم والجو البارد بعيدًا كل البعد عن ضجيج الناس والشوارع,1,16,False
هاتف مغلق ابتعاد عن الجميع عُزلة هدوء وذهن يخلو من أي شيء هكذا تكون أقصى الاماني أحيانًا,1,17,False
نحب العزلة لمجرد كونها عزلة نحبها لأنها فترة إختباء من خيبات الأمل هرب من كل الإحتمالات السيئة,1,17,False
أفشل دائمًا في العلاقات الأجتماعية لستُ الصديق المفضل لأي شخص ولم أجد في الحب من يناسبني وأناسبه عزلة عزلة,1,19,False
أنا في عزلة والعزلة الداخلية أقوى وأشد من ذاك الذي يحشر نفسه في حجرة أنا أخالط العالم دون أن أخوض حوارًا حقيقيًا أو كاملاً حتى,1,25,False
عزلة لترتيب ماتبعثر من أوراق الحياة استودعكم اله الذي لاتضيع ودائعه وفي حفظ اله ورعايته,1,15,False
وإني أفتقد النّسخة القديمة من نفسي رُغم أنها كانت أغبى وأجهل لكني كنت سعيداً معها عبارات حزن عزله وحده,1,19,False
ما أخاف لو عشت ب أيام انطوائيه في عزلة الناس والدنيا أنا راضيه َ ㅤ من خبرة سنين وظروف اجتماعيه بعض العلاقات مصنوعه على الفاضي,1,25,False
عقل مُتعب من ثُقل ما يدور به الخوف من الندم الخذلان عدم الوصول صدمات تباطئ ابتعاد عزلة عن العالم,1,19,False
تشعر وكأنك تغرق حتى دون أن تبتل تشعر وكأنك تختنق مع أن رئتيك متلئتان بالهواء تشعر بأنك محاصر مع أنك في عزلة,1,22,False
هاتف مغلق عزلة بحر صوت الأمواج هدوء ذهن يخلو من أي شيء هكذا تكون أقصا أمانينا أحيانا,1,17,False
والله احتاج عزله مع نفسي اجدد طاقتي وامحي ناس من حياتي واضيف ناس والا اقول مايحتاج اضافه,1,17,False
عزلة وصمت فعلا وقاعده اسكت وابتعد لاني تعبت وجاني مبلغ مالي من خالو فعلاً وطاقة امي ثقيله علي وضاغطتني,1,19,False
ماعاد أبي ناس وجماعات وأصحاب انا معَ نفسي أبعيش ذاتي ماهو ضروري تنعرف بعض الأسباب هذي قناعاتي وهذي حياتي,1,19,False
ما اخاف لو عشت ب ايام انطوائيه في عزلة الناس والدنيا انا راضي من خبرة سنين وظروف اجتماعيه بعض العلاقات مصنوعه على الفاضي,1,23,False
فعلاً لذلك مهم جداً فترة عُزلة وتنظيف عميق بعد أي موقف ترك فيك أثر مُش لطيف,1,16,False
عندي 6جوامع في عزلة تقام صلاة التراويح وما يقوم اعلام العدوان به من كذب ودجل,1,15,False
ودي اعيش في عزلة ما ابي احد في مكان بعيد بس انا ويكون معي خيلي وبس بدون احد,1,18,False
الأيام ثقيلة على قلبي مو محتاجة غير عزله لحتى كل الي جواي يتشافى تماما واتجدد من جديد,1,17,False
الواحد بقى قلبه هَش من كتر الأحداث والأخبار الي بتعدي عليه في اليوم الواحد بشكل متسارع جدا ومحتاجين ناخد عُزلة بعيد عن كل دة,1,24,False
و الله يا اخي احيانا يحتاج لانسان الى راحة او عزلة تامة عن العالم الخارجي ليستعيد نشاطه و نفسيته,1,19,False
بالنسبه لي حياتي هي مشروع انتحار بطيء بما اني في بيئه مش مناسبه لنفسي و جالسه افقد نفسي تدريجيًا,1,19,False
و في كل مرة نتساءل بأي ذنب كل هذا الظلم يكون الجواب المزيد من اليأس و الإنتحار انتحارالبدون,1,18,False
تجاوزك أمر تافه جداً لم يكلف سوى عزلة و عدة قصائد سوداويه أتشفى بها و تجنب بعض الاصدقاء لي و محاولتي إنتحار و علبتي سجائر يومياً,1,26,False
أتعلم ماذا يعني لشخص أن يكون بائس بائس الى حد ما لا يستطيع النظر في المرأة محاولات أنتحار متكررة فيضان عيناه إنطفاء,1,22,False
عايز احكي حاجه بجد قبل م انتحر 💔 انا طالب في تالته ثانوي اهلي سبب رئيسي في الي انا في ده انا عارف كويس ان الانتحارحرام لكن مش قادر,1,29,False
لو اضمن طريقة انتحار ما تؤلم بسويها الحياة كإمرأة سعودية مقرفة مقرفة مقرفة لا اصدقاء كويسين لا اهل كويسين,1,19,False
دعواتكم لي الله يجبر خاطري لو انتحار كان جائز لانتحرت دعواتكم الصادقه ليا يارب تكفون لعل الله يبدل الاقدار ويفرج الهموم,1,21,False
عندما أقر الانتحار لن أترك رسالة انتحار خلفي لقد كُنت في كُل يوم أبعث عدة رسائل لكن لا أحد يهتم,1,20,False
انا بحب رأيك جدا وبحس ان عقلك كبير كده و انا فعلا حزين اوي و محتاج اخد رايك ف موضوع و حقيقي بفكر انتحر والله,1,25,False
اليوم جلست اتأمل آخر محاولة انتحار لي لحظه اجى بالي اني بهذيك الفتره كان عندي اشياء اتمسك فيها او اتمسك بالحياه,1,21,False
انا كنت اقاوم كثير و اكبت واكبت لين ظهرت لي نوبات هلع والالام جسدية وارهاق واكتئاب شديد,1,17,True
صوته عالي مره وهو يصارخ و ممكن يدخلني في حاله هلع فأنا اعفي نفسي عنه قليلا,1,16,False
تذكرت بالمتوسط جتني نوبة هلع شديدة بالمدرسة وجوا أمي وأبوي ودوني الطوارئ عطوني أكسجين وإبرة مهدئة وقالوا ما يدرون وش السبب😭😂,1,21,False
ياربِّ يا حبيبي إنّ قلبي غارقٌ بين هلعٍ وقلقٍ يا وهَاب هّب لقلبي طمأنينة لا يرجوا بعدها شيء فأنت تعلم مدى قساوة,1,22,False
جربت اوقف على راسي بعد عده محاولات عالجدار والحين قاعده ادفع الثمن احساس غريب بجسمي كله واول مره تجيني نوبه هلع,1,21,False
فكرت أن أرمي حزني من النافذة لكن ماذا لو ارتطم رأسه بشدة وتبعثرت أشيائي على الأرض ماذا لو أصيب بكائي بنوبة هلع,1,22,False
لاسف الوسواس يرجع ويروح والاكتئاب باقي بس معدني افكر فيه كثر الوسواس لانه يسب لي نوبات هلع,1,17,True
الله يعينك هذا شي غصب حتى انا يجيني قلق وهلع لارادي واحيان يصحيني من نومي مايجي الا من التراكمات,1,19,False
جايني هلع وقلق وارق من موضوع قريته عن التطعيم والا من متى اسهر هالسهر 🥲,1,15,False
وجع ألم أرق هلوسه هذيان قلق ترقب هلع أنين شجن رغم كل هذا تستمر الحياة,1,15,False
الا يسب هلع وتوتر لاحظت ع نفسي هالشي منجد لان البيكتريا النافعه اللي بالبطن عددها يقل وكلو مرتبط ببعض,1,19,False
مافي احد بيفهمها الي عاشها لاسف محدثك معه نوبات هلع وخوف وتوهم الامراض 😂 لكن نقول تحسن مع الوقت يارب ❤️,1,21,False
حتی احلامي بات عن فقدان الاشياء القليلة التي امتلكها بتُّ في هلع دائم من النوم,1,15,False
اكرهني صايره مانطاق جد ماقدر اساعد نفسي ولا صرت اعرف اهدّي نفسي من التوتر وتجيني نوبات هلع كلها بسب الجامعه كثير,1,21,False
بس لسى لحد الان تجيني نوبات هلع وساوس كثيرة من قوة الصدمات الي جتني كيف اتخلص من هذا التفكير السلبي,1,20,False
هف جتني نوبة هلع من كثر العصبيه مدري وش الرابط بينهم بس متأكده هذا السبب,1,15,False
لما أكون في نوبات هلع أو قلق يترد على بالي جملة لا تلبسين الخوف و أنتي شجاعة,1,17,False
صايرة تجيني نوبات هلع من كثر ما اشوف صور قط وكلاب متأذيه او ضايعه 💔,1,15,False
أنا تجيني نوبة هلع وقت الولادة ما أقدر أتنفّس ابداً وأحس بخوف فضيع الحمدلله انهم يسمحوا بدخول أمي معاي,1,19,False
هل التكميم يسب نوبات هلع جتني مرتين وقتها اكون توني نايمه ويصحوني وتجيني هالحاله خوف وهلع وحركات ما احس فيها,1,20,False
انا شخص مصاب بالاكتئاب الحاد و نوبات هلع و خوف دائم و قلق وتوتر مفرط و نوبات ضيق شديدة لدرجة تصعب حياتي,1,22,True
يوجد هنا قلب منهك مشتت مبعثر ضائع ثم تائه يصاحبه أرق تفكير زائد حيرة أصوات خافتة صمت مرعب ومخيف,1,19,False
نوبات هلع مستمره انفلات حاد بالعصبيه بكاء لمده طويله صداع طيله هذه الايام وانا اعاني من هذه الموجات,1,18,False
اليوم جتني نوبة هلع لما كنت بالمول اكتشفت انها غالباً تجيني مع زحمة الناس واذا كنت متوتره,1,17,False
راح أنام وأنا كلّي هلع وخوف وكلّي رجاء بأن أصحى على طمأنينة تستقر بشكل دائم فيّي من دون أي شوائب تزعزها,1,21,False
كل يوم أصاب بنوبات هلع عديدة بسب ارتفاع حالات كورونا وتساهل الناس في أخذ أي إجراءات احترازية وتجاهل الدولة,1,19,False
صار عندي هلع و خوف من اشياء كثير زي المستقبل الموت مثلا السب الرئيسي راجع لتراكمات من أحداث صارت لي بالسنوات الماضية,1,22,False
والان انا بعمر اثنان وعشرون اعاني من ثنائي القطب نوبات هلع واكتئاب شديد اعاني من الرهاب الاجتماعي والقلق المزمن,1,19,True
أنا يجيني مثل شعورك لأني ماطلع كثير شهرين وثلاثة ومرات أكثر و هذا رهاب اجتماعي بسبب تعود المخ على عدم الاحتلاط,1,21,False
عندي رهاب إجتماعي حاد مستحيل كف ايدي ما يعرق اذا كلمت مجموعة من الأشخاص و كلهم يطالعوني,1,17,False
مثلك بس انا فيني رهاب اجتماعي ما قد فتحت بث ب اي برنامج الا وتوترت,1,15,False
طبعا اكتشفت ان عندي رهاب اجتماعي بشكل مو طبيعي لدرجه لما قابلت خالتي جتني الحاله اهربوا,1,16,False
انا مثلك عندي رهاب اجتماعي اخاف من الناس وانعزل عنهم لكن احس انه يشبهني 😂,1,15,False
حزن مستمر فقدت النوم الاستمتاع بالحياة تقدير الذات صار عندي رهاب اجتماعي حساسية مفرطة عصبية لانهائية توتر وقلق,1,18,False
احس اكتئابي تمادا وراسي صداع وتفكير زياده وعندي رهاب دايم انغصب لطلعات واحس في فراغ داخلي,1,16,True
عارف إحساس إنك تبدو من بره شخص إجتماعي ومتحدث لبق ومحبوب وأنت في الحقيقة شخص إنعزالي إنطوائي عندك رهاب إجتماعي,1,20,False
أمي كانت بتحط التلفون على أذوني وهربت عبالي بتخليني أكلم أحد هل فيني رهاب من الاتصالات😂😭,1,16,False
من كتر ما بشوف علاقات حب فاشلة وسيئة جداً و نتيجتها تخوّف قرت إني أعنّس حرفياً صار عندي رهاب مش طبيعي,1,21,False
صار فيني رُهاب من المجمتع بسب الزبايل الي جالسه اشوفه كليوم ترند اقذر من الي قبله كيف الواحد يقدر يعيش معكم انتوا,1,22,False
رهاب اجتماعي وخوف المستقبل رغم اني متخص نفسي بس مازالت اثارها فيني واحاول احاربها بشتى الطرق مع الاسف,1,18,False
انا كمان معي رهاب اجتماعي ولما اقول رهاب اجتماعي ماتكلم عن حالة بسيطة منه لا متقدمة😽 دامك ماتعرفت على اصدقاء ك —,1,22,False
ياه شوفي انا ما عندي رهاب او خوف من التجمعات بس احس كاره الناس مرا بس بجلس لحالي وارتاح بهدوء وعزله,1,21,False
م اقدر اقول ل اهلي انه فيني رهاب اجتماعي لاني قاعده امثل لهم اني اجتماعيه و اصلاً استحي,1,18,False
فيني صفه ابي اتخلص منها وماني عارف كيف مدري وش يسمونها خجل او رهاب اجتماعي اتوقع لكنها مضايفتني مره,1,19,False
شعور اللحظه عندي رهاب من كل العلاقات واحس اني خايفه على نفسي من كل حاجه,1,15,False
انا عندي رهاب اجتماعي و تأتأة عالخفيف و انطوائي درجة اولى يعني حتى اقربائي اشوفهم بالاعياد بس,1,17,False
انا فيني رهاب اجتماعي من سنة 2019 بالبدايه كنت احسب عادي هالشي لقيتني حتى ماجلس مع اهلي واذا احد جا بيتنا اتوتر,1,22,False
ترا عندي رهاب ماعرف اقابل احد صدق بدور عذر واصرفك الا لو شخص امون عليه يمكن ارتاح شوي,1,18,False
لأسف دكتوري النفسي رافض يعطيني رغم انه عارف ان حالتي وقاعد يزود في جرعة البروزاك الزق وزني في تزايد وش استفدت,1,21,False
أمس تم تشخيصي ب وإستبدلت دكتورتي دوائي الي كان مضاد إكتئاب بدواء آخر يشتغل كمضاد إكتئاب,1,16,False
اي بربي صدقتي صرلي اسبوع ماعم احسن نام وصفولي دواء تربزول مضاد اكتئاب ومنوم 14 ساعة💔,1,16,True
قاعد مكتئب بسب حاجة محمد اما اروح افكر يوسف ب ٣ث حرام عليك يسطا واله😂💔,1,15,False
انت بتكون مبسوط وفرحان وبتهزر مع اهلك واصحابك مكتئب وزعلان لما تكون لوحدك ومحدش شايفك 🖤,1,16,False
يا اخي في الأرياف تقعد بفلوسك مكتئب مش لاقي مكان تخرج فيه في البندر تقعد مكتئب برضه مش لاقي فلوس تصرفها علي الاماكن المتاحه لخروج,1,25,False
الفتره دي بعيش التناقض بشكل حرفي حاسه اني مبسوطه بس بشكل مكتئب وحاسه اني اجتماعيه بس منعزله برضو,1,18,False
انا مكتئب فرفوش يعني اهزر و اضحك معاك اه لكن انا في الأصل مكتئب 😂,1,15,False
لسِت مكَتئبِ انِا فقِط لاَ اجد مَا ارَيد ولاَ اعلِم كَيف اشِعرَ حقاً لاَ اعلِم ايِ شيَء,1,17,False
اعتقد من الخيبات ثم الخيات ثم الخيبات هي من تغير شخصية الشخص المرحة لشخص مكتئب متشائم غير مرح متوقع أن يأتيه اسوأ واسوأ,1,23,False
العيد كئابته غير تجيب الهم والحزن تحس كأنه عزاء وقسم فوق انك مكتئب يزيده عليك,1,15,False
لست مكتئب لقد غادرت الاكتئاب منذ زمن الان انا ذابل منطفئ في مرحلة الاشعور لا فرح ولا حزن,1,18,True
الاقارب اذا ماجيتهم يحسبون فيك توحد وانك مكتئب ماجربو البعد عن كل شي والراحه شكلهم,1,15,False
مكتئب جدا وجيت واصيح في تويته هنا بعد م خلصت التويته في أربع خمس سطور اتكنسلت,1,16,False
تبقي قاعد مكتئب وساكت ومضايق وفي حالك ومفتحتش بوقك بكلمة وفاضلك تكة وتولع في نفسك ودول يجوا يتخانقوا معاك,1,19,False
الانسان بيفضل مكتئب وقافل على نفسه الباب وبعدين يعوز يهرب شوية فيعك الدنيا ويرجع لوحده تاني,1,16,False
يسطا لا دي جاجة بسيطة انا لسه مكتئب و معمولي بلوك لا تقلق دي ظروف خارجة 🤣,1,17,False
ومفش احقر من انك تمشي لشخص تحكيله شي واجعك وتكون مكتئب وياخذ موضوعك ب استهزاء وما يحسش ولا حتى يكتئب معاك,1,21,False
وصل فيني الحال احس بتانيب ضمير عشاني اعيش حياه شبه طبيعيه بس انا مكتئب و ماني سعيد ولا حتى احس بسعاده اكره هشي ليش انا كذا,1,26,False
لا أعلم ماذا حدث لي ولكنى لم أشعر بهذا الثُقل ف قلبى من قبل حزين مُكتئب و مُنطفئ وكأنى أحمل على كتفى هَم العالم,1,24,False
لست مكتئب لست كسول لا أحتاج لمن يحدثني عن الأمل والكفاح والنجاح أحفظ كل هذا وأعرف خطورة ما أنا عليه الآن أنا أعاني,1,23,False
انا انسان حزين منطفئ مكتئب فارغ و متعب و بحاجة إلي وقت طويل من الراحة في مكان بعيد,1,18,False
لما تبقا قاعد مكتئب في اوضتك وتلاقي رساله مساء الخير ممكن احكيلك مشكله عندي بما انك دارس علم نفس,1,19,False
الواحد بقى بيعدى عليه ايام زعلان و مكتئب و حزين جداً من غير ما الى حواليه يعرفوا ولا يحسوا تخش تاكل تنام تصحى وهكذا,1,24,False
وانت تشرح لاصدقائك ليش لازم تختفي بين فتره وفتره عشانك مكتئب ونفسيتك تأثر على اسلوبك وماتبي تكلمهم بأسلوب مو متعودين عليه,1,21,False
انا اجتماعي جدا وانا لوحدي وحيد جدا وانا وسط الناس 🤔 مكتئب بس بضحك ولما ابقي مبسوط بقعد ساكت هل انا اتجنت 🤔,1,23,False
تخيل تعب وتسعى وبعدها توصل و تحق كل اهدافك وطموحك واحلامك المضحكة و تفضل مكتئب بردو,1,16,False
مش بذاكر علشان مكتئب ومكتئب علشان مش بذاكر ومتراكم عليا كتير مش عارف هخرج من الدايرة1 دي امتى 🤷‍♂️,1,19,False
يزداد يقيني يوماً بعد يوم أن العطاء الذي يبذله صاحبه من دون مُقابل هو من يستلذّ بحلاوته قبل المُعطَى والعطاء ليس,1,21,False
الواحد حزين انه مكتئب علشان مفتقد اساسيات الحياة اصلا مش بيدور علي رفاهية زيادة والله,1,15,False
جعلوا مني شخصاً متردد خائف مهزوم مكتئب شخص مُتعب شخص يفكر في كل شيء كلامه تصرفاته وردود افعاله,1,18,False
احسني مكتئب مره صعب اذاكر من هنا وانسى من هنا ليتني ماطلعت من بطن امي😣,1,15,False
ايه والله انا الحين مكتئب لان بكره بكون صاحي من اوله لاخره و غالبا نفس الشي اليوم اللي بعده نومي مب مرن ما عندي قيلولات,1,25,False
الواحد لو يعرف انه هيكتئب كدا كان عمل حسابه في اي حاجة تسلي مش مكتئب و زهقان كمان,1,18,False
الاكتئاب اللى انا فيه ملوش علاقه ب الضحك يعنى انا ممكن افضل اضحك واهزر بس انا من جوايا مكتئب فاهمنى 🖤,1,21,True
مكتئب أعيش صراع أفكار سوداوية متسلطة أنا عاجز عن التفكيرلحظة يا صديقي لماذا لا انتحروادخل النار,1,16,False
أمطِر عليَّ بعَفوٍ إني مُكتئِبٌ فالذنبُ أرهقنِي والقَلبُ أوَّاب انظرْ إلي فإني جدُّ منكسرٌ أغدِقْ إلي بخيرٍ إني توابُ,1,19,False
انك تفضل كاتم ف نفسك كدة دة احسن ب كتير اوي من الصيح و تعرف كل الناس انك مكتئب دة عشان انتا كدة ي غبي بتقولهم انا ضعيف,1,28,False
حين اكون منعزلاً عن الجميع فانا بداخلي دمع اخبئه عن اعينهم و لدي من الافكار ما تجعلني مكتئب و فاقد القدرة على مخالطتهم,1,23,False
كنت زمان بترول واقول ان انا مكتئب وكدا بس دلوقتي أقسم بالله طالع ميتين أمي,1,15,False
سيبت الاكونت دا من حوالي ٨ سنين لأني كنت مكتئب ومحبط والنهاردة راجع مكتئب ومحبط بس مش حزين عندي أمل,1,20,False
لما بكتئب معدتى بتاخد ع خاطرها اوى لدرجه ممكن اتحسن من مود الاكتئاب بس معدتى لسه زعلانه وبتاخد فتره ع ما تتحسن,1,22,True
بس انت مش باين عليك انك مكتئب انا أسف هخرج المره الجايه بحبل مشنقه حوالين رقبتي ✌️,1,17,False
نفسي اعرف اذا في احد مريض مختل زي ينام طبيعي بس يحزن نفسه وهو نايم ويصحى مكتئب وقلبه يتألم ومايعرف من ايش,1,22,False
الناس كانوا يحسبون اني اشغل نفسي باشياء مفيدة بس الحقيقة لأني مكتئب وحزين طول الوقت وابي اوقف بكى,1,18,False
اول ما احس اني مكتئب او زعلان او مخنوق بخش افرغ طاقتي السلبية في النوم وبجد النوم دا نعمه والله وبيريحني من التفكير الزايد اللي ممكن يتعبني,1,27,False
مهما اكون مكتئب مش بحس الى حوليا بكده ولما بجيب اخرى محدش بيعرفلى طريق انتهى,1,15,False
والله يامنه انا خلاص تعبت وزهقت وبقيت مكتئب وحاجه بجد تقرف مبقاش فيه حاجه نافعه لا حلو نافع ولا وحش نافع مبقتش عارف اعمل ايه بجد,1,26,False
مفيش اسوأ من لما تبقا مكتئب و مش عايز تقول لحد فلما حد يسألك تقوله سبب سخيف و بيبقا شكلك اهبل,1,21,False
فعلا من بعد ما تخرجت من سنة وانا الان مكتئب لأن حرفيا الولد مكانه ابدا مو البيت وجالس ٢٤ ساعة من وصل عمره,1,23,False
إني لستُ بخير ولا على مايُرام لست سعيد وجداً حزين مكتئب محبط منهزم يائس متألم,1,15,False
جعلوا مني شخصاً مترد خائف مهزوم مكتئب شخص مُتعب شخص يفكر في كل شيء كلامه تصرفاته وردود افعاله شخص,1,19,False
انا مكتئب بكل صراحة و الدنيا مقفله في وشي جامد الحمد الله يعني ادعولي بظهر الغيب في صلاتكم يا شباب,1,20,False
عارف لما تبقي مكتئب بقالك فتره كبيره بس بتحاول تبين للي حواليك انك فاني علشان كفايه عليهم حياتهم فتكتئب اكتر,1,20,False
اجتماعياً وعائلياً ومادياً مش كويس ساكت طول الوقت مبخرجش خالص صحابى من قبل رمضان مكلمتش حد بس مش مكتئب,1,19,False
مكتئب متشتت حزين بائس ضائع هارب منعزل تائه وحيد خائف منهك متعب محتاج خراب داخلي إني أختنق لست بخير أبداً,1,20,False
منرقدش مليح ✅ منقراش مليح ✅ نسبة الغباء عندي طالعة ✅ مكتئب وعلاقتي مع الناس منقطعة ✅,1,17,False
اه والله الواحد مكتئب من ساعة ما قعد فى البيت والايام بقت شبه بعضها ربنا يجمعنا تانى على خير ❤️❤️,1,20,False
لستُ مكتئب أنا فقط متعب من المجاملات والإختلاط والضحكات التي أطلقها بدلاً من الشتائم أنا مُتعب من الحوارات التي أخوضها ولا تهمني,1,22,False
لما تكون مكتئب فتحاول تفائل و تقول لأ مش هستسلم و بعدين الواقع يخبطك بموجة من الإحباط فترجع تاني مكتئب,1,20,False
الواحد انطفى كده و بقى هادى طول الوقت بقى مكتئب واتغير واتغيرت فيه حاجات كتير,1,15,False
مش معنى ان الى بتكلمه فاتح بس مبيردش عليك أنه كدا تنك أو متكبر كل ما فالحكايه أنه مكن يكون معندوش طاقه أنه يرد أومكتئب,1,25,False
قد سئِمت كثيراً من تلك الساعات الطوال التي قضيتها وأنا مكتئب التي قضيتها وأنا أبكي التي قضيتها وأنا وحيد ومنعزل,1,20,False
لما تكون مكتئب ومحد يلاحظ واهلك م يهتموا لك ونظرتك سوداويه لحياة وتبغى تنتحر بس م تقدر وم تقدر تطلع من نوبة الاكتئاب,1,23,True
لما تكون مكتئب ومحد ملاحظ ونظرتك سوداويه لحياه وتبغى تنتحر بس ماتقدر وما تقدر تطلع نوبة الاكتئاب الي صار لها سنين,1,21,True
و ربنا انا نفسى معرفش انا مكتئب دلوقتي ليه بس صدقني هو مش لأجل واحده 😂,1,16,False
لما حتى اقرب الناس لك مايحسون فيك ولايقدرون انك مكتئب وبدل مايخفون عنك يزعلون منك,1,15,False
مافي أسوء من قلة الحيلة تجاه نفسك مش زعلان بس ما عارف كيف تفرح كاره عيوب فيك بس مش عارف تغيرها معترف إنك مكتئب ومش عارف تعمل ايه,1,28,False
لما تكون مكتئب ومحد ملاحظ واهلك ما يهتمون ونظراتك سوداويه لحياة وتبغى تنتحر بس ماتقدر عشان ما تأذي اللي يحبك,1,20,False
يا دكتور انا بقيت مكتئب جدا وكاره الناس وكاره الحياه ومعنديش أمل فى اى حاجة عايز اعرف انا عندى اية يادكتور,1,21,False
هو اوكي انا حاسة حالي نفسيتي زفت من لدراسة وجاية هنا عشان افرفش لنفسي بس المشكلة كل لتويتر مكتئب زي فكتئبت اكتر😭💔😂,1,22,False
الواحد مش فاهم هو مكتئب ولا متوتر ولا في إيه ربنا يجبر بخاطرنا بحق الأيام المفترجة 💙,1,17,False
احس اني مكتئب شوي الصدق تخرجت وماحتفلت ولا سويت شيء تحسون الموضوع يحزن ولا انا محزن نفسي غصب,1,18,False
أيها الانتحار أكتب إليك رسالة جديدة لقد بات الأمور حزينة لغاية بت أدنو منك أكثر كلما مر الوقت,1,18,False
الحمدلله اني كل يوم بقاوم رغبتي ف الانتحار بس الي خايفه منه ان يجي يوم و مقدرش اقاوم,1,18,False
بس انا مريت بهذي الحاله بمجرد انه افكر في الانتحار يجيني شعور داخلي نوعا ما مريح وهو فقط عشان اخف الم الانتكاسه,1,22,False
طبعاً أكيد مراح أنتحر هي مجرد أفكار اساساً صعب جداً الواحد ينتحر مجرد فكره لا اكثر ولا اقل ولا حتى حاولت مجرد افكار,1,23,False
ادعي لي اموت لأني اكثر من ١٠ سنوات اتحمل آلام مجنونة ما خليت دولة ما رحتها و ما خليت عملية ما سويتها,1,22,False
دايم ينظرون لهالشي بشفقه انا ايضا امر باكتئاب صلبه من الخارج ومتهالكه من الداخل واحس بحرقه بصدري حرقا,1,18,True
لأن عمري م اخدت منها حاجة حلوة وبقيت عايش فيها بتمنى الموت كل يوم لأن كده كده الواحد عايش وكأنه مش عايش,1,22,False
مرت الايام وصار الصمت هو التعبير الوحيد الممكن عن الصدق وصار الانتحار هو الازدهار الوحيد المتبقي 🥀✨,1,17,False
أنت لا تفهم يا صديقي هذا المكان لم يعد مناسبا لي فكرة الانتحار تراودني كل ليلة الاكتئاب يدمرني أنا أنهار ببطء ولا يد لي في ذلك,1,26,True
كنت أحاول الأنتحار بشتئ الطرق نعم أنا حقا فاشل عجزت عن المواجهة فتعبت حقا من هذا العالم والواقع المشمئز لنفسيتي,1,20,False
انا عارف ان الانتحار حرام بس انا لو انتحر مو تكفروني وتقولون هذا خلاص في النار خلاص بيعيش طول عمره في جهنم,1,22,False
حاله عدم الاتزان وأنك تكون مش عارف ان الي بيحصل ده حقيقة ولا حلم الحاله دي مرعبه وآخرها الجنون أو الانتحار,1,21,False
انا بقيت اميل للموت او الانتحار بشكل عام و شايفه حل لكل الى بقابله و بشوفه فى حياتي,1,18,False
من فترة طويله جدًا جدًا قلت لصحبتي إني عندي ميول أنتحارية فقالتلي علي فكرة الإنتحار مش حرام,1,17,False
أنا حالياً في اسوأ مراحل الاكتئاب لدرجه اني اخاف افكر في الانتحار في يوم من الأيام 💔,1,17,True
عمري ماخوفت من الموت دايما بتمناه نفسي اكون عدم طبعا فكرت كتير ف الانتحار بس انا اجبن من اني انتحر,1,20,False
مش عارفه لي فكره الانتحار بتراودني بقالها فتره خايفة وفي نفس الوقت حاسه ان الخوف ده مش هيكون شئ ابدي ممكن ينتهي,1,22,False
منذ أمد بعيد وأنا أقف على حافة الانتحار وما يمنعني هو سبب بعيد عن الجُبن وحتى عن الأسف إنها الكبرياء التي تمنعي,1,22,False
الحمدلله اني كل يوم بقاوم رغبتي ف الانتحار بس الي خايفه منو ان يجي يوم و مقدرش اقاوم,1,18,False
يؤلمني جسدي كثيراً في ظل انتظاري البائس أن يأتي يوماً جديداً يكون أفضل أنتظر هذا اليوم بشدة شيء ما في قلبي أشبه بالانتحار,1,23,False
مبقتش ليا نفس لاي حاجه ولا عندي شغف اني اكمل حياتي وبقيت افكر في الانتحار ومش عارف لأمته هقدر ابعد عن اني أعمله,1,23,False
أنا خلاص قرت أروح لدكتور نفسي ومش عارفة ده هيفرق ولا لا وهل هبقى بضيع فلوس ع الفاضي او لا بس مفيش قدامي يا دكتور نفسي يا الانتحار,1,28,False
اني اتألم الم لا اقدر على ان اصفه اتألم من الوحدة اتألم من افكاري من وجع ذكرياتي اتألم لاني لم اعد قادرة على ان احيا,1,25,False
عاوزه طريق تاني لهروب غير الانتحار وغير انعزالي في أماكن خاليه وغير ان امسك جوالي 24 ساعه بدون ما اكلم حد عاوزه طرق لبعد عن أذى العالم,1,27,False
يؤلمني جسدي كثيراً في ظل انتظاري البائس أن يأتي يوماً جديداً يكون أفضل أنتظر هذا اليوم بشدة,1,17,False
واعطيت نفسي بوعد الانتحار طفح الكيل يالله اصبحت لا اسيطر على نفسي اسقط على الارض ابكي بقوه واصرخ يالله 💔,1,20,False
لو الانتحار كان حلال كان زماني دلوقت مستريحه من النبذ و الكتم و عدم الثقه في النفس و اضطراب الشخصية,1,20,False
ما اعرف كيف ابدأ كلامي ابدًا لكن انا تعرضت لإغتصاب وانا بعمر ال١٢ سنة ومحد عرف ابدًا كنت خايف خايف مره وخبّيت وافكر في الانتحار,1,25,False
لكل شخص يقرا كلامي انا بحاجة دعواتكم انا حزينة ويائسة وبائسة من الحياة الحياة انهكتني وقتلتني,1,16,False
كنت حاسه بالحزن اوي نحيتها بجد انا جربت ان حاسه الشم تروح من عندي مقدرتش استحمل يومين علي بعض و كنت علي وشك الانتحار,1,24,False
طب انا الوقتي لا ليا شغل ولا ليا ناس هكمل ازاي و الانتحار حرام و انا حتي جربته كتير بس ربنا برده مخدنيش عنده,1,24,False
شغاله ليل نهار تنميه بشريه وازود الثقه في نفس ده وانصح ده وانا دوافع الانتحار عندى على تكه👍🏻,1,18,False
فشلت بالدراسه فشلت بالحب فشلت اني اكون ابنه كويسه فشلت اني اكون كل شي حتى الانتحار فشلت فيه لاني جبانه,1,20,False
حلوه الأحلام والطموح الي عندي دي بس مش عايزاه ابهركم انا بفكر في الانتحار كل يوم,1,16,False
تراوح الأفكار مابين الإنتحار والموت تخشى نتيجة الأولى وتخشى تأخر الثانية لاتعلم أي شيء سوى أنك لاترغب بالعيش يومًا آخر,1,20,False
دكتور ما الحل مع الأفكار الانتحارية لدى المكتئب قبل فترة طويلة ترد لدي الأفكار الانتحراية كثيراً,1,16,False
إني مجبر على العيش لا أحب الحياة ولا أود الانتحار أشعر بالاكتئاب والألم والضجر القاتل 🖤,1,16,True
عارف لما نفسك ترتاح مش اكتر وانت عارف انك عمرك ما هترتاح فى الدنيا لانك جربت كل حاجه علشان ترتاح ومفيش فايدة,1,22,False
لو الانتحار مو حرام انتحرت وارتحت لان مافيه شيءٍ يستاهل ابقى عشانه بعد موت ابوي,1,15,False
و لا يفصل بيني وبين الانتحار سوى شعرة ايمان إن طارت في لحظة ضعف لفعلتها وتركت الدنيا بما فيها,1,19,False
علفكرة انا كذا مره افكر في الانتحار والله بس دايما بفكر في ربنا سبحانه وتعالى,1,15,False
عاجِزين حتَّى على الإنتِحار وقُبُول الحَياة هو قبول عَجزنا وخلاصنا المفْقود ولَكن لا أحَد قَادرٌ على إنقَاذ أحَد,1,18,False
اوف انا مش بس بنتحر بحق رقم قياسي ف الانتحار بنتحر ب اقل من دقيقه🏃🏼‍♀️,1,15,False
و لا يفصل بينِي وبين الانتحَار سوْى شعرة إيمَان إنْ طارت فِي لحظة ضعف لفعلتهَا وتركتْ الدُنيا بمَا فيهَا 🖤,1,20,False
انا معنديش لا اصحاب ولا اي حد خالص حتي اخواتي بعاد عني بس اوقات بحس ان كده كويس واوقات بحس اني عاجز وبفكر في الانتحار,1,25,False
اتمنى احب نفسي زي الناس منجد كم مره حاولت احب نفسي بس دايم اشوف عيوبي واحاول اعدلها واهتم مره لكلام الناس,1,21,False
الأفكار الإنتحارية عادت لرأسي من جديد منذ نصف ساعة تقريباً كنت على وشك الإنتهاء فشلت في النهاية وأنهمرت في البكاء,1,20,False
بجد والله انا بقالى فتره مش عارفه انا مين الشخص الى موجود دلوقتىً ده حد غريب اوي طول عمري حد رايق كده ومش بيهمني,1,24,False
فقدت الأمل في كل شيء لقد انطفأت روحي بشكلٍ تام هذه المره لم أعد أقدر على تحمل الصراع الداخلي في كل محاولات,1,22,False
الحاجة الوحيدة الي منعاني عن الانتحار و اني ارجع له بجانب انة حرام شعور اهلي لو حصلي حاجة,1,18,False
فكرة الانتحار مبقتش بتعدي عليا بس لا بقت شئ اساسي مستمر طول اليوم في عقلي,1,15,False
عارفين لما تكونوا على وشك الانتحار و حياتك كلها بايظة و اول ما تطلع بره أوضتك تحس ان مفيش حد حاس بيك خالص,1,23,False
أُعاني من إكتئاب حاد الأصدقاء يُعاتبوني وأمي تغضبُ مني لأن حالي يتدهور أما أنا فأُفكر كيف سأمر هذه اليلة,1,19,False
فكرة الانتحا ر عالقة براسي اربع و عشرين زق مع اني عارفة و عقلي عارف ان مافيه طريقة قريبة مني حاليا,1,21,False
اسبوع كامل من الكآبة و الجلوس وحدك بجميع الأوقات حرفيا لم تعد تستطيع التعبير عن نفسك و اصبحت أكثر هشاشة,1,20,False
فيه طريقة اعدم فيها نفسي من الوجود بدون ما انتحر لانه ربي ما حلل لي الانتحار,1,16,False
لدي رغبه كبيره في البكاء في الصراخ وحتى في الانتحار لكي اخرج كل هذا الضيق من صدري,1,17,False
افكار الانتحار من الطفوله تجيني لكن فيه فتره طويله قدرت اتحكم بهذه الافكار بس ماتوقعت انها كانت بس فتره,1,19,False
أنا من امبارح لا حاسة بطعم أكل ولا شرب ولا سجاير وبفكر جدياً في الانتحار,1,15,False
انا اصلا فكرت في الانتحار مرتين بس كان دايما الوازع الديني هو الي بيصدني ومؤمن باختيارات ربنا واتمنى الخلاص العاجل يارب,1,21,False
الحمدلله اني كل يوم بقاوم رغبتي ف الانتحار بس الي خايفه منو ان يجي يوم و مقدر اقاوم,1,18,False
رجعت تانى قلبي يوجعنى من الزعل وبدأت أفكر في الانتحار من تانى وخايفه فى يوم أضعف واعملها,1,17,False
كانت فكرة الانتحار تجذبني مثل صوت عندليب كان مقتنعًا بأنّ عناق الموت وحده هو الذي سيُهدِّئ من روعه,1,18,False
محاولات الانتحار بدأتها من ١٦ سنه وما فوق لين وقفت نهائيًا من نفسي بدون مساعدة أحد بعد فشل كل محاولاتي,1,20,False
بجد زهقت ومش طيقة نفسي ونفسي اموت انهرضة كان يوم وحش جدا كونت بدخل علي صفحات جوجل ادور علي طرق الانتحار,1,21,False
و لا يفصل بينِي وبين الانتحَار سوْى شعرة ايمَان إنْ طارت فِي لحظة ضعف لفعلتهَا وتركتْ الدُنيا بمَا فيهَا 🖤,1,20,False
ولا عارفين نذاكر ولا عارفين نعمل حاجه خالص وكل يوم قرار وحاجه تخلي الواحد يفكر كل يوم في الانتحار الف مره,1,21,False
انا في موت يجماعه لو الانتحار حلال انتحرت توني اكتشف اني مذاكره دروس غير الدروس تخيلو,1,16,False
في كل عامٍ في نفس الفترة تقريباً تأتيني أزمة اكتئاب حادة أقرر الإنتحار ثم يحدثني ذلك الصوت اللعين,1,18,True
يعني صحيت من الموت و الصداع رابط حبل الانتحار في راسي و الدخان￼ هو خلاصي,1,15,False
الواحد مرة خد جاله رغبة في الإنتحار مش تحاليل رفعت شوية لا كنت عايز أموت هل معناه إن أدوية الإكتئاب تساعد علي الانتحار,1,23,False
اتذكر ان سبب فكرة الانتحار كان اضطراب الاكتئاب الي عاش معي لسنتين متواصله الى الآن اجهل كيف جبت ارادة التخف منه,1,21,True
حرفيًا مو قادره احب ولا شي بالحياة تعبت من التفكير في الانتحار كل مره محاولاتي تفشل ليش الحياة تبغاني هالكثر,1,20,False
انهارده اول يوم من ايامي الي بقيت بحسها معدوده بصحي م النوم اكتب ف النوت بتاعتي تزايد رغبتي في الانتحار,1,20,False
مش يأس بس انا حاسه ان دا أخر أبديت لحياتى و إنها مش هيحصل فيها أى احداث حلوه تانى خلاص,1,20,False
الحمدلله الذي نجاني من الدخول في هذا الادمان كنت قد وصلت إلى مرحلة يأس شديدة,1,15,False
ربي لقد بذلت مابوسعي لئلّا انطفئ خذ بيدي إلى نجمٍ بعيد واغمرني بضوءٍ لا يخفت وهجه ولا ينكمش يعزّ عليّ هذا التعب,1,22,False
شخص مثلي دائماً يمنعه كبريائه ان يظهر بالمظهر الحزين كنت دائماً احرص على ظهوري بكامل الأناقه والأبتسامه حتى ولو الجوف مقهور,1,21,False
اصعب ما في الاكتئاب انك بتكون ساكت مش عارف تخطط لبكرا ولا عارف ترجع تصلح الي فات,1,17,True
إن الاكتئاب هن أبغضُ تجرُبة مرتُ بها على الإطلاق إنه انعدام تصور الشعور بالسعادة مرة أخرى وأيضاً غياب الأمل كُلي,1,20,True
اعتزلت اهلي و اصحابي قبل المرض كنت احب الجمعات و التجمعات و الضحك و الوناسة و لكن مع الاكتئاب لاسف كل ذلك مات في,1,24,True
احس الإكتئاب قضى على كل مشاعري احس اني امشي بدون مشاعر راسي فارغ ضايعه مكتئبه ماعرف اوصف الشعور,1,18,False
ثم بدأت اعراض الاكتئاب عندي و حقيقة لم اكن اعرفها في البداية بدأت اولاً بفقدان طعم الحياة و كأني انتظر هذا اليوم,1,22,True
و لطالما أحارب هذا الشعور من فترة طويلة و لكن لا زال يأتيني الا و هو الإكتئاب أشعر بفقدان الشغف و عدم وجود الهدف,1,24,False
الاكتئاب في البداية راح اتكلم عن اسباب اصابتي بهذا المرض حقيقة ما حصل لي من صدمات خلال سنوات,1,18,True
هو ازاي بتعرفوا تخطي الحزن الي جواكم وحالة الاكتئاب ممكن حد يقولي عن تجربه تخطي ازاي فترة اكتئابه,1,18,True
كنت خايفه من تعب الاكتئاب يرجع لي و اقعد اداري بنفسي لين ما جاتني كورونا رجعت تعبت,1,17,True
يالله شهر كامل ادعي مايرجع لي الاكتئاب ويبدو انه مابقي الا٢٠٪ ويرجع عليه بشكل كامل💔,1,15,True
والله محاربة الاكتئاب والو انيرجي صعبه خلصت كل الاغاني الي اعرفها والي ماعرفها وفتحت مقطع ٥٠ دقيقه ل2 يهرجون ولا فاد,1,21,True
قاعد اعيش كل درجات الاكتئاب من لما افتح عيوني تزداد تدريجياً لحد ما ارجع أنام صار النوم اشبه باستراحة محارب,1,20,True
حد يعرف دكتور نفسي كويس في طنطا اتحسن على ايده من الاكتئاب ومش مستغل ولا بياخد ارقام فلكية,1,18,True
الإكتئاب مؤلم بالبدايه كنت اعيش اعراضه وتعبت وتشخصت فعلاً عند طبيبة اكتئاب متوسط لم يصل لمرحلة الإكتئاب الحاد,1,18,True
حتى الآن لم يفهمني أحد لا أحد يعرفني على حقيقتي لطالما اعتقدت أني وجدت ذلك الشخص الذي يفهم الإنكسار خلف قوتي,1,21,False
لا أشعر بشيء جديد سوى الخذلان الاكتئاب أصبح رفيقًا لي في كل أيام الأسبوع السبعة أتصالح معه أحيانًا,1,18,True
بعد سنة ونص علاج من الاكتئاب و٣ محاولات فاشلة للانتحارالدكتور اكد لي النهارده اني وصلت المرحله الاخيره من الاكتئاب,1,19,True
اذا عدت السنه مارح ازعل لانه الاكتئاب كان ماكلني مدري شلون صمدت بس ابوي راح يزعل 😭,1,17,True
مود الإكتئاب المفاجئ الي بيظهرلك وانت بتظبط المنبه تاني ع مواعيد الشغل تاني أقذر إحساس ف الوجود 💔😔,1,18,False
ها انا وصلت لاقصى درجات اليأس والاكتئاب لاشي يشعرني بالسعاده لاشي يثير اهتمامي غيرها اريد الموت,1,16,True
إيه كمية الإكتئاب إلي بتيجي لواحد بعد رمضان دي أستغفر اله العظيم الواحد ملوش مزاج لأي حاجه خالص 😔,1,19,False
دي ادوية الاكتئاب الي باخدها بقالي شهورمعاناه مع الاعراض ومع الامل انها ممكن تصلح حاجه و تساعدني,1,17,True
قاعده اموت من الاكتئاب والدموع من ثلاث ايام وذا يقول عاديه اجل لو رحت لطبيب شسوي فيه,1,17,True
إنه الاكتئاب الاكتئاب الخام الذي يمكن أن تذيب منه قطعًا في مياه الشرب لتجعل أمة من البشر تقرر الانتحار,1,19,True
انا محزنتش وتعبت ف حياتي زي ماتعبت السنادي مريت بحاجات فوق طاقتي وعرفت معني الاكتئاب الي بجد ومعني انك تكون مطفي,1,21,True
وذاك اليوم اقول فترة الظهر خلاص ليش ما اصارح نفسي ان الاكتئاب فيني موجود بكل وقت,1,16,True
خايفة من فكرة الاكتئاب مو قادرة ارجع شغفي بالأشياء الي أحبها مو قادرة أسوي شيء غير إني أصيح أكره اشوفني ضعيفة بس,1,22,True
بقيت بحارب الاكتئاب بانى مانع نفسى من التفكير كأنى ملاحظ عمال واقف وسط خلايا مخى بعصايه وبديهم مهمات عشوائية,1,19,True
احاول قد ماقدر اني ماوصل لمرحلة الاكتئاب احاول اني انتشل نفسي من هالظلمه بس يرجعوني لها غصب,1,17,True
لا أخفي عليكم ولكن من السنة الماضية وأنا عايشة بحالة ضياع مش لاقية حالي وبستنا ما بعرف شو كنت أستنى اكتئاب,1,21,True
مفيش حاجة اسوء من الاكتئاب خصوصا لما يكون مزمن وبيجي علي فترات تخيلي تبقي قاعدة بتضحكي وتهزري وتهاجمك نوبة اكتئاب,1,20,True
مش انتي لوحدك بس الفرق بيني وبينك ان انا ممكن اضحك عادي في وسط الاكتئاب😂🤦💔,1,15,True
كنت فاقد الشغف ماعنديش دافع مع ان عندى دوافع دماغى كانت رافضة اى فكرة تغير مع انها سحلانى فى فكرة التغير الاكتئاب,1,22,True
كيف راح اقضي هالنهار الكئيب مره مو عاجبني نظام نومي بس مضطره مع انه زاد الاكتئاب عليّ,1,17,True
بتيجي تحاول تخرج من الاكتئاب والتعب الي انت فيه تلاقي مليون حاجه حواليك تحصل تدخلك فيه أكتر,1,17,True
تضايق لما تشوف كل الي بعمرك مستانسين وعايشين حياتهم وانت واقع بعمق الأكتئاب ومجبور تجامل كل شيء انك بخير وانت ابداً عكس الجواب هذا,1,24,False
بتكلم مع واحد زميلي من شوية علي موضوع الانتحار وليه الانسان ميقتلش نفسه ويرتاح وليه ربنا حرم الانتحار,1,18,False
بيني وبين الانتحار شعره تكفى ادعيلي لاحول ولا قوة إلا بالله أدعو لها يابشر 😭,1,15,False
أنا انتحرت والانتحار مش إنك تموت الانتحار إنك تبقى مش عارف تقاوم مش عارف تكمل مش عارف تاخد قرار,1,19,False
وفقدت الأمل في كل شيء لقد انطفأت روحي بشكل تام هذه المره لم أعد أقدر على تحمل الصراع الداخلي في كل محاولات,1,22,False
أعاني من اكتئاب حاد الأصدقاء يعاتبوني على ابتعادي والكثير يغضب لأن حالتي يتدهور أما أنا فأفكر في الانتحار,1,18,True
فكره الانتحار تراودني لكني اخاف على امي وش الحل — تعوذ من ابليس والجأ لي دكتور,1,16,False
انا ميته روحي مدمره من اشياء كثير اتمنى اعيش بسلام بدون مشاكل وبدون امراض نفسيه لكن هذا الشي ماراح يتحق بحياتي,1,21,False
اكبر صدمات حياتي بسبب شخص اكبر حاجه غيرت مسار حياتي بسبب نفس الشخص اكتر فترة جالي فيها امراض نفسيه و عصبيه,1,21,False
يوجع الشعور الي ودي اصرخ بكل مافيني لكن مابي أحد يسمعني و ودي أبكي بكل حرقه لكن مابي احد يشوف دموعي و ودي ابلع غصتي,1,25,False
لم تكن أول مرةٍ أبكي فيها ولكني بكيت بشكل مفرط ولم أستطع التوقف بدت دموعي كأنها لا تنتهي شعرتُ أني فقدتُ شيئ,1,22,False
أنا ضِد البُكاءَ يَالّٰه لكنِي أبكِي لأنَ حجمَ الحِزن الذيْ سَكن بِداخلي أكبِر مِنْ أن أتحَملهُ,1,16,False
اصبحت احب الصمت حتى مع اصدقائي اخفي حزني وراء ابتسامتي اشعر بالوحده في كل مكان اطلب من أمي أن تغمرني بحنانها,1,21,False
أكرهكَ لأنَك جعلتني أبكي بصوتٍ خفي خوفاً من أن يسمعني شامت لطالما كُنتُ أرد له أنك مختلِف,1,17,False
وإياك أن تنخدع بمظهري وثباتي هذا أتعلم ياصديقي ولا أُخفي عليك إن الحزن يأكل قلبي طوال الوقت الخوف يبتلعني,1,19,False
الله ياخذ دموعي ترى تعبت على الايلاينر مدري ليه ابكي على ناس ما تستاهل حلفت ما تنزل دمعتي,1,18,False
تعبانه تعب مو طبيعي وحرفيا مو قادره بس ابكي ودي اختفي عن الدنيا الزفت ذي,1,15,False
انا احب ابكي قبل لا أنام صدق اذا تزوجت كيف اخذ راحتي وابكى تو افكر فيها,1,16,False
ودي ابكي و ابكي و ابكي لين تخلص الدموع بس ما في شي بجيب فايده يارب تفرجها عليهم,1,18,False
يارب ابكي يارب ابكي يارب ابكي ابي ابكي يمكن ارتاح وش ذا الجمود المقرف ابي اتنفس اذا ماقدر اتكلم ابكي ع الاقل,1,22,False
اي والله أني حزين وخاطري ضايق اعامل الناس بالبسمه وانا ابكي لي مدةٍ ماني ب سالي ول محتاج أشكي ولكن ما أقدر أشكي,1,23,False
بجانبي حين كنت أبكي قبل نومي عيناي أوجعتني ذبلت ملامحِي حتى تمنيت ألموت حتى نبضات قلبي لم تعد مُنتظمة أصبحت تألم,1,21,False
بعد موت زوجي حبيبي انا لم أعد قوية أصبحت أبكي من كل شي وأشياء بسطيه قد تحزني لا أدري لماذا لربما عندما فقدتك فقدت,1,24,False
هذا غريب حقا ينتابني هذه الايام شعورٌ غريب لا اعلم كيف ابكي لقد اصبحت عادة عندي لفتره طويلة ارغب بالبكاء,1,20,False
اردتُ دائماً ان اصرخ بكل مالدي من قوه ان ابكي لاخرج كل ذلك الالم المكتُوم داخلي,1,16,False
نفسي اشكي لين مايبقى هموم ونفسي ابكي لين مايبقى دموع ونفسي احكي لين مايبقى كلام,1,15,False
بدون اي مبالغة من كثر ما اكتم مشاعري وعصبيتي ودموعي تعودت هالشي وماصرت اقدر ابكي ف مشاعركم ودموعكم طلعوها بوقتها قبل لا تبلد المشاعر,1,24,False
فاليومَ أبكي على ما فاتني أسفًا وهل يُفيد بكاءٌ حين أبكيهِ واحَسرَتاهُ لعمرٍ ضاع أكثَرُه والويلُ إن كان باقِيهِ كماضيهِ,1,20,False
يالله صدمه فيني بكي بس مابي ابكي اول مره اجرب شعور أن شخصك المقرب هو الحيه الي تلدغك من تحت ل تحت💔,1,22,False
ابكي على حال بلادي وتعز علي أحزانها يا عناية الله المشددة التفي حول وطني بسم اله على فلسطين حتى يطمئن فؤادها 🇵🇸🥺 •❥,1,23,False
اكثر حلم حلمته من سبوعين تقريبا ولحين اتذكره يا الله لدرجه صحيت عيوني متورمه لان بالحلم ابكي مو متخيله,1,19,False
فيني كلام واجد على صدري فيني شعور محد بيفهمه وفيني دموع وعاجز اني ابكي فيني حزن كاتمه ولا اشكي,1,19,False
جدا از استدلال آبکی دوستان عزیز به سخره گرفتن به معنای به بیگاری گرفتن است یا بی مزد از کسی کار کشیدن است ک,1,24,False
أتيت على بالي وانهمرت دموعي لقد مر على فراقنا ايامً عديده اقول باني نسيتك لكن يبدوا بإني كاذبه ابكي عليك,1,20,False
انا ضد البكاء ولكني ابكي لأن حجم الحزن الذي سكن بداخلي اكبر من ان اتحمله ابكي لأني اصبحت اجهل كيف باستطاعة المرء ان يفر من المه وقلقه,1,27,False
ما توقعت ابكي لكني بكيت واذا بكيت فمنجد انا قاعده انهار الله يكون بالعون بس,1,15,False
ابغا ابكي وابكي وابكي لين ارتاح بس مافي راحه لان مافي شخص يمسكني بعد الانهيار بنهار وحدي واقوم واحس مسؤوليه والله,1,21,False
حاس بخنقه كبيره و ٢٤ ساعة عايز ابكي قلبي تقيل اوي واحساس العجز والغضب متملكني,1,15,False
قاعده امر بانهيار عاطفي وقافله علي الباب ويندق الباب قومي سوي قهوه طيب قاعده ابكي مسحت دموعي وقمت سويت قهوة,1,20,False
أقسم بالله وبمن أحل القسم انا بهم وكربه وضيق الناس فرحانه بلعيد واحنا من الخوف والقلق ما بننام,1,18,False
متعبة نفسيا لحد أني أشعر بالتعب الجسدي أود البكاء مثل ماكنت ابكي سابقا أود البكاء بشده ولكني لست قادره من شدة التعب,1,22,False
فعلا ضيقة واكتئاب وضغوطات وهوشات وحاليا ابكي واسكت 💔 تعبت من كثر ماكبت الغضب والزعل تعبت,1,16,True
احتاج الى غريب اشكي و ابكي لهُ ما مزق صدري و يمضي عني غريباً لا يلوم ولا يعتب,1,18,False
احس ودي انسى اخر سنه وسبع شهور مرت اليوم بكيت بكيت لين نمت ولما صحيت كملت بكي شي يقهر لما ابكي على شي مو بيدي شي ودي اغيره بس مو بيدي,1,31,False
ما زلت ذلك الطفل الذي يراقب الأشياء التي توجع قلبه وينظر إليها نظرة حزن شديد بدموع تستجدي عطف أي عابر,1,20,False
لم تكن أول مرةٍ أبكي فيها ولكني بكيت بشكل مفرط ولم أستطع التوقف بدت دموعي كأنها لا تنتهي شعرتُ أني فقدتُ شيئاً,1,22,False
محتاجة شخص من البشر الاقيه في اي مكان واقعد احكي ليه و ابكي لمن اقول بس,1,16,False
كتمه توتر ضيق تنفس وابي ابكي بس مافي وقت الله ييسرها بس وتمر بسرعه ونتيجه كويسه,1,16,False
بنات مو معقوله اني حساسه بزياده ابكي بس ابكي ع اتفه الأسباب كيف ما اصير حساسه مين عندها خلطه ضد الحساسية المفرطه,1,22,False
ها هو قد مرّ شهر كالمر لم أكن بخير أبدًا أبكي كل يوم كبكائي حين رأيتك,1,16,False
أجبرتني دموعي أن أكتب أجبرتني همومي أن أبكي ويجبرني قلبي أن أفكر ويجبرني التفكير أن أتألم,1,16,False
اخر سنتين في حياتي تعبت كثير انصدمت انكسرت وقمت عشت أشياء وانا ساكته مرت وماحد يدري ابكي باليل اصحى الصبح,1,20,False
اعيش وحيداً دائماً في مثل هذه الأوقات أُمحى من الوجود تماماً عند الغضب ابكي غالباً دون معرفتهم بربكم اين هو الحب الذين تزعمون به,1,24,False
لا احد يعرف عن اوجاعي ابكي في صمت واتالم في صمت و اصرخ في صمت اعاني المزاجية مصابة بلعنه التفاصيل ولحظات الحزن الخافيه,1,23,False
قاعده ابكي شفت صوري بداية 2018 كان شعري حلو وبشرتي حتى عيوني فيها لمعه لاني وقتها كنت مرتاحه نفسيا 😭,1,20,False
فيني كلام واحد على صدري فيني شعور محد بيفهمه وفيني دموع وعاجز اني ابكي فيني حزن كاتمه ولا اشكي,1,19,False
ما اعرف وش سب ضغفي ذي الايام بس كل شي صار يضايقني اتفه الاسباب تخليني ابكي وتخرب يومي كامل,1,19,False
في بنت بتفكرني بنفسي من ٦سنين كده ومش عارفه ابكي علي حالي ولا علي حالها,1,15,False
نفسيتي أسف جدًا لأني لم أكون بخير كما عاهدتُك أسف جدًا لأني لم أكون أستطيع أن أكون أنا لا أبكِيَ شوقاً,1,21,False
نمت صحيت فجأه لقيت حالي مو كويس ومتألمه وجسمي يرجف وم فيني اصحي اهلي اروح المشفى ويدوبك اقدر اتقلب وما اقدر امشي خرا والله خرا قاعده ابكي,1,27,False
أبغا أنام لكن مو قادرة أنام من كثر مو زعلانة وقلبي يعورني بنفس الوقت أبغا أشوف شي يطلع طاقتي السلبية,1,20,False
يالله كنت من قبل امس وانا مخنوقة الى اليوم صحيت ابكي وطلعت كل البكا والدموع واقول مافي شيء مضايقني الحمد لله,1,21,False
حين يأخذني الحنين لوراء لا أعلم هل أبتسم لأن الذكريات جميلة ام أبكي لأن الماضي لن يعود 💔,1,18,False
أبكى قهرا ولكن ليس على أهل غزة فهم فازوا بجنات النعيم أبكى قهرا على عجزنا فلسطين حره,1,17,False
أتذكر بعدما ماتت أمي اله يرحمها كل الي حولي كانوا يسكتوني عندما أبكي بعدها أصبت بالاكتئاب,1,16,True
بكيتُ وهل بكاءُ القلبِ يجدي فِراق أحبّتي وحنينُ وجدي فما معنى الحياةَ إذا افترقنا وهل يُجدي النحيب فلستُ أدري,1,19,False
أبكي من العزلة و من الحياة من الكتف الذي لن أستطيع امتلاكه أبداً الأشياء التي حلمت بها و تلك التي فكرت بها و ما تمّ نسيانه بداخلي,1,27,False
فاليَوم أبكي على مافاتني اسفاً وهل يُفيد بُكائي حِين أبكيه واحسرتاه لِ عمرً ضاع أكثر والويل إن كَان باقيه كَ ماضيه,1,21,False
أحن إلى أبي في كل موقف عصيب أمر به في كل شيء أبكي كطفله صغيره قائلة ماذا لو كنت هنا يا أبي أفتقدك حقًا اليوم وكل يوم,1,27,False
ياربَ قد أبكي سراً وقد أبتسم جهراً قد أدّعي إني بألف خير وأنت وحدكَ تعلم ما يؤلمني وما يرهقني وما أريد فخفف عني,1,23,False
العجز و قلة الحيلة غلبوني بقيت اخاف اقول لحد بحبك او متخافش او انا جنبك عشان عارفة ان هيجي يوم ضعفي و خوفي يغلبوني,1,24,False
أني أخترت الطريق الخطأ أرهقتني الوحدة يا اله لا أقصد أني بلا أصدقاء لكني لا أجيد التعبير عما يحدث بداخلي,1,20,False
حاسة اني مش محترمة وانا بواين والله والدنيا بتولع بس انا اسفة الوحدة صعبة ومش هواين تاني وشكرا,1,18,False
أنا مو موجودة غارقة في الوحدة أحب دائمآ بقوة ولا يعود لي هذا الحب بالمقابل 😔💔,1,16,False
اكبر ضرر سببته لي الاباحية هو الرهاب الاجتماعي هذا الي اعدم حياتي بدون مبالغه هذا غير الاضرار الثانيه لكن هذا الاكبر,1,21,False
رتويت اله يسعدك احتاج طرق لتخلص من الرهاب الاجتماعي ابي ازيد ثقتي بنفسي كيف الله يسعدكم 🤍,1,17,False
أعاني من رهاب اجتماعي من زمان هل سورة البقرة تشفي من الرهاب بفضل اله ابي قص لناس تشافوا من الرهاب,1,20,False
اخوي جزاك الله خير مكن تسأل المتابعين احتاج طبيب يعالج الرهاب الاجتماعي عن تجربه وشكرا,1,15,False
🔖من الخاص السلام عليكم كل عام وانت بخير مكن تطرح سؤالي وين افضل دكتور يعالج الرهاب الاجتماعي عن تجربه جزاكم ا,1,21,False
لما يجو ضيوف متطفلين ويدخلوا غرفتك بدون استأذان ويبدأ شغل الرهاب الاجتماعي وسواس النظافه 🥲,1,15,False
جيت أوزع الشاهي عالضيوف وجتني دوخة فجأة من الخوف وطاح الترمس والبيالات من الصحن بسب الرهاب الاجتماعي,1,17,False
حقيقي الأحداث الفلسطينية قاعدة ترجع لي الرهاب والوسواس 💔 بس ما اقدر اتغاضى لازم اشوف وانزل عندي اش اسوي 😭,1,20,False
قبل شوي جونا ضيوف وانا داخله متحمسه متكشخه واول ماجلست انربط لساني وتوترت ولاعرفت اصب قهوه الله يلعن الرهاب بس,1,20,False
الله يعيني على الرهاب الاجتماعي بالعيد والزيارات واله ان ماودي الله يعدي هاليوم على خير,1,15,False
واله العظيم الرهاب الاجتماعي الي فيني مو مخليني اعيد على صحباتي واقاربي شسوي يا ناس,1,15,False
انا جداً خايف ان هالعيد يكون فيه ناس مو زي العيد الي فات لاني ماتحمل صرت ارجف ويجيني ضيق تنفس من بعد الحجر لانه زاد الرهاب,1,26,False
صورة لي تجمعني بأقرب الأصدقاء ❤️ الأكتئاب و الهَلع و الرهاب الأجتماعي والتوتر و القَلق و التفكير الذين لا يفارقوني,1,20,False
اهلي هم السب الوحيد لامراضي النفسيه مثل الرهاب الاجتماعي واضطراب مابعد الصدمه الاشخاص الي المفروض يكونون مصدر الدعم,1,18,False
كيف كسرتي الرهاب الاجتماعي بليز احس حياتي متوقفه وانا انسانه طموحه ابغى اكمل دراستي بعد الجامعه,1,16,False
دكتور كيف علاج الرهاب الاجتماعي الخفيف مثل اذهب لحضور الجمعات لاكن احس فيه حيا شوي خاصه البدايه,1,17,False
انا الي ماكنت انام باليل عشان انام بالمدرسه وبكذا اخف من الرهاب والتوتر ويطلع شكلي من برا كول وانا بالحقيقه منبوذ,1,21,False
🇸🇦 مﻧ الخاص 📩 زوجى يعاني من الرهاب الاجتماعي مكن تدلونى على دكتور نفسي كويس بالمدينه,1,16,False
انا اخذت بروزاك مدية طويلك وقفته وماجاني ادمان ولا شي اصلا سالفة يسب ادمان ذي خرافة — ايه البروزاك مايسب ادمان,1,21,False
البروزاك حقي اختفى من مكانه وبعد جلطتين وتحضير لبرزنتيشن عن ليش آخذه حصلته طايح ورا الدولاب,1,16,False
كنت تعبان والموضوع قالب بصداع جامد ف وانا بكشف النهاردة الدكتور كتبلى مضادات اكتئاب مع العلاج ال هو لدرجادى باين عليا يدكتور,1,22,True
دكتور انا استخدم دواء لوسترال جرعة 50 ملغم ثلاث حبات باليوم واستخدم بعد دواء أدازيو حبة قبل النوم,1,18,False
سلام عليكم انا استخدم دواء مضاد لاكتئاب اسم المادة العلمية سيرترالين الدواء اسمه لوسترال جرعة 150 ملغم,1,17,True
سلام عليكم دكتور كل عام وانت بخير وصحه وسلامه سوال عند علا ج اسمه لوسترال مافايدته ومضاره لاهنت,1,18,False
٢رغم استخدامي لحبوب ماتغير ولا شي والاعراض مستمره وصرف لي دكتور النفسيه حبوب لوسترال مضاد لقلق منذو ار,1,18,False
دكتور انا بالكويت واخذت لي مجموعه من حبوب لوسترال لحين تواجدي مره ثانيه بالسعوديه واخذ موعد بالعياده,1,17,False
السلام عليكم وصفت لي حبوب لوسترال وانا متزوجه هل لو احمل اتركهم لكي لاثؤثر ع الجنين والحمل,1,17,False
ربي هُناك ضيقه أتعبتني و أبكتني أرح قلبي و فرج همي و أبعد عني ما يؤلمني الهم قد بلغت من الهم و الحزن حد السماء يسر لي أمري يارب,1,29,False
زعلانه على نفسي حيل من كثر ماني زعلانه وصلت اني ابكي مابي اطيح من عين شخص غالي بالنسبه لي,1,19,False
يعني ف الايام الحلوه ابكي و الايام الشينه برضو ابكي ي رب اقدر اسوي كنترول لدموعي ف المواقف 😂🚶🏻‍♀️,1,19,False
شعور الي ودي ابكي وافرغ الي بداخلي بالبكاء اصعب شعور وابشع شعور انك تبكي على الصامت,1,16,False
ابي ابكي بس حتى البكاء م يفيد لانها حياتي م تغير غير اني اتعب نفسي,1,15,False
ما غير اشوف صورك و ابكي و اشتاق ل احلى ليالينا و ضحكاتنا مع بعض😣🥺,1,15,False
ها أن وحدي و الحزن يقطعني لا انت تدري ماذا جرى لي و ابكي على جميع اخطائي,1,17,False
أقسم باله وبمن أحل القسم انا بهم وكربه وضيق والله يعلم بحالنا الناس فرحانه بلعيد واحنا من الخوف والقلق الخ,1,20,False
جاتني دوخه وكتمه وخفقان وانا ماسكه سرا عشان طلبي لو ينفع يتركوني على جنب أبكي,1,15,False
اذكر وحده تنمرت علي قعدت ليلتها ابكي بصراحه مو عن اني حساسه بس كلامها جاء على الجرح يعني عايرتني,1,19,False
بالعيد قعدت ساعه اقنع عمي لما اقص شعري عشان اغير نفسيتي وتصير حلوه ومن بعدها وانا ابكي فوق المرتين باليوم,1,20,False
ياربي تعتبت تعبت احس بكتمه فضيعه وخنقه وكلشي ماني قادره اخلص الي علي واحس تعبت اقسم بالله مستقبلي قاعد يضيع,1,20,False
أكره الوجُع البارد الي صاير فيني الي مَا يخليني لا أبكي و لا أفضفض بس كذا أتعب و أشيل حرقة قلبّي و أضحك و أسكت و أنام,1,27,False
حتي طعامي المفضل لم يعد يسب لي البهجة ولا المشي تحت المطر ولا سماع أغنية أحبها و لا المشاعر المؤقته لا شئ يعجبني أريد أن أبكي,1,26,False
خذلاني لم أتوقع يوما أن أخذل بهاذا الشكل أشعر بشعور سيئة لغاية ربما كان من الأفضل الفراق لكن لم ابكي يوما مثلما بكيت تلك اليوم,1,25,False
ضيقه بصدري مو طبيعيه و اكتئاب و أحس كلشي اجتمع علي لدرجه ابكي و انا اكتب و ما اعرف أساساً ليش ابكي,1,22,True
اخاف تجي ذيك الحظه الي كل الناس تقدر تشوف الي بداخلي بيقول ذي كيف عايشه كيف متحمله اخاف يجي يوم من الايام,1,22,False
اعاني من القلق والاكتئاب من و انا صغيرة ومعرفتش غير لما كبرت ورحت لطبيب نفسي,1,15,True
صارلي ايام اعاني واحس بتعب وجنت مكتأبة واحس الضغوطات النفسة اتجاوزتني بس اليوم شفت امي فخورة بية وتحجي وعيونها تحجي,1,20,False
اللهم أبعد عني كل ضيق اشعر به و كل ما يشغل بالي يارب ارح قلبي و فكري و ارزقني سعاده لا تنتهي🤲🏻,1,22,False
موت الأب ليس توقف نبض فقط بل توقف حياة گاملة توقف سعادة توقف امان رحل فقيدي ولگن مازال في قلبي ينبض ويعيش الله,1,23,False
يمر علينا بعض الليالي الطويلة المحملة بالألم فتشغلنا كثيرا وتنسينا ليالي جميلة فيها سعادة وأمل,1,15,False
اشتقت ل شخصيتي القديمة جداً كنت شخص سعيد ونشيط متفائل يرى الجمال في كل شيء حوله عنده أمل ودافع يحب نفسه,1,21,False
أنا وحشتني شخصيتي القديمة أوي كنت شخص سعيد و نشيط متفائل شايف الجمال في كل حاجه حواليا عنده أمل ودافع بيحب نفسة لكن دلوقتي اكتئاب,1,25,True
أنا بجد محتاجة إيمان اللي بتحب الحياة وكانت أكتر شخص متفائل ع سطح الكوكب حقيقي محتاجاها 🥺,1,17,False
عارفين لما الواحد يكون متفائل بس حاسس بيأس لدرجة مش طبيعية وحاسس إنه النهاية حلوة بس مش متأكد,1,18,False
التذكير ب شي يضايقني نفسيا وانا احاول اكون متفائل و مرح كذا انا انعزل افضل و اكون مرح لنفسي فقط 🙂,1,21,False
مع كل لحظه وفاه تمرني يتجدد جرح قلبي وكاني فقدتك ب الامس م اعتقد هالقلب له فرصه يعيش لحظه سعيده بدونك 💔,1,22,False
الاسباب اللي تخليني مالجأ لقتل نفسي هي تخنقني لا اني اموت وارتاح من ذا اليأس ولا اني اعيش باقي حياتي سعيدة,1,21,False
حياتي خاليه من الحب جافه قاسيه بدون اهتمام بدون سوال بدون خوف فارغه من الحنان فراغ كبير وكاني لقيطه وش ينقصني عشان احب,1,23,False
يقلقني أن ثمة شيئًا محطمًا في جيلنا ثمة الكثير من العيون الحزينة في وجوه سعيدة,1,15,False
ليش دايما يلازمني شعور ان ايامي سيئه وممله مهما كانت فيها فعاليات ماقدر اتفاعل مع الي حولي وانبسط ودايما احسني مو سعيدة,1,22,False
زي النهارده من سنتين كنت اسعد انسان في الكون كله كنت راجع ببكي من الفرحه زي النهارده من سنتين كانت اخر مره افرح,1,23,False
لا يوجد سبب منطقى للإنجاب حتى لو وفرت لطفلك حياة سعيدة لن يسلم من الأشياء التى يعيشها جميع البشر الموت المرض,1,21,False
أخاف أن يفنى بنا العمر ونحن نتخيّل الأشياء على أمل أن تحدث ولا تحدث 💛,1,15,False
وكم من لحظة قتلت فينا ألف أمل وألف رغبة وألف ألف حلم گم نحن ضعفاء أمام اللحظات التي لا تمر ب سْلام,1,22,False
أشعر بالملل ببرودة الأيام فقدت رغبتي بقراءة الكتب بمشاهدة الأفلام والكتابة لا أود التواصل مع أحد ولا أشعر بأي رغبة في الحياة,1,22,False
انا لوحدي ومعنتش قادر اسيطر بالكدب ع نفسيتي اني كويس وفرحان وحياتي جميله انا تعبت انا ماستهلش الاذي النفسي ده,1,20,False
اوحش حاجه بجد انك تبقى لوحدك بتفكر لوحدك بتظبط كل حاجه لوحدك لما بتتعب بتبقى لوحدك و انت فرحان او مضايقك لوحدك,1,22,False
انا حاسس اني تايه مش كويس ولا مبسوط مبقاش عندي شغف لأي حاجه حاسس ان في حاجه ناقصاني واني حابب اكون لوحدي,1,22,False
إحساس وحش أووي لما يبقي كل حاجه جواك بتصرخ من الوجع و الصداع الداخلي و الزحمه و لازم تبان قدام الكل إنك مبسوط و مفيش فيك أى حاجه,1,28,False
اكتشفت اني معنديش حد اروحله وانا مبسوط او حتي اروحله وانا زعلان شكلي كده ماليش حد أصلا وحيد,1,18,False
انا بقيت حاسس بضغط نفسي من اقل حاجه ومن اقل مجهود ديما نفسي غامه عليا وضربات قلبي سريعه حاسس ان وجودي عل قيد الحياه تقيل,1,25,False
الواحد بس مش بيدايقه غير انه مبيلحقش يفرح احساس الفرحه الناقصه دايما دا مرهق جدا والله,1,16,False
عارف اما تحس ان حظك معدوم اسمك مشطوب من الحياه فتبقى عايز تلعن اليوم اللي اتولدت فيه,1,17,False
حتى طعامي المفضل لم يعد يسبب لي البهجه ولا المشي تحت المطر ولا سماع اغنيه احبها ولا المشاعر لا شيء يعجبني أريد أن أبكي,1,24,False
لم تكن أول مرةٍ أبكي فيها ولكنني بكيت بشكل مفرط ولم أستطع التوقف بدت دموعي كأنها لا تنتهي شعرتُ أنني فقدتُ شيئاً,1,22,False
مؤلم جداً حين ابكي ولا احد يسمع بكائي ابتسم رغم دموعي التي تنهش عيني اواسي من حولي رغم ان بداخلي مدينة مُدمرة,1,22,False
والله اكتشفت ٢ من صديقاتي يعانين من الاكتئاب من خلال ملامحهم شئ مرعب وجه مطفي حتى في عز الضحك لازلت ارى ملامح باكيه خلف الاقنعه,1,25,True
إن الاكتئاب هو أبغض تجربة مررت بها على الإطلاق إنه انعدام تصور الشعور بالسعادة مره أخرى وأيضاً غياب الأمل كلياً وإنه الشعور بالموت،و إنه تماماً عن الشعور بالحزن,1,28,True
انها الواحده بعد منتصف الليل ً بتوقيت العالم. والخيبة اللامنتهية بتوقيت القلب.. إنها الساعة التي نصلُ فيها مثقلين من التعب إلى زنزانة السرير، وأنين الحائط، خالعين فيها جُل أقنعتنا التي اعتريناها في هذا اليوم.,1,34,False
اقصي مراحل الحزن انك بتكون ملكش نفس تشتكي مش عايز مساعدة من حد مش عايز تتكلم مع حد ومش مستني حد يكلمك ولا حد فكراك أساساً عندك كلام كتير يتقال بس مش حاسس انك محتاج تقوله عشان عارف انه مش هيفرق و مش هيتفهم كل الي محتاجه انك تفضل ساكت و في حالك وبس…,1,54,False
"حتى طعامي المُفضل لم يعد يسبب لي البهجة ولا مشاهدة فيلمي المفضل ولا سماع اغنية أحبها ولا المشاعر المؤقته "" لا شيء يعجبني، أريد أن ابكي",1,26,False
ياريت لو في دواء يغير المزاج و يجيب السعادة لمه يجيني اكتئاب اكره حياتي و افكر بالموت و اسلم امري ل الله,1,22,True
ضاقتُ بِي الحياةً ولا ادرِي الى ايِنُ اذهُب اضلمت طرقاتِي واضللت طريق العوده، واغلقتُ الأبواب في نهايهً طريقِي.,1,18,False
وكنت أحاول رغم أن محاولاتي تؤذيني حتى باتت كل محاولاتي إنكسارات، قد تظن أنني لا أشعر ولا أبالي للأمر، وأنا في الحقيقة قد هزلت من الصمت,1,26,False
شعور بداخلي يعدم رغبه الحياه مابين اني بخير ومابين اني ميته لا اعلم من انا وماذا اريد وهل هذا شي حقيقي ومتى ينتهي,1,23,False
عندما أُصبتُ بالاكتئابِ ،وتغيَّرتْ نفسيَّتي : قالتْ أمّي : إنّه حسدٌ قال الطّبيب : إنّه مرضٌ قال رجلُ الدّين : إنّه الشّيطان وأنا الوحيدةُ الّتي كنتُ أعلمُ أنّه أنت..!,1,29,True
في أشد لحظات حزني لم أصرخ، لم تكن مشكلتي في إنني وحيد ولا أحد معي في هذا الحزن، كنت أفكر في أمرٍ واحد، كيف سأقضي ما تبقى من عمري بكل هذا الخراب في قلبي.,1,34,False
شعرت أَنني وحدي تمامًا، وكأَنني آخر منْ بقي حيًا على الأرض، لا أستطيع وصف شعور الوحدة التامة هذهِ، أردتُ فقط أنْ أتبخر في الجو ولا أفكرَ في أي شيء,1,29,False
"لو أنَّني أعرفُ كلمةً أعمقُ من كلمةِ .. ""انطفأتُ"".. لقلتهآ , أنا لم أشعُر من قبلُ بِانطِفآءِ رُوحي مثلمآ أشعُرُ بهآ الآن",1,22,False
أُريد أن أذوب، أن تمتصّني التُربة وأكون للأمم منفى، أو أن أُلقى في محيطٍ وأتحلل وأكون للأمواجِ ملحًا، أريد أن أُوجد بأي هيئةٍ، إلا أن أكون بشرًا تلفظهُ أحشاؤه، ولا ينتمي لا لبلدٍ ولا لدارٍ ولا لقلبٍ، ولا يعرف سوى الغيوم سقفًا,1,42,False
بطريقةٍ ما، كنت أمهد لرحيلي.. ذلك الذي لن أعود منه حتى ينفخ ثلاثًا، لذلك كان حديثي قليل، ذكرياتي قليلة، لم أرد أن أترك أثرًا يؤلم من سيبقى خلفي,1,28,False
دائمًا ما أتساءل عن حجم الأسى الذي أشعر به على نفسي جراء الخيبات التي خضتها في حياتي إلى الآن، وإلى أي حد من القسوة كانت لتجعلني شخصًا مترددًا هكذا.. لا يخوض المحاولات، لا يشارك بأي معركة، ويتقبل فكرة الخسارة، شخص يجيد ترك كل شيء على حاله.. بفوضوية.. ويهرب!,1,48,False
أنا هادئ، هذا ما يبدو، ولَكِنّي لست كذلك حَقيقةً، مُفرِط في القَلق، أقلَق مِمّا أعرِف، ومِمّا لا أعرِف، وفي رَأسي تَدور ألف فِكرة، ألف سؤال، إلى ما لا نِهاية,1,29,False
ومدى الألم الذي يسكن في روحي الهشة، وأن لا يرى أحد منهم معنى وحقيقة الوجع، إلا إنني اتألم دائمًا لإنني أحاول كثيرًا ولم تنجح في يومٍ من الأيام كل المحاولات التي قمت بها .,1,34,False
بالرغم من كل الجراح التي تسكن في قلبي، وفي الجزء الضئيل الذي أشعر به تجاه الذين من حولي، بالرغم من أنني أحاول كثيرًا أن أخرج للعالم بوجه يليق بي، ليس بالوجه الحزين، ولا أظهر لهم مدى هشاشه مشاعري,1,38,False
هل تعرف ماذا يعني أن يكون الأنسان من الداخل مُكتئبًا ومن الخارج بشوش جدًا،تعلم مدى الأذيه هنا؟,1,17,False
لا أحد يعرِف عن الحُزن الذي يسكُن قلبك، عن اليأس الذي أجهد روحك، عن خيباتُ أملِك، عن أفكارِك التي لا تتوقف، عن مُعاناتِك، عن قسوة الحياة معُك، لا أحد يعرِفُ عن أيامِك السيئة التي مررت بِها وحدك، عن ذكرياتك التي تكادُ أن تقتُلك، عن شعورك الدائم بِالوحدة. فراغ صمت خوف اكتئاب,1,51,True
"أمتلك عادة سيئة للغاية، ولكنها تُريحني قليلًا ""الاختفاء المُفاجِئ"" عندما يُزعجني شيئًا أختفي عن الأنظار، بل أنعزل عن كل شيء",1,20,False
فتره مُؤلمه جدًا وقاسيه ، لااعلم ما سبب تلِك الضيقه التي تاتيني دومًا والحُزن الذي سكن قلبي ،لكنّي اشعُر بألم قلبِي يتكرر كُل يوم,1,24,False
مثل أن تستيقظ في الخامسة فجرًا لتخبر أحدًا بأنك لست على مايرام، لكنك لا تجد من تخبره,1,17,False
لم تعد الأفلام والمسلسلات مهرب، ولا الأغاني والموسيقى ملجأ، ولا الحديث علاج، ولا العائلة احتواء، ولا الأصحاب حائط اتكئ عليه، لم تعد الكتب تغذية لعقلي، ولا النوم راحة لجسدي، ظلام الليل يستمر حتى في الصباح، المشاعر متقلبة والروتين متكرر وعقارب الساعة منهكة، الحياة لم تعد حياة..,1,46,False
حَزِين.. أشعُر بحُزن يَعتَصِر قَلبِي، حُزنٌ لَا يُوصَف أَلمُه أي شيء، ولَم يَسبِق لِي الإِحساس بهَذا الشّعور رُغمَ فقدَانِي لكَثيرٍ من الأصدِقاء و الأحِبه، جَسدي يتَداعى مِن شِدّته، شَيء يُحيرني يُقلقني، لقَد افتقدتكَ رُوحِي و أمَاكِني،و أَشعُر بِفرَاغ كَبير فِي قَلبِي,1,41,False
و الكآبة ، انه عبارة عن سُم قاتل يسري في روحي ، سُم يُعطل قدرتي على التركيز ، أعجز عن التعبير ، أود الدخول في غيبوبة,1,26,False
أنا مُتعب ولا أستطيع احتمِال أعباء هذا الشعور ، أشعر بثقِل كبير جداً ، يجّثم فوق صدري ، يجّثم فوق ظهري و يصقلني ، أشعر بثقل كبير جداً ، ثقل كئيب و سَاحق و مدمر ، لقد تعِدى مُفهوم الثقل,1,40,False
"لأول مرة في حياتي أفهم تماماً تعبير ""يعتصر الألم قلبه"" لأنني أعيشه، استيقظ ليلاً عشر مرات على الأقل أشعر فيها أن قلبي لن يصمد أكثر",1,25,False
في كُلِ يومٍ أتناولُ وجبةُ مِنَ اليأسِ وأحتسي بالقُربِ مِنها شراباً مِنَ البؤس،و على يساري صحيفةُ الكاَبةِ نصُ موجودً بها يقول:عزيزي القارء، ستموت عما قريب!,1,25,False
بداخلي جُرح عميق ، لا أعرف مدى كم هو مٌؤلم لدرجه وجعه لا أعرف كيف اٌدوايه ، جُرح يصعُب علاجه,1,20,False
امراض نفسية اعاني منها ، لايعلم عنها عائلتي الوحدة ، الارق ، البكاء بدون سبب ، التفكير الزائد ، اضطرابات نفسية,1,21,False
أنا مرهق أريد الابتعاد عن هذا العالم الذي جعلني مُكتئب ، مُتشتت ، حزين ، يائس ، ضائع ، هارب ، منعزل ، تائه ، وحيد ، صعب ، خائف ، منهك ، متعب ، يحتاج ، يريد ، مختنق ، يكره ، يحب ، متناقض ، خراب داخلي ، أعتقد أن لي حق في ذلك,1,56,False
اعتقد انني لا أشعر بشيء الآن لم يعد لدي اهتمامات أصبحت حياتي شفافة للغاية قلبي امتلئ باليأس ولا اشعر بالحياة على ما يبدو انني اتنفس فقط.,1,26,False
بلا سبب افتقد طعم الايام التي اعيشها اشعر وكأني اعيش نفس اليوم الف مرة ولا يختلف فيه سوى تاريخه,1,19,False
ثم إنها مرة أخرى منذ وقت طويل ، بكيت حزنًا على نفسي ، على وجود اللاشيء حولي ، بكيت بالأصح على اللاشعور وعلى نفاذ الحيلة من يدي,1,27,False
أتمنى ان تَمضي الايام بِخفةٍ،دون ان يَتضح ثِقل قَلبي على وَجهي،دونَ ان يُهلك ذبول روحيّ بشاشة مَلامِحي,1,17,False
أنا ضائع ، كل ما في الأمر أنني ضائعٌ بين ما أعيشه وما أريد أن أعيشه ، بين واقعي وخيالي ، بيني وبين نفسي حتى ! احتاج من يفهمني من يرى عزلتي وحزني ويأخذ بيدي بعيدًا عن ضجيجِ هذا العالم الكئيب,1,41,False
بداخلي تعب لا يحكي إنما أشعر به كل ليلة يجعلني شخص أخر ملئ بالإنكسار شخص لا يعرف الفرح يسكنه الحزن دائما,1,21,False
حتى حزني ؛ لم يكن حُزنًا بالطريقة المعتادة ، لم أبحث عن كتف لأبكي عليه ، ولا أُذن لتسمعني ، كنت أريد من العالم أن يتركني وحدي,1,27,False
مازلت أعاني من نوبات الحزن التي تأتيني بلا سبب وبلا موعد، مازلت اعاني من تفكيري الزائد الذي يُرهقني، مازلت اعاني من قلبي الذي يؤلمُني دائمًا، مازلت أعاني من الوحده المُفرطه بالرغم من أن حولي الكثير، ومازلت أتقن الصمت والكتمان، علي رغم الحرائق التي أشعُر بها .!,1,46,False
ظننت ان الحُزن لن يدوم و سيرحل كما رحل كل شئ، لكن رحل كل شئ و لم يرحل حُزني,1,19,False
الوحده في هذا الوقت مؤلمة ، اتذكر ان احدهم كان يشاركني وحدتي في هذا الوقت لكنه ذهب و تركني وحيداً.,1,20,False
انا تلك الروح المحطمه التي تبحث عن من يفهمها انا تلك الغابة الهادئة التي بداخلها كثيراً من الاسرار انا تلك التي تبحث عن اشخاص قد غابو ولم يعودو .,1,29,False
ذهب قلبي ، أنا مُجرد روحٍ فارغة في جسد بشري أفضّل أن أموت ثم أشعر بهذا الألم الذي لا أستطيع تحمله,1,21,False
احتضن جسدي المشوه المتُألم وأغمض عيني المُحاطه بكُل تلك الهالات السوداء وردد كثيراً سنموت قريباً وينتهي كُل هذا الألم الي أن أنام وأفقد الشعور بذاتي,1,25,False
أنا حَزين يا الله، هَل تسمعني؟.. أنا حَزين وحُزني أكبرُ مِن مُجَرَّد عِلاقات اِنتهت رُغماً عَنّي، أو خُذلان لم أتوَقَّعه وحَدث، حَزين وأُُقسِم أن الأمر أعمَق مِن أحلامٍ لم تتحَقَّق أو حَياة باهِتة لم أختارها، .حَزين دون سَبب واضِح ولا أعلَم السَبب الحَقيقي وراء حُزني، رُبّما,1,46,False
وكانت مأساتي أنني عندما أكون غارقًا في التعاسة والحزن، او حين اقع في مشكلة، أو امرض مرضًا شديدًا، كنت أقوم بما أقوم به عاده الأبتسام والإدعاء أنني بخير ..,1,29,False
في نهايه اليوم أعود وحيدًا وسط غرفتي التي تحتوي كل ما بداخلي، أشعر بالحزن الشديد، أشعر بأنني أتلاشي بين اللا شيء، عقلي لا يكف عن التفكير في ذكريات لا أستطيع نسيانها، اصبحت أتقن الوحده والإنعزال، صرت لا أثق بمكانتي عند أحد، فهمت مؤخرًا انهم جميعهم مؤقتون، وفي النهايه سأعود وحيدًا.,1,50,False
الثانيه فجرا ،وحيداً كالعاده ،قلب مُحطم مثل كل يوم ،لا يوجد شئ جديد سوى الحُزن و الكسره و البكاء، لا يوجد شئ لكي اكمل هَذه الحياه اللعينه ،لاكنني اقاوم و اعلم انني سوف انهار قريباً,1,35,False
أن حِزني الوحُيد هو أنني عُندما أنهي ما أكتبة ، أكتشِف أنه مجّرد بداية صِغيرة لما أريد قولة,1,18,False
أسوء ليلة قد ينام بِها المرء هي تلك الليلة التي يفقد بِها من يُحب من الدنيا ، إنها إنطفاء للروح.,1,20,False
حاولت السْيرُ و تَحمُل الألام ولكِن كل شيء بات يَخنُق حُنجرتي اصبح لا شيء يستحُق المحاولةِ ابدًا,1,17,False
الحقيقة انني عُدت مره اخري إلي الصفر ، عدتُ لسكوتي واختياري للعزله ، عدتُ لقله الكلام وعدم الرغبه في التواصل مع الجميع,1,22,False
أبدو هادئ ،ولكني لست كذلك بالحقيقة، أنا أفرط بالقلق وفي رأسي تدور ألف فكرة، ألف سؤال,1,16,False
وفي لحظة ما ، أشعر بأني غير مُلائمة لهذا العالم ، فتنتابني رغبة بأن اختفي الى الابد,1,17,False
أيام باهتة، شعور منطفىء، أحاديث قليلة، أوقات تسير بتثاقل، انتظار أقل، لامبالاة أكثر، ترّقب خافت لأشياء كانت تأتي في رأسي باستمرار، حياة بأمل يتأرجح، وأنا لست تلك المرأة التي تهب روحها للأشياء حتى تضيء..,1,34,False
يصل الإنسان أحيانًا إلى مرحلة من الهشاشة النفسية يصبح فيها أى سبب للحزن أو الضيق، ولو كان صغيرًا وتافهًا، جالبًا لكل أسباب الحزن الأخرى، ويتحوّل أصغر حدث يضايقه إلى تذكِرة بكل ما لم يستطع هذا الشخص الحصول عليه في حياته وسببًا في استرجاع كل ما أحزنه في حياته,1,48,False
انها الواحده ليلا وروحي تشعر بالاكتئاب والخمول وأشعر وكآن جسمي كله يبكي من ثقل هذا الشعور الذي بداخلي ، هذا الشعور لا أعرف كيف اصفه ولكنه يحزن قلبي ويتسبب في مضايقتي دائماً وربما يبكيني في بعض الأحيان.,1,37,True
لا أعرفُ السر لكنني أعرف الخوف الذي يُجرد المرء من ذاتِه ويعتليه، يبقى مكومًا بكل هذا الأسى والتفكير الذي يغرقنا بدوّامتِه اللا نهائية,1,23,False
لأنني مازلت خائفًا ولم أشعر بتلك الطمأنينة بعد. ليس لدي شخصٌ حقيقي كي أثق به، لطالما بقيتُ خائفًا بوجود الجميع,1,20,False
أنا لا انسى كل ليلة أختنقت فيها همًا ، وانقبض قلبي حزنًا ، ولم أجد أحد حولي ، لم أمُت ، لم ينتهِ العالم ، لكنني أدركت حينها إنني وحيدة وحيدة للحد الذي لاحد له.,1,35,False
وبكيت في غيابك كما لم أفعل من قبل ، بكيت من كل الحواس ، بکیت كأنني لا أبكي ، بل أذوب دفعة واحدة وأمطر.,1,24,False
صديقي المقرب لا يعرف أن الحزن يمزق قلبي كل ليلة، أن اليأس إمتلك روحي و لم يترك لي أي أمل للنجاة,1,21,False
جسد بلا روح ، خالي من الداخل ، يتظاهر بالحياه بينما هو يموت الف مره,1,15,False
شعور هائل بالفراغ لم اعد اشعر برغبه لفعل شيء اصبح الامر غير مستساغ روحي ذبلت لست بحي.,1,17,False
تفكير مهلك ، نوم بعمق ، أكل معدوم ، وأبتسامه مزيفه ، بكل بساطه سيستمر ألامر هكذا.,1,17,False
"و فقدت الأمل في كل شيء , لقد انطفأت روحي بشكل تام هذه المره , لم أعد اقدر على تحمل الصراع الداخلي , في كل محاولات الانتحار السابقه لا اعلم كيف اخرج من الأمر و أعود مرة أخرى إلى الحياة ولكن في كل مرة أعيش اتمنى لو أنني مت , أنا حقاً لم أعد أفهم ما الذي يحصل لي",1,59,False
"متعبه نفسيا للحد أنني أشعر بالتعب الجسدي ,أود البكاء مثل ما كنت ابكي سابقاً ,أود البكاء بشده و لكنني لست قادره من شدة التعب الذي أشعر به او ژبما بسبب كثرة بكائي سابقة ، أود الصراخ بأعلى صوت في مكان مظلم ، أود حقاً أن اشعر بالطمأنينه و يذهب كل هذا الخوف و القلق الروحي مرهقه بشده",1,57,False
أشعر بفراغ في قلبي يُلازمني في الآونة الأخيرة، أشعر أنني افقد جزء من قلبي كل ليلة، وكأنني تركت قلبي في مكان ما ولا اذكر أين هو.,1,26,False
هذه الأيام أعامل كل شيء بالهروب يوماً ما سأهرب عن جسدي ، و أنزع رأسي,1,15,False
"ينتابني حُزن ألف عام في ليلة واحدة , ينقض علي بلا سبب .. ينبش خلايا قلبي عمداً , فتأتي الذكريات تباعاً .. أصرخ بعالي صوتي لعلك تسمعني , فيعود صدى صوتي حاملاً خيباتي",1,33,False
"أشعر من فرط الحُزن اني أريد البكاء ولا أبكي , أريد ان أشرح لك مدى حُزني وبؤسي ويأسي وإكتئابي لكنك لا تسمعني , أشعر بأني أريد الهروب من نَفسي ومن افكاري وذكرياتي لكن لاأدري الى أين أفر مني , أشعر بقلبي الذي ينبض حزناً ووجعاً والماً ولا أعلم كيف أحتملني .",1,51,False
أنني أريد الموت أريد الانتحار افكر كثيراً لا اتوقف عن التفكير الامر اصبح سيء جداً اريد التوقف فقط .,1,19,False
"أسوأ ما أصابني فى حياتى البائسة .. هو فقدان الشغف تجاه كل شيء , فأصبحت وكأني مجبر على الحياة , وكأني محكوم علي بتكرار أيامي المملة بشكل روتيني بشع",1,29,False
إن أسوأ ما قد اصابني هذه الأيام هو فُقدان شغفي، ليس حزن ولا إنكسار إنّه إنطفاء لا نورَ له.. فقد افلتُّ يداي من كل ما اردتهُ سابقاً وإن كنتُ لا ازال أريده,1,32,False
"لم أعد أتمنى العثور على أحدهم , بل أصبحت أتمنى العثور على نفسي التي فقدتها , قلبي الذي أنطفئ , روحي التي تفتت , شغفي الذي تلاشى , احلامي التي تبعثرت , مشاعري التي جفت , أريد أن أنظر في المرآة وأجدني , أرى الذي يقف وأعرفني",1,47,False
بدأت أفكاري تتغير أمس، قبل لحظات النوم نمت واستيقظتُ فإذا بها تصبحُ حادة ولا طاقة لي على فعل الأمور مع وجع رأس رهيب دخلتُ حالة اكتئاب، فتمنّوا لي أن أستيقظ غدًا بصحة جيدة,1,33,True
أنا طول الوقت بفكر في اني مش عايزة اعيش عايزة حياتي تقف هنا، مش عايزة اعمل اي حاجة في حياتي، شغفي تجاه كل حاجة صفر,1,25,False
شكله تأثير بروزاك .. توي أذكر اني مدبلتهم اليوم .. وأنا أقول وش هالشعور الحلو والحين بس أتبوسم وأضحك بدون سبب,1,21,False
معنديش طاقه اعمل حتى ابسط الحاجات الضرورية زى أن أنا انزل اجيب لبس او اكلم حد اساله عليه .. يدوبك شوية الطاقه اللى عندي بعمل بيهم شاي واغسل المواعين.,1,29,False
الضيقه الي فيني من شهر موب طبيعيه بديت اخاف ان معي اكتئاب معاد اقدر حرفياً,1,15,True
انا مش عارفه اصحى من النوم ولا عارفه اكمل حاجه وخلاص كده دخلت ف اكتئاب جديد ومش هطلع منه غير بحاجه واحده ومش هتحصل ..,1,25,True
أنا قلبي حزين جدًا ، حزين لدرجة اني مش قادر انبسط بأي حاجة وكُل حاجة تقيلة على قلبي.. مش قادر أتخطى ومش قادر أقاوم ومش قادر أواجه..انا محتاج هُدنة من العالم كُله، الأحداث تهدى والوقت يبطأ لحد ما أقدر ألاحقه من تاني.,1,42,False
يؤسفني اني اقول ان كلهم بلا استثناء خذلوني و يؤسفني اني اقول انا حزين علي نفسي جدا.,1,17,False
انا عمري ما كنت حزين ولقيت حد اروحله ولا اهل ولا حتى صحاب وهذا اسوء,1,15,False
عندي نوبات قلق بتيجي ف نص اليوم عادي اتطورت ما شاء الله بقت بتيجي ف اي وقت,1,17,False
عندي نوبات قلق من المستقبل رهيبة ، لما تجيني احس الدنيا كلها علبعضها ماتسوا ، و اكره انها تجيني و ماحب اجلس لوحدي عشان ماتجيني ، الله ياخذ الانسان ياخي المعقد.,1,31,False
كلامك صح ١٠٠٪ عندي اضطرابات قلق و نوبات هلع و عندي مشاكل في القولون و اسفل الظهر و الأقدام افراط في التفكير و تشاؤم و عدم ثقة في الآخرين,1,29,False
حالياً عندي مشاكل عائلية ومشاكل فالمشاعر ومشاكل دينية ومشاكل دراسية ومشاكل نوم ومشاكل أكل ومشاكل علاقات ومشاكل تحكم فالنفس ومشاكل غضب ومشاكل سيلف هارم ومشاكل دوخات ومشاكل نوبات ومشاكل قلق وتوتر ومشاكل شخصية.,1,33,False
يا جماعة انا عندي نوبات قلق مصطحباها وجع في القفص الصدري و عدم نوم فظيع .... دا الديلاين و لا الشغل الكتير الما عندي ليه زمن,1,26,False
بجد طول رمضان نفسي كانت هادئة ومطمئنة الي حد كبير ومعانتش من نوبات قلق خالص، النهارده ومن بعد المغرب حرفيًا مش عارفة اتنفس وتقل الدنيا على قلبي، مش عارفه ماليش نفس اعيد يعني! ما نبدأ نوبات قلق وزفت على دماغنا بعد العيد طييييب.,1,43,False
صحيت على بانيك و نوبات اكتئاب و جلد ذات و اوڤر ثينكينج معرفش فيه ايه,1,15,True
نوبات اكتئاب حاد و اضطرابات نفسية و شعور بالتعب والخمول الشديد طول الوقت و انعدام التركيز و كل ده لازم اذاكر,1,21,True
صرلي فترة عم تجيني نوبات اكتئاب وافكار انتحارية وبقيان شي شهرين على كورس الريتان اللعين يا خوفي لما انتهي منه ما تروح,1,22,True
نوبات اكتئاب متتالية متكررة مؤلمة لا تملك شفقه تجاهي تنهش في ما تبقي من تلك الروح المتهالكة !,1,18,True
إحساس اني عايزة انعزل عن العالم ملازمني بقاله كام يوم ، وربنا يستر بجد انا مش حمل نوبات اكتئاب تاني,1,20,True
لا تبخلوا بإسعاد من تحبون فكل المواقف تتلاشى سريعاً من الذاكرة إلا سعادة أهديتها لمن تحب,0,16,False
الأرواح الجميلة تجبرك على أن تقترب منها و تستعذب حديثها لأنك تدرك أن قربها راحة وملازمتها سعادة الظمأ ليس بالضرورة,0,20,False
اللهم ارزقني فرحا لم أتوقع حدوثه يسع لهذه الدنيا بأكملها اللهم سعادة تروي النفس فرحا وسلاما 🙏❤,0,17,False
اللهم بلغنا المتسع واليُسر في جميع أمورنا وتحقيق المنى وحياة الهناء اللهم سعادة القلب وقرّة العين وجميل البشائر وسجدة الفرح العميقة 🤍,0,22,False
الله يسعدك ياغيث انت وفريق العمل ومن اروع البرنامج الي شوفتها ولا حلقه راحت عليا,0,15,False
ليست السعادة بالأموال ولا القصور ولكن بسعادة القلب وإن أقرب طريق إلى سعادة القلب أن تدخل السعادة على قلوب الناس,0,20,False
قال رسول الله ﷺ «أحب الأعمال إلى الله سرور تدخله على مسلم أو تكشف عنه كربة أو تقضي عنه دينًا أو تطرد,0,22,False
عندما نرى من نحب ينبض القلب باروع آيات الحب و العشق و تلمع العين معلنة سعادة لا حدود لها,0,19,False
هابيي بيرثداااي🥺😭💙💙 كل عام وانتي بخيررر واحضني بيوم لطيف وجميل مثلك وكوني دايم بخير وسعاده لانك تستحقي كل شي,0,19,False
وصلك الله يسعدك سعاده م بعدها شقى ومايحرمك من جنته ويبعد عنك نار جهنم وعذابها الله يكتبلك الخير,0,18,False
اللهم إجعل رمضان نقطة تحول في حياتنا لكل خير يارب إجعله بداية سعادة وهداية وتوفيق واجعلنا فيه من عُتقائك من النار وتقبلهُ منّا,0,23,False
اللهم اني استودعتك حياتي ف إجعلها من سعادة إلى سعادة وأحفظ لي من اخشى فقده ولا تحملني مالا طاقة لي به يارب,0,22,False
اللهم إني استودعتك عام مضىٰ من عمري فأغفر لي ما كان فيه اللهم إنها بداية سنة جديدة من عُمري فأجعل ما بقى من عُمري,0,24,False
ماشاءالله ربنا يحفظه من كل شر و يكملك بالسلامة و تشوفيه بصحة و سعادة و يبقالك فرحة و سند طول العمر ❤️,0,22,False
من اخطر ما يفسد سعادة الانسان في الحياة هو ان يكون ضعيفا من الداخل يعني أن تكون ثقتك بالله ضعيفة ان تحزن بسرعة,0,23,False
ماعدل حياتي الا سورة الملك اقرأها قبل النوم وركعة وتر اخر الليل قبل يأذن الفجر وكل مافضيت استغفر انفتحت لي ابواب م,0,22,False
لا تبخلوا بإسعاد من تحبون كل المواقف تتلاشى سريعًا من الذاكرة إلا سعادة أهديتها من تحب,0,16,False
السلام عليكم اختي الكريمه الله يحفظك ويسعدك سعادة الدنياء والآخرة يارب ساعدوني بقيمه مواد غذائية او قي,0,17,False
والله اين مارحت نحن معك والله ان مصدر سعاده كبيره الله يوفقك اين مارحت يالقلب ونحن معك,0,17,False
كل سنة و أقباط مصر بمسلميهم و مسيحييهم بخير و سعادة و أمان و عيد قيامة مبارك,0,17,False
اللهم كن معي حين لا احد يفهم ما بداخلي اللهم قوني حين اضعف واجبرني حين انكسر واعفو عني,0,18,False
هناك أشخاص لا أتمنى لهم السُوء لكني أدعو الله أن يسعدهم ويبعدهم عن أعوذ بالله من تغير القلوب,0,18,False
اللهم استودعتك مبسم امي قلب امي سعادة امي وعافية امي اللهم استودعتك أغلى ماأملك فاحفظها بعينك التي لا تنام,0,19,False
امتنان اليوم أنا ممتنة لوجود أشخاص ملهمة في حياتي أشخاص ترتمي عندهم لما تنتهي طاقتك ثم ترجع للبيت كلك إلهام و سعادة,0,22,False
و انت طيب و بخير و صحة و سعادة مع عيلتك كلها يا سولي 😊🙏🙏,0,15,False
السلام عليكم ورحمة الله وبركاته كيف حالكم شباب واليد وناصر وعبدالعزيز وفارس وسعد اسلامكم واحد واحد احبكم في الله,0,19,False
كل سنة و اخواتنا المسيحيين و مصر و جميع ابناء مصر بخير و صحة و سعادة بمناسبة عيد القيامة المجيد,0,20,False
يارب ان كانت هذه ليلة القدر فافتح لنا ولأهلنا وأحبابنا أبواب السماء وقُل لدعواتنا كوني,0,15,False
طبعاً اكثر سعاده لان الزواج مسئوليه ما تقدر عليه المرأه الكسوله الزواج فيه كرف و طبخ وتنظيف و مواعيد محدده للنوم,0,21,False
فقط يفهم الزوجين انه التحرر يجعل من حياتهم معا وعلاقتهم الزوجية كلها سعادة ومتعة ولذة يتحررون,0,16,False
‌إذا جعلك شخص ما سعيدًا اجعله أكثر سعادة ومثل ما يقولون اللي يرميك بوردة ردها له بستان,0,17,False
😂😂😂😂 كل سنة و انت طيب يا بيشوي و الاهل بخير و سعادة و ضحكتني بصوت عالي و الله,0,19,False
ماابى افوز بقدر اطمن انك بخير يالقلب النقى حسك سعاده ومحبه فى الله ربى يسعدك,0,15,False
صحيح اكبر سر من اسرار السعادة هو العطاء عندما تحاول ان تصنع سعادة للغير حتما سياتي من يصنع لك السعادة,0,20,False
الله يسعد أم فهد وأبو فهد سعادة ما بعدها شقى في الدنيا والآخرة والله يخليهم لبعض ولا يحرمهم من بعض بك,0,21,False
كل عام وانتم بخير و سعادة اخواتنا واصدقائنا وجيرانا و شركائنا في الوطن الغالي ربنا يديم المحبه والمعروف بيننا,0,19,False
. برأي احد او وجهة نظر الزواج اما سعادة او فشل مع التجربة اللي رح تعيشها,0,16,False
تذكر دائماً إنك تستحق الأفضل لا تبحث عن من تجاهلك أو استرخصك أو قطع حبل المودة بينكم,0,17,False
وانتى طيبة و بخير و سعادة يارب عيد سعيد على حضرتك و على كل الاسرة 😘🌹,0,16,False
شكراً لكم بحجم السماء أبدعتوا تألقتوا أسعدتوا برنامج رائع بكل ماتعنيه الكلمه من معنى نقاشات الفقرات والمواضيع,0,17,False
يارب وفقني لقيام ليلة القدر ويسرّ لي كل أمر وأسعدني سعادة الدارين وأجمع بيني وبين أمنياتي وأجعلها واقعًا بإذنك 💗,0,20,False
الحب هوة شعور جميل يملىء القلب سعادة وتفائل وامل هوة احساس رائع لم يحس به الإنسان من قبل,0,18,False
لو خيّروني في الحياةِ سعادةً لاخترتُ أمّي دونَ أيّ تواني الكونُ والدنيا وإن جُمعت لا لنْ تعادلَ ضمَّها بحنانِ,0,19,False
ربي يحفظه ويخليه لكم مايحتاج تمنشن الوالد والوالدة هم الأساس صراحة ربي يسعدك سعادة الدارين,0,15,False
دعوت الله ان يفرحك في دنياك واخرتك وان يرزقك سعادة ابدية مثل ماتسعد متابعينك 🌹,0,15,False
يجعل كل ايام مصر سعادة وأعياد ومناسبات سعيدة يارب كل عام و المصريين بخير وامن وامان وبركة وسلام,0,18,False
ما شاء الله غير مستغرب هذا الكرم من صاحب الجود و الكرم سعادة عميد السلك الدبلوماسي,0,16,False
ياخي الله يرزقنا راحه بالك و سعاده قلبك الجميل و كرمك و طيبتك اللهم اجعل الناس ف خير و ارزقنااا,0,20,False
جعل ربي يعطيك حتى يرضيك إللهي ويبعد عنك كل ضيق وحزن يارب ويبدلها سعادة وفرح وسرور 🤍🤍🌸,0,17,False
الحمدلله على ما قد مضى ب حلوه و مُره اللهم إنّي استودعتك عاماً مضى من عُمري ف بارك لي في عامي الجديد,0,22,False
لا أعلم ما هي أمنياتكم ولكن أسأل الله أن يرزقكم فوق ما تتمنون سعادة تسع الكون بأكمله,0,17,False
اللهم دبّر المستقبل الذي نجهله و يسر الغد الذي يُقلقنا و قَرّب الحلم الذي نترقبه و هب لنا أملاً يملؤنا,0,20,False
جمّيل أن ترٌىَ قلباً يُحاوَل إسّعادكَ و يُبعدِ الحُزن عنك دونَ انْ تطلبٌ منہ لأنہٌ يرىَ فيّ إبتسَامتِك سعادةً و فرّحاً گثيَرًٍآ,0,22,False
هناك الكثير من الجواهر ولكن لكل منا جوهرة خاصة لا بديل ولا ثاني لها أن غابت لا خليف لها ولا طريق,0,21,False
🤲اللهم اجعل لنا في دروب الحياة خير وفي دروب التعب راحة وفي دروب الحزن سعادة الله,0,16,False
الله يبارك فيك يارب تم شحن جزاك الله خير الله يسعدك سعاده دنيا واخره يارب,0,15,False
اللهم أسعد قلبها و استجب لها كل دعاء اللهم وفقهاوحقق لها كل ما تتمناه اللهم أحفظها وأبعد عنها كل ما يؤذي,0,21,False
وتبدا العشرة الاخيرة من دا الشهر الفضيل الله يعيننا على قيامها ويبلغنا لليلة القدر وربي يغير احوالنا واقدارنا لاحسن,0,19,False
ماشاء الله تبارك الله يجعله شاهد لها يوم القيامة ويثقل ميزان حسناتها ويسعدها سعادة ماتنقطع يارب 🤲,0,17,False
مساك سعاده تغمر قلبك وروحك اللهم امين واسال الله ان يحقق كل ماقلبك تمناه وان يسعدك بتحقيقه,0,17,False
اللهم إنا نسألك سعادةً وفرجاً من كل هم بالدارين ونسألك رضاك ورحمتك ومغفرتك والجنة ونسألك اللهم رحمة ومغفرة لكل ميت,0,20,False
الطيبون لا يصدر عنهم إلا الضياء والصفاء والوفاء وهذه بعض خِصالكم الخيّرة رفع الله قدركم وبارك الله في عملكم,0,19,False
السعادة لا تحتاج الا لنفس راضية هذا الطفل اخذ قسطا من السعادة في ٣٦ ثانية وببلاش 😃 سعادة,0,18,False
ميلاد فراشه ملأت الدنيا فرحةً وسروراً وجميع من حولها احبها لطيبة روحها ونقاء قلبها 🎉 كل الأعوام القادمه وانتِ في سعاده وهناء💐,0,22,False
سبحان الذي لا تسكن النفوس إلا بحبه ولا تطمئن القلوب إلّا بِذكره ولا يُدرك نجاح إلّا بتوفيقه,0,17,False
طب كل سنه وًانت طيب ي احمد 😂🖤🖤و ربنا يجعل كل ايامك الجايه سعاده و فرح 🖤,0,17,False
اللهم في يوم ميلادها اجعل لها في بداية عمرها الجديد أيامًا جميلة بقدر جمالها وجمال روحها ونقاء قلبها,0,18,False
اللهم جملني بقلب رحيم وعقل حكيم ونفس صبورة يا رب واجعل بسمتي عادة وحديثي عبادة وحياتي سعادة وخاتمتي شهادة,0,19,False
اللهم أسعد كل اصحابى سعادة لو وزعت على أهل الأرض لكفتهم واملئ قلبهم راحه دائمة واجعلهم في ودائعك يالله,0,19,False
لا تحزن كن عميق في إدراكك قنوع فيما لديك ضع ما مررت به على الرف لا تلتفت إليه أبدا أبتسم افرح أحلم وكن متفائل,0,24,False
حين تثق بأن بعد شقائك سعادة وبعد دموعك ابتسامة وبعد تعبك راحة وبعد دُنياك جنة تكون أدّيت عبادة عظيمة تسمى حسن الظن بالله,0,23,False
ربنا يجعل ايام العشر الاواخر من رمضان جابر ولائم لقلبك وساتر لعيوبك وماحى وكفارة لسيائتك ومفرج لكربك و,0,18,False
اللهُم هون علينا الايام و مرارتها و أسألك ربي سعادة ليس بعدها شقاء اللهُم جبرا لقلبي و شفاءا لمرضاك ي حي ي قيوم ♥️,0,24,False
209 أنت هدية وهبها الله لي لتملأ أيامي كلها بالسعادة ميلاد مجيد حبيبي عسى أيامك كلها سعاده وتوفيق وعافيه♥️♥️,0,19,False
الله يسعدكم سعاده الدارين اسال الله العلي العظيم في هده الايام المباركه أن يتقبل منا ومنكم صالح الأعمال والقيام,0,19,False
جعل ربي يعطيك حتى يرضيك إللهي ويبعد عنك كل ضيق وحزن يارب ويبدلها سعادة وفرح وسرور🙏,0,16,False
جهز الابتسامة قبل أن تمد يدك للمصافحة مصافحة دون ابتسامة لا تقرب قلباً ولا تمنح سعادة,0,16,False
اسال الله في الشهر الفضيل انه يسعدك سعاده تبكي من فرحها ويحقق لك كل ما تتمنى ويرزقك من واسع فضله يارب اللهم امين 💛💙💛💙💛 🌹🌹🌹🌹🌹,0,25,False
🤍✨ 2021 2 سنة جديدة من عمري اعانقها اليوم استودعتك ربي حياتي فاجعلها من سعادة إلى سعادة و اختر لي ماهو خير,0,22,False
لا توجد سعادة دائمة ولا حزن باقي كلها فواصل لمراحل جديدة فابتسم لأجملها وتجاهل أتعسها,0,15,False
اسال الله في الشهر الفضيل انه يسعدك سعاده تبكي من فرحها ويحقق لك كل ما تتمنى ويرزقك من واسع فضله يارب اللهم امين 💛💙💛💙💛 🌹🌹🌹🌹🌹🌹,0,25,False
رسالة شكر لكل القائمين على البرنامج كنتم معنا في فترة الاختبارات توسعون صدورنا وما زلتوا الله يكتب اجركم ويسعدكم,0,19,False
إنني لا أعرف سعادة في الحياة غير سعادة النفس ولا أفهم من المال إلا أنه وسيلة من وسائل تلك السعادة,0,20,False
شرف وسعادة كبيرة وعظيمة اني اكون في قائمة امتنان يومك الله يجعلك في سعادة ورخاء و راحة بال دايمه💛,0,19,False
ربنا يجعل ايام العشر الاواخر من رمضان جابر ولائم لقلبك وساتر لعيوبك وماحى وكفارة لسيائتك,0,15,False
عندما نرى من نحب ينبض القلب باروع آيات الحب و العشق و تلمع العين معلنة سعادة لا حدود,0,18,False
وجودك مصدر سعادة دايما في أي وقت و مكان يا نور ربنا يسعد أيامك كلها يا رب,0,17,False
عندما تتكاثر المصائب يمحو بعضها بعضًا و تحل بك سعادة جنونية غريبة المذاق و تستطيع أن تضحك من قلب لم يعد يعرف الخوف,0,23,False
حتى لو اني مختفي اخر فترة الا انك حاطني ياخي شكراً اقسم بالله ياحسن انك سعادة ❤️❤️😩,0,17,False
ليست السعادة بالأموال ولا القصور ولكن بسعادة القلب وإن أقرب طريق إلى سعادة القلب أن تدخل السعادة على قلوب الناس🙏,0,20,False
تقرين جعّل ربي يروي عيونك بفرح الحياة ويمطر عليك سعاده ويجعل روحك صافيه من كل شيء ويجعل جنة النعيم بيتك الابدي🥺💛💛💛,0,21,False
سعادة الانسان تكون بالشكر و الصبر و الاستغفار أسأل الله أن يسعد قلبي وقلوبكم بما نتمنى,0,16,False
توثيق اهم لحظة وبعد طول انتظار يارب تتم بكل سعادة وبكل خير ان شاء الله دعواتكم لي انا وافنان💙💙,0,19,False
أنا بحياتي ماشفت ناس أقول الحمدلله انهم موجودين قد عبدالله وعبدالعزيز لانو فعلًا ذولا الاثنين اجو,0,16,False
اللهُمَ عافية في بدن أمي و طمأنينة في قلب أمي و سعادة في روح أمي,0,15,False
تلتف المرأة في حديثها كثيرا وأكثر ما تلتف فيه هو قلبها لحزنها إلى سعادة لكي تغيظ خصمها ولا تكسب شفقته,0,20,False
اللهم بلّغنا المتسع واليسر في كل أمورنا اللهم سعادة القلب ومغفرة الذنب وقرّة العين وجميل البشائر,0,16,False
خلصت اللي كنت مخططة ادرسو و لهلء المحاضرات تحت السيطرة و مافي سعادة بتضاهي سعادة الانجاز بالدراسة والله😭😭🥰🥰🥰🥰😌😌,0,18,False
فيودور دوستويفسكي الحياة هدية ثمينة جداً ولا نعرف قيمتها الا عندما نفقدها او تصبح مهددة فعلاً الحياة سعادة,0,18,False
كلمات لطيفة في وقت عشوائي ابتسامة في طريق مُزدحم دعوة في ظهر الغيب كلها أشياء لا تُكلّف شيء لكنها تخلق سعادة,0,21,False
للصباح حكاية ولكل حكاية بداية وأجمل بداية صباحي الذي يحلو بكم فهناك من يطيب لهم الصباح وهناك من يطيب بهم الصباح,0,21,False
سعادة الآخرين لن تضرك وغِناهم لن يقلل رزقك عِش نقيًا وتمنى للناس ما تتمنّاه لنفسك,0,15,False
حباً وكرامة رفقتي من قاع القلب لعنان السماء لدعمكم ومتابعتكم لي سعادة الكون وما حوي لنبض قلوبكم,0,17,False
اللهم اسعده سعادة لو وزعت على اهل الارض لكفته واملئ قلبه راحه دائمة واجعله في ودائعك يالله دائما🌹,0,18,False
سعادة الأستاذ سامي الحمدان نقول لك جزاك الله عنا خير الجزاء ما قدمته في هذه الدورة التثقيف,0,17,False
عليه أن يحضر لنا كم اعمارهم الذين اجريت عليهم الدراسة فطبيعي أن الشخص الغير متحمل لمسؤوليات وصغير بالعمر اكثر سعادة,0,20,False
ربي أعوذ بك من شتات الأمر ومسّ الضُّر و ضيق الصدر ربي إن كان هناك ذنب يحول بيني وبين تيسير أموري اغفره لي,0,23,False
اللهم كما أمطرت السماء وأسقيت الأرض أمطر قلوبنا بالفرح من حيث لانحتسب وقل لأمنياتنا كن فتكون يارب بعدد قطرات المطر,0,20,False
الحمدلله سنه من عمري راحت بخيرها وشرها وجتني سنه ثانيه يارب تكون حلوه مليانه ناس طيبه تحبني م تأذيني ولا تزعل مشاعرى,0,22,False
حبيبي الحلو الي كببببببببررررر 🥺💗💗💗💗💗💗💗💗💗 كل عام و انتِ بخير و سعاده و سنه مُباركه يارب,0,16,False
هي ابنتي اميرتي الصغيره هي الحنان و قطعة من الجنة اللهم احفظها هي سر سعادة من حولها كل عام وانتي بخير سارونتي 🎉🎈🌸🥰😘,0,23,False
ليست السعادة أن لا تمر بالآلام وأن لا تواجه الصِعاب بل السعادة أن تحافظ على رباطة جأشك,0,17,False
19 رمضان 🌸 عيد ميلادي ال 🎂💙 اللهم اني استودعك عاماً مضى من عمري فاغفره لي و بارك لي في عامي الجديد يارب,0,23,False
كفو والله اخوي النسرماتقصر يغالي ربي يسعدك سعاده الدارين زي مابتسعد الكثير بكرمك وأخلاقك العاليهالله,0,15,False
الف الف مبروك اخي الغالي سعادة المهندس علي الغامدي تفوق ابنكم نسأل الله أن يحفظه ويحفظكم ويديم عليكم الأفراح والتقدم العلمي,0,21,False
كل سنة وكل اخواني و إخواتي المسيحيين بخير وفرح في عيد الفصح المجيد ونلتقي دائمًا في الأعياد على المسرّة,0,19,False
إيڤي الجميلة كل عام وأنتي بخير الله يمدّ سنواتك وتكون سعاده وفرح وتوفيق ويكونوا أحبابك حولك 🤍🤍🤍🤍,0,17,False
كل عااام وأنتي بألف خييير حبي وعساها سنه خير عليج كلها سعاده و فرح يارب 🖤🖤,0,16,False
كل سنه وانت طيبة يا هنزادة يا قمررر عقبال سنين كتير في سعادة وراحة بال 🥺💖💖💖💖💖,0,16,False
ربي اجعل اليوم أفضل من الأمس وغدًا أفضل من اليوم وارزقني سعادة حلمٍ انتظر تحقيقه 🤍,0,16,False
اللهم إني استودعتك عاماً مضى من عمري ف بارك لي في عامي الجديد اللهم اجعله عام خير و سعادة يارب 25🤍,0,21,False
🎙 زيدان لقد عملنا بجد لتحقيق هذا الفوز لقد تحلينا بالصبر ثم سجلنا الأهداف احتفلت بهذا الشكل لأنني سعيد بل,0,20,False
ميلاد اخوي اللي جابته امي احبك جعل كل ايامك سعاده والحمدلله انك بحياتي محظوظ فيك🫂💞💗💕💕💕💗💞💗💕💕💘💘💘💕💗💗💞💗💕,0,15,False
🍂🍃🌹 اللهم جمّلنا بقلب رحيم وعقل حكيم ونفس صبوره يارب إجعل ابتسامتنا عاده وحديثنا عباده وحياتنا سعاده وخاتمتنا ش,0,19,False
سْعادة الاخرين لن تؤخذ من سْعادتك وغناهم لن ينقص من رزقك وصحتهم لن تسْلبك عافيتك كن نقيا وتمنى لغيرك ما تتمناه لنفسْك,0,22,False
كل سنه وانت طيب يا حبيب قلبي وعبقال سنين كتير ف سعاده وتحقق اللي بتتمناه ❤️❤️❤️❤️,0,16,False
٣١ ربيعا 💕 كل عام و انا بخير 💕🙏🏻 اللهم اجعلها سنة خير و سعاده و رزق و انجاز 💕,0,20,False
هل تعلمون ما هو عشق الروح أن تتنفس عبير الحب وانت بعيد عن الذي تحبه أن تشم رائحة عطره وهو ليس بقربك أن تشعر بدفئ,0,25,False
ودعت من عمري عامًا و ابتدأ ب عمري عام جديد يارب أسألك أن تجعلها سنة تضيف لي فرحًا وإنجازًا و علمًا اللهم بارك لي,0,24,False
لا تُرهق نفسك بالبحث عن السعادة والتوفيق وأنت بعيد عن الله إنما هي في القرب من الله ومنآجاته بالدعاء,0,19,False
اللهم بلّغنا المتّسع واليسر في كل أمورنا اللهم سعادة القلب ومغفرة الذنب وقرّة العين وجميل البشائر,0,16,False
دون ملل او كلل تظل جل اهتماماتك وافكارك دائما بمن تحب لانه هو الوحيد دون غيره القادر ان يمنحك سعادة لا مثيل لها,0,23,False
كل عااام وأنتي بألف خييير ي عمري سنه جديده من عمرك سعاده و فرح يارب 🥺🎈🎊🎁,0,16,False
والله يجهاد لو اوصفلك كمية سعادة الي انا فيها الحين 😭😭😭❤️❤️الله يعطيهم العافية رجال زيزو ❤️❤️,0,16,False
٢٥٢٠٢١ 💙 اللهم اجعلها سنة سعادة عليي يارب اللهم اجعل مابقى من عُمري خيرًا مما مضى🎈,0,16,False
اللهم إني استودعتك عام مضى من عمري فأغفر لي ما كان فيه اللهم إنها بداية سنة جديدَه من عُمري ف إجعل مابقى من عُمري,0,24,False
اللهم لا تخرجنا من رمضان إلا ونحن طاهرين بغير ذنوب يا الله بحجم صبرنا على همومنا ارزقنا بفرحة تريح قلوبنا وتسعدنا,0,21,False
كل سنة و انتي طيبة يا دينا ان شاء الله العمر كله بهنا و سعادة يارب ♥️♥️🥳,0,17,False
كل سنه يزداد ججماالككك و الله يجعله عام سعاده يارب و كل عام و انتي بخيرررر💞😭,0,16,False
قد يكون الرِزق أحياناً قلوباً يسوقها الله إليك لِ تسعِدك وتصنع لك سعادةً وحياة رغم كل الجُروح 🍌🍦💗,0,18,False
كل سنه و انت ي عم راشد و عقبال سنين كتير بصحه وسلامه و سعاده و أشوفك ف نجاح دايما ي رب 🎂🎊🔥❤,0,23,False
إذا كنت حريصاً على إسعاد الأخرين فلا تنس نفسك من السعادة حتى تستطيع أن تقدم للحزين سعادة حقيقية,0,18,False
52 اللهم إني استودعتك عام مضى من عمري فأغفر لي ما كان فيه اللهم إنها بداية سنة جديدَه من عُمري ف إجعل مابقى من,0,24,False
. برأي احد او وجهة نظر الزواج اما سعادة او فشل مع التجربة اللي رح تعيشها مقدر ا,0,18,False
رجال الجمارك وقع عليهم ظلم شلون تحسب المكافأة على يومين وايام الراحة لاتحسب وفي الاجازات والمرضيات غصب تحسب أيا,0,19,False
كل سنة وانتى طيبة و عقبال سنين كتير في صحة و سعادة و تحققى كل اللى بتتمنيه 🎉🎊🥳,0,18,False
وأرى أنني من حيث الجوهر أكثر سعادة عندما أكون وحيده وحيده بمعنى أن أكون خالياً من أي تعلق بأي شخص أو أي مجموع,0,23,False
احلى هجوورة 🥺❤❤ كل سنة وانت طيبة ويارب كل سنينك ف سعادة وهنا بحبك خالص مالص والله ❤❤❤❤❤🥺🥺,0,18,False
عيدالقيامة المجيد خالص تحياتي الي شخصكم الكريم و كل اسرتك و احبابك بعيد القيامة المجيد,0,15,False
لكل من يقرأ الأن اسأل اللهَ أن يُبشرَك بفرحة لم تحسب لها حساب وأنْ ينيرَ دربَك ويُسهلَ لك كلَّ أمراً,0,20,False
اللهم لاتحرمنا مانتمنى واجعل لنا دعوه لاترد واسعدنا سعادة الدارين وييسر لنا امورنا وارزقنا وغير احوالنا الى احسنها,0,18,False
😋😋 كل سنة و انتي طيبة و بخير و صحة و سعادة دايما يا رب و ان شاء الله تحققي مل اللي بتتمنيه 🤲🌹💙,0,24,False
اللهم اجعلها سعيده راضيه اجعل قلبها في راحه واطمئنان اجعل عيناها لاتشكتي حزناً اجعل قلبها ينبض فرحاً واجعل كل مابها,0,20,False
اللهم اسعدها سعادة لو وزعت على اهل الارض لكفتها واملئ قلبها راحه دائمة واجعلها في ودائعك يالله دائما,0,18,False
انتي بخير وصحه وسلامه وبأحسن حال💜🌹 الله يسعدك يارب وينور قلبك ويجعل كل لحظاتك سعاده وفرح يارب 🌹💜 🌹💜🌹💜,0,19,False
ويمضي بنا العمر على رصيف الانتظار منا من ينتظر فرحا ومنا من ينتظر شفاء ومنا من ينتظر غائب ومنا من ينتظر سعادة,0,22,False
لا تبخلوا بإسعاد من تحبون كل المواقف تتلاشى سريعاً من الذاكرة إلا سعادة أهديتها من تحب ❤️,0,17,False
سعادة قلبك موجودة بضحكة الناس اللي فعلا تهمك برسالة تفتح النفس من الشخص المطلوب بإختيارك انك تحب نفسك وتقدرها,0,19,False
عيد قيامه مجيد و كل سنه و اخواتنا و حبايبنا بخير و صحه و سعاده قلب واحد و وطن واحد 💚🙏🏻 عيدالقيامةالمجيد,0,22,False
قد يكون الرزق أحياناً قلوب يسوقها الله إليك لِتسعدك ولِتصنَع لك رُغم كل ما تمر به سعادةً و حياة💕,0,19,False
▪️قال الإمام ابن تيمية رحمه الله الدُّعاء والتوَكُّل مِنْ أعظم الأسباب التي تُنَالُ بِها سعادةُ الدُّنْيا والآخِرة,0,17,False
يا رب يا رب يا رب أي شخص تطيح عينه على هالتغريدة ان الله يسعده سعادة لا تبور ولا تفنى طعمها كما طعم السكر وأثرها لا,0,26,False
لما تسعد عيالك رح تكون سعيد مش تزيف من الداخل رح تحس بالرضا والراحه والفرح,0,15,False
يا رب هي جنتي و فرحتي و سعادة قلبي طول عمرها في طاعتك و أرزقني برها يارب امي,0,18,False
😭😭😭 ماعليك ريحي نفسك الهم والتفكير ماراح يغير شيء تفائلي وتحمسي لحياتك الجايه بإذن الله كلها سعادة وفرح,0,18,False
وربي هالإنسانه يعجز الكلام عن وصفهاماقول غير ربي يفتحها عليك ويسعدك سعاده ماتنتهي ويزيدك من بركاته وفضله العظيم♥️♥️♥️♥️,0,18,False
• لا تكره أيامك فالحلوة منها أعطتك سعادة والحزينة منها أعطتك خبرة أما القاسية منها فقد أعطتك دروساً,0,18,False
ياحلو الأطفال البو سنه يجنننون اول مايبدأ يمشي ويطيح ويجي عندك يبلشك بعمره ويطيح في حضنك 😍😍😍ياربي سعاده وربي,0,19,False
عيش فالدنيا بكل سعادة وتفاؤل ولكن تذكر هذه الكلمات 👇 🍃ﻻتلهيك الدنيآ عن مآينفعك بالآخرة🍃,0,15,False
دقائق معدوده تفصلنا عن بدء مناقشة بحث التخرج ومتأكد تمامًا بعد انتهاء المناقشة راح تغمرني سعادة لم أحظى بها طيلة حياتي,0,21,False
تشرفت بإشراف سعادة الأستاذ الدكتور الفاضل عبد الله الخليفة على رسالة الدكتوراه وكان نعم الموجه والمشرف,0,16,False
اللهم فرج همنا ونفس كربنا واقض عنا ديننا واشف مرضانا وارحم موتانا اللهم أبدل حزني فرحاً وهمومي سعادة وضيقي فرجاً,0,20,False
. برأي احد او وجهة نظر الزواج اما سعادة او فشل مع التجربة اللي رح تعيش,0,16,False
والله صدق هالدراما بالبدايه كلها سعادة وفرح واخر حلقات سوداء بالمعنى الحرفي حزن غير طبيعي,0,15,False
كل سنه وانت طيب وبخير يا هندسه والعمر كله في سعاده وراحة بال ان شاء الله ❤️❤️,0,17,False
منذ أن عرفنا منهج السلف الصالح ونحن في سعادة لا يعلم بها إلا الله الحمد لله 🌹🌹🌹,0,17,False
اللهم بحجم جمال جنتك جمل مستقبلي وحياتي ربي حقق لي ما أتمناه يارب ووفقني وسهل أمري وأسعدني سعادة الدنيا والأخرة🤍,0,20,False
أحلا تحية لعمال بلدنا اللى بيهم مصر بتكبر وبتكبر وبتبقا أحلا واحلا وانت بالف خير,0,15,False
اللهم يارب اسعدها وحقق أمانيها وأرح قلبها و أبعد عنها كل ضيق اللهم اني استودعتك جمال مبسمها فلا تحزنها,0,19,False
سعادة الآخرين لن تضرك وغناهم لن يقلل رزقك عش نقياً وتمنى للناس ما تتمناه لنفسك,0,15,False
بدعيلج وانتي قولي آمين ربي يسعدج سعادة مالها وصف على قد طيبة قلبج وجمال روحج ربي يبعد عنج كل شر و يبشرج بالخير,0,23,False
صوت المطر احلى صوت على قلبي وروحي صوت المطر شفاء و عافية و سعادة 🌩️🤲,0,15,False
اللهم فرج هم كل مهموم و اسعد قلب كل حزين و بشر كل من ينتظر فرج قريب اللهم بدل حزنهم سعادة وتوفيق دنيا وآخرة,0,24,False
يافيدو يا حلو كل سنة و إنت طيب و أطيب خلق الله و الله و عقبال سنين كتير ف رضا و سعادة ❤️,0,23,False
يارب بشرني بشارة فرح اللهم أسعدني سعادة أبكي من جمالها وافتح لي ابواب الخير ولكل من قال آمين يارب العالمين,0,20,False
▪️من فوائد كثرة الاستغفار هو المتاع الحَسَن ماهو المتاع الحَسَن بأن يبدّل الله خوفكم أمناً وفقركم غِناً وشقائك,0,18,False
وأرى أنني أكثر سعادة عندما أكون وحيداً وحيداً بمعنى أن أكون خالياً من أي تعلق بأي شخص أو أي مجموعة ودائرة وألاحظ,0,22,False
اللهم كما أمطرت السماء وأسقيت الأرض أمطر قلوبنا بالفرح من حيث لانحتسب وقل لأمنياتنا كن فتكون يارب بعدد قطرات,0,19,False
شواقي كلللللللل عاااامم وانتتتيييييي بخير يروحي وعسى عامج مديد واحلى من كبر وجعل ايامج كلها سعاده وانا معاج وانجوي,0,19,False
اتمني ببركه الايام دي ربنا يجبر بخاطر صحابي ويعوضهم خير وايامهم الجايه تبقي عباره عن سعاده وراحه بال❤,0,18,False
يارب بعدد قطرات المطر أمطرنا فرحاً لاينتهي وحقق أمنياتنا اللهم اجعل لنا مع كل قطرة مطر سعادة ورزقاً وعافية واستجابة لكل دعوه💙,0,22,False
اللهُمَّ يا من تملك حوائج السائلين و تعلم قلوب الصامتين ارزقنا سروراً لا نرى بهِ حُزناً و سعادةً لا يُعكرها شقاء و عافية لا تزول,0,25,False
كل سنة وانتي طيبة ي ايثو ي قمر وعقبال سنين كتير ف سعادة ي قلبي ♥️♥️♥️😘😘🎊,0,16,False
مش بيعدي عليا اوقات بكون فيها اكتر سعاده وفرح وكلها احضان وحنيه وكل معاني الدفا والأمان اد الأوقات والكام ساعه ال بكون فيهم مع اهلي,0,25,False
كل سنة و انت طيب و بكل خير و سعادة يا فيدوووو❤️ عيد سعيد عليك و على حبايبك,0,18,False
مشكلة الناس الباعوص الي ما تفارق وتضل ناشبة ولا يهمها الا نفسها وسعادتها اكثر من سعادة الشخص الي تحبه كمية الانانية مش طبيعيه ابد💁🏻‍♀️,0,24,False
احس منطقي تكون اكثبر سعادة الى الاربعين لان مافيه دوشة اطفال وبزران وتربية بس بعد الاربعين بتدخل باشد دوامة,0,19,False
رحم اللّٰه من بقي حيًا في قلبي أتنفس حُبه با أدعيتي اللهم أرحم أطيب من فقدت في هذه الدنيا اللهم أنر قبر جدي واغفر له,0,25,False
سعادة المرأة بزوج صالح قادر وكثير من العازبات تتمنى الزوج المثالي الصبور على المرأة المشاكسة,0,15,False
الحمدلله على تربيتنا لأنفسنا على حُب الخير للناس نقول ما شاء الله لكل جميل نراه أمامنا تنشرح صدورنا,0,18,False
سَعآدَة آﻻنَسٌانَ هَي آلشَكر وآلصَبر وآﻻسَتغفَار لله سبحانه آسَال آللهَ آنَ يسَعد قَلبيْ وَقلوَبكمَ✿ بل خير,0,16,False
ربي لاأعلم مايوآجه اصدقائي واحبابي من ظروف فأنا أرى ضحكاتهم وأنت ترى دمعاتهم وأرى ظاهرهم وأنت ترى قلق داخله,0,19,False
لا شئ يضاهي سعاده الامومة عند المراة الله خلقها لهذه المهمة العظيمة فاكيد راح تكون اسعد الناس بها,0,18,False
هي الهدف الأول صح بس الزواج ككل سعاده اذا صار فيه توافق روحي وفكري بين الزوجين,0,16,False
يارب إن أمي وأبي أحب النعم إلى قلبي فإسقهم العافية والسعادة والصحه والعافيه بلا مُنتهى وابعد الهم و الحزن عن قلوب,0,21,False
احببتك رغم الامي واحزاني وفي غيابك زاد اشتياقي انت الهوى الي انا عايش عليه وانت الدفى الي انا اوله عليه انت,0,21,False
كانت مستمرة وناجحة لأنها كانت قائمة على التكامل كل واحد عارف شو شغلته في العلاقة من توفير المال و تربية الأبناء و,0,22,False
احبه و احب ازعله و احب رضاه دفا عمري و ترويق بالي و تفكيره لو اني اذوق المر منه اقول الله عذابٍ معاه ولا سعادهٍ مع غيره,0,27,False
ممتنة كثيرًا للطفك ومشاعرك من ذوقك يارب يسعدك سعادةً تسع السماء وآمين لدعواتك الحلوة ويرزقك أضعافه 🌸🍃,0,17,False
كل الأوجاع هدايا ربانيه إما تكفير لذنوب و إما سْعاده مؤجله لدار البقاء ف دائما ردد لك الحمد والشكر يا الله,0,21,False
ربي اني احبه ف اوصيك بقلبه الجميل أسعده بكل ما هو جميل من عندك اللهم اكتب له سعادة دائمه وإبتسامة لاتغيب وقلب لايحزن يارب 🙏🏼🖤,0,25,False
الأمير عبدالعزيز بن عبدالله بن الإمام تركي بن عبدالله آل سعود يارب إجعل عبدك تركي آل الشيخ سببًا في سعادة قلبي,0,21,False
العفو ممتنة كثيرًا للطفك ومشاعرك من ذوقك الله يسعدك يارب يارب يسعدك سعادةً تسع السماء,0,15,False
تعلمت أنه لايوجد سعاده ولا توفيق ولا عون ولارزق إلا في القرب من الله في جميع الأقوال والأعمال والأفعال,0,19,False
كل سنه وانت طيب يا دكتور عقبال 10000سنه ف سعاده يارب 🎂 🎂 🎂 🎂,0,15,False
في مرحلة ما يحتاج الإنسان إلى النظر في علاقاته يحتاج أن يفرزها أن يختار منها أفضلها يختار منها ما يجعله أكثر سعادة,0,22,False
اللهم أذِق أبي راحةً في الجنة لا تعب يلحقها و سعادةً لا قلق من زوالها,0,15,False
الحمدلله على سلامتك والله يجعلها آخر الأوجاع ويجعل ايامك الجايه مليانه سعاده واحداث سعيده اهلا برجعتك ❤️❤️🥺,0,17,False
ولا تمنيّت لنفسي سعادةً في هذه الحياة إلا من أجل سعادتك ولا آثرت البقاء فيها إلا لأعيش بجانبك,0,18,False
كل عيد و حبايبنا بخير و سعاده يا رب و ربنا يديم علينا نعمه كلها كل عيد و انتم بخير حبايب قلبي هجي اكل معاكم كده ❤️,0,27,False
كلمات لطيفه في وقت عشوائي ابتسامه في طريق مزدحم دعوه في ظهر الغيب كلها اشياء لاتكلف شيئا لكنها تخلق سعادة عظيمه في القلب,0,23,False
الهموم ما تبدا الا بعد الزواج هم مسؤولية بيت وزوج هم انجاب اطفال هم تربيتهم هم تدريسهم والخوف عليهم,0,19,False
بعدين لحظه انا طالعه من العزوبيه عشان اكون اكثر سعاده ويجي ذا يقول مافيه سعاده ياعم اسكت,0,17,False
نحن يجب أن لا نجعل مقياس سعادة العامل في عمله هو المكاسب و الفوائد التي تنجم من هذا العمل و إنما رضى الله سبحانه و تعالي,0,26,False
الحححححمدالله شي مبهج جدا ويخليك متفائل دايم بخير هالبلد وشعبهاا الله يكتب اجرك واجر كل من ساهم اللله يفرجها على كل ضايق يارب ♥️,0,24,False
لست متفائل مع ادارة بن نافل ادارة نظرتها اقتصاديه بحته لا تفهم في الامور الفنيه كما ان استمر,0,18,False
ربِّي إنِّي مُتفائل بكَ حد السماء السابعة فاكتب لي ما تمنَّيت في مستقبلي رزقي توفيقي ديني خاتمتي عائلتي,0,18,False
اللهم إني متفائل بعطائك فأكتب لي ما أتمنى اللهم أسعدني في أبسط تفاصيل حياتي وقرب لي الخير يارب,0,18,False
يونايتد اليوم صراحه ماني متفائل بسبب الاجهاد وان الاعبين ارتاحوا يومين بس عكس ليفربول 💔💔,0,15,False
مازالت متفائل بالله ثم بك بالفوز معك يابو ناصر 🙏🌹٢٠ الف بانتظاري ان شاءالله 🙏,0,15,False
العشرlلاواخرمنرمضان اللهم إني متفائل بعطائك فأكتب لي ما أتمنى اللهم أسعدني في أبسط تفاصيل حياتي وقرب لي الخير يارب,0,19,False
الهلال أمامه عمل كبير أغلب لاعبيه أعمارهم تجاوزت ال٢٨ سنة النظام أعطاك سبعة أجانب ليه ماتستغله وتجلب لاعبين ممتاز,0,19,False
• يارب فرحني بشيء انتظر حدوثه اللهم إني متفائل بعطائك فأكتب لي ما أتمنى اللهم أسعدني في أبسط تفاصيل حياتي وقرب لي,0,22,False
وصول الرئيس عيدروس الزبيدي عدن هل بيغير من واقع المأسة في الجنوب الشعب الجنوبي متفائل خير فيك😍,0,17,False
كل نعم الله علي سببها اني انسان متفائل دائما ولا مكان للتشاؤم و اليأس في حياتي,0,16,False
ذا اللاعب تحديداً من اول ظهور له وانا متفائل فيه ان بيكون له مستقبل كبير وبيحجز له مكان أساسي بالفريق وتذكروها 👍🏼,0,22,False
القائد يحسب حظي حلو و متفائل بحسابي مدري كيف اصارحه ان انا وحظي بينا مشاكل,0,15,False
يارب أفرحني بشيء أنتظر حدوثه اللهم إني متفائل بعطائك فأكتب لي ما أتمنى اللهم أسعدني في أبسط تفاصيل حياتي وقرب لي الخير,0,22,False
التفاؤل يمنحك النجاح قبل اكتماله والتشاؤم يذيقك مرارة الفشل قبل حدوثه هي أمورنفسية انت من يحسمها فكن متفائل لتنال النجاح,0,20,False
والله متفائل أنا سواء بوجود رحيم او اغويرو باذن لله يسووها باريس ويتاهلون اهم شيء يستغلون الفرص 👌🏻,0,18,False
بعطي نفسي نص ساعة اشوف فيها جديدكم وبما ان وسائل التواصل تستخدم لمشاركة الانجازات فأنا متفائل إني بشوف أشياء تفرّح,0,20,False
متفائل جدا اخي احمد اغبطك على صبرك وتفاءئلك ما شاء الله الله يرزقنا التفائل والصبر يارب 🌹,0,17,False
ماعمرني حسيت بالإفتخار بكوني مغربي كثر من هاد ليام اللي فاتو فخور باللي فات و متفائل باللي جاي و لا غالب الا الله,0,23,False
كنت متأمل يتعثرون وبعدها بكتب اني متفائل وواثق بالفريق لكن تذكرت ان هذا الموسم اكثر موسم بتاريخ الفريق يلعب فيه أشواط اضافيه 😂,0,23,False
مليتياو من اول ما اشتراه مدريد و انا متفائل فيه بس انه انظلم بالدكه واصابه راموس كانت نعمه والله,0,19,False
ربي إني متفائل بك حد السماء السابعة فاكتب لي ما تمنيت في مستقبلي رزقي توفيقي ديني خاتمتي عائلتي وأعز ما أملك وفي كل شيء❤️,0,24,False
متفائل الرؤيه والمؤتمرات ولقاء ولي العهد يخليك يقول السوق طيب فضب متوجه اتجاه اجابي حتى وان حدث جني ارباح,0,19,False
يا رب افوز 🤲💜 متفائل رغم الظروف المكانية والزمانية اني رح أفوز ان شاء الله 💪🏻📿🌙🕋,0,16,False
🗣️ماوريسيو بوتشيتينو أنا متفائل أن كيليان مبابي سيكون جاهز للمشاركة أمام مانشستر سيتي يوم الثلاثاء,0,15,False
لا اليوم متفائل الريال بيفوز على التشكيله لو مب انت تتابعها لو ابوي معاك 😂😂😂😂😂,0,15,False
اليوم متفائل واحس بتسوون ان شاء الله شيء موطبيعي بالبطوله وحنااا معكم بذاا البطوله وغيرهاا وانتمم قدهاا وقدووود👌🏻💙💙,0,18,False
صراحه متفائل فيه ولاحظت اللي يتميز فيه انه مستعد ان تُقطع قدمه ولا يستقبل هدف تعبير مجازي,0,17,False
ههههههههههه والله العظيم اني كتبت مهدرة الا شعرة بعدين قلت خلني متفائل وخلها مطلقة بلا تقييد,0,16,False
يا ربّ أفرحني بشيء انتظر حدوثه اللهم إني متفائل بعطائك فاكتب لي ما أتمنى وكل من يقرأ ١٩رمضان١٤٤٢,0,18,False
مش عارف ليه بس انا دايما بحب اكون شخص متفائل ع واشوف النص المليان وكدا,0,15,False
ماوريسيو بوتيشينو كيليان مبابي حاضر ضد السيتي أنا متفائل ومتفائل دائمًا سنرى كيف سيتطور الامر غدًا لكنني متفائل,0,18,False
مع عودة المصابين و الصفقات الجديدة و عودة الجمهور باذن الله الدوري سوف يعود لانفليد❤❤❤ متفائل الصراحة للموسم القادم,0,19,False
لي خلني متفائل ان حلمت ان نتاهل على البايرن وصارت واليوم حلمت ان نتاهل على الستي وكانت النتيجة 6لنا,0,19,False
متفائل قريبا بنسمع اخبار تسر المقبلين على الزواج و ان شاء الله خلال هذا الاسبوع 💚,0,16,False
ربي إني متفائل بك حد السماء السابعة فاكتب لي ما تمنيت في مستقبلي رزقي توفيقي ديني خاتمتي عائلتي,0,18,False
خليك متفائل وغير ذلك المنطق يقول فريق الشباب أكمل من الهلال لا ينقص الشباب شيئ حتى يفوز أما التوفيق هذا علمه عند الله,0,23,False
متفائل بنجاحه بإذن الله خصوصاً انه محقق الدوري مرتين ورا بعض مع فريق تشونبوك الكوري الهلال,0,16,False
ان شااااااء الله يااااارب انا متفائل جدا بقبول احتجاج السد السد في الامور هذي قوي جدا,0,16,False
رائعة جداً جداً جداً جداً ما عدا وجود كوريا لانه سيء مع سواريز لكن متفائل توقعي 20 لنا,0,18,False
أنا أسامح أحداث الماضي 💚 أنا أتحرر من فشل الخبرات السابقة 💞 أنا حرّ أنا شخص متفائل أنا شخص طموح للأفضل 🌈,0,22,False
اقتربنا اكثر من موسم العملات الرقمية و كانت بداية الحلقة انا جدا متفائل بشهر ٥ ان شاء الله 🔥🔥🔥🔥🚀🚀🚀 بتكوين,0,20,False
انا متفائل بصاحب اللوك الجميل ذا أنه بيغير من لوك الدوري في مباراة الهلال وبتصير الصدارة شبابيه ان شاءالله,0,19,False
يارب أفرحني بشيء انتظر حدوثه اللهم إني متفائل بعطائك فأكتب لي ما أتمنى اللهم أسعدني في أبسط تفاصيل,0,18,False
هتعرف اد ايه واثق في ربنا لما يزيد الابتلاء وانت ديما متفائل وبتفسر دا علي انه تاخير فالعطاء لاختبار قوه الثقه والايمان الحمدلله,0,23,False
وانا كمان متفائل جدا خصوصا مع موسيماني من اول يوم جه الاهلي وانا بعتبره هيبقي جوزيه ا,0,17,False
ان شاء الله بتحقق حلمك بأفضل مما تتخيل🥳🥳🥳اي خليك متفائل دووم حتى ليقرألك يتفائل معك,0,15,False
والله انك صادق لكن انا متفائل جدا اليوم المغرب الانتر ح يكسر الدنيا يفوز يفرح الجمهور المنتظر 😿😿😿😿,0,18,False
احيانا تشاهد نفسك في اوقات صعبة جدا و انك الوحيد هكذا و لكن عندما ترى مشاكل الأخرين تحمدالله على كل شيء,0,21,False
تذكر تغرديتك احس الأهلي بيسوي شيء كيير في اسيا وربي كل ما اشوفك متفائل اضحك فريقك مو محزم للأسف,0,19,False
ربي إني مُتفائل بِك حد السماء السابعة فاكتب لي ما تمنيت في مستقبلي رزقي توفيقي ديني خاتمتي عائلتي,0,18,False
متفائل اصل الواحد تعب و بدأ الحياة بدري اوي وربنا مش هيضيع تعبي ان شاء الله ❤️,0,17,False
متفائل وكلي ثقه بفكر الرئيس كني أشوف رمزنا حي ما مات ننتظر متى يجي النصر الونيس أرجع لعشاقك وعوضنا ما فات,0,21,False
بما اني تابعت لحد الان نصف افلام سلسلة مارفل اقل مايقال عنها رائعه وممتعه طبعًا مو كل الافلام لكن الاغلب يكون ممتع,0,22,False
الخذلان يكون الشخص متفائل وعنده امل كبير وفجاه ينخذل صعب جدآ جدآ يكون هالشي عليه,0,15,False
انا متفائل خير وانما احببت ان اذكرك بانه ليس هناك اي شي في هذه الدنيا ياتي براحة بال فمن يريد شيء يتعنى للوصول له وسيصل بإذن الله,0,27,False
لا يمكن أن يعرف الانسان ماذا يغلب بطبيعته اليأس أم التفاؤل لان هذه الاشياء تتحكم بها المواقف و الظروف حياتنا,0,20,False
بحول الله والاهلي متوجه للتحسن والكل متفائل خير والله يوفق الاهلي ويكون النفيعي الريس 💚🙌,0,15,False
إني احيانا اشعر إن التفاؤل مرتبط بوثيقة تامة مع الفرج وأشعر إن كل متفائل راح يتجاوز أي ازمة يمر فيها,0,20,False
انا مختلف معاك في العدد 😅 ممكن اكون متفائل شويتين في قلب دفاع جاي بإذن الله مع الارتكاز والجناح,0,19,False
التفاؤل و لله الحمد حتى ولو اني أسبح بخيالي كثير لكن جميل ان الواحد يكون متفائل عادةً و يلهي نفسه عن التفكير السلبي,0,23,False
الان بتروش و اتوقع مع هذا الشي بتزين نفسيتي و بتقلب 270 درجة ان شاء الله مره متفائل فيها,0,19,False
يبتسم دائماً ويذنب دائماً ويستغفر بعد ذنبه فكان متفائل قيل له ما يسعدك وانت تذنب دائماً فقال لهم مايسعدني هو أذنبت,0,21,False
تحكمها ظروف الموقف والفرص لكن غالباً اميل للتفاؤل رغم ان الحياة تدعسني في مواقف كثير لكن لازلت متفائل,0,18,False
ربي إني متفائلٌ بك حد السماء السابعه فاكتب لي ما تمنيت في مستقبلي رزقي توفيقي ديني خاتمتي عائلتي و من أحب و كل شيء,0,24,False
رغم زعلي ساعتها بس كنت متفائل بسببها و قلت هنرجع معرفش كنت جايب الثقة دي منين😂,0,16,False
متفائل جدا وباذن الله ما تأجل من ايام الاعياد الوطنية سيحسم ويتم إن شاء الله تعالى هذه الايام,0,18,False
انا متفائل فيه ويقدر يلعب بكل المراكز بس موضوع اصابته خل الجمهور محبط منه رغم انه ممتاز جدًا,0,18,False
احب الشخص اللي في عِز الصعاب متفائل ومتوكل على الله اللي دايماً ينطق خير انزعج من الناس ذو الطاقه السلبيه,0,20,False
الحمدلله متفائل بالتصحيح بإذن الله سوف يذكر التاريخ انه من تأهل بتعادل غيره هو من فاز بالبطولة,0,17,False
أنا شخص حافل بالهزائم مُرهق من الأيام يائس من الطريق ومن بين كل هذا متفائل 🌻😊,0,16,False
كن متفائل في جميع الأحوال من التفاؤل يولد الأمل ومن الأمل يولد العمل ومن العمل يولد النجاح🌹👌,0,17,False
جميل انك تكون متفائل وتذكر الاشياء الجميله والانجازات الي حصلت في حياتك وتتناسي الاخفاقات والذلات والهزائم,0,16,False
التفُاؤل هو شي جميل جداً هو انك تكون انسان متفائل و تشوف الحياه بنظره إيجابية مو العكس📮🌈,0,17,False
متفائل بالله باذن الله مافي حجر وبنسافر وبتكون اجازة جميلة جدا وباذن الله بتنزال هذي الجائحة,0,16,False
الحمد لله رغم كل شي الايمان بالقضاء والقدر يخليك متفائل في كل شي يصير لك 👌,0,16,False
متفائل أن قادم الأيام ماله حليّ وأقول يا ماضي الأيام خبرك عتيق و الرزق لا راح منّي او تأخر عليّ قلت ا,0,22,False
متفائل أن قادم الأيام ماله حلي وأقول يا ماضي الأيام خبرك عتيق و الرزق لا راح مني او تأخر علي قلت الله العالم انه جايني ب الطريق,0,27,False
الحياة تعطى بيد وتأخذ باليد الأخرى أدرك هذه الحكمة لكن بذهني فقط قلبي متفائلأريد أن أعطي بسخاء أريد أن يفيض الحب,0,21,False
ولقد بلغتُ من التفاؤل أوْجَه وقلائلٌ من يفعلون قلائلُ حتى تفاعيلَ البحورِ قرأتُها متفائلٌ متفائلٌ متفائلُ,0,16,False
ياكابتن انا متفائل وحاسس ان الاهلي هيعوض خساره ال5 وهنكسبهم 5 وباذن الله تحصل عشان كل واحد يحط جزمه في بوقه ويسكت,0,22,False
عموما أنا متفائل خير إن شاء الله اننا هنعدي من صن داونز وهتكون بدايه لتحقيق اللقب العاشر بإذن الله,0,19,False
طيب أنا متفائل بالأهلي قدام صن داونز جدًا حتى لو خصم مش سهل بس متفائل مش عارف ليه 🤷🏻‍♂️ حد متفائل,0,21,False
أمري عجيب يوم متفائل ويوم متشائم اليوم أنا بالمود الإيجابي وحاسس إنو المستقبل مبشر بالخير 🤷‍♂️,0,16,False
ولا مررره فزت ف حياتي ي رب المره هذي متفائل بإذن الله 🥺❤️ ي رب افوز,0,16,False
بالظبط ذا اللى بتكلم عليه ان شاء الله نعوض انا طبيعتى دايم متفائل بس اللى صار احبط شوى لاكن يارب خير مازال مازال مازال,0,24,False
من كسرقلبك من صباح كون متفائل ابتسم امام الجميع الحياة تمضي بدونهم وتستمر فقط ابتسم الحياة 🤭🕊️🌿💐☺️,0,17,False
٢٠رمضان 🌙 اللهُم شيئًا لطيفًا مُفاجئ سعيد غير مُخطط له يأتي من دون توقع شيء جميل مُفتقد يكسر الروتين و,0,20,False
إنك ترجع لنفسك وتداريها وتستوعب كمية الجمال الي خلقها الله في نفسك ترى الإنسان شيء عظيم من خلق الله يقدر يكون أفضل,0,22,False
أحد الاشياء التي تجلب السعادة هي أن ترى الأطفال يمرحون بفرح فأنا سمحت للأطفال بالصعود على ظهر هذه السيارة,0,19,False
أنا سعيد فشخ بمليتاو لكن لسة مش مقتنع به في الوقت الحالي وفي موضوع جاهزيته إنه يكون مدافع أساسي في مدريد,0,21,False
مرحبًا أيها الليل أعرف أنك تخبئ في أسفل جيبك المهتري قطعًا من الحظ أرجوك أن تعطني واحدة أريد أن أشتري يومًا سعيد,0,22,False
كلمة بحبك مش شرط تكون مخصصة للمرتبطين بس كلمة بحبك تنفع لشخص انت سعيد بوجوده فحياتك,0,16,False
كل سنة والاخوة الاقباط بخير وعيد سعيد عليكم وربنا يجعل ايامكم كلها اعياد ووزعوا فلوس جديده على العيال الصغيره,0,19,False
عايزه افهم حاجة بسيطة بس هي الميني دريسات دي لمين مش عارفه أبطل ضحك علي المقلب اللي اخدته ف 3 دريسات أقصر من بعض,0,24,False
لا توجد حياة مخمليه فيها كل شيء سعيد المشاكل موجوده وحلها الصبر والتعاون ان أردت أن تكون مرتاح البال و الضمير,0,21,False
باقي اسبوعين😍على العيد حبيت اكون 👆🏻اول شخص 😊اهنيك بالعيد🎉🎋🎊🎁🎈كل عام وانتم بخير 🎁😘☺😉😍 اتحداك اذا احد مهنيك😇😣😞🎊🎉🎋قبلي,0,17,False
اللهم إنى سعيد وفرحان فيمن نفق من الصهاينة فى الجسر اللهم زد من نفوقهم وزد من مثل هذه الجسور,0,19,False
كل عام وانت بصحة وعافية وراحة بال 🎈 كل عام وعمرك مديد وتحيا أيامك سعيد💜,0,15,False
كل سنة وكل مسيحى مصر بخير وصحة وسعادة عيد قيامة مجيد سعيد على بلدنا وأهلها كلهم يارب ❤,0,18,False
أغلى من كبر وأكثر من أحب كل عام و أنت نور هالأرض ونوري عامك سعيد ياللي الحسن قيدك 💗,0,19,False
كل عام وأنا برفقتك وأنا أتقاسم معك أيامك ؤتنسيني في كل طريق أعبر فيه وأنتي بجانبي تنهين من عمري كل أحزاني,0,21,False
عندي القناعه التامه ان الشخص اللي احبه مو شرط يكون معي وبقربي عشان يستمر حُبه دامه فِقربي مو بخير عساه في هوى غيري سعيد,0,24,False
أنا اهلاوي بس سعيد جدا للاسماعيلى أنه بدأ يستفيق وإن شاء الله يتخطى المحنه عن قريب,0,16,False
رغم انه بابا عايدني بس لما شافني مسويه فعاليات في فيس بوك مع اقارب ارسل لي عيد ميلاد سعيد 😭❤ احبه,0,21,False
ميلاد الهنا يا نور الأيام و بهجة الخاطر عسى عامك سعيد و أيامك هنيّة 💛,0,15,False
أغلى من كبر وأكثر من أحب كل عام و أنتِ نور هالأرض ونوري عامك سعيّد ياللي الحسن قيّدك ❤️🥺🥺,0,19,False
تحتفل اليوم مريم متولي لاعبة الفريق الأول للكرة الطائرة للسيدات بالنادي الأهلي بعيد ميلادها ال23 عيد ميلاد سعيد,0,18,False
كل سنة وانتوا طيبين يا حلوين عيد قيامة مجيد يا رب عيد سعيد عليكوا وعلى كل حبايبكوا 🐣🐰🐣🐰🐣🐰🐣🐰🐣🐰,0,18,False
أفضل شعور يأتي عندما تدرك أنك سعيد تماما دون الناس الذين كنت تعتقد أنك في أمس الحاجة إليهم,0,18,False
أغلى من كبر وأكثر من أحب كل عام و أنتِ نور هالأرض ونوري عامك سعيّد ياللي الحسن قيّدك ❤️,0,19,False
أبونا اللي قال الكلمة في القداس ده عسل قوي وجه كلمة لأثيوبيا فيما معناه احنا بنحتفل بالعيد وعاوزين حياتنا كلها أعياد,0,21,False
حفظك الله ياوالدنا الكريم سعيد واعانك وتولى أمرك وسدد خطاك وسهل لك كل صعب وحفظ لك عائلتك واولادك اللهم أمين,0,20,False
ربيع قلبي والسحابه اللي هلَّت على حياتي وكأنها اعتذارات السنين اللي تجسدت بهيئة شخص عامك سعيد ياضيّ الليالي 🤍,0,19,False
كل سنة وكل اقباط مصر بخير عيد قيامة سعيد يعود علي الجميع بالخير والصحة والسعادة يارب 🌷🌷🌷,0,17,False
مرحبًا يا قارئ رسالتي قد نكون لا نعرف بعضنا ولكنني أحببت أن تتلقى رسالة من شخص عابر أتمنى لك يوم مليء بالراحة و السعادة,0,24,False
كل سنه واخواتنا واصدقائنا واحبابنا وجيرانا الاحباب الغالين عشرة العمر اخوات وحبايب واصدقاء كل عيد قيامه سعيد عليكم,0,18,False
كذا تكون التعبيرات الخياليه وتتذاخل مع حياتك اليوميه و انا متأكد بل اكيد انك عايشه حياة سعيده مع حبيبك👍👍😍😍,0,19,False
تخيل تعيش عمرك كله بتتمنى تعيش حياة مريحة و سهلة و سعيدة بس مش عارف ايه الحاجات اللي ممكن توصلك للحياة دي,0,22,False
اللهم ارزقني حياة سعيدة رفقة صالحة رزق مبارك أدعية مستجابة أمنيات محققة أخبار مفرحة نهاية عمر جميلة حُسن خاتمة وجنة لي ولمن أحب,0,23,False
يارب اجعلني صبورة سعيدة قنوعة موفقة راضية ومنك قريبة يارب سهل الامور التي تقف على عاتقي واجعل فرجها قريباً يا الله,0,21,False
كل عام وانت بالف خير وسلامه وسعادة وهنا والأسرة الكريمة كلها وعقبال 86 سنة سعيدة جداً جداً جداً جداً جداً جداً جداً,0,22,False
مهما كنت لطيف وكيوت لا تسمح لأي شخص يعاملك معاملة استحقار خذها مني قاعده مثل ما أعطي الشخص قيمة ارجعه لمستواه,0,21,False
كل سنه وانتى طيبه يا لولو وسنه سعيده عليكى يا رب وتحققى كل ما تتمنى وفى سعاده والى الله اقرب 🌹🌹🌹🌹,0,21,False
يا احلى واذكى بنت في الكون احبكككك مره واتمنى لك سنة سعيدة مليانه ب الاشياء الحلوة,0,16,False
كل سنة وانت طيب يا كيمو سنة سعيدة عليك يا غالي وتحقق امنياتك بإذن الله,0,15,False
والحين نقول تصبحون على خير واحلام سعيده لكم واتمنى يومكم بكرة يكون احسن من اليوم🥺♥️,0,15,False
كل عام وأنتِ بخير و صحة و سعادة يا الديم و يا رب كل أعوامك جميلة و سعيدة 💛🌷,0,19,False
أحب اللي يصورون لي ويشاركوُني رأيهم سعيدة جدًا إني صنعت لكِ هذا العمل وبيرافقك دائمًا🤍,0,15,False
غداً ستنبت في جبين الأفق نجمات جديدة و غداً ستورق في ليالي الحزن أيام سعيدة,0,15,False
عيد قيامة مجيد يا شباب اتمنى ايامنا كلها تبقى اعياد ومناسبات سعيدة علينا كلنا كل سنة وانتم طيبين بجد,0,19,False
مشغوله بجمالي و تأمل عيناي و مداعبة شعري و النظر إلى جسمي مشغوله بتأمل كمالي و سعيِدة بذلك جداً,0,19,False
نتمني لك كل توفيق في اختيار الزوجه الصالحها وحياه زوجيه سعيده ملئه بالحب والمودة ورحمه,0,15,False
تفائل دائمًا بحدوث أشياء سعيدة في حياتك أخبار جميلة مستقبل أفضل فَ الثقة بالله تجلب لك كل خير🌸,0,18,False
صوتك جبر خاطر وكلماتك تلملم الشتات — اوه شكرا على الوصف الحلوو وربي ☹️✨🌸سعيدة بذلك حقاً ✨🌻,0,17,False
إذا كنت تريد أن تعيش حياة سعيدة اربطها بهدف وليس بالناس أو الأشياء ألبرت أينشتاين,0,15,False
احسني سعيده جداً حلو شعور لما نشوف ناس تدعي وتحكي كلام حلو جداً احس بعدها الحياه حلوه وبها ناس حلوه,0,20,False
حمدلله اني كنت جزء من الطالبات الي كانوا يمثلو الكليه وجاوبوا على الاسئله وكل حاجة سعيده انه كنت جزء بسيط من انجاز كبير🥺❤️,0,23,False
كل سنة وانت طيب يا خويا وربنا يجعلها سنه سعيدة عليك أنشاء الله وتحقق كل اللى تتمناه واشوفك احلى معملجي في الدنيا ❤️,0,23,False
كل سنه وانت طيب يا قلبي وعقبال مليون سنه واحنا صحاب واخوات وربنا يخليك ليا يحبيبي وسنه سعيده عليك كده يا قلبي,0,22,False
انتي افضل شخص في حياتي احبك و اتمنى تكونين سعيدة دايم — شكرًا مرة 🥺,0,15,False
كنت بره سعيدة و مبسوطة وانا طالعة البيت لقيت جرو متعور و بيعيط و هقضي الليل بعيط عليه انا كمان,0,20,False
كل سنة وانتي طيبة وبخير ي نانسي😌❤️❤️❤️ويارب تكون سنة سعيده عليكي ي حبيبي ونتخرج سوا 😘,0,16,False
القواعد الخمس لحياةٍ سعيدة 🦋💚☀️ افعل الخير لا تؤذي أحداً سامِح دائماً كُن إيجابياً ثق بِنفسك 🦋,0,17,False
ليش انا بعيدة عنك ابي اسعدك ماابيك تبقين حزينة 🌧️🍓 — انا سعيده لانك معي هنا وبقلبك😢🤍,0,17,False
شكراً لطيب حضوركم وتفاعلكم متدرباتي 😍❤️ تمنياتي لكم ولأطفالكم وللجميع إجازة سعيدة مليئة بالإنجازات بالتوفيق يارب,0,16,False
كل سنة وانت طيب يا مخ و يارب تكون سنة سعيدة عليك و تحقق كل اللي بتتمناه ويارب يكون الاكل عجبك 💜😂,0,22,False
تكفين كلامك اف بوسط قلبي روقتيني بكلامك ذا وربي احسني مرره سعيده شكراً للايام الي عرفتتي عليك والله يسعدك 😭🥺💓💓,0,20,False
سنهه حلوه ونحب نشكر الوالد والوالدة والطاقم الطبي والمستشفى وصاحبها على التحفه الفنيه الي جابها لنا سنوات سعيده يارب🥺♥️♥️♥️,0,19,False
كل سنة وانتا طيب يا صوفي ويارب تكون سنة سعيدة عليك ان شاء الله ♥️♥️,0,15,False
صراحةً سعيده لك ويا رب يوفقك ويسعدك على قد ما اسعدتني و نسيتني همومي واشكر الله انه خلاني اعرف شخص زيك,0,21,False
جدا سعيدة بانظمامي لهذه الورشة كنت اتمنى لو تمتد لاكثر من ٥ ايام جدا مفيدة ومثرية,0,16,False
دعوة حلوه منكم تسعد قلبي ولا كلمات تخليني ابتسم أيشي يخليني سعيده شوي ما استاهل يعني 🥺🤦🏻‍♀️,0,17,False
ليس شرط ان تكون الاوقات السعيدة ناتجة عن اشياء ثمينة او اشياء من النادر ان تحدث فقد تأتي لحظة سعيدة بامور بسيطة مثل الابتسامة او كلمة طيبة,0,27,False
كل سنة وانت طيب يا بودي وسنة سعيدة عليك يارب وتحقق كل النفسك فيه 💞,0,15,False
ثم يعوضك الله عوضا يليق بقلبك كانه يخبرك بأن دروب الامل لا تختفي وأن الخير سيتبعك ويصنع من احزانك مفاجات سعيدة,0,21,False
أحبُّوا أيَّامكم الهادئة ليس بالضَّرورة أن تكون سعيدة ومليئة بالتَّفاصيل يكفي الهدوء والسَّلام 💛✨ مصطفىالعبندي,0,15,False
اللهم اكتبلى الخير ف سنين الجايه واخترلى ولا تخيرنى يارب اجعلها بداية سنه سعيده على قلبى وفرحنى ووفقنى ف مستقبلى 🤲❤,0,21,False
ياربي ما تدرين شكثر احب سوالفك مررره احب وجودك بس استحي اكلمك بس بليز عندي طلب لا تغيبين كثير عن الحساب 😢,0,22,False
ماخترت أحبك شعور الحب من ربي الله كتب لي غرامك يوم حبيتك ماجيت دربك وقفت أنت في دربي صدفه وكانت سعيده يوم لاقيتك💙,0,23,False
طول ما النهايه مش سعيده إعرف انها مش دي النهايه اعرف انها مش نهايتك انت حتي لو كانت دي نهايه شخص او شئ ف حياتك,0,25,False
مش قادرة أتخيل كمية البحث اللي اتعمل عشان تبان كل التفاصيل الحقيقية دي أنا حقيقي سعيدة إن جاتلنا فرصة نفكر ونتكلم,0,21,False
احس أني مبوسطة وانا اشوفك سعيدة ❤️ — ياروحي أنتِ الله يسعد قلبك قولي امين,0,15,False
مسلسل حلو كفكرة جديدة ومحدش تناولها تنفيذ أبطال كلهم متوظفين صح قريب مننا وهتلاقي نفسك فيه بشكل أو بآخر,0,19,False
لا بد لليل أن ينجلي ولا بد أن يستجيب القدر تفائلو بالخير تجدوه تلاقي الخير وأحلام سعيده وغد أفضل لحضرتك بإذن لله 🤲,0,23,False
تزوجت عمري ١٦ ماضرني الحمدلله حياة سعيدة وناجحة من فضل ربي 👍🏻 بس الأفضل من ١٩ 👌🏻,0,17,False
❤️ اليوم من أحب الايام لقلبي كبر حبيبي فيه ويكبر حُبه بقلبي هابي بيرثداي لروحي,0,15,False
يالله وش قد فرحانه وسعيدة كثير لصديقتي يارب دايم تكون سعيدة لاني افرح اكثر من فرحتها والله 😔🥺🥺🥺,0,18,False
الشخص المفضل ليا ف الدنيا دي كلها قبل كل حد هو انا انا دايما عايزاني سعيده ودايما بفرحني ودايما بحبني وبقدر افرحني,0,22,False
أكثر ما أنا سعيدةٌ بإنجازه في سنواتي الأخيرة الماضية أنني دربتُ نفسي على مهارة مراقبة المشهد دون رغبةٍ في التعليق,0,20,False
لقيتي شغل أخيرا 🥺🥺 الف مبرووك يا عمري سعيدة من اجلك 💓💓💓رغم انو يوم مو مناسب لكن اعتبريها هدية,0,19,False
بالفعل ليس كل جميلة سعيدة ولا كل جميلة محضوظة وفي الغالب بان الجميلات مملات وتافهات ودايما الجميلة صعبة وراسها يابس 🤔🤔🤔,0,21,False
كل عام وانا أصر على الحياه أصر على أن أعيش سعيدة وضاحكه وممتنه لكل الأشياء التي قد تبدو في عين الكثير بسيطه,0,22,False
سعيده سعيده سعيده سلسلة الروايات المفضله لي توقفت عند المجلد الثامن واليوم لقيت الين المجلد السادس عشر😭,0,17,False
يابا سنة سعيدة عليك وتحقق اللي بتتمناه من اجدع الناس اللي قابلتها في حياتي ❤❤,0,15,False
سعيدة جدًّا بمشاركتي ومداخلتي في إذاعة القرآن الكريم بعد حصولي على المركز الأول بمسابقة المهرة ♥️ دقائق أعتزّ بها,0,19,False
جالسه افكر لو كبرت وصار عندي وظيفه وحياه واستقلاليه بتزوج او انا بقدر اتقبل شخص معي يشاركني حياتي,0,18,False
مواليد رمضان مختلفون ابصروا النور ب زمن لا تتنفس به الشياطين 🤍 كل سنة و نورة سعيدة ومعي ياا رب 🤍,0,21,False
لا الحب اكتر من كدا سند واهتمام وراحة وسعادة وحب ومشاعر ولحظات حلوة وايام سعيدة وملجأ وتستمدو قوتكم منه,0,19,False
اتمنى لك سنة سعيدة كلها حب لك مليئة بكل حاجة تتمنينها😢💕 مبسوطه كثير اني عرفت شخص نفسك وبنفس لطافتك أحب سوالفنا كثير,0,22,False
اليوم ميلاد احلا والطف شخص فحياتي سنه سعيده عليك ياروح اختك و اتمنى تكوني موجوده بكل حياتي يانونو 😣,0,19,False
اللي تتخذ من الزواج وسيلة للتكسب وتحقيق أحلامها المحرومه منها على حسابك لا يمكن بأي حال من الأحوال أن تبني معك أسرة,0,22,False
يالله والله اني سعيد ببهجتكم ياا رب دوووم لحظاتكم كذا سعيدة ومباركة وربي يتقبل منا ومنكم وامطار خير على الجميع 🙏🏻🌷,0,21,False
سعيده ببودي وهو اي حد بيكلمه كطفل ويسلم عليه ويبوسه يمنعه ويقوله كدا غلط وبعدين انت مش عارف ان في فيرس,0,21,False
❤️ اليوم من أحب الايام لقلبي كبر حبيبتي وصحبتي وكل حياتي فيه ويكبر حُبها بقلبي هابي بيرثداي لروحي,0,18,False
وأن الأيام دول والغدُ لا يُشبه الحاضر وأن الليل إنْ طال واختفى قمرُه فإنّ الصُبح لناظره قريب دامت أعوامي سعيدةً ومليئة بفضل الله ولطفه ❤,0,25,False
أعتقد أن وجود الحب في حياتنا داعم كبير لكل جوانب ومسارات الحياه داعم لعيش أيام سعيدة للتصدي عن خيبات الأمل,0,20,False
الحمدلله في اسعد ايامي وقل لهم يدعون لي يطلع قبولي بالوظيفه عشان اصير سعيده اكثر,0,15,False
تفائل دائما بحدوث أشياء سعيدة في حياتك أخبار جميلة مستقبل أفضل فالثقة بالله تجلب لك كل خير مساء الورد,0,19,False
المرأة العزباء سعيدة إذا كانت تملك عائلة تحتويها وتسعدها المرأة المتزوجة سعيدة إذا كانت تملك زوج يحترمها ويسعدها,0,18,False
غير صحيح الزواج نعمه واستقرار نفسي والابناء نتيجه سعيده لهاذه العلاقه فالمرأة لاغنا لها عن الرجل والعكس صحيح وسلامتكم,0,19,False
وبشر المؤمنين إن لكم في أفق الغيب أقداراً سعيدة وعطايا جزيلة وأيام سعد وهناء جميلة فما بعد عسر,0,18,False
جداً سعيدة أني في هذا اليوم احضر اول دوراتي لشيء أنا احبه وان شاء الله بيكون شي كبير يوم من الأيام و وايد واثقة بقدراتي والله يتمم 🙏🏼,0,28,False
لكي نقترب من السعادة علينا الابتعاد عن مايجعلنا نعتقد إنها غير موجودة افعل مايجعل روحك سعيدة 🌼🍃✅,0,17,False
رغم أنف الغياب ورغم بعد المسافات ورغم رغبة الظروف ستظل ذكراك في روحي وعشقك محفور في قلبي,0,17,False
تعرفي وقت لي اكون معكم و مع حتي اذا ما نمت ما رح ازعل بلعس اكون سعيده,0,17,False
الصحبة الصالحة هي التي تجعلك تعيش حياتين هنيئه سعيده هنا واحده والأخرى فالجنة بإذنه جلّ وعلى🤍,0,16,False
وااو اخيرًا مبروك سعيدة لتخرجك رغم اني عرفتك من فترة قصيرة تستحقي الأفضل انهيتي مرحلة مو سهلة,0,17,False
تصبحي على خير يا امي نوم الهنا احلام سعيدة يا اميرتي الغالية بحبك كتير كتير واشتقتلك كتير كتير يا عمريي,0,20,False
لمعات في العيون ابتسامة دائمه في المحيا حركات طفولية نبرات سعيدة نوم هادئ على سحابة بيضاء شعوري الحقيقي الصادقة,0,19,False
أُحب ابتسامتي أكثر من أي شيء في هذا العالم أُحب كوني امرأة سعيدة ومغمورة بالطاقة,0,15,False
اسألك ربي التوفيق لأختي واجعلها أسعد خلقك وتمم أُمورها على خير واكتب لها حياة سعيدة يارب 🤲🌻,0,17,False
اخيرا وصلت للهدف كنت اتمنى اوصل له من مره وحده لكن كبداية احس جدا سعيدة,0,15,False
افضللل مشهور بالنسبه لي حرفياً غير فيني اشياء واجدد ومرا مبسوطه كونه بذا العمر واشتغل على اشياءء واجد مرا مبسوطه,0,20,False
وبشر المؤمنين إن لكم في أفق الغيب أقداراً سعيدة وعطايا جزيلة وأيام سعد وهناء جميلة فما بعد,0,17,False
العاشرة مساءاً أتناول الحلوى 🍮🍪 وأشاهد نوار 😊 بات رمضان على الأنتهاء آه يالسرعت الأيام مازلتُ سعيدة ببداياته 🌙🌫 ا,0,20,False
حبيبة قلبيي وروحي❤️❤️❤️ سعيدة سعيدة لك من قلبي وفخورة فيك جدًا شهدت كل الانهيارات والتعب والنجاح,0,16,False
بكره بكبر سنه مدري افرح او احزن بس اتمنى تكون سنة سعيده ويصير فيها الي ابي 😔,0,17,False
اعتقد أن موضوع السعادة شي نسبي ولا نستطيع ربط السعادة بالمرأة وحدها فهي انسان احياناً سعيدة واحيانا لا,0,18,False
الله يشرح صدرك و يزيد من الشغف في حياتك و تبدين حياة جديده سعيده تنسين فيها كل الاتعاب 💕,0,19,False
في احاسيس الإنسان ما بحسها لا نص الليل لانو الليل بارد حيث الاستكانه وعقل الإنسان يبدأ يفرمط في المعلومات,0,19,False
شفت صحبتي القديمة صديقة الطفوله والمراهقه تشاركنا ايام سيئه و احس انو جداً سعيده يمكن هذا الي احتاجه هالفتره,0,19,False
يا عمري انتِ انا يا نيالي الله اكرمني فيكم احلى واغلى واطيب عالم وباذن الله بشوفك عن قريب يا قلبي,0,20,False
سعيدة هذه السنة أني تعرفت عليك كان أيام المستشفى لها طعم غير معك بالطاقة الحلوة وحماسك كل الدفعة محظوظة,0,19,False
ينعاد عليكم أعوام طويله سعيده عزيزتي كل عام وانتم وعائلتكم بالف الف خير وسلام كل الحب والود 💓🌹🌹🌹,0,18,False
قسم بالله اني أكون سعيدة 10 مرات يوم يكلمني شخص أحبه حتى كلمة كيفك اقراها وانا مبتسمه أبسط الأشياء يصير لها معنى,0,22,False
صادق كل الي اعرفهم وتزوجوا تدمروا نفسياً وشكلياً ماعمري بالواقع شفت وحده تزوجت وتطورت او كانت سعيده,0,17,False
مش فاكرة ٱخر مرة فرحت بخبر كدة بس أنا سعيدة بجد الحمد لله الحمد لله,0,15,False
ما تعبتني بس ابيها تهتم بنفسها مابي تتعب او تحزن او شي ابيها دائما سعيده,0,15,False
مش هحلف بس اكيد انتم بتحسوا ان بنصحكم زى اخت وبخاف عليكم ازاى انا فعلا بتمنى اشوف الناس كلها سعيده سعادتهم مش هتنقصني,0,23,False
مسائك سعاده وليلتك سعيده والشهر الكريم مبروك عليك وعلي احبتك كل عام وانتم بخير وصحه وسلامه وامن وامان 🌼🌸,0,19,False
والله اني بكيت من الفرحه بعودت ابا القاسم وعودت ريم جد سعيده اليوم لا تغيبي ريم مهما صار لا تغيبي ❤,0,21,False
انا مرا سعيده فاينلي طلبت و باكل ايسكريم من بعد مده طويله ما اكلتو 😭,0,15,False
كل عام و انتم بخير اعياد سعيدة علي كل شركاء الوطن شعب واحد و طن واحد,0,16,False
سأكون سعيدة جدًا دون أي سبب سوف ابتسم لأني أملك إبتسامه تضيئ المجرة ولا أعتقد أن الحياة قادرة على هزيمتها☁️,0,20,False
المرأة متزوجه الي تختار شخص الي تحبه عشان تعيش معه بتكون سعيده اما الي متزوجه ب الاسم هاذا شي ثاني دي ميته عاطفياً,0,23,False
الحمد لله حمداً كثيراً إشعار نتائج بلوك الباطنة وأخيرا لحظة اتخيلها من ثالث اسبوع دوام من هذا الترم,0,18,False
الشئ المؤكد أنك لن تصلح ما أفسده الدهر فبلاش دوشة دماغ ع المسا ليلتكم سعيدة,0,15,False
اللهم إنا نسألك حياة سعيدة ورفقة صالحة ونهاية عمر جميلة ورزق مبارك وأدعية مستجابة وأمنيات محققة وجنًة لنا ولوالدينا ولمن نحب,0,21,False
خميس العهد الجمعه العظيمه سبت النور وعيد القيامه المجيد ورمضان كريم وجمعه مباركه والمجد لله فى الاعالى وعلى الارض ا,0,20,False
بدأت واحة الغروب و كل ما محمود يتكلم في الرواية بسمع صوت خالد النبوي القمر دا و ببقى سعيدة 🥺♥️,0,20,False
سيعُوضك الله عوضًا يليقُ بقلبك كأنه يخبرك بأنَّ دروب الأمل لا تندثر و أن الخير سيتبعك و يصنع من احزانك مفاجئات سعيدة 🖤✨,0,23,False
تهنئة من الوريد الى الوريد وقبل الزحمة والمواعيد كل عام أنت سعيده وعمر مديد وسنة جديدة بلا دموع,0,18,False
متى تخلصين من كابوس الفارما 😞 — هانت بكرة خلاص ١٢ الظهر سعيدة ومرتاحة ♥️,0,15,False
لاتحبسون مشاعركم بالمواقف سواء سعيدة او حزينة دايم خلوها تعبر اهم شيء ماتكونون حبيسين خلوكم دائمًا احرار,0,17,False
يارب اجعلني صبورة سعيدة قنوعة موفقة راضية ومنك قريبة يارب سهل الامور التي تقف على عاتقي واجعل فرجها قريباً يا الله 🙏💛💛,0,22,False
احلا حاجة يسويها خالي في رمضان يتصل وقت الاذان خية بفطر وياكم والله والخير على البركة ويكفي كل شي وقسم سفرة سعيدة تكون,0,23,False
تفائل دائما بحدوث أشياء سعيدة في حياتك أخبار جميلة مستقبل أفضل فالثقة بالله تجلب لك كل خير مساءالخير,0,18,False
عسى ما يجي فجر العيد إلا وأنتي سعيدة ومرتاحه وصدرك منشرح وقلبك مطمئن ومبشره بمسرات ما طرت على بال❤️❤️,0,19,False
يُحكى أن قلباً يسامح البشر كل ليلة فعاش مرتاحاً وأن نفساً ترضى بالأقدار فباتت سعيدة وأن روحاً تُردد الحمد لله فنامت وإستيقظت مبتسمة,0,23,False
الزواج مسؤولية ضخمة بالنسبة للرجل والمرأة اذا ماكان الزوجين قد مسؤولية ما راح يكون في راحه لطرفين ا,0,18,False
لنعيش معًا يوم يومان او مئة عام لا يهُم لكن لنكُن معًا فيهم عيشي يا حبيبتي لأجلي لأجلنا سويًا كوني بين يداي سعيدةً هنيةً مُعافاة,0,25,False
اليوم من أحب الايام لقلبي كبر حبيبي فيه ويكبر حُبه بقلبي هابي بيرثداي لروحي يوم ميلادك ميلاد للأيام الحلوه,0,19,False
دايما و كل يوم و كل م اصحى الصبح اتطلع ع حالي بلمرايا بكون فخورة و راضية و سعيدة,0,19,False
انوي السماح لنفسي باستقبال الوفره والثراء والارتباط بحبيبي وابو بناتي على خير وسعاده ويسر وان اكون سعيده و,0,18,False
فكرة ان ممكن يفوزون ويفرحون وانا و اللي صوتوا ممكن يكونون السبب هاذي تخليني سعيده جدآ,0,16,False
بعد وقت ما مبقتش اخاف اخد قرارات وتطلع غلط ماتطلع غلط يعني وارتكب حماقات عادي مهو ده السن اللي بنجرب ونتعلم فيه,0,22,False
مشغوله بجمالي و تأمل عيوني و مداعبة شعري و النظر لجسمي مشغوله بتأمل كمالي و سعيِدة بهالشي جدا,0,18,False
ما أعرفك بس سعيدة لك كثير واتمنى لك كل التوفيق والتيسير وانتبهي لنفسك ونبي نفرح برجعتك بأخبار حلوة ونفتخر فيك 🙏🏼♥️,0,21,False
دراستك من كيسك المراة لو تبقى عزباء نسبة سعادتها ٢٠٪ لن تكتمل الا بالرجل وتبقى سعيدة طول عمرها 🌹,0,19,False
لحياة زوجيه سعيدة لابد من التشارك و تفقد جوانب بعض و تغطية الخلل لبعض لتستمر الحياة الزوجية بنجاح,0,18,False
انتهى حلمي بطريقة أكثر من مأساوية ولكنني سعيدة ماراح أضطر اني ازعل بعد أفكار دامت لسنوات اذا حان الوقت وما صار حقيقي,0,22,False
لا يمكن للحياه ان تكون بأكملها سعيده هنالك بعض الحزن يلونها لكي نعرف قيمة السعاده حين نحصل عليها,0,18,False
عاشروا الناس عشره إن غبتم حنوا اليكم وأن فقدتم بكوا عليكم الله يجعل ايامكم سعيدة 🙏🌷🌾,0,16,False
بالبداية احب اقولك اني جداً سعيدة بمعرفتك والحمدلله عليك انتي صديقة واخت ماتتعوضين ابد أحبك🤍🤍🤍,0,15,False
اكيد سعيدة لان همها نفسها بس وبدون ضغوط ومسؤلية وكل اعزب مرتاح وهمومه تعتبر صغيرة جداً بالنسبة للمتزوجين,0,18,False
واليوم يمكن تقولي يا نفسي انك سعيدة يشهد على صدق قولي دقات قلبي الفخورة 🤍,0,15,False
خاطرة مهمة اذا زوجتك سعيدة فستكون حياتك سعيده فلا تبخل على زوجتك بالكلمة الحلوة و بالورده الجميلة و الهدايا,0,19,False
دخلت النادي وبس دخلت باسبوعين صار الحجر وكملت بس معي بالقروب حماس رياضه ومشي وقطع السكر متخيلين السعاده الي تكونين,0,20,False
انا جداً سعيده ان كل متحرش جالس ياخذ جزاته سواء بالسوشال ميديا او الواقع يارب كل واحد قذر زيه ينفضح,0,20,False
من وجهة نظري السعاده ماله عمر معين اللي يفرق ذكاء المرأة شلون تقدر تكون سعيده وهي متزوجه,0,17,False
يارب حياة سعيدة ورفقة صالحة ورزق مبارك وادعية مستجابة وامنيات محققه وأخبار مُفرحة وجنة لنا ولمن نحب🤍,0,17,False
ابحث عن امرأة تعاونك على الصلاح و تكوين اسرة صحية و حياة سعيدة مستحيل تكونها مع وحدة تبيك تجيب لها قمر وتكون سعيد,0,23,False
الزوجة السعيدة لا تُستحدث من العدم لازم تخلقها و تصنعها و توفر لها أدوات السعادة عشان فعلاً تتوفر لك 😁,0,20,False
نفسيآ المرآه عندما تكون سعيده لا تتوقف عن الكلام وعندما تكون حزينه لا تقل كلمه واحدة,0,16,False
الحياة مثل الرواية وكل يوم صفحة جديدة فأن كانت الصفحة حزينة فالتالية سعيدة لذلك لا تقلق,0,16,False
قول أن الوقت يعالج كل شيء كان صحيح بمرور الأيام أصبحت أفضل ولكن أحيانًا عندما أكون سعيدة جدًا أخاف أن أتألم مجددًا,0,22,False
فيه ناس سعيده وناس زعلانه هيا طبيعه الحياه هيك اختيار الشخص المناسب هوا اللي يفرق بالعلاقه والنفسيه,0,17,False
لأن التطوع عطاء سعيدة جداً بكوني جزء من لقاحات كورونا 🤍 تجربه حلوه الحمدلله 🙏,0,15,False
انا لولا أصحابي مكنتش اتصورت ولا صورة😂 فانا سعيدة انهم كانوا بياخدوني من ايدي نتصور سوا ❤️❤️❤️,0,17,False
دعوات ابوي لي اللي تصنع يومي وتخليني سعيده طول اليوم يارب لا تحرمني منه ومن دعواته يارب 😔❤️,0,18,False
أحبوا أيامكم الهادئة ليس بالضرورة أن تكون سعيدة ومليئة بالتفاصيل يكفي الهدوء والسلام الحمدلله دائماً و أبداً 🖤,0,18,False
اليوم عمي زارني بالحلم وهذا يُعتبر احلى يوم لاني للأن اذكر صوته والملامح اللي شفتها والابتسامه والحضن اللي حضنته جداً جداً سعيده💕💕💕,0,22,False
إذا أردت أن تحيا حياة سعيدة توقف عن أخذ الحياة بجدية فالشخص الجدي دائماً يجذب لنفسه حياة صعبة تتوافق مع شخصيتة,0,21,False
يارب حياة سعيدة رفقة صالحة نهاية عمر جميلة رزق مبارك ادعية مستجابة أمنيات محققة أخبار مفرحة و جنة لي و لمن أحب🤍,0,22,False
اتفق واكبر غلطه تغلطها البنت انها توافق على اي شخص يتقدم لها وما تسأل وتتقصى عنه من جميع النواحي لأ,0,20,False
ربي ان كانت أمي تشكي وجع فكن لها العون وان كانت سعيدة فزدها سعادة على سعادتها,0,16,False
اللهم ان كانت سعيده فزدها اضعاف الاضعاف وان كانت تحمل بقلبها الماً فأزحه بقدرتك التي وسعت كل شيء❤️❤️,0,18,False
انا بإذن الله متفائله بالاجازة هذي ان شاء الله تكوون سعيده مليئة بالاشياء الحلوه والممتعه وبعيده عن الحزن والهم يا رب,0,21,False
ما عاد صار مهم عندي أن أيامي تكون كلها سعيده جدًا لكني راضيه بأنها تصير عاديه وهاديه طالما أن الخوف والقلق بعيد عني,0,23,False
سعيدة لك وفخورة فيك مره لانك جالسة تتحسنين من الاكتئاب اتمنى لك السعادة والراحة 🤍🤍🤍🤍 — ياربيييي اففف مره كيوت شكرا,0,21,True
انا سعيده واهلي مو حارميني من شي الحمدلله لكن اشوف غيري كثير اهلهم حارمينهم اشياء بسيطه,0,16,False
من درجات السلام النفسي إن الإنسان يقتنع إنه مش مضطر يثبت حاجة لحد اللى هو تقبلتني كدة حبيبي متقبلتنيش إشطا ماشي فرصه سعيدة,0,23,False
لكي تعيش يجب أن تكون قويًا والقوة هنا ليست قوة الجسد بل قوة التحمل لكُل أمرٍ سيء وقوة التخلّي عمّن لا يستحق,0,22,False
إذا كنت تريد أن تحيا حياة سعيدة علقها بهدف ولا تعلقها بأشخاص أو أشياء 💦💦💦,0,15,False
عندما تشتري ملابس العيد لأولادك وزوجتك لا تنسى من كانت تلبسُك ملابس العيد وأنت صغير وهي سعيدة الأمّ 🕊🦋,0,19,False
¤¤¤¤¤¤ يارب اجعلني صبورة سعيدة قنوعة موفقة راضية ومنك قريبة يارب سهل الامور التي تقف على عاتقي واجعل فرجها قريباً يا الله 🤲🏻🤲🏻,0,23,False
الرتم السريع ده بيخليني ساعات أقول لنفسي أن أجيال الفترة دي هتكون أكتر أجيال سعيدة لأنها عاشت وشافت اكتر مننا في وقت قليل,0,23,False
مجتمعنا مايقبل العلاقات خارج اطار الزواج ولايقبل ان المرأة تنفصل اربع خمس مرات ولا يضع امامك خيار الا تجربة واحدة,0,20,False
يا شيخه عسى الله يجبرررر قلبك جبرا يتعجب منه اهل السماء والارض مثل ماجبرتي خاطري بكلامك و ريحتي قلبي شكرا شكرا ❤️,0,22,False
كنت احسب ما بشوف راكي ابداً وهو يشرف على العيال وقت التسجيل 😭 وربي سعيدة,0,15,False
الحزن و المشاكل ماخلصوش و مش هيخلصوا بس أنا سعيدة إني لسة بقدر أحس بالجمال و الحب حولي و أقدره و أقدر نِعم ربنا علي,0,25,False
اخ سعيدة اختي بتعيد معنا الحمد لله ان شاء الله يكون عيد حلو يارب 😔اشتقت لها جدًا,0,17,False
الآراء والمواقف تتطور وتتغير وفقاً للظروف والمعطيات لكن المباديء تبقى ثابتة لا تتبدل مبارك لكما,0,15,False
اذا أردت أن تسرق ضحكات ولحظات سعيدة من الزمن فأجلس مع طفل صغير أو شيخ كبير,0,16,False
اغلب الوقت متفاعلة و ذا شئ مرة حلو تحب كل حد و لطيفة احسها دائما إيجابية و سعيدة ما شاء الله 🥺🥺 صدق سعيدة اني عرفتك,0,26,False
كل عام وإنت بألف خير سنة سعيده عليك يارب وربي يحفظك ويطول بعمرك ويخليك لأسرتك الكريمه 🌹🌹,0,17,False
بكون سعيده اوي لما اكون بتكلم مع شخص والكلام يخلص والاقيه بيحاول برضه يفتح كلام من الاشيء المهم منسكتش,0,19,False
عُدت يا صديقي للكتابة لاجلك وساكون كل شيء لاجلك لاجل ان تكون هذهِ الروح سعيده مُبتهجه فلا فرحٌ يذكر بعد حزن الصدي,0,22,False
توريس وهدف مهم بالنسبة له وفرحته تبين ذلك سعيدة له ومازلت واثقة انه بيكون شي كبير مستقبلا,0,17,False
15 يوم ميلادي وكبرت سنةكل سنة وانا طيبة 😂❤ شكرا لخواتي ع المفاجئة الجميلة وانا سعيدة لأنكن في حياتي❤❤ وشكرا واجد,0,21,False
گل سنه وانتم طيبين ي حبايب قلبى وياارب 2021 تبقاا سنه سعيده عليناا وعليگم ياارب يأخواتي 🤍,0,17,False
🐺جميعًا أتمنى لكم ليلة سبت سعيدة للغاية لو كان الوقت لديكم هو الصباح فأتمنى لكم يومًا جيدًا أتمنى أن أعطيكم ال,0,21,False
أحب ابوي عشانه م يبي يشوف احد افضل مني دايم يبيني اكون سعيده عشانه م يخلي شي بخاطري منجد محظوظه أني بنته🥺❤️❤️,0,22,False
اكيد انا مستحيل اقلل من دورة ربة المنزل بس هل اذا المرأة صارت تأخذ راتب مقابل شغل البيت هذا راح يجعلها سعيدة,0,22,False
خلصت أصعب اختبار و أقرب الناس لي تخرجت و أخوي بقى له أسبوع و يطلع أنا سعيدة جداً🤍 يارب تتسهل الاختبارين الجاية و تكون الدرجات حلوة,0,26,False
ولايحرمني من وجودك اللي أحبه💖💖 لك عيوني ياسجى ولا هي طبطبه قد ما فعلاً ابغاك تكونين سعيدة لانك ماتستحقين الا السعادة🥺❤️❤️❤️,0,21,False
و من أعماق قلبي أقولها اللهم هجرة سعيدة لا عودة بعدها ولا شقاء من غربتها اللهم تركيا وماقربني إليها,0,19,False
ماشاء الله تبارك الله كسبت الجميع في عملك واليوم تكسب الكل في محبتك ابومتعب دعواتنا لك بالتوفيق وم,0,18,False
احسني مررره بعيدة عن اهلي ومررره سعيدة ليش ماقلت لهم رمضان كريم ولا بقول لهم كل سنه و انتو طيبين بالعيد تمام ولا,0,23,False
كل عام وحضرتك بخير وصحة وسلامة اتمنى من الله تكون سنه سعيده عليك وعلى الشعب المصري العظيم,0,17,False
منحرمش ولله بكون سعيده بيكم معيه بحس اني ليه اخوات جنبي ربنا يسعدك كم اسعتني,0,15,False
يمكن أن أكون سعيدة مثل الآن💗 دعونا نقضي مايو جيدًا👍 اليوم غدًا أتمنى لكم يومًا سعيدًا أيضًا دايليز❤️,0,18,False
العوض الذي ياتي من السماء غالبا مايكون الافضل لعيش حياه جميله سعيده خاليه من الالم,0,15,False
يمكن هذا الشيء الي خلاني قويه وهوا إيماني ب ان في نهايه سعيده في نهايه مطمئنه مراح اعيش طول عمري تعيس او مش سعيد,0,24,False
١٨ رمضان وبشر المؤمنين إن لكم في أفق الغيب أقداراً سعيدة وعطايا جزيلة وأيام سعد وهناء جميلة فما بعد عسر أيامكم إﻻ يسر,0,23,False
الضحك مفيد يجلب الطاقه الايجابيه ويجعلك سعيده تنتزع منك الامور السيئه وكثيير من الفوائد لماذا لاتريدين الضحك,0,17,False
لتجعل حياتك سعيدةً وممتعة عليك أن تتعلّم وتُتقن استخدام فن النسيان نسيان الهموم والمشاكل نسيان الأحداث السيئة ن,0,18,False
توقعت الهدية ان تكون مصحفاً و هي سعيدة وبالنسبة لها اعظم هدية وهي لم تري مصحفاً من قبل ماشاء الله عليها,0,21,False
تايم لاين مره يجننننننننننن الي قدر و تكلم مع بنات جوس أنا سعيده لهم 🥺,0,15,False
هي عمود البيت بعد الام حكيمة مدبرة اعتمدت على نفسها وطورتها لانها لم تحظ بمكانة الكبرى ولا دلال الصغر,0,19,False
الصلاه ترمومتر حياتك بيظبط نفسيتك مش هقولك هتبقي سعيده اويي بس هقولك انك هتستشعري الراحه اللي هتخليكِ قادره تعيشي,0,19,False
عيد فصح مجيد اصدقائي الأحباء بكل حب وسلام بتمنالكم أوقات سعيدة وهادئة مع عائلتكم واحبائكم عيد سعيد 🌹🙏,0,18,False
انا اللى سعيده جدا بوجودى وسطكم هنا والله تسلموا على كل كلمه حلوه ربنا يسعدكم دنيا وجنه ♥♥🙏,0,18,False
احنا ليك يا اهلي وانتا جوه عنينا لو في يوم في ازمه بس سيبها 👌👌علينا دوله جوه دوله اهلاويه عريقه اصلو ياما فرح شعبه,0,24,False
ثم يعوضك الله عوضا يليق بقلبك كأنه يخبرك بأن دروب الأمل لا تندثر وأن الخير سْيتبعك ويصنع من أحزانك أشياء سْعيدة,0,21,False
لا باقي احب الورد الورد هي الحياة الألوان مفتاح السعادة عندي انا بالبيت لما يكون الورد امامي اكون سعيدة حتى النباتات احبها 😍😍😍😍,0,23,False
مهما كانت مشاكلي وهمومي وانهياراتي اذا شفت بشرتي واااو حلوه احس خلاص انا سعيده بحياتي ♥️,0,16,False
ذا الشخص هو خلاني سعيده ذا الشخص هو الي فتحلنا قلبه ذا الشخص هو الي اخفى مرضه عشان لا يقلقنا,0,20,False
بالعكس انبسطي بكل لحظة بحياتك وبكل نجاحتك ولا تصغريها انتي اجتهدتي وحتى لو شهادتك دبلوم هذا مايعني انك اقل من اي حد,0,22,False
افضل ما يهدي المسلم لاخيىه مسلم دعوه بظهر الغيب دعواتى لكم بتمام العافية ونفوس سعيدة,0,15,False
أحسني سعيدة دخلت على الدكاترة اللي أحبهم وأولهم دكتوره سما وشكرتها ووريتها معدلي مثل هالدكاترة والله الشكر مايووفي,0,18,False
العابرون في حياتنا كُثُر ولكن أصحاب البصمات عملة نادرة الوجود تحية مسائية لكل من ترك بصمةً جميلةً في ذاكرتي و,0,20,False
مش حسد عشان اتجوزتي او كده الفكرة انتي بتتحسدي علي انك في نظرهم سعيدة وان انتي عملتي اللي ميتعملش,0,19,False
موضوع إن يكون فى إنسان بيدعيلك ده جميل و مُبهج جدًا إنك تيجى على بال شخص صُدفة ف يدعيلك أو يكون فاكرك و يقول أسمك,0,25,False
إنها مِثل روحٍ أشرَقت من صدفةٍ سَعيدة تَطوف حَولها بَراءةٌ أبَدية لن تتَشوَه أبداً مِثل بَراعم الرب,0,17,False
سعيده بكل تجارب الأيام الماضيه بكل قصصها وتفاصيلها ونزولها قبل صعودها ومتطلعه ايضاً ومتفائله للسعاده القادمه ماأكرمك خالقي وفائيات,0,19,False
بس فكره اني موجوده في نفس العالم ونفس العصر مع هذا الشخص تخليني سعيده واه تخيلت لو لو اني قديمه مره او للحين ماولدت,0,24,False
اشوف صوري القديمه بتركيا واحس كنت مره سعيده فيها بس هنا اخذت يمكن 10 صور بس لنفسي من وقت ماجيت,0,20,False
علي الرغم ان نسبة البيوت اللي كلها مشاكل كتيرة بس فيه برده ناس سعيدة وحياتها مستقرة و بينهم مودة و رحمة,0,21,False
كل ماحسيت اني بنهايه المطاف و بأخر مراحل الانهيار دائما اجد والدي خلفي ايقنت تمامًا ان وراء كل روح سعيده أب عظيم❤️,0,22,False
ماما صحيت الصبح توزع علينا علاجنا و لا اجدع مشرفة دار مسنين 😂 قد ايه احنا عيلة صغيرة سعيدة ♥️♥️,0,20,False
حتى باحلامي اشيل هم احلامك اذا سعيده او لا شفت مستوى حبي الى وين وصل 😭💤😭💤😭💤😭💤😭💤😭💤😭💤😭,0,16,False
امس كان يوم مرره حلوو رحنا انا والبيست السوق وطهبلنا وشريت اغراض توشكي وتشيمي وتاتا وكافي وجلسنا نلعب مع بعض بالألعاب,0,21,False
بحاول قضَاء أوقات سعيّدة ومُبهجة بظلّ تواجدة هُنا بعيدًا عن الحُزن ودون التفكِير بحجم الأشتِياق المُميت يلي راح أعيشة,0,19,False
عندي اعتقاد ان الرجل طفل لو زوجته غفرت له كماتغفر لاولادها سوف تعيش سعيده ودماغها ترتاح,0,16,False
يارب حياة سعيدة رفقة صالحة نهاية عمر جميلة رزق مبارك ادعية مستجابة أمنيات محققة أخبار مفرحة و جنة لي و لمن أحب,0,22,False
مشاعري مختلطة بأني سعيدة ب لايف بيكهيون و أنه كان سعيد ومرتاح وتكلم معانا كثيير وضحكنا كثير وبين أنه آخر لايف ليه,0,22,False
كل سنه وانتِ طيبه يا قمر يارب تكون سنه سعيده عليكي وتحققي اللي بتتمنيه ♥️,0,15,False
ابيك تعرفي ان احد يشوف هالأشياء ويلاحظها وفخور فيها هذا جزء من ڤويس وصلني هذا الصباح وبكذا إيمان سعيدة وجدًا,0,20,False
ماتتخيلون كيف صرت سعيده وقعدت اضحك وامسح دموعي بس بكيت مره ثانيه لانهم طالعين حلوين مره😭😭😭😭😭😭😭😭😭😭😭😭😭😭😭😭😭😭😭😭😭😭😭😭😭,0,16,False
انتِ شخص مذهل ومارح يتكرر في عالمنا البشري بتاتًا امنياتي تكون لحظاتك وايامك مليانه اطمئنان وراحة وبهجة لا نهائية,0,19,False
اللهم ارزقنا السند الذي لا نخشى الارتكان عليه وابعد عنّا أذى الخذلان الذي يأتي بعد اطمئنان وثقة,0,17,False
واصرف عنّا يا الله حمل الليالي وَثقلها واجعل في صدورنَا اطمئنان يشبه هبوب الفجر ♥️,0,15,False
الحب احساس ❤️✨ الحب اهتمام ❤️✨ الحب مشاعر ❤✨ الحب روح ❤✨ الحب خوف ❤✨ الحب غيره ❤✨,0,18,False
رسالة اطمئنان تفاءلوا والله ما صعبت إلّا فُرجت وما تعسّرت إلّا تيسّرت وما أغلق باب إلّا فُتح ألف باب,0,19,False
اللهم ارزقنا السند الذي لا نخشى الارتكان عليه وابعد عنّا أذى الخذلان الذي يأتي بعد اطمئنان وثقة ❤️🌼,0,18,False
كل م قربت من ربي اكثر اقتنع بحياتي وارضى باللي عندي لو وش م يصير احس بداخلي اطمئنان الحمدلله يارب على هالنعمه,0,22,False
اطمئنإن الله سْبحانه حين يتولاك ولايته تهد الجبال تلين الحديد تسْوق إلى قدميك ما كان مسْتحيلاإن الله على كل شيء قدير,0,21,False
رسْالة اطمئنان والله ما صعبت إلا فرجت بإذن الله وما تعسْرت إلا تيسْرت وما أغلق باب إلا فتح ألف باب غيره وعد من الله,0,24,False
مايؤلمك اليوم سيهون غداً بإذن الله فقط ثق بالله ولا تيأس وربك بيعوضُك بشيء أحبُ إليكَ مما فقدت فلا تحزن,0,20,False
اطمئنإن حجب الله عنك شيئا تحبه فلا تحزن ولا تيأسْفإن عطاءه رحمةومنعه حكمة والخير قادم بإذنه اللهم ارزقنا صبرا يصاحبه حسْن ظن بك يا الله,0,25,False
ازال قلبي يخفق حباً عندما يأتي المطر💧 أستشعر أنهُ رسالةً إطمئنان من الله ليخبرنا أن الحياة لازالت بخير🤍,0,18,False
طبطبوا على بعض قبل فوات الآوان وحنّوا على بعض الوقت مش في صالح حد طبطبوا قبل ما يجي الوقت اللي ما ينفعش فيه ندم,0,24,False
اللهم ارزقنا السند الذي لا نخشى الارتكان عليهوابعد عنا أذى الخذلان الذي يأتي بعد اطمئنان وثقة🧎🏼‍♀️,0,16,False
لو ناويين تعملوا فرح وليلة العمر وم هتتعوض وبلا بلا بلا فا ده اسمه عك وفشخرة علي الفاضي,0,18,False
اللهم ارزق كل عقيم ولد اللهم ارزق كل مريض شفاء اللهم ارزق كل مديون قضاء اللهم ارزق كل مهموم من فرح اللهم اغفر لكل مسلم,0,25,False
يسّر لي يا الله كل الطرق التي ظننت أنها عسيرة وفرّج لي ما أوهمت نفسي أنه بعيد وقدّر لي يا الله كل فرَح لم أتوقعه,0,25,False
ليلة 20 رمضان 🌙 اللهم أستودعك نفسي من ذُل الحياة ومن ضجيج التفكيرعوضني عن كل شيء أحببته فخسرته طابت له نفسي ف,0,22,False
انتظر صباحك فرح حتى لو يزيدنى فى بعدك آهات هو الأمل انك فى حياتى ملكت القلب كله,0,17,False
أضيئوا عتمة الليل بنور الوتر لعل ركعة واحدة تكون نهاية حُزن ثقيل وبداية فرح مقيم🌒🌴,0,15,False
رسالة فرح سيأتي يوم وتصرخ من شدة الفرح وتقول كنت أعلم يا الله أنك لن تخذلني ففي الوقت المناسب ستأتي الافراح,0,21,False
يوم ميلادك و الدنيا بعيوني عيد كبرت ب الدنيا سنه و في قلبي سنين الله يجعل كل اسنينك فرح يا فرحت الدنيا و ما فيه,0,25,False
أضيئوا عتمة الليل بنور الوتر لعل ركعة واحدة تكون نهاية حُزن ثقيل وبداية فرح مُقيم,0,15,False
20 رمضان 🌙 رمضآن على عتباتِ الخِتَام جمّلوا عثراتكم وسُدّوا منافذ الخلل يغفر لكم الله ما مضى وليكن الخِتَام مِ,0,20,False
ابتسم فَكم ابتسامَة مَسحَت هَماً وكَم تفاؤلٍ أبعَد غَمًا وكم عُسرٍ معهُ يُسرًا وكم صبرٍ بَعدهُ فرجًا بإذن الله,0,19,False
السعادة ليست حلم وَلا وھٓم و لا بأمر مُحال بل ھي تفاؤل و حسن ظن وثقة بالله وَ صبر بلا إستعجال,0,21,False
رسالة تفاؤل افتح النافذة ثمة ضوء اخفض الإضاءة تأمّل السماء استقبل الصباح بحُب حصّن نفسك أعِد لنفسك كوباً من القهوة,0,20,False
أمان ﴿ لا تحزَنْ إِنّ اللهَ معَنَا ﴾ طمأنينة ﴿فَسَيَكْفِيكَهُمُ الله ﴾ توكُّل ﴿ وأفوّض أمري إلى الله ﴾,0,19,False
السعادة ليست حلماً ولا وهماً بل هي تفاؤل وحُسن ظن بالله وصبر بغيِر استعجال وثق دائما بأن اليد المُمتدة إلى الله لاتعود فارغة أبدًا,0,24,False
السعاده ليست حلم وَلا وھٓم و لا بأمر مُحال بل ھي تفاؤل و حسن ظن وثقة بالله وَ صبر بغير إستعجال السعاده,0,22,False
السعاده ليست حلم وَلا وھٓم و لا بأمر مُحال بل ھي تفاؤل و حسن ظن وثقة بالله وَ صبر بغير إستعجال,0,21,False
صباح جديد يٌهدينا أمل يمحي خيبات الأمس صباح جديد يرسم على ثغرنا أبتسامة تفاؤل تملئ أعماقنا فرح صباح الورد💛,0,19,False
صباح هادئ وانفاس تحمل تفاؤل ويقين بأن كل ماسيكتبه الله لنا فى كل خير صباحكم رضاء وطمأنينة ومحبه من الله 🕊,0,21,False
لا تفسد فرحتك بالقلق ولا تفسد عقلك بتشاؤم ولا تفسد نجاحك بالغرور ولا تفسد تفاؤل الآخرين بإحباطهم ولا تفسد يومك بالنظر إلى الأمس,0,23,False
اليوم نفسيتكم افضل من امس طاقة تفاؤل وشعور بالرضا والسعادة 😊وهذه الطاقة ستجلب لكم اخبار وبشاير خلال الاسبوع المقبل,0,19,False
↯↯✍️ السعادة ليست حلماً و لا وهماً بل هي تفاؤل و حسن ظن بالله و صبر بغيِر استعجال و ثق دائما بأن اليد المُمت,0,24,False
عندي احساس و تفاؤل ميلان بيفوز ب كل المبارياات و يوفي يمكن يطيح الخامس 🤌🏻,0,15,False
تسألوني عن رِفاقِ قلبي أخبركم ان في جلستهم أملٌ وحياة وفي ضحكتهم تفاؤل وسعادة وفي احاديثهم مُتعةٌ بنكهةِ حب,0,19,False
السعادة ليست حلماً ولا وهماً بل هي تفاؤل وحسن ظن بالله وصبر بغيِر استعجال وثق دائما بأن اليد المُمتدة إلى الله لاتعود فارغة أبدًا,0,24,False
لا تيأس مهما حصل لك في هذه الحياة ولا تغلق جميع الأبواب لظرف أو حدث مر بك فعليك أن تتيقّن أنّ الحياة كلها تجارب,0,24,False
تفاؤل لكل عابس الأن ابتسم فليست هذه الحياة التي خُلقنا مِن أجلها هناك حياة أخرى بإنتظارنا,0,16,False
اسأل الله ان يوفقهم ويكتب لنا الافراح معاهم كلي تفاؤل باذن الله ان القادم جميل 🙏🏼💚,0,16,False
بص هو انت لازم يكون عندك شوية تفاؤل مش علشان مستقبل مشرق والكلام ده علشان تعرف تعدي يومك خفيف وهادي بس,0,21,False
جميلةٌ هي الحياة حين تكون قصتها كلها أمَلٌ و تفاؤلٌ و نيةٌ صَادقةٌ عنوانها إلَهي وكلْتكَ أمرِي فكُن لِي خيرَ وكِيلْ,0,21,False
ابتسم فكم من ابتسامة مسحت هماً وكم من تفاؤل أبعد غماً وأحسن الظن بالله وتوكل عليه فإن بعد العسر يسرا 🌾,0,21,False
لإنسانُ لا يحتاج لِ الحُبِّ بِ قدر احتياجه لِ قلوبٍ تحبه بِ صدقٍ لِ أرواح تبعثُ الأملَ في حنايا,0,19,False
السعاده وراحه البال ليست حلم وَلا وھٓم و لا بأمر مُحال بل ھي تفاؤل و حسن ظن وثقة بالله وَ صبر بغير إستعجال,0,23,False
يوم جديد وصباح جديد مليء بالآمال والأحلام والتحديات فلا ترهقوا صباحكم بكثرة الهموم وتوكلوا على من بيده الأمور,0,18,False
نظرته كلها تفاؤل وكلامه عبارة عن دروس وأفعاله نهضة وطن وابتسامته مستقبل مشرق إنه الملهم وحبيب الشعب,0,17,False
من أعظم مفاتيح تغيير النفس وتطويرها النظرة الإيجابية إلى الحياة نظرة تفاؤل وأمل وإشراق فكن جميلاً ترى الوجود جميلة️,0,19,False
الحب حياة الحياة امل ورفاهيه الرجل سند المرأة نور ولطف وحب وحياة العلاقات مكمله للمتعه وبهارات الحياة,0,17,False
سلاماً لمن لا يتغيرون علينا مهما تغيرت الظروف للذين لا يجيئون الا بلسماً للذين حضورهم مبهج وكلامهم غير مزعج,0,19,False
اللهم عامًا دون ذنب ودون فقد و دون خيبة أمل اللهم أيامًا مستبشرة بلا كسرة قلب وفرحة لم تكن فى الحسبان يارب 💜,0,23,False
بس هذا الإيديت الوحيد اللي مَ أمّل منه بكُل مرا اشوفه استانس ععليه وع حركاته اللطيفه اللِي بالايديت😔♥️♥️✨,0,18,False
من كتر حبي في كتابة شعر امل دنقل للناس بقيت اكتر بوست علي الفيس وتويته علي تويتر علشان الناس متزهقش 😅,0,21,False
على امل ترجع ايام الوصل و يبين شوقه ويمطر عليّ وتمطره كلّي رجا وخاطري ما طاب لين امّا يفرّ,0,19,False
الامل بس مستمد من وجودك رغم ان وجودك نفسه ملوش امل حاجه تصدقك ف الوقت اللي انت اصلا مش مصدق نفسك حاجه تنور كل خطوة,0,25,False
يعني اشوفها جميلة بس جذابه اكثر فهمتي ملامحها تجذب انا امل من الجميلات الي بدون جاذبيه,0,16,False
جرب أن تربط شيئًا تتمناه بالأستغفار على أمل بأن يتحقق لك قال ابن كثير رحمه الله من اتصف بصفة الاستغفار ❶,0,21,False
قاعدة بمشّي أيّامي بإرادتي على أمل تمشي أسرع من هيك وأوقّف عند الأيام اللي بتستناني,0,15,False
لحظات أنكسْار عندما اشعر أن الكل خذلك وانحنى لأذيتك ليسْ هناك أمل الا بالله فلا شىء يسْتحق,0,17,False
واهرب من قلبي اروح على فين ليالينا الحلوة فى كل مكان مليناها حب احنا الأثنينوملينا الدنيا امل,0,17,False
اللهم اجعل هذا الصباح تفريجاً لكل هم وتحقيقاً لگل أمل وأستجابة لكل دعوة ورحمة لگل ميت وشفاء لكل مرييض,0,19,False
لاتجعل نفسك وصياً على أنثى كُن لها وطنّكُن لها أمل فأنثاك قد تسكنك أبداً أن احتويتها وقد تهرب منك أن أنت حاصرتها,0,22,False
هل مكتوب علينا نتدهن بالمرطبات يوميا طول عمرنا أو فيه أمل انه بعد كم من سنة نحصل مرطب بشرة يسد نتدهن فيه مرة واحدة بس,0,25,False
عارف لما كل شيء يوحي لك بأنه لن يحدث بس أنت فيك بصيص أمل مش راضي ينطفي,0,17,False
أتمنى قلبى مايتعشمش بحاجة مش مكتوباله ولا ربنا يزرع جوايا أمل لحاجة مش هتكون من نصيبى أتمنى متجيليش الحاجة بعد فوات الاوان,0,22,False
ًيارب سخرني عشان اكون ضحكة بوقت كدر بسمة امل بوقت يأس يا رب صيرني نور بقلوب من احب,0,18,False
م شاء الله مبروك الله يبارك لك برزقكك 😭🤲عقبالي عندي امل اني بفوز ونشتري ملابس للعيد,0,16,False
كُلي امل ان الوضع يتغيير نحو الافضل حتى ماني وصلاح يتغيروا الا اشك في فرمينيو البرازيلي يحتاج له برنامج خاص,0,20,False
لو تحطم لك أمل إعرف أن الله يحبك وابتسم ولا تقول الحظ عمره ما كمل لكن قل أني حاولت ولكن الله ما قسم,0,23,False
ماقدرش أنكر إني محتاج أتطمن ومحتاج أحس أن اللي جاي من عمري هيختلف عن اللي فات مش مضطر أقول إني استحملت كتير ولا لا,0,24,False
اصل ايه لازمة الدنيا لو معندكش امل ان كل حاجه هتبقي احسن حتي لو هي مش احسن حاجة,0,18,False
الأمل أن تحرق ورقة التشاؤم حيث الحياة هناك امل إنّ الغروب لا يحول دون شروق جديد الثقة بالله أزكى أمل,0,20,False
الحين الواحد يلعب ضد تشيلسي وهو مرتاح اقل شي لو صار شي بدوري الابطال فيه امل نعوض بالليجا,0,18,False
الحريص على وصالك سيبادرك بالعتاب ويواجهك ليتمسك بك والحريص على قطيعتك سيتهرب منك على أمل أن تفهم وتبتعد بنفسك,0,19,False
لحظات جميلة من السعادة تتسلل إلى دواخلنا بين الحين والآخر كتلك التي تجمعنا بأشخاص نحبهم,0,15,False
سأعيش على امل ان كل شيء سيصبح ❤💭 جميلا مادام لنا🙏 رب يقول كن فيكون😊❤,0,15,False
كنت أعتني بالأشياء و أصُب لها كامل صدقي على أمل البقاء بينما الآن ينبغي للأشياء التي تريد البقاء أن تعتني بي أولًا,0,22,False
هو اه الامتحان كمان ٣ ايام بس برضو عندي امل انه يكون اونلاين ومنزلش 😭,0,15,False
وتبقى الاشياء مستحيلة حتى تتوكل على الله حق توكله فيلين لك صلب الحديد 💪 شوية أمل,0,16,False
الله يبارك فييك الحين فيه أمل لو نفوز بكل مبارياتنا وبرشا يفوز على اتلتي الدوري لنا باذن الله,0,18,False
تأمل قوله تعالى ﴿فنادى في الظلمات﴾ حتى في بطن الحوت كان هناك أمل ونحن نفقد الأمل في أبسْط الأمور علق قلبك بالله ولن تخيب بإذن الله,0,26,False
سيصْدُقُ الغَيمُ لا تعجَل بشارتَهُ وإن تأخّرَ عن ميعادهِ المطرُ ويفتَحُ اللهُ أبواباً مُغلّقَةً كم بِتّ تطرُقُها,0,17,False
أغنية إليسا الجديدة ياعم سلامتك جميلة مليئة بالطاقة الإيجابية دعما لأطفال السرطان ولكل مريض في زمن الوباء البشع,0,18,False
التفاؤل هو الإيمان الذي يؤدي إلى الإنجاز فلا شيء يمكن أن يتم دون الأمل والثقة بالله لأن الثقة أزكى أمل والتوكل عليه,0,22,False
وعسى الله يسخرك وتسعدني مثل ما استعدتهم الفرق الوحيد ان عندي امل وان شاء الله مايخيب🙏🏻♥️♥️♥️,0,16,False
اللهم طاقة صبر جديدة و أمل متجدد و فرج قريب و عوض عن ما فات,0,15,False
في علم النفس قاعدة بتقول ماتمارسه يومياً سوف تتقنه بكفاءة اللي بيتمارض هيمرض اللي بيتذلل لغيره هيتذل,0,17,False
ليس كل من يواسيك خالياً من الجراح ولا كل من يعطيك يملك أكثر منك الإيثار ليس إيثار متاع ومال فحسب,0,20,False
دكتورة عندي بكرا مطعوم سينوفارم بتنصحيني اخذه ولا الغي موعدي واستنى موعد جديد على أمل يكون فايزر,0,17,False
رسْالة اطمئنان دائما هناك أمل جديد يلوح من بعيد فلا تيأسْ وانتظر فرج عظيم من الله سْيأتيك قريبا إن الله على كل شيء قدير,0,24,False
قديه السما اليوم رح تتعبى أدعية واسرار وامنيات الله لا يخيب امل حدا 🤲 آمين,0,15,False
الواحد بيبقي عنده امل صغير جداً إن كل حاجه هتبقي أحسن و ياريت تبقي أحسن ☹️,0,16,False
ساعات لا هو معظم الوقت كُل اللي بنحتاجه شوية أمل وقتها نقدر نفوت في الحديد,0,15,False
احزن ان عندي امل انها بتتعدل من وانا صغيرة ولحد الان مافقدت الامل مع اني عارفه ماراح تتعدل بس مستمرين,0,20,False
فرحان جدا ان بعد ١٠ ايام هتنتهي مرحلة احنا فريش وفرافيش عشان من اول رمضان بسمعها في الشغل والبيت والشارع وامي بستقبلني بيها ع الباب 🙄,0,26,False
وكنت راضى بأى كليه لان ساعتها كان كله بيقول ان طب من ٩٩ و٩٩ونص وانا اما جبت الدرجات رسمى طلعت 9854 وكنت ناوى اسنان,0,24,False
سنك في البطاقة غير سنك في المرايا غير سنك مع حد بتحبه غير سنك وأنت فرحان غير سنك وأنت زعلان جوا عمرك عمر ثاني,0,24,False
نصيب بس هي دلوقتي كويسه و انا فرحان أن هي من بعدي قدرة تعدي بكل حاجه صعب و هي دلوقتي في احسن حال ربنا يحميه 😊❤️,0,26,False
أنا بنصح أي حد سواء ولد او بنت أنه يروح جيم مش عشان شكل جسمك و ده مش عيب عشان نفسيتك و عشان تبقي فرحان,0,25,False
انا فرحان الحقيقة إن ڤاران ماشي مدافع كبير بس ميليتاو لا يستحق يكون دكة ابدا ومع زيدان مستحيل يلعب اساسي علي ڤاران إلا بالاضطرار,0,24,False
والله لما شفتك فرحان راح تنقل انا فرحت 🤍 والله يسعدك زي ما اسعتنا بهاذا الخبر و باي شي سويته 🤍,0,21,False
مفيش حاجه أسمها الحب للحبيب الأول الحب للانسان المناسب اللى يبعد عنك التعب النفسي والضغوطات اللى بتاكل فيك كل يوم,0,20,False
مفيش حاجه اسمها الحب للحبيب الاول ولا التاني ولا العاشر للحب الانسان المناسب اللي ها تقدر تعيش معاه حياه سليمه,0,20,False
إقتنعت ١٠٠٪ إن الحاجة اللى بتبقى فرحان بيها وحكيت لحد عليها حتى لو لأقرب الناس ليك بتخسرها بعد ظرف يومين من يوم ما حكيت,0,24,False
الله يذوقكم الطمأنينة و الرحابه اللي لما تحس أن احد فرحان لك زي ما أنت فرحان لنفسك و أكثر🤍,0,19,False
ربنا يشفيك ويعافيك سياده المستشار مرتضى منصور وبقول لكل واحد فرحان مفيش شماته في المرض وهيفضل مرتضى منصور في القلب,0,20,False
بحس البط دايمًا عبيط وطيب وفي حاله بجد يستاهل يقوم فرحان من النوم يغطس ويعوم وهات يا لعب كده دايمًا🥺🥺,0,20,False
أنا إقتنعت إن الحاجة اللي بتبقى فرحان بيها وحكيت لحد عليها بتخسرها ف ظرف يومين👍🏼,0,15,False
انا فرحان جدا برد فعل الناس على دور عم حسن فى المسلسل خطفت قلوبنا بالاداء السهل والضحكة الحلوة يا قبطان,0,20,False
ببقي فرحان جدا لما بقابل حد و لاقيه بيدعيلي بدون مقدمات ولا مصلحه ولا حوارت,0,15,False
من يعب في خلق الله فهو يعيب الخالق وانا فرحان بنفسي وبهيأتي وربنا سواني كده,0,15,False
بحب اشوفك فرحان ومبسوط ومبحبش اشوفك زعلان ويارب اشوفك فرحان عالطول وربنا يسعدك ويكرمك ويوفقك ف حياتك وشغلك — اللهم,0,20,False
فرحان لجمهور الانتر على اقترابهم من الدوري بس جداً محبط اني اشوف نادي مثل الانتر مر بظروف ماليه وابتعاد عن البطولات,0,21,False
فرحتي لاتوصف🤍 ابارك لاخواني المهندسين تخرجهم اليوم نايف باجعفر ابراهيم السمين راشد المري فرحان الخالدي وليد,0,16,False
والشخص اللي ينورك ويخليك فرحان من قلبك مش مطفي وحزين الحب للإنسان اللي قابلته وانت تعبان ومتبهدل وتقبلك بكل حالات,0,20,False
ياجماعه حد يعرفني اي ال حصل لليهود انا فرحان ب ان ف حاجه وحشه حصلت ليهم بس عاوز اعرف اي هي 😂,0,22,False
بالمناسبه زينة رمضان اللي كنت فرحان بيها كلها اتقطعت وطارت والشارع رجع بضان من غير الوان كتير كانت محسساني ب,0,20,False
وانت فرحان متفرحش لوحدك خلي فيها لله برده فرح حد معااك ب ابسط حااجة حتي لو بكلمه حلوه تخليك تشوف ضحكه ع وشه,0,23,False
ف ناس تتعرف عليها كدا تحسها بقت جزء لا يتجزأ من حياتك ولا ينفع يمشوا خاااالص وتعرف عنك كل حاجه كأن معاها مفتاح دماغك,0,24,False
أحب أركز على تفصيل الشخص اللي أحبه اللي هو ممكن مايكون واخذ باله أن فيه أحد ممكن يكون مركز معاه بذا الشكل,0,22,False
امتي هنفرح بيك بقا والله انا كل يوم فرحان بنفسي شوفوا انتو فاضين امتي وتعالوا افرحوا معايا,0,17,False
هنو☺️كل سنة و انت فرحان و متهني دي اسمك كده يا رب 🥰دايما يا رب ما نتحرم من لمتنا ابدا,0,20,False
في حياة كل حد فينا شخص إستثنائي طول ما هو فرحان احنا بخير محدش يقدر يملى مكانه أقل حاجه من الشخص دا بتسعدنا,0,23,False
فرحان اني بعد ما كنت احبطت اوي ابويا وامي كلموني يشجعوني تشجيع كبير وقالولي دا درس اوعى تزعل او تعترض على ربنا,0,22,False
التويتة دي في حب كوباية الشاي بنعناع إلى ممكن تشربها ف اي وقت قبل السحور أو بعد الفطار أو حتى وانت مضايق أو انت فرحان,0,25,False
انا كل ما انزل بروچيكت جديد ببقي فرحان بيه فرحة العيل الصغير وبدخل اتفرج عليه كل شويه ♥️ ومتحمس جدًا إني اشيره بليل 🥳🥳,0,24,False
تالت يوم علي التوالي اكل فيه مكرونه و ده سبب كفايه يخليني فرحان بالاجازه ديه,0,15,False
وما اخفيكم بأني فرحان له من كل قلبي ليس لأني مؤمن بموهبته فقط لأن حتى على الصعيد الشخصي انسان محترم جدًا ومؤدب الله يوفقه,0,24,False
اليوم حلمت بس انو كلمه اتقالت ليا من الشخص الي اتمناه يقولها وصحيت فرحان ومبسوط كيف لو قالها منجد,0,19,False
مفيش اجمل من ان ال يبقى كسول و يفضل يختلق اعذار عشان يشتغل من البيت وانت تبين انك مضايق بس من جواك فرحان بيه 🦦,0,25,False
تكفون انا الوحيده اللي مو مقتنعه فيه ماني مرتاحه للاعب ذا شوف كيف جمهور بورتوا فرحان بخروجه 💔,0,18,False
انا فرحان جدا انه بيلعب في فريق محد يعرفه لانه اصلا لاعب اقل من عادي انشهر بسبب مشاكله,0,18,False
فرحان بعودة السياحة مع وصول أول طائرة تحمل ١٨٠ سائحاً من بلغاريا للعقبة السؤال اللي راح يشلني شو جايين يشوفو,0,20,False
والله كل يوم الواحد بيتعلم درس احسن م الي قبله وانا فرحان جدا اني بقيت بتعلم,0,16,False
عارف لما تتصور وتعمل ايديت لنفسك بربع جنيه وتروح توريهم لصحبك ويطبلك حتى لو هما زي الخرا بس عشان انت فرحان بيهم بس,0,23,False
اول عيد ميلاد يجي وابقي حاسس ان انا فرحان فيه بوجود ناس معينة كده جمبي و معايا ربنا يديم وجودهم ❤❤❤❤❤,0,21,False
الواحد وهو بياخد نتيجة الكويزات اللى فاتت انهارده كان فرحان وهو لاقى مستواه بيعلى ف كل كويز عن اللى قبلو,0,20,False
انا في شخص ف حياتي بجد بحمد ربنا كل يوم ان الشخص دا موجود شخص بيحاول دايما يشوفني فرحان شخص ممكن يجي ع نفسو عشاني,0,25,False
الواحد بيتمني فيوم من الايام يبقي فرحان نفس الفرحه دي ان لقي بني ادم واحد بس شبهه واحد بس مش طالبه اكتر من واحد,0,24,False
كلاينت اتصل بيا فضل يتكلم ساعة ونص بظبطله كامبين وفي الاخر بيقولي حاسس اني بوظتلك الاجازة لا يا باشمهندس متقولش كدة,0,21,False
انا فرحان اوى وانا بشوف الاهلي بيحط حجر الأساس للاستاد بتاعنا انا فخور بجد بانتمائي للكيان دا ❤️🦅,0,18,False
هتفهم بعدين انه ضحكتك وانك لازم تبقا فرحان ومبسوط فأى مكان انت فيه دى أهم أولويه وتحديدا وسط كل الل احنا فيه دلوقتى💙,0,23,False
بلاش أي فستان يطلع موضة أو لون تخلوه تريند ف التريقة ممكن حد يبقي جايبة وفرحان بيه ومن كتر التريقة يتكسف ينزل بيه,0,23,False
افتكرت دلوقت لما بعد ثانويه عامه كنت فرحان اني مخترتش هندسه رغم ان مجموعي كان يجيبها عشان كنت عارف ان دكاترتها معقدين,0,22,False
لو محسيتش ان قلبك فرحان برغم الهموم يبقى فيك حاجة غلط المسيح قام حقاً حقاً قام ✨💙,0,17,False
و الله من اسعد لحظات حياتى لما بنجبر خاطر اى حد سواء جبر معنوى او مادى بكون فرحان اكتر منهم جبر الخواطر من أعظم الامور بجد,0,26,False
انا مبسوط عشان نضيف من جوة مبسوط عشان بدي من قلبي ومن غير مقابل مبسوط عشان مش حقودي مبسوط عشان قلبي ابيض,0,22,False
صحيح ما قدرنا نسوى كل الأهداف بس مبسوطة أنة مبسوط واتمنا نامجون يكون مبسوط وفخور بالأغنية ❤️,0,17,False
في لحظه بيشرُد فيها ذهنك كده وسط مكان مليان دوشه في اللحظه دي عينك بتيجي علي الناس اللي معاك وبتبقي من جواك مبسوط ا,0,24,False
بكره تصحى تلاقى ربنا باعتلك ناس عندها إستعداد تعمل أي حاجه عشان تشوفك مبسوط وبس💛✋,0,15,False
الحمدالله مبسوط على الاخر عسى أن تكرهوا شيءً فهوا خيرٌ لكم وربنا يعطي الانسان على قد صبروا,0,17,False
كل سنة وانت طيب يا مصريكا يا رايق وان شاء الله تبقي مبسوط دايما يا حبيبي مش بكره بس💖,0,19,False
مو معقول حياتي بتقعد دايم كذا احس بتنفتح لي ابواب رزق مستقبًلا وبعيش مبسوط ودايم الامل بالله كبير,0,18,False
كل سنه وانت طيب يحبيبي وعقبال مليون سنه واشوفك مبسوط وتحقق اللي نفسك فيه وأن شاء الله مكملين سوا يخويا ♥️♥️♥️♥️♥️♥️♥️♥️♥️♥️🥺,0,21,False
مبسوط من نفسى جدا وصلت لمرحلة محدش بقى يهمنى زى الاول ولا بقيت اشيل هم حد لقيت كلام منك هرد عليك مفيش كلام صدقنى مش هجيلك ولا هكلمك,0,28,False
وبجد انا محظوظه اوى انها فى حياتي وانها صاحبتي تخيل يبقي عندك حد بالجمال دا تقدر تروحله فى اى وقت وهيقعد يسمعك,0,22,False
قد ايش حلو شعور انك تكون مبسوط من الشخص اللي حطيت فيه كل ثقتك وكل شي,0,16,False
أه مبسوط و أنا بتفرج على الفرقة رجعت تلعب كورة قدم محترمه حديثة زي باقي الفرق بس الفرقة فيها نواقص,0,20,False
مليش غير أني أذاكر علشان أمشي أو حتى أوصل لمرحلة أني أبقى مبسوط بإللي وصلتله و أستريح مِش أكتر,0,19,False
اول حاجة جت ع بالي اني اكلم اخويا فيديو كول واشوفه وهو مبسوط بيا واني حققتله حلمه وحلم بابا 😭♥️♥️♥️♥️♥️,0,20,False
بشرح لاصحابي الطريقه علشان طلعت حلوه فشخ و انا من ساعة ما كلتها و انا مبسوط,0,16,False
احب لما احد يشاركني اغانيه المفضله احس انو يحبني لدرجه يعطيني كيف يحس وايش يخليه مبسوط 😿😿,0,17,False
دا انا فطرت ونمت ولسه قايم اول مره احس اني مبسوط كدا عكس قبل ما انام,0,16,False
عمري ماعملت حاجه واستخف بيها او قلل منها بالعكس كان بيبقي مبسوط بيها اكتر مني وكان دايما فخور باى حاجه بسيطه عملتها,0,22,False
مبسوط من نفسى علشان بقيت اقدر استغنى عن حاجات مُكنتش متخيل انى اقدر اعيش من غيرها,0,16,False
طب جرب تاكل جزر وانت اوت اوف مود كدا اتحداك لو مبقتش مبسوط ومُقبل على الحياة بعدها👈👉,0,17,False
كنت نازلة اقعد لوحدى فهدوء فستارباكس لقيتو زحمة واقبال رهيب بعد الفطار قمت دخلت اولاد رجب جبت طلبات وخلصت فلوسى ووهروح مبسوط,0,22,False
ناقصني كثير لاكن والله اني مبسوط نصيحه الرضاء التام عن ما يحدث لك يجعلك في غايه السعاده والله,0,18,False
النوم ده اكتر حاجه حلوه في الكوكب بتروح ترمي همومك في النوم وتصحي فريش علشان تواجه يوم جديد تريح اعصابك وجسمك,0,21,False
قواعد العمل الثلاثة١ عمرك ما هتروح الشغل فايق مهما نمت٢ محدش مبسوط في شغله حتى لو في الملاهي٣ مرتبك مش هيكفيك,0,21,False
و الله الواحد مبسوط انه عاصر فنان زي الكينج منير ربنا يديك الصحة و يخربيت العظمة اللي بيتقدمها دي 💖👌🎶,0,20,False
انا قلبي مبسوط حبيبه روحي تخرجت الله يحقق لك ماتتمنين وتوصلين لكل ماتتمنينه وييسر لك كل عسير خريجهه قلبي والله للافيو جدا😔💘💘💘💘,0,22,False
متحكيش اى حاجه مبسوط بيها بتعملها او لسه هتعملها لاى حد مش شرط هتتحسد بس شغفك وحماسك كله هيروح او هيقل بشكل مبالغ فيه,0,24,False
أنا مبسوط جدا إني بقيت سايب كل حاجه علي ربنا وراضي بأي حاجه بتحصل عكس قبل كدا كنت بتضايق جدا,0,20,False
الإنسان بيدخل بعلاقات بحياته عشان يكون مبسوط مش عشان يبكي عالمخدة بالليل قبل ما ينام,0,15,False
خلينا متفقين أنه الحياة صعبة حقيقة اتنين ما بختلفوا عليها بس الشئ الوحيد الي بخليك تحسها حلوة هو خفة روحك,0,20,False
مش عارف استوعب بس انا مبسوط اني قضيت يوم اجتماعي زيادة عن العادي قعدت مع ناس مشوفتهاش من زمان من غير م اتوتر,0,23,False
اتبسط اوي بتمثيلية القيامة السنة دي و قشعرت اكتر من اي سنة و عيني دمعت و حسيت اني مبسوط جداً جداً,0,21,False
لأول مره من فترة طويلة أجلس ٥ ايام متواصله بدون حتى لا امسك كنترولر البلايستيشن ماعرف ليه بس مبسوط بهالشيء,0,20,False
انا مبسوط جدا بصحابي اللي وقفو جمبي وحقيقي انا بحبهم فشخ واي حد عرض عليا انه يساعدني بشكل قانوني او اللي دعمني نفسيا,0,23,False
فكر شويه ف حياتك ف سعادتك انت فكر انك تستحق تكون مبسوط وسعيد متربطش سعادتك بشخص اربطها بعلاقتك بربنا هتكون سعيد دايما,0,22,False
انا شخص حساس لأبعد مدى تتوقعه حساسة لدرجة الاشياء الي تشوفها ماتزعل تزعلني والاشياء اللي تشوفها عادية وماتخليك مبسوط تسعدني بشكل كبير,0,22,False
أحلى شعور لما فجأه تحس إنك مبسوط من غير أي مُحفزات كونيه مجرد شعور والسلام,0,15,False
عاش انا مبسوط منك اعمليلي بقي شاي وهاتي اي حلويات حلوه من بتاعه ماما داخل ع طمع,0,17,False
مبسوط من نفسي لاني صرت أعرف كيف اصبر وأنا مخبي كلام كبير بقلبي ولا احتاج أحد يسمعني,0,17,False
برغم الكورونا وجو العيد اللى مبقاش موجود زى زمان بس مبسوط نفس فرحة كل سنة ويمكن اكتر ♥️🥰,0,18,False
دكاترة الامتياز الشهرين اللي فاتوا كلهم جدعان و شاطرين بجد و الواحد مبسوط انه اشتغل معهم و هونوا علينا كثير,0,20,False
أعلي درجات الحب بالنسبالي هي إن الشخص اللي انت بتحبه يخليك تحب نفسك مش إنك تحبه هو وخلاص يخليك تتقبل نفسك,0,21,False
مش مهم ومش ضروري اي حد واي حاجة طول ما انتا مبسوط ومزاجك حلو ورايق,0,15,False
بكون مبسوط اوي لما ريال مدريد يكسب ماتش معقد واسمع من اخر القهوة صوت بيشتم ريال مدريد من مشجع جحشلوني ♥️♥️,0,21,False
مبسوط فشخ بجد عشان كان حرام اللعيبة والمدرب يتبضنوا ومجهودهم كله يضيع فى ماتش زى دا,0,16,False
لية كدا احنا بنحبة وعاجبنا طريقتة جدا والكل في مصر مبسوط منة ومعاة اخرج انتا منها وسيبنا نعيش مع بعض حبايب واخوات,0,22,False
أنا مبسوط إن ميلتاو مخذلنيش مبسوط إني كنت شايف إنه مدافع كبير والحمدلله الواد نصفني 😭😭💖💖,0,16,False
ببقي مبسوط أوي وأنا بشتري هدوم أكتر حاجه بتبسط لما اعملها وادفع فيها فلوس هي والأكل 😂❤️,0,17,False
والله انا مبسوط منى جداً وراضي بالي انا بعمله بلاش بقا رائيك اللي مش هيغير شئ ولا ليه لازمه,0,19,False
روحت اتبرعت بالدم النهاردة وكان بقالى اكتر من سنتين متبرعتش مثلا وحاسس انى مبسوط 😌,0,15,False
انا مبسوط من نفسي و الله قبل رمضان و عارف ايه المسلسلات اللي هتنجح بس قلشت مني في القاهرة كابول,0,20,False
احب اقولك للراجل اللي رباني احسن تربيه بمشي سرته بترفع راسي لفوق اني عايش عشان ابويا وعشان الضحكه الجميله دي,0,20,False
احلي شعور ممكن تحسه انك تتحب زي مابتحب لما يكون فيه شخص مهتم بيك وبتفاصيلك ولما يحس انك زعلان يزعل ع زعلك,0,22,False
مبسوط من نفسي فشخ ف النقطه ديه و الموضوع ده ريحني واتمني استمر ع كده و دايما لما احس بالضيق اعد نعم ربنا ع الواحد الي لا تعد ولا تحصي فعلاً,0,31,False
واحساس حلو اوي لما يكون الحد دا مطمنك من كل حاجة حواليك وشايل رهبة الخوف منك مطمنك بوجوده معاك ف كل خطوة بتاخدها في حياتك,0,25,False
مبسوط والله ان بقى فيه زمايل كتير حاطني في كاتجوري تأهيل الاعصاب و بيرشحوني للحالات كحد متخصص و نتايجه كويسة,0,20,False
أنا مبسوط جداً بتطور مستوى أودريوزولا بصراحة الولد هجومياً واعد جداً ودفاعياً بيحسن من نفسه,0,15,False
اليوم أنا جداً مبسوط قفلنا معكم حالتين حالة ب منصة شفاء ساهمتم فيها بأن طفل يكمل علاجه من الكيماوي حالة ب منصة احسان,0,23,False
الشيخ احمد شيخي اللي ختمت معاه الختمه التانيه مبسوط اوي اني صليت وراه وشوفته بعد 10سنين,0,16,False
الحقيقة ان الواحد مبسوط ان جه حظه ف الاسبشيالات مع رامي ونسرين وسارة حتي ف التروبيكال والشغل تقيل النواب كانوا محترمين,0,21,False
الأغاني والشِعر قدروا يخلوني مبسوط ورايق النهارده كالعادة بعد ما قمت م النوم بألم وضيق صدر وقلة مزاج معتاد نتيجة القلق والأرق,0,22,False
والله ي رجالة ال بيحب واحدة وعاوزها بجد وعرف معني الحب الحقيقي معاها ما هيبص لأي أرقام انشالله لو طلبوا بمليون جنيه,0,22,False
امنيتي ان صوتي يكون حلو في الغناء وامس واحد أعطاني الأمل اني أحقق امنيتي وذحين مره مبسوط ومتحمس🔥🔥,0,18,False
مبسوط أوي جداً جداً جبت معدل كنت أحلم فيه وبكذا ضمنت ادخل التخصص الي ابغاه 😭😭😭🤞❤️,0,16,False
أول ما تحس إنك مش مبسوط إمشي لا الدنيا مستاهله ولا أنت ناقص وجع قلب 🦦,0,16,False
بعزك حقيقي انتي حد نضيف جدا وفحالك كده وتستاهلي كل خير مبسوط اني عرفت حد كده,0,16,False
و مين قال إن الواحد يعيش مديوكر رايق و مبسوط ده مش نجاح ده احلى نجاح منها لله احلام الرأسمالية,0,20,False
الحمد لله دائماً و ابداً الواحد مبسوط انه مش هيلبس الكمامة في البيت خلاص يارب متورنيش اي حاجة وحشة في اهلي,0,21,False
الواحد كل يوم يقينه بيزيد وبيتأكد اكتر ان الدنيا دى صغيره اوى ومش مستاهله التعب والتفكير دا كله عشان اى حاجه فيها,0,22,False
الحب مش سبب كافي لإننا نكمل الحب مش سبب كافي لأي حاجة يافرحتي لما تبقي بتحبني بس مش فاهمني بتحبني بس,0,21,False
أمسك في حد بيسأل عليك من غير مصلحة حد بيقف جنبك من غير ما تطلب حد بتروحله متضايق و بترجع مبسوط,0,21,False
أنا مبسوط جدا إني بقيت سايب كل حاجه علي ربنا و راضي باي حاجه بتحصل عكس قبل كده كنت بضايق جدا,0,21,False
امبارح كان احسن يوم حرفياً وانام وانا مبسوط واصحى وانا مبسوط بسبب اليوم اللي عيشته حرفيا,0,16,False
فطرت كبدة و سلطة و على الله كرشي يكون مبسوط من اللي بيعمله فيا ده,0,15,False
المستشفي جميله والشغل فيها مريح والناس عساسيل وانا مبسوط جداً ليه بتقول عني كدا 😂💔,0,15,False
والله الواحد مبسوط من نفسه انه مبقاش يفرق معاه حد ولا يشغله مين موجود ومين مشي,0,16,False
من دخلت تويتر مااهتميت ب العدد قد اهتمامي ب الناس و المعرفه جداً اهتم اكثر علاقاتي واكون علاقات سطحية واسولف مع الكل عشان كذا مبسوط غالباً,0,26,False
بغض النظر عن اي حاجة بس انا مبسوط ان التايم لاين مبشوفش فيه محمد رمضان او رامز,0,17,False
ابوي مبسوط بالتشيزكيك اللي سويته اكثر مني بس عشان اول مره اسوي شيء كذا 😭,0,15,False
كابتن اوبر اداني تمر افطر عليه ونزل جابلي مايه من السوبر ماركت وحقيقي انا مبسوط اوي عشان الناس اللطيفه دي هي اللي بتهون اليوم,0,24,False
كل حاجه ممكن تحصل مافيش حاجه مستحيله اه صعبه ومرهقه بس مش مستحيله حاول عدلها فيك وهتكون مبسوط اكتر,0,19,False
البنات كلها متضايقين من تريند الميني دريس عشان بتبين جزء من الرجلين والواحد مبسوط الصراحة إنه هيلاقي دريسات طوله من غير ما يحتاج يقص نصها🤸🖤,0,25,False
يا رب لك الحمد يا رب لك الحمد باقي ماده يوم الاثنين واخلص خلاص ويا رب الحمدلله مبسوط مره,0,19,False
انا جداً عظيم وافتخر بشخصيتي وطيبة قلبي و الأجمل انك تكون سعادة للناس اللي جمبك وانك تنذكر بالخير في حضورك وغيابك,0,21,False
النوم ده اكتر حاجه حلوه في الكوكب بتروح ترمي همومك في النوم وتصحي فريش علشان تواجه يوم جديد تريح اعصابك وجسمك وتفك,0,22,False
مريح شعور طمأنينية هذه الايام تحس نفسك مبسوط ومرتاح م يزعلك شي ولا تبي تزعل أحد ♥️,0,17,False
سألني صديقي الزملكاوي وقال لي هو انت مبسوط كده ليه فقلت له علشان اهلاوي ياسيدي علشان اهلاوي ياعم جرب مره,0,20,False
عامل الناس بحدود هتعيش مبسوط واللي يقدرك اوعاك تفرط فيه واللي يبيعك اعتبره مش موجود🤞✋,0,15,False
شعور جبار جداً و انت تشوف أعظم و أكبر أحلامك تتحقق تشوفي أبوك مبسوط أكثر منك و يبيك تتخرجي بأسرع وقت,0,21,False
فيه شخص بيجي في حياتنا مرة واحدة مرة في العمر بيبقا كل همو يخليك مبسوط ويطلعك برا اللي انت فيه ويخليك احسن,0,22,False
اني ارتب البيت دا بيحسن مودي من ٥ مبسوط ل ٢٠ و مع غسل الصحون و الشفط بيوصله ٥٠,0,19,False
جميل اوي احساس انك تسيب الكل يتفلق المهم انت تبقى مبسوط و عامل اللي على هواك احساس رائع فشخ,0,19,False
مبسوط جدا بفطار امبارح اني شوفت ناس و قعدت و ضحكنا و اتلمينا بعد سنتين مثلا,0,16,False
انا طبعي صعب وعصبي بس عمري م تخيلت ان ممكن واحده تيجي تغير ده فيا واكون بغيره وانا مبسوط مش مضايق,0,21,False
فعلاً فعلاً كنت وحشني جدآ ❤️ وعلشان كده الصدفة جمعتنا 😍 مبسوط جدا اني شوفتك والله ❤️❤️😍,0,17,False
طبعا ماراح نسمع منك غير الكذب ياحيوان هنيه على تواصل مع فيلق القدس الارهابي الايراني يعني غزه لحقت,0,18,False
أقاوم كل مشاعر السعادة التي تعتريني في هذه اللحظة وتمنع كلماتي من التدفق لأكتب لكِم عن مشاعر الفرح والسرور,0,19,False
التفاؤل هو ان تعيش لحضات الفرح بكل مشاعرك وتجعل لحضات الحزن تمر مروراً عابراً كأن لم تكن,0,17,False
غير من نفسك حتى يتغير كل شيء حولك لا تدخل في نقاشات سخيفه لا تجادل في امورك الخاصة لا تتفاعل مع الغيبة والنميمة,0,23,False
السعاده لا تكتمل الا في وجود اللي انت بتحبهم السعاده مش انك تبقى سعيد لوحدك عمرك ما تبقي سعيد لوحدك تشارك سعادتك,0,22,False
قَد نَسينا أنَّ السعادة ليسَت بالحصول على ما لا نَملك بل هي أن نَفهَم ونُدرِك قيمة ما نَملك,0,18,False
تتحدث مع الناس كثيراً فلا يتغير أي شيء وتتحدث مع الله قليلاً فيتغير كل شي,0,15,False
لان الله خلق بني ادم وجعل سعادته وراحته وطمأنينته بقربه منه لذلك كلما قتربت من الله قتربت لك السعاده رغما عنها,0,21,False
انا الي اكل بروحي بمكان عام و اكون بقمه السعاده لان محد ياخذ من اكلي,0,15,False
ليست السعادة أن تمتلك كل شيء إنما السعادة أن يسعدك الله بما أعطاك و يرضيك بما أتاك,0,17,False
سًر السعًأدهً أنً تشعر أنْ اللهً راضي عنٌك فلاَ تنسًىً ذكًر اللًه لاً إلًهً إلّا أنًتْ سًبًحًانًكً,0,17,False
الراحة النفسية جزء كبير من الراحة النفسية تجدها في المصالحة مع نفسك أن تتقبّل وضعكَ أياً كان,0,17,False
السّعادة هي أن يكونَ لديك شخصٌ يخشى عليگ من الألمِ ويجعلك في أول اهتماماته ويصَغر حجم مشاكلك ويخبرك بِأنّ كلّ‌ شيءٍ لاَ يستحقّ حزنك,0,24,False
اللحظة الحقيقية اللي بيحس فيها الشخص ب السعادة لمّا يكون مرغوب فيه وأُموره مهمة بالنسبة لشخص بيحسسك بوجودك وإنك شخص مُميز وبتنحب 😐,0,23,False
وجودك يطغى عل كل الأشياء من حولي و السعادة معك توازي الفرح السائد في هذا العالم♥️,0,16,False
إذا ذكرك الله جل شأنه فمن ذا الذي يضرك🤲 آية تلخص لك كل أسباب السعادة والطمأنينة والسكينة,0,17,False
اللهم في هذا اليوم اكتب لي السعادة و الرزق وأبعد عني كُل مايضرني اللهم أنت أعلم ونحن لا نعلم اللهم يسر امري,0,22,False
من اكثر الاشياء اللي تسعدني حيل لا دق علي شخص عزيز علي يتطمن علي وفي نهاية المكالمه يدعي لي دعوه,0,20,False
اوووه اشياء كتيير احبها ببساطة كل تفاصيل حياتي احبها وممتنة لها احب كل شي يتقدم لي واحب اقدم لغيري كل شئ,0,21,False
لا العقل ولا القلب مسؤل عن السعاده المسؤل هو البطن طول ما نتا جعان مش هتعرف تفكر فالسعاده وبطنك هتمغص وقلبك هيوجعك من الجوع,0,24,False
لك النصف من ميراث السعادة إن لم تحسد أحدًا ولك تمامُه إن كنتَ تود الخير لغيرك♥️,0,16,False
الله كما خلق الحزن خلق السعاده فاللي متاكد منه بعد العسر يسر باذن الله 🤍,0,15,False
العطاء دون طلب يكون أعظم والمحبة دون تردد تكون أروع والصداقة دون مصالح تكون أصدق🙏🏻 مساء السعادة 🌹❤️🌹,0,18,False
السّعادةۃ هي أن يكونَ لديك شخصٌ يخشى عليگ من الألمِ ويجعلك في أول اهتماماته ويصَغر حجم مشاكلك,0,17,False
الصبر مفتاح السعاده ولتكن في سجاده انفض كل من عليها وفيها وسترحل بلا عوده 👌🏻,0,15,False
اللهم افتح لمن ساهم في السداد باب رزقٍ لايُسد وبارك له في ماله وعياله ومد في عمره وافتح له باب السعاده وراحة البال,0,23,False
هنالك من يجيد اختيار الوقت ليرسل كلمات تنتشلني إلى الابتسامة وخفة في روحي ❤️ الحمدلله على نعمة الأشخاص الذين يبثون السعاده في أرواحنا,0,23,False
اللهُم اجعل قادم الأيام عوضًا عما فات يحمل لنا الخير في كل ما قُدّر لنا أيامًا تحفها السعادة والبركات♥️,0,19,False
ربي اوصيك بقلبها اللطيف فاسعدها بكل ماهو جميل من عندك اللهم اكتب لها السعاده الدائمه وابتسامه لا تغيب وقلب لا يحزن,0,21,False
❦ اتريد ✺السعادة تبحث عنها لم ✵تجدها انت تبحث في الطريق ↜الخطأ انت ❀تبحث عنها في متاع الدن,0,18,False
من أسباب السعادة أن يكون لديك عيناً ترى الأجمل وقلباً يغفر الأسوأ وعقلاً يفكر بالأفضل وروحاً يملأها الأمل ✨♥️,0,19,False
نفسي احضن اهل غزة حضن كبير واجيبهم واحميهم واطمنهم واخليهم مطمنين ومرتاحين بأرضهم نفسي اعطيكم كل السعادة والراحة,0,18,False
انا لا انكر اننا نمر بازمة فد تكون وجودية انما الامل والايمان بالله يبقيان هم الدافع لتحمل هذه الازمات,0,19,False
عندما تصيبنا نوائب الدهر وتكسر مجاديف الأمل فينا فإننا نهرب إليك لأنك الأب الذي لا نشعر بالأمان إلا بذكره,0,19,False
قال الله تعالى فما ظنكم برب العالمين هنا الأمل الأمان العطاء الرحمة الحب السلام سيجبر الكسور,0,16,False
الحياة ماتمشي بدون الأمل الكثير مننا يعيش في هذه الحياة وهو لديه أمل ويسعى إلى تحقيقه,0,16,False
ماذا أهديكى غير قلبي الذي أحبك أأُهديك عيوناً أنتى ساكنها أم أهبك روحاً أنتى مالكها هل يكفيكى ماتبقى من عمري,0,20,False
ابتسم فربما تجد من يرى في ابتسامتك امل لكي يكمل وينهض على قدميه من جديد فالابتسام قد يكون دواء للالم,0,20,False
انا نصراويه ومشاركه معك كثير بس م قد حالفني الحظ 💔 ع امل ان ربي يوفقني هالمره 🙏🏻,0,18,False
إنْ مَسنَا الضُّرُ أو ضاقت بِنا الحِيّلُ فَلنْ يَخيبَ لنا في رَبنَا أمَلُ وإنْ أَناخَت بِنا البلويٰ فإنَّ لنا رباً,0,20,False
أخلُق لنفسِك أمل لا تترك أي وجع يتغلب عليك وينتزع الفرحه مِن ملامحك الجميل أخلق في نفسُك القوه التي تجعلك تواجه كُل الصعاب,0,23,False
قدامي شهر ع الامتحانات وخلاص الكل لم منهجه وانا لسه بكتشف الكميا وع امل ان حاجه تتلغي,0,17,False
في طلتها بصيص أمل تضئ به نفق مهجور ملئ بالجحور فحيح الأفاعى وهى تغضب وتثور صوت عذب يبحر في نفق العجائز,0,21,False
دائماً هناك أمل وإن أُغلقت كل الأبواب في وجهك لا تنطفىء من خيبة أو عثرة ستفرج وإن طال انتظارك ستفرج وترى أحلامك واقعاً أمامك 🙏🙏🙏,0,25,False
وانا يا أمي وإن ملّوا من دعاءهم لكِ انا لن أمّل وسأبقى بنتكِ التي توصلك بدعائها دائمًا 🕊,0,18,False
ثق بأن الله ألطف من أن يحزن قلبك ثم ينساه وأكرم من أن يعطيك حزن طويل لا يعقبه فرح الله أعظم من أن يزرع في قلبك حزن,0,27,False
يا رب و انت بتوزع العوض وجبر الخواطر على عبادك وزع علينا فرحة وراحة بال تشبه كرمك ❤,0,18,False
الواحد يبقا قاعد ف الأوڤر ثينكنج العميق فا يجيله رسالة حلوة من ناس حلوة فيها كلام حلو فا يفرح فرحة مكانش عامل حسابها,0,23,False
كل عيد وانتي عيدي انتي فرحة الدنيا يا ساكنه بِوريدي احضني قلبي بين ضلوعك واستوصي به خيراً وزيدي ♥️,0,19,False
يارب فرحه يارب تجبر الخاطر يارب توفيقك يارب ارزقني من حيث لا احتسب يارب يارررب,0,15,False
في هذا العيد غزة منحت العيدية لكل الشعب العربي ✌🏻❤ عاشت المقاومة لا للسلام ✌🏻 فرحةالعيد,0,16,False
اللهم أرزقني الخبر المفاجئ الذي أسجد فيه سجود شكر أبكي فيه من سعادتي يارب حقق لي ما ارجوه,0,18,False
لو في ايدك تفرح شخص فرحه لو في ايدك تعمل حاجه تفرحه اعملها حتي لو كلمه دي الكلمه الطيبه صدقه,0,20,False
مفيش احلي من انك خلاص وصلت لحاجه كنت عايزها فرحه النجاح بنفسك مفيش احلي منها والله,0,16,False
يوم السعد لعايلتنا أول حفيد وصل لنا شعور الفرحه المنتظره وأخيراً صرت خاله للمرة الاولى الحمدلله على ماوهب ل أختي,0,20,False
ان ربنا بيبعت لنا اشخاص جميله تفرحنا من غير اي شعور او توقع دى حاجه جميله نحمد ربنا عليهاحتي لو الفرحه دى بسيطه جدا💙💙💙,0,24,False
من كثر شعور الفرحه لزوز غرت عليها ياربي خلصت دموعي يحق لي اقول لها نيالك انتصر الحب اخيراً 💗💗💗💗,0,19,False
عوّد نفسك على الفرحة حتى تعتاد هي عليك أشعر نفسك بِالأمل حتى تجد الدنيا بين يديك أفرح بما لديك حتى يأتيك أكثر مما تتخيل,0,24,False
منو الفرحة ما سايعته مثلي لأن رح ترجع الثورة😁 أحس رح يجي العيد لازم نحضر ملابس التظاهر,0,17,False
فرحة العيد جميلة تتصافى فيها القلوب وتتجدد فيها الحياة وتكثر فيها الزيارات ويتجمع فيها الاخوان والأخوات والابناء,0,17,False
وايد وايد متحمسه اني بروح اعتمر بعد عشر ايام احس الفرحه مب واسعتنييييي وبجهز دعاوي لا تعد ولا تحصى حق الفلسطينيين و اهلي,0,23,False
هي مش اول مرة انزل المستشفي بس المرادي بما أنه سكشن جراحه وكدا حاسه اني متحمسه زي اول يوم كليه وطايرة من الفرحه,0,23,False
الحمدلله ان شعور الفرحة في ايام العيد ثابت مهما كبرت تبقى بنفس اللذة كل شيء فيها يسرّ القلب من لمّة الأهل لين ريحة العود,0,24,False
احساس حلو بالنسبالي لما بغير علي حد بحبه بجد ببقي بعدها مبسوطه برغم اني ف وقتها ممكن اهد الدنيا بس نظره الفرحه اللي في عينه بتبسطني,0,26,False
ماما حكتلي هلأ انها مخبييتلي مصاري الجامعة وهاد يعني انها موافقة اسافر لانه المبلغ الي خبته هو المبلغ الي بدها اياه فرحة,0,22,False
هدف بيل الدبل من كثر الفرحه والله ماكنت قادره استوعب اذا الي شفته صدق ولا اتوهم,0,16,False
كل حاجه منك حلوه عالقلب عندي حتى التفاصيل البسيطه كبيره الا غيابك يقلب الفرحه ضدي ويخلي هالدنيا في عيني صغيره,0,20,False
لم كنت ف عمر 12سنه قابلت الكابتن محمد ابو تريكه والكابتن محمد بركات ف التتش ف سألته ع محبتي الجماهير له عشان لم اسير لاعب مشهور اعمل زيه قالي خد لكره رساله والملعب ميدان الرساله بتاعتك وقبل ده كله اجعل الفرحه صدقه لله,0,43,False
رزقك من الله قبل لا تجمع وتطرح مقسوم دامك سعيت ومتّكل بالله مهما تضايقت ب يجي يوم لك تفرح الفرحه اللي تنسّيك التعب كلّه,0,24,False
قمة الفرحة انه اول مره كانت نشوف فيها صورة جدي الاكبر خليل في كتاب للغة العربيه للصف الخامس او السادس,0,20,False
كل حاجه منك حلوه على القلب عندي حتى التفاصيل البسيطة كبيره الا غيابك يقلب الفرحة ضدي ويخلي هالدنيا في عيني صغيره,0,21,False
شعوري حاليا مثل شعور أم كلثوم لما قالت من فرحتي تهت مع الفرحة من فرحتي لا بنام ولا بصحى😭❤️❤️❤️❤️,0,19,False
سويت حاجة حلوه جدًا وانا سعيده بهاللحظة وحسيت لو يدري ابوي بس بيدمع معاي من الفرحة,0,16,False
دمعت من الفرحة تخيلوا نمت من ساعه ١١ الصباح وتوى اصحى بدون بندول نايت بعد😭❤️,0,15,False
لي اربع ايام انام 7 اليوم من الفرحة نسيت النوم اعتقد حان وقته استمروا بالفرح طول الليل شيفت الصباح ازهلوه عندي💛,0,21,False
عمري ما حسيت الاحساس ده ومعرفش ليه قعد اعيط اول ما شفتها وشلتها وبجد وكأنها بنتي مش بنت اختي كميه الفرحة والسعادة,0,22,False
الأجابه المنطقيه لاى حاجه 😄😄اللي ينور وش اى حد ويخلي عيونه تلمع كدهون من الفرحه الفلوس 😄,0,17,False
خل عندك يقين وايمان قوي بربك ان راح يستجيب دعائك وربي راح يستجيب ويعطيك اكثر من الي تتوقعه💗 يارب كل مسلم يسجد باكيا من الفرحه,0,25,False
لو تمت صفقة الشناوي للنصر قسم ممكن تصيبني هيستيريا من قوة الفرحه يخوان قسم بالله افضل حارس عربي,0,18,False
الحمدلله على شعور الفرحة المُنتظرة سلمت روحٌ أنجبت و سلمت روحٌ على الدُّنيَا أقبلت صرت خاله لأحلى مولود 💙💙,0,19,False
ان شاء الله سبعوضك العوض الجميل وستأتى الفرحة التى تبكى عينيك فرحا ❤❤ ان مع العسر يسرا المهم نورتى يا قمر 🌹🌹❤,0,22,False
احساس الفرحة الي حسيته و انا داخله الجيم النهارده مفتقداه بقالي حبه 😍 الحمد لله الذي يسر لنا هذا بلا حول منا و لا قوه ❤️,0,26,False
ذكرى ما انساها ابدا كانت وحده من عماتي الله يرحمها تعايدنا كل عيد ب ٢٠٠ ريال وحنا اربع خوات كل وحده ٥٠ كانت الفرحه,0,24,False
انا طار النوم من راسي والله من الفرحه احس كاننا ماخذين بطوله 💛💛الله يسعدك يابو فهد مثل مااسعدت كل العالميين,0,20,False
هالفتره جالسه ابحث عن الاميره ديانا كثير ماعرف ليش ورحت شيكت على برجها طلع نفس برجي واحس اني بموت من الفرحه,0,21,False
الدنيا مش سايعتني يا أصحاب أنا طايره من الحب وبحس الارض مش شايلتني من الفرحه ❤️,0,16,False
كل يوم الفرحة بتزيد بيك يا احمد لأنك مخلص لعملك ومهتم بأتقانه رغم الظروف السيئة المحيطة بينا مبروك الكتاب الجديد,0,20,False
اللهُم الطمأنينة اللهم البشرى اللهم الفرحة الغامرة والرّضا التام واليقين الدائم اللهم أطيب الأشياء وأثمن اللحظات وكلّ الأمل😍,0,18,False
الله يبشرك بكل ماهو يسعدك دكتور ونسأل الله تعالى أن يديم علينا وعليكم الفرحة 🌹🌹🌹🌹,0,15,False
عوّد نفسك على الفرحة حتى تعتاد هي عليك وأشعر نفسك بالأمل حتى تجد الدنيا بين يديك,0,16,False
انا فرحي قرب وإن شاء الله الفرحه تبقى فرحتين الفرحه الأولى رجوعنا والفرحه التانيه يعملوا حظر علشان اوفر تمن القاعة,0,20,False
أحس الراحَة لي في قلبي والفرحَة اللي من غير سبب محلّتني وايد 🥲♥️ الله يديم الفرحة و يرزقنا أضعافها يارب,0,20,False
اللَّهم الطمأنينة اللَّهم البشرى اللَّهم الفرحة الغامرة والرّضا التام واليقين الدائم اللَّهم أطيب الأشياء وأثمن اللحظات وكّل الأمل,0,18,False
قد تكون الفرحه ليست جائزه فكلمة جبر خاطر او ابتسامه منك لشخص ضاقت فيه الحياه فالحياه تريد منك الكفاح,0,19,False
كُل الفرح مُختصر بكونك خَريجتنا الحُلوه فخوره وجداً فيكِ يارب أجعل الفرحة تُحضن قلب خَريجتي للأبد,0,16,False
جعل الفرحة عامرة في داركم في كل الأيام وعساكم بخير كل ساعة وكل عام وللعيد سعادة وفرحة,0,17,False
نكبر على كل شيء الا الالعاب والمرح وما تكمل الفرحة الا بها فرحةالعيد مع ملاهي فنجيت الرياض 🌈🚖🎮💕🎈,0,18,False
مش لازم تحب شخص أو شخص يحبك عشان تبقي مبسوط ف حياتك وتحس بالكمال ممكن تلاقي الفرحه ف حاجات كتير ف رياضه ف هوايه أو حتى ف شغلانه بتحبها,0,29,False
انا جالى دول هدية و حقيقى يعنى انا طايرة بيهم من الفرحة و مش عرفة اشكر صاحب الهدية ازاى والله ❤️❤️,0,21,False
بعد طول إنتظار جاء قرار الفتح الجزئي للحدود ليظفي شيئا من البهجة والأمل للجالية الجزائرية المنتشرة في كل بقاع العالم,0,20,False
الله يوفقكم ويسعدكم زي ما اسعدتونا والله يوفق النصر وعقبال الفرحة الأعظم بالبطولات الله يوفقكم,0,15,False
بين قمة الوجع و عمق الفرحة تتضارب الكلمات فتأتي على هيئة حضن عميق للأحباب هو أسمى صور الأمان في الواقع ❤️,0,21,False
كنت انبسط بس حدا من فلسطين يعملي فولو هون وهسا الفرحة مضاعفة لما حدا من هناك يعملي فولو او يعلق عندي بحس بشعور حلوو,0,24,False
الف مبروك زواج ابنة اخيكم والتيسير مطلوب تبقى الفرحه هي الفرحه نسأل الله ان يرفع عنا وعن جميع المسلمين هذا الوباء,0,21,False
عاجل وأخيرًا الفرحة تعم الجميع بعد ما تم استخدام قدائف الهاون من العيار الثقيل في قصف موقع يفتاح عن طريق كتائب القسام,0,22,False
أهم شيء الفرحة في وقتها و الطفل مُستحيل ينسى كل من كان سبب في سعادته و إن شاء الله ربِ يخليك ليهم ويونسك بِوجودهم 💜,0,25,False
على فكرة بيفتحو فرع ستاربكس في الحي حقنا وبموت من الفرحه باقي تيم هورتنز وخلاص ما بخرج من حيينا,0,19,False
اللهم اجعل الصحة خير صاحب لأجسادنا والسعادة خير رفيق لقلوبنا و الفرحة خير نور لعيوننا والتوفيق الدائم في دروبنا إنك على كل شي قدير ♥️,0,25,False
مشاعر الفرحة و السعاده لاتوصف والله العظيم احساااس رااائع 🤗 عيدكم مبارك العيد عيديات فرحة العيد السعودية,0,17,False
قلبي عم يرقص من الفرحة بشكرالاعلام بشكرك عالخبرية ناطرة اسمعها من زمان الفرحة اكبر مني ومنك,0,16,False
قلبي طاير من الفرحه يا هو شعور الفرحة اللي بقلبي احس الدنيا مُش سيعاني الحمدلله لك يارب❤️❤️,0,17,False
جايبين للمصري كرتون آيفون بداخله لمبة في عيد ميلاده 😂😂😂😂 والمشكله من الفرحة قبل ما يعرف كسر جهازه القديم 😭😭😂😂😂😂😂,0,20,False
كنت عند الدكتور النهارده وسألني بدرس اي قولتله كلية صيدله وقعد يكلمني ويقولي يدكتورة وانا مروحه رجعلي حق الكشف فرحت اوي,0,21,False
الشوبينج لحد بتحبه وتشوف الفرحة في عيونه وهو سعيد باللي اشتريته ليه ان يكون لك احباب تعيش وتعمل من أجل سعادتهم,0,21,False
صرت ما اضحك واستانس الا معهم الصداقة شيء حلو خصوصا مع اشخاص يفهمونك وتفهمهم واحلى شيء ان بينكم ذكريات حلوة ومواقف,0,21,False
علي سبيل الفرحة غداً حفل خطوبة أول غالي في الشلة وفي أسيوط كمان عُقبالنا كلنا ان شاء الله ❤️🤲,0,19,False
عود نفسْك على الفرحة حتى تعتاد هي عليك أشعر نفسْك بالأمل حتى تجد الدنيا بين يديك أفرح بما لديك حتى يأتيك أكثر مما تتخَيل,0,24,False
انا بجد نفسي افهم الارتباط الوثيق بين الفرحة والدوشة الي عند المصريين ده ليه عشان افرح لازم اخلي وداني تجيب دم,0,21,False
وانا راجعة اغصب نفسي انام مع انه من الفرحة ما يكون فيني نوم بس ابي اقصر مدة الرحلة ♥️♥️♥️♥️,0,19,False
من اكثر الاشياء الي تفرحني من اطلع اشتري ملابس واجيب لبابا ويايه ع ذوقي واضل متلهفه ارجع حتى يقيسهم ويطلعون ع كده,0,22,False
من كثر الفرحة اغرد واحذف الشي الوحيد الي اقدر اقوله الله لا يحرمني من ماما وبابا 😔🎓💜,0,17,False
حتى تدخل الفرحة على نفسك عليك أولًا بزرعها فيمن حولك فشعورك بالسرور لا يُضاهى عندما تكون السبب فيه لغيرك تمّت,0,20,False
اللهم اجعل الصحة خير صاحب لأجسادنا والسعادة خير رفيق لقلوبنا و الفرحة خير نور لعيوننا والتوفيق الدائم في دروبنا إنك على كل شي قدير,0,24,False
سافر ولا تخبر أحد عش قصه حب صادقة ولا تخبر أحد عش سعيداً ولا تخبر أحد الناس يفسدون الأشياء الجميلة,0,20,False
اتأكدت إن أكتر حاجه تستاهل ان الإنسان يفضل يدور عليها ويحارب عشانها طول عمرو هيا الراحه مو السعاده إحساس السلام,0,20,False
الفرحه هذي توضح لنا قد ايش الفريق يعاني نفسيا وذهنيا والهدف ذا جاء بوقته عقبال ما نتاهل يا رب,0,19,False
الطفل الأول🐣 أو الفرحة الأولى إللي يغير كل شكل حياتنا ويأخذ اهتمام كبير من الأهل خاصة أن معظم الآباء والأمهات,0,20,False
توزيعات العيد❤️❤️ لا شيء يمنح السعادة أكثر من أن ترسم الفرحة على وجوه الآخرين😍😍 عيدمبارك,0,15,False
مافيه نوم الى الان والله من الفرحة طار النوم وفي الاخير طلع ماهو انا جابر ثاني 😂😂😂,0,17,False
لما تلاقي حد بيكلمك وعينيه كلها حماس ونبرة صوته فيها الفرحة فارجوك اديله رد فعل مناسب ومتموتش فرحته ولا حماسه❤️,0,20,False
الفرحة حلوة أبومكه سجل هدف وأتعادل مع كين الفرحة فرحتين ما بالك هم في أرضية الملعب وكسبوا بهدف 90,0,19,False
النجاح مش في الوصول للحاجه الي انته عاوزها النجاح في الطريق في التفاصيل في كلمه حلوه تطمن بيها حد بحاجه تعملها,0,21,False
انا لو متقدمليش واحد هيطير من الفرحه انو جى يقرا فتحتى زى عمر انا مش هتجوز 🙂,0,17,False
مفيش احسن من انك تساعد حد يتعلم حاجة جديدة ويكون طاير من الفرحة بسبب حاجة عادية أصلا بالنسبالك,0,18,False
من تشوف احد فرحان على شغلة بحياته عمرك لا تحاول تسخفها او تقلل منها او تسرق شعور الفرحة هاي او تحسسه انها عادية,0,23,False
شابوه لأي رجل لسه بيخرج مراته بعد الجواز جزيت الفردوس 😂💚 ده انت بتاخد ثواب إدخال الفرحه ع قلب مؤمن والله يجدع,0,22,False
بكيت بكيت بكيييييت من الفرحه والله العظيم حسيت بسعادة ما حسيتها من زمااان كثير هذا النوع من السعادة اللي يشبهني,0,20,False
احلي فرحه في الدنيا فرحه حبايب قلبي 💙 اقسم بالله فرحتي النهاردة ما تتوصف ولسه الليله الكبيرة الفرحه الأكبر,0,19,False
التفاؤل وقت الفشل ذكاء والثقة في النفس وقت اليأس قوة والإصرار برغم المعوقات نجاح في حد ذاته مساء الخير والأمل🌹,0,20,False
تزهر السعادة في نفوسنا ويتجلى التفاؤل حينما نردد كلمات إيجابية على مسامع أنفسنا قل شكراً الحمدلله,0,16,False
رَبَّناجدِّد فينا رُوح التفاؤل والأمل ولآ تجعلنا ضُعفاء أمام ظروف الحياةاللهم ازرع فينا الطاقة الدائمة,0,15,False
صباح الخير🌞💖 لمن استيقظ و كانت حبات القهوة ☕🤎أولى اهتماماته ليصنع فنجانا من السعادة و الحب و التفاؤل⚘💕🌻✌🎶,0,18,False
يا رب جدد فينا روح التفاؤل والأمل ولا تجعلنا ضعفاء أمام ظروف الحياة ازرع فينا الطاقة الدائمة وحبب لنا أيامنا كيفما كانت يارب العالمين,0,24,False
تبتسم الحياة فرحا لقلوب فهمت معنى التفاؤل فما دام في السماء كريم يجيب فلا تحزن صباح التفاؤل,0,17,False
☘️ التفاؤل وقود الروح وهي حالة إيجابية تجعل صاحبها يرى الفرص المتاحة بدلًا من الفرص الضائعة وينظر إلى ما يملكه,0,20,False
🕊🌿 في الصباح فتشوا عن رائحة الأمل ورسائل التفاؤل وعناوين الفرح ستجدون الصباح حافلاً بكل جميل🌼🕊️,0,16,False
انظر للحياة بجانب مشرق وسعيد اقنع نفسك وردد أنك سعيد وأنك تمتلك أسباب السعادة اكسر اليأس بكلمات التفاؤل والفرح,0,19,False
انا هعيش ع الامل دا من انهارده علشان العيد دا انا مستنياه من اول امبارح اصلا😂,0,16,False
الحب أن أجدك دون أن أضطر للنداء تأتي قبل أن ألوّح الحب أن يسبق سؤالك دمعي وصوتك حاجتي,0,18,False
أعلى درجات الحب هي إن الشخص إللي معاك يخليك تحب نفسك مش إنك تحبه هو وخلاص يخليك تتقبل نفسك بكل حاجة فيك,0,22,False
أحيانًا نبحث عن الطمأنينة أكثر من الحب نبحث عن الشعور بالامان عن الإحترام والتقديرعن الإهتمام,0,15,False
تستمر الحياة رغم كل ما يحدث سواء كنت سعيد أو حزين فلا تحمل نفسك فوق طاقتك هون عليك وابتسم,0,19,False
الحياة مستمرة سواء ضحكت أم بكيت لاتحمل نفسك هموماً لن تستفيد منها القلق لا يمنع ألم الغد ولكنه يسرق متعة اليوم,0,21,False
جمال الشي شعور بداخلك يتجدد بكل صفاء وصدق ومحبة لاقرب الناس اليك هي الحياة مع الوجود,0,16,False
يارب اجعل لي حظاً عالياً و إختر لي من أقدار الدنيا خيرها اللهم أرنِي الفرح في كُل ما أُريد يارب العوض الجميل,0,22,False
كلٌ منَّا مُبتلى في شيء لم تصفو الحياة لأحد فاللهم أعن كل ذي وجعٍ على وجعه♥️,0,16,False
عيد سعيد لقلبك ولروحك النقية وكل عام والفرحة بعمرك دايمه وكل عام يااجمل انسان بدنيا ربي أسعد قلبه الطيب واستجب له,0,21,False
السواح والأجانب في الإمارات هم بس السعداء عندهم إقامات ذهبيه وكل شيء محرم مباح فيها,0,15,False
مرة تاني خليك عارف ان كلماتك هي مراية اعماقك وخليك عارف كده زي ما المشاعر صوت الفكر كمان الكلمات هي صوت المشاعر,0,22,False
لا تخجل عش الشعور الذي يُولد فيك بعفوية لا يهم ما يكون أو ما سيقال عنك المهم أن تكون حقيقيًا الحياة ليست للدُمى,0,23,False
إنني أؤمن بحقي في الحرية وحق بلادي في الحياة وهذا الإيمان أقوى من كل سلاح عمرالمختار,0,16,False
ياربّ أرواحَنا بين يديك مدّها بسُبل الفرح وحلو الحظّ وتباشير الحياة وحُسن الخِتام ولا تكِلنا إلى ما دونَ ذلك ياالله💛🌼,0,20,False
ويِظل ‌كلامُك ‌مصِدر كُل ‌فرح ‌لِ قلبي💙💙 أنا حروفي تقصدك من أولك لأخرك💙💙 أبصِرت بك حُلو الحياة💙💙 أنت حُياتي,0,19,False
يا أرق ما في حياتي و يا فرحي يالجميع بداخلي يا أثمن الأشياء الي نلتها من الحياة كل عام وأنتي أملي❤️,0,21,False
إياك ان تلوم احداً في الحياة الناس الطيبة تمنحك السعادة والناس السيئة تعلمك دروس وأفضل الناس تمنحك أفضل الذكريات,0,19,False
إن أردت أن تسعد لا تقف عند كل محطة لا تجعل من كل موقف معركة ولا تدقق على من حولك ولا تنبش ما غطّي,0,24,False
الحياة لا تعطي دروسًا مجانية لأحد فحين أقول أنَّ الحياة علمتني تأكد أني دفعت الثمن — نجيب محفوظ,0,18,False
والمهم هو أن يلقى الإنسان حياته باسمًا لها لا عابسًا وجادا فيها لا لاعبا وأن يحمل نصيبه من أثقالها,0,19,False
لا تستمر الحياة إلا بالتجاوزات لذلك يجب أن تتعلم كيف تتجاوز ندمك هزيمتك وان تتجاوز بعض الأشخاص أيضاً ✌🏻,0,19,False
يا رب امنحني الطمأنينة في غمرة خوفي والرضا في أعزّ مواجعي والصبر في أشد أيامي أسألك يارب أن تمكّنني من الحياة ما حييت,0,23,False
لاتجعل للأشياء الجميلة في حياتك نهاية افعل ماتحب فعله تمسك بالأمور التي تجعلك تعيش الحياة بشكل افضل,0,17,False
اللهم إني أسألك جبراً يعيد لقلوبنا الحياة والأمل وراحة تنشر السكينة والطمأنينة في صدورنا 💚,0,15,False
انت لاتعلم انك سعاده لقلبي والقوه لعقلي انت لاتشبه الا فرح الحياة الوان الربيع وجمل الورد,0,16,False
اما بتعامل مع حد و يطلع أوڤر أكتيڤ بلاقي نفسي تلقائي بتجنبه الي هو احنا مش قد اقبالك علي الحياه ده يعم,0,22,False
جو بايدن اللي يعتبر أكتر رئيس أمريكي مؤيد للشذوذ تحت اسم إنها حقوق مدنية هو نفسه اللي وافق على صفقة سلاح ب ٧٣٥ مل,0,24,False
أنت فقط تحتاجُ مِن الحياة لشخصٍ واحِد يفهمُك شخص أيًا كان ما سيحدُث فهو سيتجاوزه معك يواجه العالم و الأيام الصعبة,0,21,False
انا نفسي حد ياخدني يدلعني يومين كده ويرجعني تاني اواجة الحياة عشان اللي بيحصل كتير,0,15,False
عندما تعطيك الحياة مائة سبب لتنهار وتبكى 🥀🍂 أظهر للحياة أنك تمتلك ألف سبب لتبتسم وتضحك 🐎 إبق قويا,0,19,False
إياك أن تيأس فالأشياء العظيمة قد تستغرق وقتاً طويلاً وقد تُبتلى بالتأخير في أشدّ ما تتمنّاه فإن صبرت أعطاك الله من حيث لا تدري,0,24,False
نفسي نلغي السوشيال ميديا من الحياه والناس ترجع تتعامل مع بعض ف الحقيقه ويتقابلوا ويتكلموا فون دايما هتلاقي سبب خساره اي حد للتاني هو الشات,0,25,False
الحياة ليست معنىً إنها رغبةٌ غريزة إمَّا أن تحبَّها أو تكرهُهّا لكن لا تتَجرأ على فهمِها,0,16,False
في الحياة ستدرك أن هناك دور لكل شخص تقابله البعض سيختبرك والبعض سيحبك والبعض سيعلمك طابت ليلة الجميع 💯,0,19,False
حلمي أن أخرج من الحياة بنفس النقاء الذي جئت به إليها اللهم نسألك حسن الخاتمة,0,15,False
لا يوجد سبب مُقنع بأن تيأس من الحياة إن كان حُزناً فكُن من الصابرين وإن كان فِراق فكُلنا راحِلون 💛,0,20,False
بس حتى ولو تبقى البشرة البيضاء هي صاحبة الغلبة والسلطة عبر التاريخ وهذي سنة الحياة,0,15,False
من جمال الحياة أن الله يبعث في طريقك ما يُوقظك بين الحين والآخر أنت الذي ظننت لوقت طويل أنّك مستيقظ تماماً,0,21,False
تُعجبني مصاحبة الناس البسيطة الذين لا يفتخرون بشيء في هذه الحياة سوى أخلاقهم ولا يهمهم من هذه الدنيا سوى الابتسامة والتواضع ️,0,22,False
البكتريا لها فوائد مثل المناعة والتغذي على الجراثيم وكل ااحشرات لها فوائد ودورة الحياة تكتمل مع بعض,0,17,False
اللهم فرحة تزيل الهموم وتبكي العيون وتمحي ما مضى من غموم الحياة اللهُمَ إلهمني إبتسامة لا تغيب وصبراً لا ينفذ,0,20,False
وإن شعرت بأنّ الحياة تزيد من اختِناقك فاختبئ عنها و أعتزل الخلق وخُذ نفسك في رحلة إلى السَماء حيث الدُعاء ✨🤍,0,21,False
اشك ان اليوم ٢٤ساعة مو طبيعي نمت وصحيت ونمت اكلت تفرجت وسويت كل فعاليات الحياة ولسا دوبها ١٢,0,18,False
كن خفيف النفس لا خفيفا العقل وكن ثقيل الأخلاق لا ثقيل الدم هكذا هي الحياة ماأجمل أن نتحدث بثقة ونمزح بذوق,0,21,False
اللهم اخرج من الاجساد كل مرض وكل سم وكل عين وكل سحر وكل هم وكل حزن وكل ضيق وابدله بالسعادة والصحه والفرج مدى الحياه,0,24,False
لا تستمر الحياة إلا بالتجاوزات يجب أن تتجاوز خوفك وندمك وهزيمتك وفي كثير من الأحيان يجب أن تتجاوز بعض الأشخاص أيضاً,0,21,False
صوتك اللي يعطي النفس دافع ل الحياه له مكااااانٍ وسط قلبي محد يقدر يجيهَ و الله انّك طب قلبي و غااااايته,0,21,False
🌿وقفة بسيطه عن مشاغل الحياة و اذكروا الله سُبحان الله الحمدلله الله أكبّر أستغفر الله لا ا,0,17,False
سُنَّة الحياة أن يهرم فيها كلُّ شيءٍ إلَّا النَّوايا الطيِّبة تَظلُّ غَضَّة بديعة زاهية ويبقى لصاحبها وسامة الأثر 🌹,0,19,False
الحياة عموما مبتدكش فرص كتير فا لما تضيع فرصة عمرك زي الخول متقعدش تعيط و قوم حفرك كده و خبط و هات الفرصة الجية بسنانك,0,25,False
لو هتسألني ايه اكتر حاجه بكرها في الحياة ونفسي اتخلص منها انا والبشر ف هي الكمامة,0,16,False
٢٣ عام🎈 عامُ جديد للكفاح في هذه الحياة تمنوا لي يا أصدقاء عامًا محفوفًا بلطف الله مليئا بالرضى والمسرة وتحقيق الأمنيات ❤️,0,22,False
دائماً اسأل الله أن لا يختبر صبري في أحب الناس إلى قلبي أخاف الحياة دونهم,0,15,False
العائلة اولا قبل كل شي فاللهم احفظ لي عائلتي جميعا فأنهم سندي الاقوى في هذي الحياة 🥺🥺❤️,0,17,False
ماخذ البال وراعية البال وقلبّها💙💙💙💙 أنت أساس الحياة أنت فرحتي والعُمر💙💙💙💙 حكيّك يصُنع مِن جوف الحزن فرحه💙💙💙💙,0,17,False
أحذر أن يستولي عليك الإحباط فتُصبح صفراً فَ الحياة أصبر وقاوم وتحمل فالعثره التي تُسقطك أحياناً تُنعشك أزماناً 🥐🍇,0,19,False
على المرء أن يبقى يحرس الجزء الرقيق بداخله مهما حاولت الحياة انتزاعه أن يعيش أيامه مستشعرًا الحنان المنبعث من صدره,0,20,False
وَمِنَ النَّاسِ مَن يُعْجِبُكَ قَوْلُهُ فِي الْحَيَاةِ الدُّنْيَا وَيُشْهِدُ اللَّهَ عَلَىٰ مَا فِي قَلْبِهِ وَهُوَ أَلَدُّ الْخِصَامِ,0,17,False
صباح الخير اعزّائي تاقلموا على الرضا بكل الاشياء المهم تمشي الحياه معنى ما تمشي علينا,0,15,False
أُحبك يالله ولأني اُحبك أحببتها ولأني أُحبكما أحببت الحياة ولأني عملت في الحياة أحببتُ نفسي,0,15,False
كنت ابتسم بالأمس وأنا ابتسم اليوم وسوف ابتسم بالغد لأنه وبكل بساطة الحياة قصيرة جداً للبكاء على أي شيء🤍,0,19,False
تلاوة عذبة 🍃 بخور و عود🌴 هدوء و خشوع🌱 معراج روحي 🌿 خلوة ☘ بعيدا عن ضجيج الحياة بعيدا عن المشقة و الصعاب بعيدا,0,24,False
اللهم سخر له أهل الخير من عبادك الصالحين اللهم اسعد كل من ساهم بسدادها ونشرها واصرف عنه شرور الحياة,0,19,False
ابيات رائعه فعلا يجب ان يكون اليأس خارج حساباتنا في هذه الحياه اتمنى لك يوم سعيد وجيد,0,17,False
بكل ثقه اقدر اقول انا انسانه عظيمه مرت علي صواديف الحياه ومر علي شي فوق طاقتي لاكني تجاوزته بفضل الله,0,20,False
ف الفترة من الحياة لما تحس انك مضغوط وكل شي ع راسك والواقع انت فاضي😟,0,15,False
الأدب قوة والحِلم قوة والصبر قوة واهمٌ من يظن عكس ذلك قُبلة حب وتقدير على رأس كل خلوق ودود لطيف في هذه الحياة,0,23,False
الحمدُلله في الكسر وفي الجبر الحمدُلله في الضيق وفي الاتساع الحمدُلله في الكدر وفي الفرج الحمدُلله حمداً تستطابُ فيه الحياة,0,20,False
هل شعرت يوم بأن الله منحك طمأنينة عميقة لدرجة أن الأحداث السيئة لم تعد مجدية لتحزنك إذا تَعلمت فَن التجاهل,0,20,False
لا نحتاج أن نقف طويلًا على كل كبيرة وصغيرة في هذه الحياة فهي أن طال عمرها سيقصر وأن طالت أحوالها ستتغير,0,21,False
🕊️♡ عثرات الحياة ليست ضدك بل هي لأجلك لتعي ما هي الحياة لتفهم مواقف لم تكن تفهمها لترى أشياء لم تكن تراها,0,22,False
الحياة أقصر من أنك تستهلك خلايا مخك في النقاش مع واحد مقتنع إنه دايماً صح,0,15,False
ان لم تحاول فعل شيء فلن تفشل أبداً يتطلب الأمر شجاعة حقيقية لتعيش الحياة التي تريدها ريتشارد ييتس,0,18,False
التجارب مفيده و الحياه امتحان وقسوة الوقت ما تمنع طموح العنيد والذكي يدري ان الحظ ماله امان,0,17,False
هنزل أواجه الحياة الجامعية بكرا ازاي وأنا مبنزلهاش بقالي ٣ أسابيع لأ أنا اتعودت ع بيتنا خلاص لأأأأ,0,18,False
سؤال محيرني من زمان ليه كتير من الناس معتبرة الصداقة علاقة رومانسية وأي فيها بيعاملوه كإنه انفصال أو طلاق,0,19,False
كُل حاجه بتعدى الحلو والوحش والحزن والفرح والكسره ورد الروح كُلها حاجات بتعلمنا وبتغيرنا وبتخلينا أقوى وبتطمنا,0,17,False
السلام عليكم نصيحة من يرى كلامي لاتترك صلاتك فهناك من الملايين في القبور يتمنون لو تعود بهم الحياه ليسجدو,0,19,False
الحمدلله على حلو الحياة و نعيم الأهل و الصُحبه و الناس الطيبه الحمدلله حمدًا تستطيب به الحياة🤎,0,17,False
كلٌ منَّا مُبتلى في شيء لم تصفو الحياة لأحد فاللهم أعن كل ذي وجعٍ على وجعه🙏🏻,0,16,False
ما خلق الله هذا الكون عبث كل كائن وذره لها دور في الحياه سبحان الله وبحمده عدد خلقه ورضا نفسه وزنة عرشه ومداد كلماته,0,24,False
مواقيت الصلاة لليوم الثلاثاء بمدينة الرياض الفجر340 ص الظهر1150 ص العصر314 م المغرب631 م العشاء801,0,15,False
نسأل الله لنا وله حسن الختام فنان أعطى الكثير وأدخل البهجه على قلوبنا بخفة ظله وعفويته وبساطته المتناهيه,0,18,False
اللهم اجعلني البهجة التي تُجلي الهمَّ العتيق والضحكة التي تجعل العبوس ينجلي والفرح يفيق اللهم حُضورًا طيّبًا وقلبًا طيبًا وروحًا طيبه🤍,0,21,False
حبيبتي همسه واحده منك تكفيني لتنزع ما بدخلي من الاشواق وتعم البهجة في اوصالي ويبدا كرنفال السعادة,0,17,False
بعض الرسائل اللطيفة التي تمر بنا وتبدو وكأنها عابرة قد تعيد السلام لأرواحنا وتبعث فيها البهجة,0,16,False
🌯 احسك نونو و احبك و حيويه و لطيفه و تنشرين البهجه في كل مكان😭🤍😭🤍,0,15,False
اللهم اجعلني البهجة التي تُجلي الهمَّ العتيق والضحكة التي تجعل العبوس ينجلي والفرح يفيق اللهم حُضورًا طيّبًا وقلبًا طيبًا وروحًا طيبه ♥️♥️,0,22,False
مهما كانت بسَاطة الأشياء التي تُمكنك من رؤية البهجة فِي عيون الآخرين لا تتأخر عن تقديمها,0,16,False
دائماً كنت أحاول أن أجد البهجه في تفاصيل الصغيره و كنت انجح بها دائماً هذا انتصاري علي الحياة و تعاستها,0,20,False
الميزان معظمهم يتكلم بطريقة فكاهية يضيفون المرح للمكان الذي يتواجدون به يتشاركون الحديث مع الجميع,0,15,False
وردةالجزائرية أنسنا صوتك العذب النقي طيلة السنوات الماضية منذ أكثر من ستون عامٍ وأنتِ تبعثين البهجة والسرور,0,17,False
مساء الأشياء المُشرقة واللّحظات التي تخلق فينا روح البهجة مساء كرائحةِ القهوة وألوان الورود المُزهرة وعطور الماجد المبهرة 🌿🕊,0,19,False
اغرس الخير و لو كنت في الرمق الأخير و اجتهد لبذر البهجة على هذه الأرض ما استطعت سبيلاً🌱,0,18,False
انا استحق الافضل انا استحق الاجمل انا استحق كل ما يضيف لحياتي البهجة والسعادة وسأضع حد لكل من يخلخل قانون الاستحقاق لذاتي,0,22,False
كلما كان القلب باسماً كلما تألقت الروح وكلما تخلت عن العناد والكبر وكلما سمت وعلت ذاك القلب الذي ينثر الجمال,0,20,False
😍 الاعتراض على ان الصيف عندنا يزرع البهجة فينا يكون أفضل ايامنا واجملها فكيف لك ان تصنفه من فئه التذمر 😊,0,21,False
اللهم اجعلني البهجة التي تُجلي الهمَّ العتيق والضحكة التي تجعل العبوس ينجلي والفرح يفيق اللهم حُضورًا طيّبًا وقلبًا طيبًا وروحًا طيبه 💛,0,22,False
ربّ ارزقني بر أمي ربّي ادمها لي نعمةً ومدها بالصحة والعافية وأدخل البهجة على قلبها وارحمها في الدنيا والآخرة واجعلها من أصحاب الجنة,0,23,False
أشعر بالأمتنان لكل شخص رائع في هذه الحياة لا يملكون الوقت لإيذاء غيره و المنشغلون بذاتهم لمن يزرعون البهجة و الفرح,0,21,False
من رحابة الشعور ومن كثر ما أنا على قيد البهجة ودي أقول لدنيا كلها مساء الخير❤️,0,16,False
أنا من الأشخاص اللي أحب امدح كل شيء حلو قدامي وأعلم الشخص أن هالشيء عاجبني فيه وأحب اقوله كلمتين تعدل مزاجه وتزرع البهجة,0,23,False
مساء الأشياء المشرقة واللّحظات التي تخلق فينا روح البهجة مساء كرائحةِ القهوة وألوان الورود المزهرة 🦋🌷,0,16,False
اللهم اجعلني البهجة التي تُجلي الهمَّ العتيق والضحكة التي تجعل العبوس ينجلي والفرح يفيق اللهم حُضورًا طيّبًا وقلبًا طيبًا وروحًا طيبه,0,21,False
يا رب احفظ لي جدتي ربي ادمها لي نعمه و مدها بالصحه و العافيه و ادخل البهجه على قلبها 🤍,0,20,False
كيف يمكن للسعادة كلها أن تختزل في إنسان واحد ما أن تراه أو يُذكر اسمه أو يزورك طيفه حتى تهبط عليك البهجة من كل اتجاه,0,25,False
أتمنى أن لا تُغادرني البهجة أن أمضي دائماً في طرقات الأيام السعيدة أنا وعائلتي وأحبتي يارب❤,0,16,False
عندما تعيش لتُسعد الأخرين سيبعث الله لك من يسعدك فمن سار بين الناس جابر للخواطر أدركه الله في جوف المخاطر طوبى,0,21,False
أحب تويتر على قد التقدير والفرحة اللي محسسني فيها وهو ينشر البهجة في حسابي بالبالونات🤍🤍🤍🤍🤍🤍✨🙏🏻,0,15,False
لقد عودنا دائمًا أن يرسم البهجة على وجوه الجميع وأن يدعم القضايا الإنسانية بكل جهُد وحب كان ومازال يُساند قضايا,0,20,False
الحزن يرحل بسْجدة و البهجة تأتي بدعوة و الصلاة تجعلك أنقى و أطهر و أكثر فرحا,0,16,False
عادل امام البهجة المواقف ناجى عطا لله السفارة فى العمارة مأمون وشركاه صاحب السعادة دموع فى عيون وقحة النوم فى العسل,0,21,False
✨ إن مفتاح البهجة هو في كونك لطيفا عطوفا دون قيد او شرط ومع الكل بمن في ذلك انت نفسك هذا ما يسمى بالعاطفة و,0,25,False
اللهم اجعلني البهجة التي تُجلي الهمَّ العتيق والضحكة التي تجعل العبوس ينجلي والفرح يفيق اللهم حُضورًا طيّبًا وقلبًا طيبًا وروحًا طيبه 🌷,0,22,False
لو كنت لون بأختار البنفسجي لو كنت كلمة بأختار البحر لو كنت شعور بأختار البهجة,0,15,False
عادل امام عيد ميلاد اكتر حد بيرسم ع وشنا البهجة والضحك اكتر حد ضحكنا♥️♥️ ربنا يطول ف عمره♥️ عادل إمام,0,20,False
أستمتٍع بأي شيءٍ تجد فيه متعة مهما كان بسيط طالما أنه يُسعدك و يُدخل البهجة الى قلبك ✨❤️,0,18,False
انتِ للعيد عيد كل عام وانتي ومن تحبي بخير وصحة وسلامة 🤍🎈 — شكرًا يا لطيفة أنتِ العيد السعيد لأحبابكِ,0,20,False
فقط حين تفعل ما تُمليه عليك روحك ستشعُر بهذا النهر العذب يتدفّق داخلك إنها البهجة الخالصة,0,16,False
صباح البهاء و البهجة 🤍 نزلت قصة بصوتي في السناب من بين نباتات جدتي 🌿,0,15,False
فعلا الله يحميك وينصرك انت في عيون كل زمالكاوي انت الرئيس الشريف انت صانع البهجه في عيون الزمالك,0,18,False
كل شي يولد مع الصباح الفرح الأمل البهجة حتى الحياة لمجرد رؤيتك لتباشير الصباح تشعر بأنك الأفضل,0,17,False
الحمدلله دائمًا وأبدًا على نعمة العائلة نعمة الحب نعمة الفرح نعمة الهدايا نعمة البهجة نعمة الضحكة نعمة الرضا الذي يغمر قلبي الآن♥️,0,22,False
جرب ادخل الحمام وقول نكتة وشد السيفون وتخيل صوت السيفون جمهور بيضحك وبيسقفلك جماعة البهجة حوالينا بجد بس احنا ال مش بندور,0,22,False
صباح الخير فيه وااااااجد وأنا مغمورة بالحُب والدفء والحُنُوّ مُنغمسة بالكامل في البهجة وفي عز الآمان والإستقرار,0,17,False
أصدق الأشخاص من يحاول رسم الإبتسامة على وجوهنا دون مناسبة و بعفوية صادقة شٌكرًا لكل من حاول أسعادي يوما 🤍🤍🤍,0,20,False
اليوم عيد ميلاد صانع الإبتسامة صاحب السعادة رئيس جمهورية الضحك الفنان الكبيرالزعيم عادل إمام ♥️,0,15,False
إبتَسم تَكسب أجراً وَرُبمَا أجراً وقلباً ❤فَسُبحَان من جَعلَ الابتسَامة فِي ديننَا عِبَادة وَعليهَا نُؤجَر,0,15,False
رائعة هي الابتسامة التي تقول للحزن لن تغلبني وتلك المحاولة التي تقول للفشل لن تتمكن منّي,0,16,False
ابتسم و دع كل من حولك يبتسم لأجلك ابتسم ف إ في الابتسامة راحة و صحة ابتسم و دع الحياة تشرق لك بألوانها الزاهية,0,24,False
السعادة في إسعاد من حولك وهذا مبدأ من مبادئ الإسلام متمثلاً في الابتسامة في الكلمة الطيبة في الهدية في الإعانة,0,20,False
ما أعظم أن يواسيك أحدهم بكلامه وقلبه ويحاول جاهدًا بكل ما أوتي من فرح أن يزرع بداخلك الإبتسامة,0,18,False
رحم الله والده الإبتسامة في الصورة الأخيرة تتحدَّث و تصِفْ مشاعر صاحبها 💔 جبر الله كسره,0,16,False
الابتسامة من أهم العلامات التي تدل بإنّ الفتاة واقعة في الحب ويُمكن للحبيب أنّ يدرك ذلك من خلال الابتسام له,0,20,False
إذا لم يكن لديك شيئاً تعطيه للآخرين فتصدق بالكلمة الطيبة و الابتسامة الصادقة و خالق الناس بخلق حسن,0,18,False
الابتسامة لها مفعول قوي في العلاقات وغالبًا هي من مؤشرات قوّة الشخصية فابتسامتك لمن تُحبه ستُشعرهُ بحبك له,0,18,False
الإبتسامة لا تشتري لك خبزا لكنها تشتري لك أرواحا فسبحان من جعل الابتسامة في ديننا عبادة نؤجر عليها,0,18,False
الابتسامة هى المفتاح السحري الذي يفتح لك كل القلوب المغلقة ابدأ يومك بابتسامة أمل تُرضي بها ربك وتبهج بها غيرك وتسعد بها نفسك,0,23,False
تعجبني مصاحبة الناس البسيطة الذين لا يفتخرون بشيء في هذه الحياة سوى أخلاقهم ولا يهمهم من هذه الدنيا سوى الابتسامة والتواضع,0,21,False
🌹🍃 الحياة هى الإبتسامة والأمل هى الوفاء والصدق والإخلاص إزرع الإبتسامة الصادقة في وجهك والصدق في حديثك,0,17,False
الابتسامة لغة مترجة لكل الغات و تتجاوز كل العادات و الثقافات و تكسر كل الحواجز و تتخطاها و تصل الى قلوبنا مباشرة,0,22,False
صلاح ليس لاعب كرة متميز فقط بل أيقونة عالمية للفرحة دامت الإبتسامة ابو مكة و الباقي سكة,0,17,False
إلهي كل فرح بغيرك زائل وكل شغل بسواك باطل والسرور بك هو السرور والسرور بغيرك هو الزور والغرور,0,18,False
كن عنوآنا للجمآل بإبتسآمتك وآخلآقك ومعآملتك كن كالورود بوجودك يحل السرور وبغيآبك تشتآق لك القلوب,0,15,False
قادم أيامنا يحمل لنا من الخير والفرح فوق ما نأمل ‌اللهم صُب السرور في قلوبنا صبًا,0,16,False
السرور انته كله وربي يحميك من كل شر و عله و يرزقك ما في خاطرك كله,0,16,False
اللهم السلامة و السلام و السلوان و السلوى و السعادة و السرور و السكينة و السُكنى❤️,0,16,False
هل بقي من ملذّات الدنيا بعد مناجاة الله غير لذّة إدخال السرور على قلوب عباده,0,15,False
لا طبعا لايجوز ولا يصح وبعدين 33 مش عجوز دي تعتبر في ريعان الشباب ولو عاوز يدخل عليها السرور يشفلها عريس 😂,0,22,False
ستظل انت الانسان الوحيد اللي سكن قلبي وروحي انت الوحيد اللي ادخل السرور والسعادة ف قلبي وروحي وقلبي ماعشق ولا حب غيرررررك 💗,0,23,False
هذا أنا أحترم نفسي وأعتز بكرامتي لا احب ان افرض نفسي علي احد أنسحب بهدوء عندما أشعر أنه لم يعد لي مكان يمتلكني,0,23,False
إبتسم فليس هناك ما تخسره فربك موجود ورزقك مكتوب وعمرك محدود كن جميلاً كي ترى الجمال حولك دائمً🖤,0,18,False
لا تُضايق قلبك الجميل يوما ًفكل شيء مكتوب حافِظ على نفسك أينما كُنت و إبتسم دوماً وكُن بخير ♥️,0,19,False
إبتسم حين يضيق عليك الأمر واستبشر فربُ الخير لا يأتي إلا بالخير و دائماً في الغيب شيء جميل يستحق الصبر🌹🕊,0,20,False
إبتسم حين يضيق عليك الأمر واستبشر فربُ الخير لا يأتي إلا بالخير و دائماً في الغيب شيء جميل يستحق الصبر,0,20,False
إذا رآيت من تحب💖 فابتسم وسيشعر بحبك❤ وإذا رآيت عدوك ابتسم وسيشعر بقوّتك 🌹 وإذا رأيت 🌹من تركك ابتسم 🌹وسيشعر بالندم🖤,0,21,False
ابتسم فالحياة جميلة حين يخذلك شخص سيقوم بإسعادك شخص آخر حين تخسر فرصة ستأتي لك فرص أكثروحين تعمل خيراً سيعوضك,0,20,False
قَلبْ أبْيَض و نوايا طاهرة أُمنيات جَميِلهْ و أحلامْ تشُبِه حديقة مثمرة ما زلتُ أبِتسم و ما زالْ قَلبِيْ ينبض تلك هِيْ أعَظِمُ النِعمْ💛,0,24,False
أبتسم فالحزن يأخذ منك اشياء كثيرة و لا يأتي بشيء فرُبّ بشرى غير متوقعة تعيد لنا بهجة الحياة,0,18,False
ابتسم لحياتك وابتسم لكل ما هو حولك وفكر في كُل ما يبهجك ولا تفكر في ما يقلقك فالأمل دواء والقلق عناء والتفاؤل رجاء ️,0,24,False
ابتسامتك أمان لك وفرح لغيرك ابتسم واجعل من حولك يرون اشراق الدنيا بها ليتغير حالهم بسببك لأفضل حال,0,18,False
الطيبون عندما يتالمون يصمتون الطيبون لا تتغير صفاتهم حتى ولو تغيرت أحوالهم الكريم يظل كريما حتى ولو أفتقر,0,18,False
قبل أن ألتقيك لم أكن اعرف ماذا يعني أن أنظر طويلاً الى شخص و ابتسم بعُمق دون سبب 💙,0,19,False
عندما تتعثر وتبتسم لك الحياة ابتسم لها فخلف ابتسامتها قبلة قد تكون هي قبلة الحياة ♥️,0,16,False
من بغى قربك يسوى المستحيل ومن يشوف انك خساره اخسره لا تنادي من بغى درب الرحيل ابتسم له وفي رحيله اشكره 👌,0,22,False
قربّ لي يا الله من يحبني بفعله لا بقوله ويراني بقلبه لا بعينه ومن يعمل جاهداً ليراني أبتسم,0,18,False
في أشياء كثيره بعد🌼 كلمه حلوه🌧صلة رحم يومية ولو مكالمة أو حتى رسالة عاده صحيّه جديده أول ما أصحى ابتسم😄,0,20,False
لا تخبر الناس كم تحفظ وكم تقرأ من القرآن بل دعهم يرون فيك قرآنا أطعم جائعاً إكس عارياً ساعد محتاجاً,0,20,False
تأكد لو فقدت ما فقدت لو كسّر الحرمان أضلاعك ستجتاز هذه الحياة كما يجتازها كل احد فاختر الرضى يهُن عليك العبور,0,21,False
اساسا انا متفرج ع مسرحياته بس لكن الضحك خفة دمه تحسها مصطنعة مش نفس سعيد صالح,0,16,False
الحمدلله على كسرة الخبز وشربة الماء الحمدلله على المأوى والسكن والأمان الحمدلله على قدرة التنفيس عن الشعور,0,17,False
يتعافى المرء بالضحك مافي شي ثاني يخليه يتعافى لا نكذب على بعض الضحك هو الحل الوحيد,0,16,False
فاتك الضحك ده ف رمضان امال لو شفتي لؤلؤه 🙈🙈🙈🙈 محمد سامي عامل تحفه تانيه منه وحسبي الله من ده ابداع 😂😂😂😂,0,22,False
في لقطه ف آخر حلقه كان غفران داخل عشان يقتله كان قاعد حاطط رجل ع رجل وبشرب شيشه ومتهزش من مكانه اللقطه دي موتتني من الضحك,0,26,False
استمرى فى الضحك لانه لايوجد من يستحق أن يرى الحزن فى عينيك ووجهك الجميل نواسى انفسنا بأنفسنا والله المستعان,0,19,False
بحب اللي بيهزر وبحب اللي دمه خفيف وبحب اي حد بيحب حد دمه خفيف الضحك جميل وملوش علاقه بالتربيه😂😂 يمجتمع بيقولو عالقطه بسه🤦🏾‍♂️,0,23,False
الضحك مع الأصدقاء وممارسة اليوجا وتناول الشوكولاتة الداكنة إليك 6 طرق فعالة لرفع مستوى الإندورفين في جسمك,0,17,False
الضحك وقت المرض بيفيدك أضحكي وأنسي الهلال ماغير يجيب وجع الراس الله يمدك ب الصحة والعافية 😘🌹,0,17,False
تعرفوا الضحك الهستيري اللي يجيكم بدون سبب لدرجة دمعوا ذحين جالسة اعاني منه وأمي شويتين وتطردني من البيت وتخليني انام بالشارع,0,21,False
أنا أول مرة استنى الدوري الإيطالي مش عشان الكورة او بشبح لمورينهو بس عايز اتفرج على الضحك لي هيتعمل بينه,0,20,False
يقال ان الضحك يزيد من نسبة الجمال 90 يعني اذا حدا صار حلوو فجأه السبب رسائلي 🌚 😂😂😂😂😂 امزح امزح 😂,0,21,False
فصلتيني ضحك كلو عمال يعملي ريبلاي ع الاستورى م الضحك😂فضحتك ونا عندي كتير ع الواتس🤭😂,0,15,False
والله العظيم اناا من امبارح بضحك حاسه اتهبلت يعني الضحك كان كتير اووي امبارح والنهارده تحس ف نكد هيهل قريب😂,0,20,False
فاضية شويه نشرب قهوة في حتة بعيدة نتفاوض علي نكتة جديدة وخلي حساب الضحك عليا,0,15,False
ليكن من أعظم أهدافك في الحياة أن ينادي الله جبريل عليه السلام فيقول له إني أحب فلان فأحبه .,0,19,False
صباح الخير من القلب الى القلب . كل جمعة وانت الى الرحمن اقرب . كل جمعة وصحائف اعمالك بالحسنات اثقل .,0,21,False
إخوتي لا تنسوا سنن الجمعة : الغسل والطيب والسواك ولبس الجميل والتبكير لصلاة الجمعة وقراءة سورة الكهف وكثرة الصلاة علي رسولنا الكريم .,0,23,False
اتعلم ما هى الثقة الكبرى فى قوله تعآلى ولسوف يعطيك ربك فترضى . هو لن يعطيك فقط هو ايضا وعدك بالرضا .,0,22,False
قال صلى الله عليه من قرأ سورة الكهف في يوم الجمعة أضاء له من النور ما بين الجمعتين . لا تنسوا سورة الكهف ربنا يبارك فيكم .,0,27,False
قال النبي صلى الله عليه وسلم من صلى علي صلاة واحد صلى الله عليه بها عشرا .رواه مسلم .اللهم صلي وسلم على اكمل خلقك محمد بن عبد الله.,0,28,False
اللهم عجل لنا الفرح والخير انا وكل من قال امين . امين يارب العالمين .,0,15,False
ربي أستغفرك لكل صلاة حضر فيها جسدي وغاب قلبى .سامحنى يارب فى الايام المفترجة دى .,0,16,False
هو انا مش بتابع مسلسلات اوى علشان الامتحانات . بعد الامتحانات هتفرج ولن ارحم احد .,0,16,False
الطريق إلى الله طويل. ليس المهم أن تصل إلى آخره لكن المهم أن تموت عليه.,0,15,False
استغفروا كثيرا قال الرسول صلى الله عليه وسلم من لزم الاستغفار .جعل الله له من كل ضيق مخرج . ومن كل هم فرجا ورزقه .,0,25,False
ربنا يتقبل منكم صالح الاعمال . عيد سعيد عليكم وبلاش كحك كتير علشان الرجيم .,0,15,False
يارب في هذه الليلة لعلها تكون ليلة القدر أنزل شفائك وفرجك ورزقك وأمنك لكل من يحتاجه و أرزقنا ما نتمناه ويسر لنا ما نخاف تعسيره .,0,26,False
صلاة الجمعة يرحمكم الله . قال تعالى إن الصلاة كانت على المسلمين كتابا موقوتا . فهبوا الى المساجد.,0,18,False
الواحد من غير صحابه في الجامعة بيحس انه يتيم كدا . ربنا ما يحرمني منكوا ابدا .,0,17,False
ربي اكتب لى فى ايامى القادمة فرحة تغير بيها مجرى حياتى . يارب العالمين .,0,15,False
هناك ناس معينة فقط إذا تحدثوا إليك وأنت بمزاج متعكر تتغلغل بداخلك بهجة الدنيا وأفراحها .,0,16,False
لا تنسوا الصيام يوم الاثنين والخميس . تذكروا قول رسول الله صل الله عليه وسلم تعرض الايام يوم الاثنين والخميس فأحب ان يعرض عملى وانا صائم .,0,27,False
اللهم رب الناس .اذهب البأس .اشف انت الشافي. لا شفاء الا شفاؤك شفاء لا يغادر سقما .,0,17,False
بعيد عن اي حاجة انت حبيبي وانا عمري ما اشيل منك مهما حصل بينا .,0,15,False
من زمان ما قراتش روايات . من زمان ما اقعدتش مع نفسى فى البيت . الواحد كان مفتقد حاجات حلوة اوى . حققتها النهارده.,0,24,False
قال النبي صل الله عليه وسلم من صام يوما في سبيل الله باعد الله وجهه عن النار سبعين خريفا . تذكير بصيام يوم الاثنين .,0,25,False
فرحة اول اكلة عملتها لوحدي و طلعت حلوة حاسة اني خلاص المفروض اعمل برنامج طبخ .,0,16,False
أهم طبق في بلدي بنصح الكل انهم ياكلوه هو السمك بكل انواعه وطرق تحضيره .,0,15,False
ولسه بيجري و يعافر و لسه عيونه بتسافر و لسه قلبه متعبش ولا زهق من الحياة .,0,17,False
فى دعوة عارف انها صعب تتحقق بس بتفضل تدعيها بردوا لان الامل فى ربنا كبير .,0,16,False
فيه افلام حلوة اوي النهاردة علي التليفزيون يبقي مفيش نوم النهاردة . نسهر براحتنا بقى بكرا اجازة .,0,18,False
ادخل الكلية اللي بتحبها اي كانت علشان تكون مميز فيها و تنجح في حياتك اهم فترة في حياتك هي فترة الجامعة .,0,22,False
كل ما بتصلى صح عمرك ما هتزهق من الصلاة صلي بروحك صلى بجسمك بكل حاجة تملكها .هى ملك ربك .,0,20,False
ربنا يعيين الامهات بتفضل واقفة فى المطبخ طول النهار فى الحر .علشان تغمل لينا الفطار . ربنا يخليهم لينا.,0,19,False
من الوصايا النبوية قيام الليل . قم لمولاك ولو بركعه خير من الدنيا ومافيها .,0,15,False
انا بتعجبني العلاقات العاقلة الناضجة اللي متتأثرش لو احنا الاتنين مختلفين في اي حاجة .,0,15,False
اقنع نفسك انك تستحق الفرحة و الراحة . اقنع نفسك انك جميل ومتساهلش الحزن او الاكتئاب . اقنع نفسك وانت تتبسط .,0,22,True
لو مفيش شخص مميز فى حياتك .لا تحزن .خليك انت الشخص المميز فى حياة الاخرين .,0,16,False
مهمآ بلغ فينآ النضج . نحن في حقيقة آلأمر أطفال دآئمون آلإحتيآج الى حضن يضمنآ .,0,16,False
في هذآ آلمسآء أتمنى للبنات. فرحه تحول آسمآئهم من بنت فلان إلى حرم علان ويتورط علان ويرتآح فلان .,0,19,False
الوفاء هو اعظم ما تتحلى به النفس البشريه . هو ذاك الطبع الذي يعتبره البعض نادرا في زمننا المليء بالجمود والنكران .,0,22,False
مش اى حد من اصحابك هتقوله انا زهقان الساعة واحدة بالليل و عاوز اخرج شوية عشر دقايق و تبقوا في الشارع .,0,22,False
اللهم اغفر لكل غالي فارقناه ،و اصبح تحت التراب . ربي ارحمهم برحمتك ونور قلوبهم وانس وحشتهم .اللهم آمين .,0,20,False
جامد جدا اللي انت عملته ده ربنا يوفقك دايما عايز اقولك النهاردة في الجامعة مبطلوش كلام عنك .,0,18,False
حلو اوي لما تحس انك معاك انسان يبيع الدنيا ويشتريك ويعيش معاك علي المره والحلوة.,0,15,False
سورة الكهف والصلاة علي النبي من الحاجات اللي بيتميز بيها يوم الجمعة اوعوا تنسوهم .,0,15,False
من لزم الصلاة على رسول الله وجد ما تمنى وغفر ذنبه وكفى همه صلوا عليه .,0,16,False
علشان اوصل لقرار صح وصلت اني اخلي اتنين يتناقشوا في دماغي وانا بس اسمعهم .,0,15,False
هو انا قولتلكوا قبل كدا قد ايه حياتي احلوت من ساعة مادخلها ناس معينين .,0,15,False
فى ذكرى اكتوبر كل سنة و مصر بخير . ربنا يحفظها من كل شر .,0,15,False
صباحكم دعوة حلوة. ويارب تكتب امنياتكم علي صحف بيضاء وان تنزل عليكم بالفرح زي الامطار.,0,15,False
انا واثق من نفسي . فيه مصري مش واثق اصلا . احنا شعب واثق من نفسه ياحظهم جمد .,0,19,False
متي يأتي اليوم الذي سأمسك به مفتاح عربيتى. و أقول أنا طالعه اتمشى بالعربية شوية .,0,16,False
اللهم اجعلني بك أتجاوز كل شيء ولا تجعلني أضر أحداً من خلقك قصداً مني او جهلاً، وارفعني بالذكر الطيب بمحياي و مماتي يا ارحم الراحمين. الشعراوى .,0,27,False
النجاح جميل واحساس انك تحقق حلمك ده اجمل شعور ممكن تحس بيه في حياتك .,0,15,False
انا فعلا فرحان فوق ما تتخيل مكنتش مصدق اني في يوم هقدر احقق حلمي .,0,15,False
عايزة استغل كل لحظه لي في اخر ايامي بالجامعه. للحظات ما انسهاش ونفسي افضل مع اللي بحبهم .,0,18,False
من اكتر الحاجات المشتركة بيني وبين صحابي هي التفاهة وخفة الدم عشان كدا قادرين نهون علي بعض .,0,18,False
هو كفاية ان حد يفتكر انه يكلمني علشان يفرحني اصلا دي حاجة كبيرة عندي .,0,15,False
ممارسة الرياضة يساعد بشكل كبير على تخفيف مشاعر الحزن وذلك لأنها تحفز هرمونات السعادة وتفرغ الطاقة السلبية .,0,18,False
يلا يا ستي مفيش قدك النهاردة اخيرا حلمك اتحقق ربنا يتم فرحتك علي خير يارب .,0,16,False
انا مش عايز ابعد عنكم تاني انا فرحان جدا بمعرفتي بيكوا واتعودت عليكوا اوي .,0,15,False
لا هو مش شرط الالوان الفاتحة بس هي اللي تبقي حلوة ما الازرق الغامق حلو ويجنن .,0,17,False
لما تقرأ رسائل كانت بينك وبين شخص لمرات عديدة وما تملش . فتأكد انك مش بتحبه انت بتعشقه .,0,19,False
التليفزيون معمول علشان تشوف حاجات مفيدة او حاجات تضحك وتخرجك من اللي انت فيه .,0,15,False
والله المرمطة دي كلها تهون عشان ننجح في اللي بنحلم بيه في الاخر ونقدر نحققه .,0,16,False
القلب فيه اسمك و العقل فيه رسمك و الدم فيه عشقكك و انا والله احبك .,0,16,False
اذواق عادى بتحصل مش لازم اللى يعجب الناس يعجبنى ومش لازم اللي يعجبني الناس تحبه .,0,16,False
ربى اكتب فى ايامى القادمة فرحة تغير بها مجرى حياتى للابد .امين يارب العالمين .,0,15,False
تصبحوا على رضا من ربنا و راحة البال و رضا بالحال و إجابة للسؤال .,0,15,False
بقالنا عشرات السنين بنتدرب على التأييد والشتيمة كأهلي وزمالك صعب كل ده يتغير في سنة أو اتنين .,0,18,False
اللهم ذكرني اذا نسيت، وصوبني اذا اخطات وارشدني إلى الصحيح اذا احترت . يارب توفيقك.,0,15,False
يا رب ربنا يرزقك ببنت تشيل اسمك كدا و يفرحك و بجد ربنا يخليك .,0,15,False
ربي استغفرك لكل صلاة حضر فيھا جسدي و غاب قلبى .سامحنى يا ارحم الراحمين .,0,15,False
أذكار المساء : اللهم إني أمسيت أشهدك وأشهد ملائكتك وحملة عرشك وجميع خلقك أنك أنت الله لا إله إلا أنت وأن محمدا عبدك ورسولك .,0,25,False
عود لسانك على قول اللهم أغفر لي ولوالدي، فإن لله ساعات لايرد فيها سائلا .,0,15,False
في مصر العدالة وفي السعودية الشقاوة. الجملة دي نقلا عن مواطن سعودي عاش فى مصر. التضامن مع الشعب الذي يرى العدل في مصر واجب أخلاقي على كل انسان .,0,29,False
اصبروا وتفائلوا بلا أمريكا بلا روسيا بلا زفت .احنا العرب معنا الله وحده وان شاء الله هينصرنا ويحفظنا من كل عدو.,0,21,False
حينما توجه إليك المرأة حزمة من الأوامر والطلبات بعصبية فقط قل لها حاضر .على طول سيتحول عالمها بأكمله إلى ابتسامة حيوية .,0,22,False
الحياة طلعت بسيطة اوي اللي عايزك بجد هيتقبل كل عيوبك ويستني معاك علي طول .,0,15,False
ياريت الدول العربية تتوحد وتندمج مع بعض ويكمل الحلم العربي علشان نخش بعد كدا علي الحلم الاسلامي وننشئ دوله اسلامية كبري .,0,22,False
ادعوا لي عندي اختبار فيزياء صعب . بعد ساعة ونص من دلوقتى .يارب انجح . دعواتكم .,0,17,False
للعطور قدرة عجيبة على إعادة الزمان والمكان. فقطرة عطر واحدة قادره على إيقاظ اجمل الذكريات .,0,16,False
أمران لا يدومان في الإنسان شبابه وقوته . وأمران ينفعان كل إنسان حسن الخلق وسماحة النفس .,0,17,False
يارب املا قلبي وطنا من فرح ، من راحة، من سعادة. من أوطان مبهجة .,0,15,False
لا تهتم بمن يكون رائعا معك في البداية . اهتم بمن يبقى معك رائعا للنهاية .,0,16,False
برج الأسد رومانسى وطيب بطبعه .اوعى تتغر وتصدق قناع القسوة اللى حاطة وهو بيتكلم معاك ده عكس اللى جواه .,0,20,False
النسر المصرى يحكم سماء سيناء فى ذكرى نصر أكتوبر كل سنة والشعب المصري بخير .,0,15,False
الرياح لا تهد الجبال و لكنها تنحت صخورها مع مرور الزمن .إن لم تستطع مواجهة النقد في حياتك بنفس طيبة فتأكد أنك مع مرور الزمن ستتلاشى.,0,26,False
اجعلوا كلمات الاعجاب دوما بما شاء الله . فأنتم حقا لا تعلمون ماذا تصنع اعينكم بصحة احدهم ، بحياة احدهم ، بسعادة احدهم .,0,24,False
كان أحد الصالحين يصلي حتى تتورم قدماه فيضربها ويقول يا أمارة بالسوء ما خلقت إلا للعبادة .يا الله كم نحن مقصرين .,0,22,False
يا الله أرح قلوبا أنهكها التمني و بشر أصحابها بفرح . لا يذكرهم بوجعهم .,0,15,False
ماما لازم توصي عليا كل مدرس عشان تتأكد انه بيعاملني كأني اهم واحدة في الفصل .,0,16,False
ضع أحلامك في كوب من الماء .واسقها كل صباح بالدعاء . فغدا ستزهر بإذن الله و قل من كل قلبك .توكلت على الله .,0,24,False
أخي العزيز في نهاية كل مجلس ردد سبحانك اللهم وبحمدك .أشهد أن لا إله إلا أنت. أستغفرك وأتوب إليك .,0,20,False
اللهم احيني اذا كانت الحياه خيرا لي ، وامتني اذا كان الموت خيرا لي .,0,15,False
قل فقط الحمد لله صباحا و مساء ليخف انينك و تضمن حل اوجاعك . لك الحمد ربي بقدر ما نسعد و نتألم.,0,22,False
ربي لا تجعل أحد يتفوق على .خلينى انا على طول اللى متفوقة واحسن حد فى الدنيا .,0,17,False
هما بيبقوا كذا احساس وكل واحد عكس التاني بس كلهم مع بعض كدا بيخلوك فرحان .,0,16,False
الكلاب اجمل حاجة فى الدنيا يا جماعة انتوا مش متخليين اللي عنده كلب بيساعده ازاي .,0,16,False
اشتقت لرمضان. يارب بلغنا اياه واحنا بصحه وعافيه وأنا أمي وأبوي وأخواني وأخواتي مجتمعين على طاعتك ورضاك . اللهم امين .,0,21,False
عن احساسك بالراحة لما تلاقي ناس بتدافع عنك في ضهرك بتحس انك دلوقتي ليك ضهر فعلا .,0,17,False
اذا كانت لديك حبيبة فلا تكذب عليها ابدا. فكل الفتيات لديهن قدرة خارقة على كشف الكذب وقدرة اعظم على التظاهر بعدم اكتشافه . الله يستر .,0,26,False
يقول الحسن البصري من عرف ربه أحبه . أيها الأحبة لمعرفة ربنا هو كتابه جل وعلا وسنة رسوله صلى الله عليه وسلم.,0,22,False
صاحبتي اللي مش موجودة معايا بس دايما هنا في قلبي بحبك من هنا لاخر عمري وحشتيني .,0,17,False
لحد دلوقتي وانا فاكرة اشكالنا كانت عاملة ازاي في ابتدائي مكناش حلوين زي دلوقتى بس كنا مبسوطين . اجمل ايام عمرى .,0,22,False
وردة واحدة لانسان على قيد الحياة . من الممكن ان تعيده للحياة مرة اخرى .,0,15,False
يريحك قول البعض . فما بالك إذ قال رب العباد إن مع العسر يسرا .,0,15,False
أحد العلماء يقول لم اتذكر انى ضيعت ساعة من عمري في لهو أو لعب .,0,15,False
نعم اذا اغلقت كل الأبواب يبقى بابه مفتوحا .ولا ننسى قوله تعالى ادعوني استجب لكم .,0,16,False
لما اساعد حد ولو حتي باني اضحكه واخرجه من حزنه بفرح لما بشوف فرحة الناس .,0,16,False
في الساعات الاخيرة من العام اتمنى لك كل التوفيق والنجاح و كل ما هو خير .,0,16,False
بعيدا عن بلبلة الحياة . طالما في نهاية اليوم ننام بعافية بلا سقم او جوع او خوف فلك الحمد يا الله .,0,22,False
ماتطلبش من السنة هى اللى تبقى كويسة انت قرر انك هتتغير فيها وتعمل حاجات ماعملتهاش فى السنة اللى قبلها .,0,20,False
كل عام و انتي بالف الف خير عيد ميلاد سعيد و انتي بصحة وعافية و روح و حظ جميل كل عام وانتي صديقتي .,0,24,False
هو انتى لسه بتسالى انتى بالنسبه لى ايه لا يا حبيبتى اطمنى الجواب عندى تلاقيه .,0,16,False
انت هترجع شغلك ربنا مبينساش حد ابدا دعوة واحد غلبان ليك كفيلة ترجعك تاني ربنا معاك يا اخويا .,0,19,False
نفسي ربنا يجعلني سبب في مساعدة حد حتي لو شخص واحد علي وجه الارض .,0,15,False
احفظ لسانك .كما قال رسول الله صلى الله عليه وسلم ان بداية الايمان استقامه اللسان .,0,16,False
من اجمل المتع في فصل الشتاء ان تحول نافذتك لصفحة بوح مشاعر و تكتب اللى نفسك فيه .,0,18,False
على قد ما تتعب وتدور . الدنيا هتضحك وتنور . تديك أكتر ما بتتصور من فضل الله . مصطفى حسنى .,0,21,False
فاهمة بس حطي دايما قدامك الهدف الكبير اوي كده الاخرة و الراحة اللي هتبقي فيها في الجنة و كل الحاجات الحلوة دي كده .,0,24,False
فيه طريقة حلوة ترفع بيها خدودك من غير ماتستخدم ايدك وهي الابتسامة الحلوة بتاعتك .,0,15,False
من الناس الى بتشجع الثوره وديماء في الميدان ومن اول من يخدم اي شخص حتى لو هو ما يعرفوش .,0,20,False
لا نستطيع دائما حماية من نحب و لكننا نستطيع ان ندعو لهم بان يحفظهم الله من كل شر .,0,19,False
انا قررت اني انام كل يوم علي ناحية مختلفة من سريري واهو اسلي نفسي لحد ما الاجازة تخلص .,0,19,False
انا اعتقد عمري مازعلت حد هنا وعمري ما اذيت حد هنا . بالله عليكم تدعولي بظهر غيب فانا في حاجة للدعوات .,0,22,False
لسنا لاحد نحن لله ثم لانفسنا فالسعادة لا تتوقف عند احدهم فوحده الله يكفينا لنكون بخير .,0,17,False
قراتها و بعثت في روحي التفاؤل الم الدراسة يستمر لفترة قصيرة ، لكن الم عدمها يستمر مدى الحياة من اجمل ما سمعت.,0,22,False
اقتربنا من بداية العام الجديد . كل عام و انت امنيتي في كل عام .,0,15,False
نفسى اعرف اللغه اللى الاطفال بيتكلموا بيها . المضحك كمان انه بيكون مندمج اوى وهو بيحكى .,0,17,False
عن ايام ابتدائي لما المدرس يستخدم اسمك في مثال بتقعد مفتخر كدا و تبص للفصل و توزع ابتسامات .,0,19,False
بعيدا عن السياسه بكره زى ما كلنا عارفين هيكون راس السنه الميلاديه كل سنه وانتم طيبين .,0,17,False
كل سنة و انت طيب يا حبيب قلبى و يخليك لينا يا رب .بمناسبة السنه الجديده مش ناوى تمسح التسجيل اللى معاك ليا بقى .,0,25,False
الفكرة بقى ان كل اغنية يشغلوها بيفتكر الكليب بتاعها و يحاول اقلده ذكريات لا تنسى .,0,16,False
و نعم الناس و نعم الضيافه . فى ناس لله فى لله بحب ازورهم علي طول .,0,17,False
عن نشوة الفرحه والسعاده اللي بكون فيها لما بلحق مكان في ميكروباص وكأني جبت مجموع كبير في الثانوية العامة ولا نجحت بتقدير امتياز .,0,24,False
كل سنة بنتعلم اكتر من اللي قبلها . ان شاء الله سنة زى الفل .,0,15,False
اذا كنت تريد ان تبقى سعيداً . دع ماحصل بالامس في الامس لا تأخذه معك للغد,0,16,False
طب الحمد الله يا رب دايما مبسوطة كده وأفضل اضحكك علي طول وكلامنا مش هيخلص ابدا ان شاء الله .,0,20,False
مقدرش اقول انا بحب الشتا اكتر ولا الصيف كل واحد فيهم ليه ايامه الحلوة .,0,15,False
هو ينفع يعملوا محطات المترو واى فاى هى كمان هو صحيح محدش هيسيب المحطة بس برضوا الاتوبيس ليس اقل تقدما من المترو .,0,23,False
اغانى كتير هتحس انها بتعبر عن حالتك وتحس انها بتتكلم عنك بس عمرك ما هترتاح غير لما تعطر ودنك بالقران .,0,21,False
عن الناس الي دخلوا حياتك صدفه في اول السنه الجديده وبقوا عندك اهم من ناس عشت معاهم سنين فاتت كل سنه وانتوا طيبين.,0,23,False
حبيب قلبى اللى بشكر كل حاجة عرفتنى بيك جدع فوق الخيال . بتحب الهزار اوى و مابتحبش تشوف حد فينا زعلان.,0,21,False
أهم انجاز تفعله فى يومك انك تتقى الله فى كل عمل بتعمله حتى ولو بسيط .,0,16,False
لا تحرص على اكتشاف الاخرين اكثر من اللازم ، الافضل ان تكتفي بالخير الذي يظهرونه في وجهك دائما و اترك الخفايا لرب العباد ابتسم للجميع .,0,26,False
عن احساسك وانت في فرح شعبي و بترقص على المسرح و تغني احلى ذكريات .,0,15,False
الله علي كرم ذوقك .الف شكر يا فندم وربنا يجعلها سنه جميلة عليكي وعلي كل العائلة الكريمة ان شاء الله .,0,21,False
انت بقى حد كدة تتحب بسرعة اوى اتقابلنا صدفة وعيشنا مع بعض احلى ايام عمرنا وفضلنا صحاب واخوات من اكتر من سنة.,0,22,False
لا تجعل عمرك يقف انتظارا لاحد . لا تؤذ قلبك و تتسبب في شيخوخته المبكره .الحياة لا تحتاج منا الا ان نبتسم فى وجه اي شيء .,0,27,False
من ضمن الناس اللى انا عاوزة اخلى علاقتى بيها قوية و كويسة جدا عشان انتى تستاهلى ان الواحد يعمل اى حاجة عشان يقرب منك .,0,25,False
عدسة المصورين تلتقط العديد من الصور المضحكة للحيوانات ، والتي حازت على جوائز مخصصة لتلك الصور.,0,16,False
عليك أن تدرك أن نقص السكر في الدم يشعرك بالجوع، ويمكنك علاج هذا النقص بتناول حبة تمر بدلا من وجبة كاملة.,0,21,False
عندك يا سيدي اغنيه زي في يوم و ليله مثلا يعني حد ممكن ميحبهاش .,0,15,False
اشهر شعراء مصر و ارقهم احساسا. كل سنة و انت طيب و يارب دايما مبسوط و مفرفش كدة .,0,19,False
لامؤاخذة لو عندكوا بحر فى اسكندرية. احنا عندنا اتوبيسات فيها واي فاي فى القاهرة .,0,15,False
أن تتوضأ فيطير النوم من عينك لكي تصلي . خيرا من أن تنام فتطير روحك و أنت لم تصلي.,0,19,False
ساكون افضل مما اكون وادع الناس يقولون ما يقولون . الكون له رب يقول على نياتكم ترزقون .,0,18,False
