tweet,label,n_words
والله شايفيتلك الناس كلها صاير عندها اكتئاب لازم يفكو الحظر بكفي,1,11
اكيد اكتئاب بعد العصر ما في زيه بس ان شاء الله العيد دا غير اشوف عمل تطوعي ولا خير اعمله في الوقت دا ♥️,1,24
والله ما أنا عارف هو اكتئاب ولا انطفاء ولا نضج ولا وحدة ولا توحد ولا,1,15
اصبروا داخله في حاله اكتئاب 💔😭,1,6
هذا اكتئاب ولا,1,3
حزينه ل ابعد درجه اول مسلسل اصيح على هالكثر وما ابغاه يخلص تكفون مو مستعده اودعهم انا داخله اكتئاب 💔,1,20
أنا لو اتعرضت علي دكتور نفسي هجبله اكتئاب بجد مش بهزر,1,11
ماعدت أعرف هو اكتئاب والا انطفاء ولا نضج,1,8
هذا اول اكتئاب جاني🥲💔,1,4
جاني اكتئاب اول ما شفته😔,1,5
واله الواحد مايدري هو اكتئاب ولا انطفاء ولا نضج ولا انعدام الشغف ولا تخلف ولا حالة نفسية,1,17
جت فى وقتها اقسم باله أنا الحزن بيقتلنى بالبطىء وبقيت فحالة اكتئاب حاد 💔😢,1,14
اكتئاب,1,1
الجو بيعطي شحنات اكتئاب ولا كيف☹️,1,6
بعد اكتئاب فوق السنة ومحد داري عني لا ام لا اب لا اخ لا اخت لاصديق ولا أي بشر بعد ٧٠ طعنة و٥٠ تنازل,1,24
جاني اكتئاب من وراهم,1,4
و كل صورة وكل أغنية وكل مكان يذكرني فيه يحترق قلبي عليه وأقول يا ليت لو يمديني ارجع لسنه او سنتين عشان اعدل كل شيء,1,25
دقيقة يجيبوا اكتئاب واله بيعدوا علي قلبي كأنهم 35سنة,1,9
طبعاً حيواني الاليف لانهم مضادات اكتئاب اما العريس مسببلي لاكتئاب 😂,1,11
عالأغلب اكتئاب,1,2
الحمدله على نعمة اكتئاب كل عيد❤,1,6
تغريدات الامطار بدت تجيبلي اكتئاب 😷,1,6
تبلد أو ربما إكتئاب هادئ أحدهما بي,1,7
اكتئاب المشكلة 😂,1,3
موجة اكتئاب قادمه,1,3
الجو ده يجيب إكتئاب بجد,1,5
التويكستور جابلي اكتئاب,1,3
جاني اكتئاب من البروفايل بس مو راضيه تغير الصوره 😭,1,10
زمان ف ٣ ثانوي بعد امتحان ما قعدت اعيط من كتر الضغط جت هي قعدت جنبي وقعدت تعيط من غير م تقولي ف اي تلقائي بطلت عياط,1,27
وربي يحزن احسني ما امزح بدخل اكتئاب,1,7
ماذا بعد الجامعه اكتئاب يكتم دين ام امك وضغط الشغل يعادل ضغط 20 جامعه,1,14
اكتئاب من الفارساد الي حتى الدامجوم احلى منهم,1,8
خلصتمن هنا وجالي اكتئاب من هنا,1,6
اكتئاب بدري اوي,1,3
انا ليه حطيت الزق ذا صرت كل مادخل حسابي واشوفه يجيني اكتئاب,1,12
استراحة محارب ولا اكتئاب,1,4
كوفيد 25 دا جابلي اكتئاب واله خلاني خايفة من كل حاجة,1,11
شكلي داخله ع فتره إكتئاب هتاخد وقت,1,7
بموت اكتئاب كيف بقدر اتقبل اني اودع حيوانات حبيتهم 💔,1,10
نفسيتي قرف اكتئاب كل شوي 😔,1,6
نكتئب ع البحر اكتئاب,1,4
احس جاني اكتئاب وماقدرت اكملة 😥,1,6
ياساتر جاي لي اكتئاب من التيزر بس🥺💔,1,7
سلطان مب فاضيلك حالياً انا في حالة إكتئاب 💔,1,9
ماقدرت اكمله دخلت اكتئاب بسبه,1,5
مو جايب لي اكتئاب الا ذا الحساب,1,7
اكتئاب 💔,1,2
ما عجبني جوجوتسو ما ادري هو نضج ولا أحب أكون عكس التيار او فيني إكتئاب حاد أحترت 🤷🏻‍♂️,1,18
بقى برا مزاجي حلو اول ما ادخل البيت بنصاب بنوبة اكتئاب 🙄,1,12
قاعده اتهرب من غرفتي لو دخلتها بتجيني نوبه اكتئاب,1,9
موجة اكتئاب شديد ع الطريق 🙂,1,6
اكتئاب ف اعلى ليفل,1,4
اكتئاب ولا تحرش,1,3
اكتئاب ولا انطفاء,1,3
اكتئاب رمضان,1,2
انا مش اد اكتئاب الحظر دا تاني,1,7
اعتقد انه اكتئاب,1,3
اهخ ايحزن حاشني اكتئاب,1,4
مكنش عظيم انا مبتفرجش عالمسلسل و مشفتش غير المقطع ده على يوتيوب و جالي اكتئاب من ساعتها شديد جدا,1,19
فكرة انه بكرا احد و دوام لحالها بتعمل اكتئاب,1,9
عندي إكتئاب محتاجه اسند راسي على شباك طياره,1,8
كيف اشوف نفسي حلو او على الأقل مقبول ما اقدر افتح الكاميرا واحاول اتصور بدون ما يجيني اكتئاب,1,18
مش عايزة لسه لا الهدوء ده اكتئاب 😂,1,8
تويتر صاير يضيق الخلق ولا أنا صاكني إكتئاب,1,8
بيجيني اكتئاب من مسلسل إخوتي,1,5
اكثر نومه تسب اكتئاب واصحى منها كاره الحياة,1,8
الموضوع بدأ يسبب إكتئاب,1,4
اخلاقي ذي الأيام ↙️↙️↙️ يا رب يخلص رمضان بسرعه قبل ادخل في اكتئاب شديد,1,14
توي أفتكرت إن من قبل لا أتخرج عندي إكتئاب يعني كأنك يابو زيد ماغزيت الفشل بالصحة النفسية ↗️↗️↗️,1,18
واله الواحد ماعاد يعرف هو إكتئاب ولا نضج ولا برود ولا إنعدام شغف ولا فترة وتعدي ولا دبلت تسبد ولا كلهم مع بعض,1,23
إكتئاب على البحر 👍🏻,1,4
تخيل امك تحمل فيك ٩ شهور يعني 39 اسبوع و273 يوم و652 ساعه و 120393 دقيقه و2358720 ثانيه و بالنهايه يجيك اكتئاب,1,22
الواحد لما بقعد لوحدي بفتكر سنه ٢٠١٩ لان مكنتش لوحدي كانت اختي بتشاركني كل حاجه فرحتنا و زعلنا و الكلام و كل حاجه,1,23
وقت الكئابه مره اكتئاب ابي مجله جيمين هذي طيب,1,9
واله الواحد مايدري هو اكتئاب ولا انطفاء ولا نضج ولا انعدام الشغف ولا تخلف ولا حاله نفسيه,1,17
قعد أشوف وايد ناس تمر بحالة يأس و اكتئاب و خوف من الأوضاع في البلد و في العالم بأكمله هذه الأيام عنصرية منتشرة جر,1,24
أنا في الشغل انا اتخنقت بجد عايزة اجازة مش قادرة اكمل أنا في الإجازة انا جالي اكتئاب خلاص عايزة انزل مش قادرة اقعد في البيت,1,25
كل ما اتذكر ان العيد قرب يجيني اكتئاب,1,8
جاني اكتىاب,1,2
إكتئاب وضرر نفسي,1,3
بيجيله اكتئاب لما يستحمي مبيحبش النضافه 😂,1,7
اكتئاب 😆,1,2
اكتئاب ليفل مليون,1,3
لا منجد انا لما تشوفوني قاعده فغرفتي وهي مو مرتبه وحايسه اعرفو انو حاليا معايا اكتئاب شديد,1,17
رسميا اقدر اقول دخلت مرحلة اكتئاب الاختبار,1,7
فيديوهات المصريات هذي الي تمحور حول الشغل والمطبخ تجيب لي اكتئاب وكره لحياة وربي مابالغ لدرجة اخذت عهد ع نفسي ان ما اشوفها,1,23
خف تنمر عالروت عشان عنده اكتئاب حاد,1,7
اكبر كذاب الي قال الاطفال مصدر سعاده اختي البزر بتدخلني في اكتئاب حاد من قوة النكد,1,16
صح اكتئاب بس اذا كل البيت طالع فله,1,8
قعدة البيت اكتئاب,1,3
جروب الدفعة او جروب السكشن كفيلين يجيبولي اكتئاب بقية سنين دراستي في الطب 🤦🏼🥲,1,14
في اكتئاب بسبك اعمل اي بحبك 😇😂❤️,1,7
عادي بس فيه اكتئاب لدرجة مش طبيعية,1,7
قنبلة اكتئاب,1,2
توني جالسه في اكتئاب عشانه بيخلص,1,6
محد قالي ان عمر العشرينات يجيك معاه جعطه اكتئاب مجاناً,1,10
اكيد اكتئاب مزمن,1,3
النهاية سبت لي اكتئاب مؤقت,1,5
يا رجال افقد الشغف ولا يجني اكتئاب الله يشفي مرضانا ومرضى المسلمين اجمعين,1,13
ياله لما الحين ملازمني اكتئاب الخريجة😔🎓,1,6
سويلي وطرشيلي داخله ف اكتئاب بسبه امتحان اليوم,1,8
اكتئاب وضيقة يوم السبت حتى بالاجازة ملاحقتنا 🥴,1,8
هو انا مش في علوم بس كل محاضراتي فيها واحب اقول ان المظاهر خداعه والكليه دي بتجيب اكتئاب وشكرا🙂,1,19
هما سبب اكتئاب فعلا بس مش كل الوقت 😂,1,9
جابو لي اكتئاب من درجاتي بس الحمدله اني اخر ترم,1,10
تجيب لي اكتئاب والله,1,4
مشاكل نفسية اكتئاب توتراضطراب ما بعد الصدمة,1,7
وربي كنت بموت اكتئاب ولما قالو صرت اسعد انسان,1,9
وانا كلما رسمت جاني اكتئاب عشان الرسمه تندمج مع الوقت ويروح تعبي بالتفاصيل خساره,1,14
ياناس فيه كثير اوهموهم القراء والي يسون رقيه ان عنده حسد وسحروبالاخير اكتشف انه مرض نفسي,1,16
اكتئاب مابعد الناس الجديدة الي بتايم لاين,1,7
مسلسل الطاوس ده جابلى اكتئاب,1,5
واله من اصعب الاشياء الي مريت فيها بحياتي اني قاعد اتعامل مع شخص احبه واشوفه كله يوم يمر في اكتئاب قوي,1,21
الواحد لما بيشوف مقاطع الطبخ وشكل الطبخات ومنظر الأكل بيصيبه اكتئاب اكتر من اكتئاب الجوع والمل💔,1,16
ليه ابقي في حالة إكتئاب مايعلم بيها الا ربنا والاقي واحدة أخر مرة قالتلي ازيك كانت من بتاع6 سنين مثلا ألاقيها داخل تنكد عليا,1,24
احب مون لوفيرز مرا واخ فيني اكتئاب عشان النهايه خايسه دايما اشوف النهايه اذا بصيح,1,15
اكتئاب من الحظر 🙂,1,4
إذا الشخص انصاب بمرض روحي من مده طويله يصيبه اكتئاب وغيره من الأعراض واذا تعالج بالبرنامج العلا,1,17
ماعرف بس عندنا اكتئاب الي نايم والي توه صاحي مافيه حياة تحسين😭,1,12
اي كنت امارسها لان عندي اكتئاب بس زادتني هم,1,9
الي جاله اكتئاب من اناشيدهم يصف جنبي 😓🥲 ياعلي,1,9
شعور اكتئاب,1,2
اكتئاب السبت مقرف جدا,1,4
واله الوحده ماسارت تدري هوا اكتئاب ولا انطفاء ولا نضج ولا انعدام الشغف ولا حالة نفسيه الي فيها,1,18
لا بأس ب نوبه إكتئاب صغيرة ☺️,1,7
متلازمة اكتئاب ليلة العيد وتذكر أيام الطفولة والواحد كان بيعمل ايه,1,11
الي جاله اكتئاب يصف جنبي 😭😓,1,6
العبة ذي احسها اكتئاب الكاتب احسه مريض نفسي حابس الشعب في مدينه او غرفه ولا يشوفون شيء و مدري وش وضع,1,21
فكرة انّي رح أبلش أداوم من بكرا 4 أيام بالاسبوع لحالها جايبيتلي ألف نوع اكتئاب,1,15
لا كيوي بقا بما انه اكتئاب 😍😂,1,7
واله ياجماعة انا تعبت من الحظر فيني اكتئاب تكفون خلاص 🙂🥺,1,11
لم تكن مجرد نوبات إكتئاب كان إنطفاء تدريجي❤️,1,8
من الحين شايله هم اكتئاب المغرب اول يوم بالعيد عادي جداً وقتها ابكي لاني مشتاقه لرمضان,1,16
لعبة نيوتن تسوي اكتئاب 😂بس بجي,1,6
اعرف انه فيه موجة اكتئاب جايه لمن اصير اشيل هم اني احط مويه على جسمي وجلدي يعورني من البلل مهمة الاستحمام تصير اصعب مهام اليوم,1,25
وانا احاول اكون قوين وصابره لما جاني اكتئاب بعد مالعبت ردر٢ وطلعت لي فجاءه ستميه حبه وطاحت حشوة سني وانكسرت نظارتي,1,21
على الواحد معد يدري هو اكتئاب ولا انطفاء ولا نضج ولا انعدام الشغف ولا تخلف ولا حاله نفسيه ولا هذي شخصيته,1,21
لاحق على اكتئاب العيد,1,4
داخلة موجة اكتئاب بسب مدرسة اكره عقلي,1,7
ماهي دي فاتحة دراعتها وبرضو جايبلنا إكتئاب,1,7
هذا يوزري احفظه عندك انا امر بحالة اكتئاب ه وبتلاقاني كل يوم بصوره,1,13
لازم تقدرون انو الانسان تجيه فتره اكتئاب ومضغوط وتعبان مو كل شوي متغير ومتغير حقيقي اكتئاب فهمتو مو طايق احد ماله خلق لآي شي👎🏽,1,24
يابني بقولك اكتئاب تقولي ولعانه,1,5
إكتئاب,1,1
إنعدام الشّعور الخدر العاطفِي اكتئاب أم نُضج فِكري,1,8
رمضان العام حاشني اكتئاب,1,4
بهالمجتمع حتى اكتئاب ماتقدر تكتئب على راحتك,1,7
اتفق انا الان في حالة اكتئاب ابحث عن زوج😢💔,1,9
يارا نكد نفسنه عياط إحباط إكتئاب قتال مشاله إلك أكتر من إسم 😂,1,13
اغنية لسه بدري دي حزينة اوي اينعم الدنيا حر واحنا تعبانين والناس مبترحمش صيام من غيره بس الاغنية دي بتقفلني,1,20
يجيني اكتئاب لما تكلم معاي اكرها حياه تعيسه لها,1,9
مفيش بعد كده اكتئاب مهما تحاول تو نورمالايز لكن تاني سنة و تالت عيد عالتوالي متشوفش اهلك و قرايبك كده تو ماتش جدا,1,23
صارت الجنة العليا اكتئاب علينا ومرض وهم وقم الجنهالعليا,1,9
اعتقد كدة واله اعلم الي انا فيه دة اكتئاب,1,9
يمكن عندك مشكله نفسيه او تعانين من اكتئاب وتحتاجين علاج نفسي ولاهو عيب علاجك واله يسهل امورك,1,17
بسألكم وانتو يجيكم اكتئاب غير طبيعي لما يقرب عيد ميلادكم ولا اروح اتعالج,1,13
كفاية اكتئاب قومي يلا,1,4
مو طبيعي النوم الي فيني اله يستر شكلها موجة اكتئاب جايه,1,11
ابوي مسوي لي مفاجاة بمناسبة انه خلصت اختبارات قر يسوي عزيمة رمضان بكرا و أتساءل ليش عندي اكتئاب,1,18
لما تحسي ان حياتك وقفت بسب هذي المشكله توتر او اكتئاب او وساوس وغيرها مثال القلق من الاختبار لدرجة لا توصف,1,21
واه يابنات بعد ماحلت عنده جاني شهر اكتئاب من السلبيات والنكد الي قاله لي طلع كذاب يعني الحمدله😓,1,18
يعني واضح فيني اكتئاب 😂💔,1,5
اتوقع بيجيني اكتئاب حاد او شيء,1,6
بديت أدخل أكتئاب والسبب رمضان,1,5
اكتئاب مؤقت✋🏻,1,2
اكتئاب النضوج يجي اذا ختمتي الحياة,1,6
التحرش مقرف جدا تخيلي تكونين مكانها وتردين بيتكم وتكونين بكميه رعب ما تنوصف,1,13
ماصرنا ندري هذا اكتئاب او نضوج,1,6
سلمى بكّار تمر بحالة اكتئاب بعد رفض منحها الدعم لفيلمها الجديد,1,11
توقيت صيفي جو شتوي احساس ربيعي اكتئاب خريفي اسعار اوروبية عيشة افريقية😏,1,12
دي شكلها موجة اكتئاب وداخله عليك يسطا,1,7
اشكرك دكتور على تجاوبك واعذرني على استفساري مين يحد او كيف اعرف هل هي حالة اكتئاب او شي اخر ولمن اذهب,1,21
كان قاعد وسط شلة غربان جابوله اكتئاب 😂 الحمد له احنا كمان خلصنا منهم 🥳,1,15
اكتشفت مؤخرا أنه مهما تغير الشخص الي كان معيشني أسوأ ايام حياتي وسبب لي اكتئاب وحول أغلب أيام حياتي إلى جحيم ومهم,1,22
انا غبيه الي كنت مخليه التصوير ع لارا لان كمية الظلام الي بالصور يجيب اكتئاب,1,15
عندها اكتئاب مابعد الولادة لازم تأخذ دواء ولازم هي يكون عندها إرادة ورغبة في تغير وضعها لاتستسلم,1,17
اول ما احس بشعور سوداوي او اكتئاب على طول لحبوب المنومه على الأقل اقدر اتنجب السيلف هارم والأفكار السيئة والخطوة,1,20
ماعليك منها احتمال البنت يصيبها اكتئاب مع احترامي😍,1,8
يسطا كفاية اكتئاب وفكر في مستقبلك شوية,1,7
لا مقرفه مو ناقصه اكتئاب بعد,1,6
دي دخول في مرحلة اكتئاب بقى ولا ايه,1,8
الله يسعدك اشتغل عند وحدة وامي راضية تجد هويتي سارة الجوزاء جاني اكتئاب وطلعت لي اكزيميا,1,16
الدم الي ف عيني مسبلي إكتئاب نفسي,1,7
انتي يمكن عندك اكتئاب حزن شديد وتمني الموت سهل علاجة خلال اسبوعين تنتهي الاعرض اناعاني من ثنائي القط,1,18
اي صح نسيت اذكر اني كرهت واحد من عيالي فيني وانا متعمد احس عشان يسير رجال صح جاه اكتئاب بس عادي اهم شي يطلع رجال,1,25
في اشي اسمه اكتئاب ما قبل المغرب لازم يعملوا ابحاث عنه,1,11
ثقل الاكتئاب يسحقني لا أعلم إلي متي الصمود اكتئاب,1,9
رعد جابلي اكتئاب حاد🙂,1,4
والله العظيم الرياضة دي مادة تقصر العمر و تجيب إكتئاب,1,10
شنو تفسرون الشخص الي ينام وايد — اكتئاب كسول خامل تهرب من واقع,1,13
موجَة أكتئاب مُفاجئة,1,3
حلو والله لأنو غالبًا لو الشخص عنده خطة وحدة بس وبذل كل جهده عليها وما صارت يدخل في اكتئاب,1,19
لو بنت نزلت الشارع بتخاف ل حد يتحرش بيها زي اي واحده ايا كان لبسها ولا شكلها في ناس بعبايات بيتحرشو بيها,1,22
هموت بجد 😂 كنت بمر بحاله اكتئاب يستي الاه,1,9
حسيت الصور فيها اكتئاب شويه 😕🙃,1,6
بيني اكتئاب حاد ف ما باكل شي,1,7
طلعت بيت خالتي ودخلت موجة اكتئاب,1,6
مين اكتئاب الأعياد ارقب على طول ارقب,1,7
وليش تأنيب ضمير لم نكن سبب في معاناة أحد نحن الضحية مرض وصمة إبعاد عن الوظيفة شتات إجتماعي إكتئاب ديون,1,20
يوم الاثنين ١٤١٦٣٠ اتذكر مريت بفترة ماتخيلت من قوة الضيقة اني بطلع منها لدرجة اكتئاب ماكان طبيعي 🥺💔,1,18
من دش رمضان واني ثاني مره ادخل حاله اكتئاب 🙂 تعبت,1,11
احمد ربك ان امك مات ب قهرولم تنتحر بسب تشدد قرية العباد لاجل صابها اكتئاب عشان ما علمت بنات القريه لغة الكفار مالهم حق,1,24
مدري واله نفس حالتك صح حلو ه وكل شي بس اكتئاب ومافي راحه,1,13
بعد التخرج شغلي بقى دوام كامل بدل بارت تايم وكان عندي اكتئاب عامل لي شلل في حياتي تخليت عن أحلامي اني أكمل دراسة و,1,24
اكتئاب زون 😂,1,3
موجة اكتئاب قوية قادمة بسب جدول الجامعة💔,1,7
ده مش غموض ده اكتئاب 🤣😂,1,6
الفطور اليوم ٥ حبات سمبوسه ٣ اكواب اكتئاب,1,8
صداع إكتئاب وحدة قلق توتر تعب نفسي وجسدي وجميعهم انا 💔😔,1,11
كيفك الحمدالله عندى اكتئاب مزمن وزهق وملل لا متناهي,1,9
فيه دور اكتئاب داخل عليا وانا لسه مخلصتش الي معايا,1,10
الناس مرضت نفسيا وجاها اكتئاب في ظفار بسب المدة المطولة لحظر من غير المعقول أن يستمر بهذا الشكل الرجاء رفع الحظر,1,21
واله منا عارف هو إكتفاء ذاتي ولا اكتئاب حاد ولا استراحة محارب,1,12
ياقلبي بنتش عندها اكتئاب مابعد الولاده لازم تراجع دكتور مختص فتره وبتعدي,1,12
الصوره لوحدها كفيله تجبلي اكتئاب وقرف والله 🤦‍♀️,1,8
في اكتئاب بسببك 😓,1,4
حاسة ب دور اكتئاب داخل عليا 😂,1,7
هذا الحلم بيعمل اكتئاب كل يوم الصبح عم احلم يمرق النهار عا خير,1,13
فالافكار والمشاعر والسلوك الغير عقلاني يؤثر كلًا منهما على الاخر بشكل حلقة حيث يتفاعلوا معًا لينتجوا نوبات اكتئاب,1,18
ميت اكتئاب,1,2
والله تجيب اكتئاب اسف 😞,1,5
انجازكفيكورونا جاني اكتئاب حاد 😍 وزاد وزني,1,7
اغث استاذه شفتها صوتها اكتئاب استغفر اله المشكله يقولون متوظفه هالسنه واسلوبها وشرحها 0 ماترد علينا الا بطلعه الروح,1,19
هو انا اه عندي اكتئاب بس مش بحب النكد يعني لو كلمتني هنضحك ونهزر والحياه😂🙃,1,15
اكتئاب سن العشرين اع,1,4
حصل واله والماده دي من الترم الاول بتجبلي اكتئاب😂,1,9
حياتي اكتئاب كلها ماتفهم انت,1,5
عزيزتي ابنتك عدها اكتئاب ما بعد الولادة وهذا طبيعي جدا فترة ويعدي,1,12
مره اكتئاب,1,2
موجة اكتئاب مفاجئه,1,3
احساس العيد لوحدك ده من غير اهلك حتى بجد يجيب اكتئاب,1,11
😭 صادني اكتئاب,1,3
حياتي اليومية هي عبارة عن ضحك زائد ضحك زائد ضحك وفجأة يجي إكتئاب من حيث لا أدري🌝😂💔,1,17
بعض الاخوان والأخوات مشكلتهم مشكله هل تعاني من اكتئاب عليك بمتابعته هذا الحساب لا لا مو جذي قولو آد لفلان وخلاص ليش,1,22
ريحه اكتئاب,1,2
طول ما أنا ف جروب شقة العريس هيجيلي اكتئاب والمشكلة إن أغلب الي عليه سناجل أصلاً بس كلنا داخلين نتفرج 😂💔,1,21
أُحاول أن أتجاهل ما بداخلي لكنهُ يؤلم اكتئاب,1,8
حدا قال اني مضاد اكتئاب مثلا صح انا حدا كتير بحب يكون ايجابي بس مالي مصلحة اجتماعية انا 🤦🏻‍♀️بصلح حياتي و واقعي لقريب بس مو لكون,1,26
الفراغ العاطفي دي حاجة خطيرة لما الانسان يجيه دا الاحساس يتحول الى وحش مكروه مليان اكتئاب وحزن,1,17
جواتنا شغلات كثيرة لا قادرين نساها ولا قادرين نحكيها لحدا بس هي بتحكي عن حالها على هيئة زهق عصبية إكتئاب وحزن من غير سبب📵,1,24
فقال لي عندك اكتئاب وصرف لي ادوية وقيمة الادوية تقريباً 385 ويعلم اله ان الجلسه معه لم تعدا العشر دقائق,1,20
لأسف العيادات النفسية ومن تجربة الدكتور لايقدر المريض اذكر في احدا المرات ذهب لمستشفى الحبيب بريدة,1,16
اله يسامحك كان عندي اكتئاب صار جلطه🥺 اله جميل ويحب الجمال 🤦🏼‍♀️,1,12
التحطيم وعدم الفهم من الاطراف الآخرين مثل الأهل الزوج الحبيب عندنا يصل الشخص إلى بداية حزن أو الاكتئاب,1,18
دكتور انا عندي امي عندها اكتئاب حاد ساءت حالتها وصار مع الاكتئاب عندها ذهان بالرغم انها تعالج عند طبي,1,19
كيف نفسيتك عندك قلق او اكتئاب,1,6
انا رجعت اتسحل تاني في ال ودي حاجه متطمنش خالص شكلي داخل ع دور اكتئاب واسترها معانا يارب,1,18
ليس كل اكتئاب اكتئاب وان جازت التسمية هناك لون من ألوان العذاب في الحياة الدنيا عندما تصر على معاصياباحيا,1,19
مش مخصوصين اكتئاب و اله,1,5
احس بيني اكتئاب حاد,1,4
ما راح تقدرين تنسين ابد ومستحيل تعايشي مع الوضع كذا الدنيا ماتجي على كيف الواحد,1,15
الجو بعمل اكتئاب,1,3
وخلصنا لعبنا الوحداني اليوم والله كله اكتئاب,1,7
كتير شوب ورطوبه وحر ياعفو اله 🥺😥 مابحب الصيف بيعمُل لي اكتئاب 😭,1,13
الواحد من اول رمضان مخرجتش مع صحابي ولا فطرت معاهم ولا قابلتهم ولا رحت لاختي تاني رمضان ع التوالي وحرفيا كورونا دي,1,22
الغاءحظرال7 صار عنا اكتئاب 🙂,1,5
ليش داخل جو اكتئاب توجيهي مطول,1,6
يسطى كفايه جالي اكتئاب واله,1,5
كل إشي فيا حاليا بيحكيلي اكتئاب ولازم أنعزل وأكبر مشكلة مخي بيقلي فش وقت لاكتئاب 😭,1,16
اكتئاب الحظر 9,1,3
اكتئاب ما بعد الولادة,1,4
هناك اكتئاب صامت يسكن البعض إنه اكتئاب أن تعرف أكثر ما يجب أن تعرف حتى تكون في خلاف دائم مع كل شيء و مع نفسك,1,25
نخلص من فترة أكتئاب الحياه ونرجع ندخل بأكتئاب النوم,1,9
امبارح قولت يابت اتفرجي ع اي مسلسل حظي وقعني ف ملوك الجدعنه لاسف ايه كم القرف والكأبه دي وهو بجد ف مصر الحاجات دي,1,24
بقيت راحتي ف بعدي عن الناس مع كنت اكتر حد اجتماعي وبيحب الناس ف الدنيا مش عارفه انا بتغير ولا دا نضج ولا توحد ولا اكتئاب ولا ايه,1,28
انتوا جبتولي اكتئاب تاني انا ماشي,1,6
احس مسلسل الي عندي محمل صار عنده اكتئاب هلكدما كلما انقهر وابچي افتحه اتفرج اني ودموعي المسلسل محتاج هسة,1,19
انا بحب احرق دمي كتير يعني اشوف شو اكتر اشي بدايقني فحياتي وأقعد أفكر فيه لحد ما يصيبني اكتئاب ربنا يشفيني 🙂👍🏻,1,22
التايم لاين هو احدي اسباب الي بتجيب لواحد اكتئاب,1,9
يعاني من اكتئاب يحتاج علاج,1,5
جاها أكتئاب الولادة بنتك محتاجة تخص نفسي علاجها وحلها مب هنا اله يشفيها يرفع عنها يارب,1,16
بداية اكتئاب,1,2
جاني اكتئاب,1,2
عن نفسي انا لما خلصته جاني شوي شعور بالأكتئاب بس اغلب الاشخاص الي تابعوه جاهم اكتئاب,1,16
الجو وحش وجايب اكتئاب 😩,1,5
الواحد حاس نفسه داخل ع دور اكتئاب فاخر من الاخر 🤦‍♂️💔,1,11
بطلو اكتئاب 😂 هتموتنا 😂,1,5
يجماعة بية اكتئاب 🌝,1,4
اكتئاب بلا هدف,1,3
دي اسمها اكتئاب مابعد الولاده هي مش مجنونه ولاكرهت جوزها الرجاء الاعتناء بها اذهبو بهالطبيب نفسي ضروري,1,17
ليه فيها أكتئاب الصوره💔🥺,1,4
جد متعه خواتي كلهم بعيد واذا اجتمعوا البيت يصير مزعج ٢٤ ساعه 🥲وبعدها يروحون ويصير موحش ويجيني اكتئاب وابكي وعلى هالحال,1,21
تعدى وقت نومك ويخرب وصداع ومايجيك نوم اكتئاب,1,8
جاني اكتئاب حاد,1,3
ال بتاع تويتر جابلي اكتئاب,1,5
صار عندي اكتئاب شديد من الحلاوة 🙂,1,7
مره قلت لامي احس فيني اكتئاب ابغى اتعالج راحوا ودوا اخوي,1,11
فيه حاجات تاني بتجيب اكتئاب زي قله الفلوس مثلا وما يترتب عليها,1,12
الصيف بيتعبني نفسيا ومعنويا وبيجبلي اكتئاب😭,1,6
اله يبشرك بالخير انا شخصيا اصبح عندي اكتئاب بسب الملف هذا,1,11
جيل ال90 حظو ضاع وجيل ال20 مقضيها اكتئاب 😂,1,9
هذا اكتئاب العطله و شرفنا اله لا يحيه,1,8
سونقتين طلعوا لي بالتل💔 دكتور مو ناقصه اكتئاب قبل ما انام,1,11
حرفيا اي حاجه لها علاقه بالكليه بقيت بتجيبلي اكتئاب وضيق تنفس يارب اخلص واسافر بقي ولما حاجه تفكرني بيها اقول ال,1,21
احس جاني اكتئاب,1,3
اكتشفت ان وائل مب طبيعي عنده مشاكل نفسية شكله فعلاً مر في حالة اكتئاب عميقة جداً مثل جيم كاري,1,19
بس فكونا نبي نعيش خلاص جانا اكتئاب من البيت والجلسه فيه و الوسواس اذا طلعنا,1,15
اليوم بدون هدف أو إنجاز بيصدر اكتئاب حاد,1,8
البنات في المناطق الجبلية والاطراف اه اذكر مرة رحت وياني اكتئاب من الوضع,1,13
لا هو نضج ولا اكتئاب شي بالنص بينهم,1,8
بتجيبين لي اكتئاب على كثر ما كتبتيها,1,7
ربي قد مسني اكتئاب طفيف بلا اسباب و أنت ارحم الراحمين ارحمنيرحمة يهدأ بها قلبي وتلمّ بها شعثي وتجمع بها أمري وتصلح بها غبائي,1,24
انعدام الرغبة في الخروج من المنزل نضج أم اكتئاب,1,9
خذلك اكتئاب عصبح منيح اني بديش ادرس ليوم💔🙂,1,8
قاعده اشوف موجة اكتئاب جاية,1,5
احسني بدخل في اكتئاب من الحزن الي انا فيه حاليًا على المسلسل,1,12
لا ما هو يا صيام يا شغل يا اكتئاب انما التلاتة مع بعض مينفعش🙂,1,14
لا اكتئاب بعد الولاده احس 🥺💞,1,6
عودت نفسي حتى لو إن الحزن تملكني ما أهمل الأمور الازمه تراكم وبدل الحزن يتحول إكتئاب,1,16
اليوم قررت ابتدي فتره جديده لاني امر بحالة اكتئاب قرت اصادق ناس غير عني وغير عن الاشياء الي احبها عشان انوع لاني,1,22
وانشودة كان العيد حزين كانت تسبلي اكتئاب,1,7
احنا ناخد الاسبوع ده اكتئاب والاسبوع الجاي ناخده اكتئاب برده يعني مفيهاش حاجه,1,13
مدري انا داخله على موجه اكتئاب ولا عشاني ماشربت قهوة من زمان,1,12
يضايقني جداً موضوع اني ما اقدر افهم مشاعري اقرب الى اني بجسد ما افهمه لاني ما اعرف هل الشعور المؤلم الكئيب المظلم,1,22
يعني لما دخلت في اكتئاب العودة قربت😭,1,7
داخلة أهو علي يومين اكتئاب بدون اي سب واضح في رعاية الله,1,12
يسطا انا بتلذ بوجع القلب بحب اعذب نفسي بدور عالحاجات الي تجيب اكتئاب واتفرج عليها 😐,1,16
أعرف أن الموضوع صعب بس حاولي تنسيه واضحكي واطلعي مع رفيقاتك صدقيني اذا انطويتي على نفسك وعشتي منعزلة عن العالم راح يجيك اكتئاب,1,23
بكيت تذكرت تسريبات مينسوك وجاني اكتئاب,1,6
اكتئاب باقي علي اختبار كيمياء وخلصت وباقي المراجعة ربك يعين بس😭,1,11
اكتشفت ان عدوي الدود الدراسه كل مافتح التحصيلي الزق يجيني اكتئاب قوي واسكره بنهار,1,14
الواحد ما يعرف هذا اكتئاب ولا انطفاء ولا نضج ولا انعدام شغف ولا تخلف ولا مل ولا,1,17
مرور الشخص بأزمات تنقص ثقته في نفسه وتدخله في مرحلة اكتئاب,1,11
قاعده ابكي ودي اهرب مع كل اصحابي تعبت وانا أشوفهم يدخلون في اكتئاب بسبب اهلهم وانا مقدر اسوي شي او اساعدهم حرفيا,1,22
اتوقع اكتئاب تربية الاطفال اعظم من اكتئاب م بعد الولاده,1,10
اكتئاب صباح رمضان لازم يُدرج في قائمة الأمراض,1,8
عندي أعراض اكتئاب لكن ماودي اروح اكشف اخاف من لحظة الحقيقة انا واعية على الي فيني و احاول اغيره اقرأ عنه اع,1,22
لوسمحتي فيه نظام غذائي معين تمشي عليه انا عندي نفس المشكلة ومسبه لي حالة اكتئاب بسب الارتجاع,1,17
افكر بعمق الحالة هذي اكتئاب ولا اعتياد ما احس بأي شي,1,11
العلاقه هذي سبت ثلاث شروخ بالقلب اكتئاب حاد كتمان مستمر انعدام الثقه بكل الناس,1,14
بزيد اكتئاب اليوم وبكره اخر حلقتين من فينشينزو حزن ماتنفس من يرقع ايامي المعفنه غير جونغكي😩🙄🖕🏻,1,16
طبيعي لاتقلقي خذي دواء اكتئاب ولاتدمني عليه وحافظي عالاكل وانسي,1,10
ام الوايجي انا معي اكتئاب بسب نقص فيتامين دال مكن تسالي البنات افضل حبوب لنقص الفيتامين ايش هي — بسأل لك بس اسأ,1,23
سأل ليش ضايجه اني شايفين الحروف الي تكون كلام وجمل وحديث طويل ومناقشه عريضه يعجز يوصف حالتي بين اكتئاب وبين ضوجه,1,21
من كثر م اتابع واسوي ريتويت صرت كاني آلة حرفياً جاني اكتئاب من اصراري ع المشاركة ف المسابقات,1,18
دلوقتي اسكندريه بقت مبتجبش اكتئاب☺️,1,5
لازم تشوف ايش الشي الي مسب لك اكتئاب لازم تواجه مشكلتك الداخليه طمن نفسك من داخل انو مافيه شي دام ا,1,21
بالمجتمع ده حتى اكتئاب ماتقدر تكتئب على راحتك,1,8
تجيب اكتئاب غيرها,1,3
شي يحزن مره انو هو المسلسل الوحيد الي يغير نفسيتي وهو الوحيد الي تقبلته لو خلص بدخل بحالة اكتئاب اه لايخلص تكفون💔,1,22
طيب اوكي مو مشكله اذا تحسي روحي طبيب بس ترا صدق الاكتئاب مو شي عادي ابد يصدموني الي على ايشي قالوا فيني اكتئاب,1,23
نوبات اكتئاب شرسه بتحضر ولا حد حاس بينا بنضحك من بره وجوه قلوب مات تعبت من المناهده وتعبت من المعفره والمجاهده,1,21
اكتئاب ما بعد لقاء أبو ماريا,1,6
فيني اكتئاب لم يكتئبه المكتئبون,1,5
طيب انت عندك اكتئاب في خطة حلوه بتغير شوي مودك جيب ورقه وقلم واكتب في وجه دفتر النعم واكتب ٢٥ نعمة,1,21
خلصت سكيت اكتئاب,1,3
سلام عليكم انا عندي اكتئاب اظطربات شخصيه وسواس غيره مرضيه هل انقبل بالاعانه تكفون ردو علي,1,16
نوبة اكتئاب شديد دون سب وجيه,1,6
واله جاني اكتئاب💔,1,3
هذي الاغنيه لما اشوفها يجيني اكتئاب من الاستديو الاسود ويجيني حزن,1,11
عيب اقول فيني اكتئاب,1,4
حلقات كونان اليوم اكتئاب حزن😢,1,5
بقالي كتير فشخ ف دور اكتئاب ابن حرام واليومين دول بحاول اموڤ اون وارجع ل حياتي تاني ف اتمنى مرجعش تاني علشان انا حر,1,24
ابلكيشن بجيب لواحد اكتئاب فوق اكتئابه والله,1,7
وبعدها ابدأوا قارنوا بين العلامات والحالة ممكن تكون بداية اكتئاب وممكن منتصف اكتئاب وممكن اكتئاب فعلاً او مكن حزن فقط او فقدان شغف حماس,1,24
موجه اكتئاب قويه بتمر,1,4
فعلا ترا عنده اكتئاب حاد والحركات الي شفتموها نتيجه لادويه الي ياخذها,1,12
لايكون اكتئاب 💔,1,3
منتداكم هذا ما عاد ينطاق اذا دخلته يجيني اكتئاب,1,9
اكتئاب انا ايش طلعني الصباح,1,5
اكتئاب حاد او حزن شديد او تبلد طبعاً بدون استخفاف بالناس المصابة فعلاً عسى الله يسهل عليهم كل عُسر ف مو اي لحظة,1,23
والله الواحد مايدري وش يصير فيه مدري هو اكتئاب ولا انطفاء ولا نضج ولا فقدان شغف ولا تخلف ولا حاله نفسيه واله عجزت احد وش يصيرلي,1,26
مامزح موجة اكتئاب صابتني احذفو نتفلكس من عندي,1,8
كمية اكتئاب من حيث لا احتسب,1,6
هذا اكثر موسم سبب لي اكتئاب حرامات والله,1,8
انا استاهل اكثر من اني اتمسك بعلاقه توكسك دخلتني اكتئاب وكره لذات,1,12
احس فيني اكتئاب حاد,1,4
كون الانسان بيعيش حياة واحدة و انا اضيعها بالشكل ده مسبلي اكتئاب الحقيقة,1,13
اقسم باله موجة اكتئاب صابتني الناس يتابعون مسلسل عشان يطلعون من الاكتئاب انا اتابع مسلسل ادخل بحالة اكتئاب,1,18
واله اكتئاب قلت يمكن يخف و زاد الطين بله 🤦🏻‍♂️,1,10
تدرون ايش لو ماقدر اشوفه منجد مافي شي بيسكتني وقتها اقسم بالله اكتئاب مابعده اكتئاب,1,15
يعني دا مش اكتئاب من الكورونا🤔 تؤتؤ دي دموع فرحه 🙂😂,1,11
للأسف هذه المؤشرات تشير بأني سأدخل في حالة اكتئاب شديده بالتالي سأنتج لقارئ حزنا أكثرسأضع زينة على وجه يسأر,1,19
يارا جدتي جاتها جلطه بالدماغ و بعدين طابت اتوقع او طابت شوي بعد الجلطة جاها اكتئاب وكل شوي تبكي,1,19
والله اني كذابه موجه اكتئاب مفاجئه,1,6
فن اختيار المسلسل ال يجيب اكتئاب اكتر من ال الواحد فيه🙂,1,11
داخلة علي فترة اكتئاب ولا عندي طاقة استحملها ولا دموع اصبر نفسي بيها,1,13
انا العكس احبهم مرا وتكون عندنا فعاليات وسهر ونبسط بس يجيني اكتئاب فيها ما احبها,1,15
اكتئاب عميق,1,2
طيب ترا عندي اكتئاب ماقبل المقابلة,1,6
يعنى منعزل ومش عارف تأكل مفيش نفس لاكل واصلا لا بتشم ولا بتذوق غير خوفك الاعراض تطور اكتئاب فظيع بجد,1,20
ياساتر اكتئاب 😭,1,3
الله واعلم انها بوادر اكتئاب الله يستر,1,7
عليك اكتئاب فتره قصيره,1,4
كل شيء هالفتره ضدي وحالف يدخلني اكتئاب مره ثانيه وانا مو مستعده ابداً,1,13
اكتئاب ذا الوقت هذا كل الي اريد اقوله,1,8
لمن مارد ع احد ومني طايقه بني ادم هذا اكتئاب,1,10
باقي شوي واحلف إنّ فيني اكتئاب,1,6
تمريرهالهواري الواحد موده اكتئاب من بعد الماتش بسب قلقه على الاهلي ان الجيل دا يطول في التخاذل الي هما فيه دي,1,21
لا لا مش وقتك خالص اكتئاب تغير فصول ايه اتلم,1,10
طقني اكتئاب بعد ما خلصت نايفيلرا وانسر مي ماراح تساعدني اتحسن افكر اشوف غيرها,1,14
المشكله اني انسانه تعلق بالمسلسلات اكثر من البشر وكل ماخلص مسلسل يخشني اكتئاب,1,13
اكتئاب الساعه سته الصبح ده طلع غير فعلا,1,8
شكله اكتئاب جماعي انا الي يقولي كلمة نقعد نبكي 😩,1,10
اكتئاب ٦ الصبح ده مقرف فشخ,1,6
عاجل موجه اكتئاب بتجتاحني فجأة وبدون سابق انذار وگت الهروب منها,1,11
البعد راحه ✅ الوحده راحه ✅ النفسيه كويسه ✅ مفيش إكتئاب ✅ حاسه بفرحه ✅ بگذب 😂✅☑️✅☑️,1,17
دايم افكر بشعور القط الي بأقفاص خارج عن فطرتها مقفول عليها لا تلعب ولا تمشى بالارض احسها حزينه مره وفيها اكتئاب,1,21
واله الواحد مايدري اهو اكتئاب ولا انطفاء ولا نضج ولا انعدام الشغف ولا تخلف ولا حاله نفسيه,1,17
ابد بس زيادة اكتئاب على شوية اعتلالات ضيف خفيف لبى عينه😂💘,1,11
انا طاقه سلبيه تمشي على الارض هالايام ماعمري دخلت بالحاله ذي من قبل خايفه موت يكون اكتياب صدق,1,18
الواحد مش عارف دا اكتئاب ولا هدوء ولا مقاومه ولا انهيار,1,11
صدقت الاعلام والناس ما يركزون الا ع الناجحين فقط من الي عانوا بحياتهم ونجحوا لكن الي عانوا وانتحروا لا,1,19
وربي جاني اكتئاب من رمضان اني 🙏🏿,1,7
اسوي نفسي ناسيه ان العيد بيكون اكتئاب,1,7
لو استمريت اواجه نفس المواقف والأحداث الي أنا أواجها بشكل شبه يومي اعتقد راح أدخل مرحلة اكتئاب جامدة,1,18
يعني لازم كل شهر يمر علي اكتئاب 💔,1,8
حالة اكتئاب غريبة اجت فجأة و راحت فجأة لمدة ما تجاوزت الساعة بتوصل لدرجة أنو تبكي بجو مليان ضحك و بسط و أنت مو ه,1,25
الحزن مظله يندمج تحتها مشاعر كثيره ومسميات كثيره ضيق اكتئاب تبلد طفش وحده فقدان لشغف فقدان لذه الحياه كلها تندرج تحت الحزن كنبة السبت,1,24
اكتئاب حاد باي,1,3
لا انا لساتني مبتدئه وضياع الشاحن حالة اكتئاب حاده جدا جدا جدا,1,12
طب ايه يا اكتئاب مش هتسبني متعملش فيها صاحبي اوي كدا وغور بقا انا تعبت,1,15
استفسار ٦٣٨٦ اموري حياتي متعطلة وصل عمري ٣٥ ماتوظفت كلما قدمت على شي تسكر بوجهي كلما حاولت جا ضدي وفوقها تعب نفس,1,22
ايوا انتي الي جبتيلى اكتئاب 🙂😂,1,6
كم خَلّف غياب من نحب من ألم و حزن و اكتئاب,1,11
قرب العيد بعد اف وفاتي متى يخلص رمضان والعيد اكتئاب مدري مين يحبهم,1,13
من الساعة 5 العصر وانا لحالي اشي اكتئاب اشي توحد اشي نفسية,1,12
حلم ينهدم وقت يهدر اكتئاب يسيطر على الروح,1,8
هاري ماحدث من شهر فيني اكتئاب حاد اكثر منك,1,9
بس كل ماتخطر بالي انو بيخلص هالاسبوع ومعد حشوفه اموت اكتئاب,1,11
مرت علي هذي الحالة واخذت معي وقت وتعبتني وراجعت دكتور وكتب لي مضادات اكتئاب مؤقته والحمد له رب العالمين والموضوع بسيط جدا,1,22
عيطي بس اكتئاب لا,1,4
مش وقت اكتئاب خالص دلوقتي استنى لما ترحل,1,8
معظم المُكتئبين ناضجين واكتأبهم لو وصل لمرحلة القصوي حرفياً محدش هيقدر يزيح الهموم و العموم و اليأس الي ب الشخص,1,20
فيني اكتئاب شوي الله يستر لايكون هذا اكتئاب مابعد التخرج الي اسمع فيه,1,13
نعم مو مشكلتنا احنا الطلاب الي صار لنا شهر ونص من يوم قالو القرار واحنا عايشين ب اكتئاب,1,18
ايه هذيك صديقتها الي انىحرت اما بنتها جاها اكتئاب 😂,1,10
بالصدفة لقيت لي تدوينات في ٢٠١٢ ٢٠١٣م بالكلاود جتني ضيقة أليمة كانت أسوأ فترة في حياتي حادث سيارة و مشاكل عائلي,1,21
بحكيلك اكتئاب اكتئاب منهم له غثونا,1,6
الحقيقيه انا شايفه إن أحسن حاجه الواحد يقدمها لنفسه الفتره دي إنّه يتعود ع الحياه لوحده يعيش لوحده يخرج لوحده,1,20
كل شيء حرام مايجوز وغير الاشياء الممنوعه وبالنهايه يقولون ليش معهم اكتئاب ياخي يلعن العيشه هنا,1,16
هذا لم يعد انطفاء ولاتعب ولا اكتئاب ابداً روحي خاضت كل الذي سبق لكن لاشي ما ذكر انا اشعر به ثمة شعور مايغبط صدري,1,24
كنت في مكان سيء و مظلم شبه يوميًا ابكي و افكر ما كان يمر يوم بدون ما افكر بوضع ينان دخلت اكتئاب حقيقي الين قبل سنة,1,26
بعدين اقول لي يجيني اكتئاب و ابكي قبل مانام استاهل🙂👌🏼,1,10
حبيبتي انا زيك اكتئاب وقرية وتكه واهلي يتعبون النفسية وجاني تبلد بهالرمضان واستمريت على المسلسلات التركية والموسي,1,17
ضيقه توتر خوف قرف اكتئاب ظغط تعب قلق تفك و كل شي,1,12
انا كلش تعبت من الحياة الجامعية الي والعباس ولا بيها حياة خلصتها اكتئاب وكرهت نفسي خسرت ثقتي بنفسي اختفيت وصو,1,20
لحين محتار هو اكتئاب ولا انطفاء ولا نضج ولا انعدام شغف ولا حاله نفسيه ولا هذي شخصيته الفرق راحت المراهقه خلاص,1,21
اوحش حاجه لما تكون بتمر بفتره اكتئاب و متلقيش حد جنبك يسندك و يحاول يخرجك من ده لا بالعكس كل الى حواليك بيزودوا عل,1,24
شلال اكتئاب😂,1,2
جاني اكتئاب من مسابقات اشارك ولا افوز تكفى,1,8
كنت قاعده اقول لاختي عن المرات الي دخلت فيها ب اكتئاب وانا صغيره وانهرت احس المهم عقمو عين,1,18
اقسم باله لو هذي أمي واكتشفت انها سألت سؤال زي كذا بكتئب اكتئاب حاد إذا الام شافت بنتها كائن غريب وصعب كيف المجت,1,23
تخيل اصلا تبقي مكتئب ومفروض تكمل حياتك عادي وتذاكر اناتومي وهيدرو ومواد اساسا تجيب اكتئاب لوحدها,1,16
انا بقيت زاهده الحياة بشكل عام والله ما اعرف بقي ده نضج و لا اكتئاب,1,15
انتو متاكدين من حوار ان التحدث مع اصدقائك يحسن من حالتك النفسيه ده دول قربوا يجيبولي اكتئاب,1,17
اتقوا الله يالي تشمتون فيها ذي تعرضت لحادث وتشوه انفها عملت عمليه وفشلت وتشوه زياده ودخلت اكتئاب,1,17
تخافون كل ما جاء ميلادكم ولا بس انا احس أني قاعده اكبر وانا أشياء بسيطه ما قدرت اجربها بسب المجتمع والأهل اخاف,1,22
لالا حيصيبنا اكتئاب كفايه كده 🥺,1,6
هو ازاى البيت موحشنيش بجد و لا الى فيه حتى و اول ما دخلتوا حسيت ب اكتئاب و انطفيت كدا يا رب عدى الفتره دى بسرعه عشان النفسيه مش ناقصه ضغط,1,31
اكتشفت كل الناس عندهم مناسبات وفعاليات وحركات في رمضان الا احنا اكتئاب واكل بس,1,14
احلى شي بعد الاختبار تقدر تكتئب متى ماتبي و تاخذ راحتك فيه ماتحس بالذنب و يزيد اكتئاب معتدل خفيف لطيف,1,20
داخل علي دور اكتئاب محترم,1,5
19 دخلت بروفايلك جالي اكتئاب انت بتعمل ف نفسك كده ليه ي بني 😂💃🏻,1,14
معاناتى ليست ف صورة اكتئاب بل ف صورة فقدان الشغف,1,10
مش عارفه الي انا فيه ده نضج مبكر عادي ولا اكتئاب,1,11
واله مدري هذا اكتئاب ولا نضج ولا انعدام شغف ولا هذي شخصيتي,1,12
البكاء انواع بكاء فقد بكاء اكتئاب بكاء الصمت بكاء رحمه بكاء الخوف والخشيه واوا وصدقتي اختي سلطانه علينا بالقراه,1,19
توني ما كملت ٦ ساعات بدون ماد وجاني اكتئاب اكره اتعود على شي ويختفي فجأة اف شوي وابكي,1,18
كنت حزينه فاتفرجت علي فيلم جابلي اكتئاب,1,7
يمه انا اذا اصحى 12 ساعه يصير عندي اكتئاب 🌚,1,10
المسلسل جابلى اكتئاب يعم,1,4
كل الناس ف الصيدلية بتيجي تاخد ادوية اكتئاب و مهدئات و ناس عادية جدا شكلها عادي مش ناس بتضرب يعني,1,20
كنت أبكي على أشياء صغيرة كنت بلا هم ولا أكتئاب كانت الأوقات اوقات جميلة إلى ان مات أبوي أصبحت من ينامون في أحضان,1,23
الاسبوعين الي وقفت فيها صادني اكتئاب من البكاء حتى صديقاتي معد اكلمهم,1,12
يارب حضوري الدراسة عن بعد عبارة عن اكتئاب وصداع نصفي,1,10
الشعور الي احسه هالفتره يارب يعدي وارجع طبيعي حرفياً احس بدخل اكتئاب,1,12
اول ما شفته جاني اكتئاب حقيقي وعصبت,1,7
اكتئاب موسمى عادى يبشه😂❤️,1,4
اكتئاب من الان,1,3
بتعافى بالكتب الي بقرأها الكتب الي بقرأها بتعملي اكتئاب,1,9
حاله اكتئاب 😢↗️↗️↗️↗️,1,3
اكتئاب السبت بدأ من بدري,1,5
لأمانه بعد ماجربت الوضع العادي طلع اليلي معيشني بحاله اكتئاب مو طبيعيه,1,12
اكتئاب الحظر ٨٪,1,3
مو كافي اكتئاب فارق ال ٧ نقاط امس 🙈😁,1,9
معرف ليش يوم خلصت المسلسل جاني اكتئاب أبغاها تكون معه لوهله حسيت أنهم لمسوا مشاعري حقيقي 😓💔,1,17
بدات تطلع لي اعراض اكتئاب ☹️,1,6
نوبات هوس ونوبات اكتئاب عاليه مكن ابقي بعيط وبعدها بدقيقة بعيط من غير سب مش عارفه الي عندي اكتئاب عادي ولا,1,21
بدخل اكتئاب لو ماشفت بث بيكهيون بيجيني تانيب ضمير بس برضو لو مانمت بيجيني ضيقة لان ماحب افوت موعد نومي وش هالخياس ساعدوني 😭,1,24
انا ليه احس لما اسمع ذا النوع من البودكاستات يجيني إكتئاب,1,11
إكتئاب بعد السحور هو ألعن شي في الكون,1,8
احس اني داخله مرحلة اكتئاب مافي شي يسعدني ولايعجبني ولا يبهرني حاسه مل من كل شي مابي اخرج من البيت ماحب الناس ولا,1,23
الواحد مش عارف دا اكتئاب ولا هدوء ولا مقاومه ولا انهيار💔,1,11
حبوب اكتئاب وارتاحي قالت من صغر سني 🤣,1,8
محبطه وعندي اكتئاب عشان تيته هتم ال 5 سنين وهي مش معايا كمان يومين,1,14
حقيقي انا مرعوبه من تحور الفيرس وانتشاره والفزع الي بدأ يرجع بقوة دا وبجد داخله ف موجة اكتئاب وحزن مش لطاف رب,1,22
اكتئاب ما بعد الساعه ١٢,1,5
شهر10 كريه جدا وجدا خاصه النومه الي الى المغرب او العشاء وبعدها تقوم على اكتئاب وصداع وتصحى جوعان ومانسى الفضاوه😖,1,20
هل انا يمكن شفت هجوم العمالقه وباول حلقه اضحك وانا اقول م راح اكمله واصلاً مو حلو والحين وقفته لان سب لي اكتئاب من قوة الاحداث ي ترى,1,28
موجة اكتئاب مفاجئة,1,3
دام هذي النصايح قولي حاشني اكتئاب بيطول شهرين,1,8
مو مستعده ابداً اني ابدأ ايامي الجايه بدون دراسه وانها راح تكون كلها اوقات فراغ واحساس بالغُربة وبداية إكتئاب,1,19
نهاية نير مسببه لي اكتئاب حتى مالي نفس شي,1,9
والله اكتئاب استغفر الله,1,4
والي بيدخل اربع سنوات وهو ينتظر هالعمليه يسوها اصلا انا جاني اكتئاب من هالعمليه,1,14
جاني اكتئاب مابعد التخرج,1,4
يجماعه هل انا الوحيدة الي اكتئب لما اروح من عند بنات خالتي 💔وربي مره اكتئاب مابا اروح عنهم,1,18
انا ليه اى دوا بيتكتبلى لازم يكون بيسب اضطرابات نفسية او اكتئاب و رغبة فى الانتحار هل مكن دى مؤامرة من الدكاترة عليا,1,23
اختي الصغيره داشه بحالة اكتئاب مادري شسوي المشكله عمرها تسع سنوات وربي واضح عليها الاكتئاب كانت متعوده على شي وراح,1,20
يعني ما أصدق على اله أفتك من اكتئاب ما بعد الفطور يجيني اكتئاب ما قبل السحور حياتي أصبحت رهينة هالقطب,1,20
حاس إني داخل علي اكتئاب سيكا,1,6
فيني اكتئاب من متى انا حساسه وابكي بدون سب وتفكير مفرط انا مش انا,1,14
من الحين جاني اكتئاب مو مستعده اتركهم,1,7
لم تكن مجرد نوبات اكتئاب كانت إنطفاء تدريجي يسحب الروح,1,10
لما يكون يومك بدايته زق وانت عارف انه بداية دوامه وموجة اكتئاب وتستغبي وتحاول تسوي سعيد وتزعل وتقول لالا ما بستسلم,1,21
دا اكتئاب زياده عن الازم🙂,1,5
موجة اكتئاب بعد ما استوعبت انو بدا 15 وعليا كويز ب 25 بمحاضرات ما احضرتهم ومادة بكرها 🌚💔,1,18
احسني دخلت ب اكتئاب,1,4
اكتئاب اليل دا مش عارفه هنخلص منو امتا,1,8
مشان الله خلص كل ما اتذكر هل موسم ادخل بدوامة اكتئاب,1,11
اذا اجتمعت كثير مع الناس اصير افكر كثير في كل تصرف بعدين ادخل اكتئاب,1,14
صار لي اسبوع اكتئاب حاد سوداوي و الحين حدي مبسوطة اله يستر اله يستر اله يستر و اله الفرح يخوّف هالايام,1,21
فيه سرسوب اكتئاب داخِلِّي ف حياتي مش عارفة جاي منين,1,10
دايمًا بداية كل صيف خصيصًا هالوقت يحوشني اكتئاب لأسباب مجهوله ويطول شوي ف نسأل اله الصبر وان يعديها باسرع وقت,1,20
هو البقاء لله وكل حاجه يعني بس انا جالي اكتئاب من الي بشوفو ع الفيس بوك,1,16
بموت حزن ابي ريما وغاده😢 دخلت حالة اكتئاب يوم راحو,1,10
هذي حياه اكتئاب ب اكتئاب 😂,1,6
انا قرفان من الناس ومن البشريه وعندى اسبابى ودوافعى المقنعه لاى حد عاقل مش اكتئاب او توحد او مشكله عندى انا هما الى ولاد وسخه,1,25
كل ساعتين بقر اقفل كل حاجه وانعزل عن العالم ودا بدايه اكتئاب جديد بلا سبب,1,15
ف نفس الوقت دا بالظبط من سنه كنت داخل ف فتره اكتئاب بنت وسخه وشكلنا راجعين تاني اهو ربنا يستر عشان انا م ش ق ا د ر,1,28
قاعده احاول بس جاني اكتئاب من بعد ما خلصت فصول مورياتي,1,11
لا مش وقته اكتئاب,1,4
اكتئاب ارقب ارقب,1,3
واله اكتئاب شهرين ليكدام رينغكوكو💔😭,1,5
اشم ريحة اكتئاب يارب ارجع جدة بسرعة,1,7
احا نيك 😂 يا اسطى انا جالي اكتئاب ساعتها و قعدت اتعالج و خسيت فشخ و حياتي اتناكت بس بعد كده خلاص بقى بقيت جبلة,1,25
ايوه معي اكتئاب حاد وثنائي قطب من ثلاث سنوات مع ان عمري 18 وعانيت بشكل ما تخيله منهم واحين جالس اتعا,1,21
اناعندي اكتئاب مهزأ يعني لو حد ضحكني بضحك ومكن اغني وارقص كمان بس انا فالحقيقة مكتئب,1,16
اكتئاب السحور,1,2
بوادر اكتئاب,1,2
اكتشفت انو اليوم فيني اكتئاب داخلي,1,6
انا أيد شيلة الحظر✋واله ملينا حاشنا اكتئاب,1,7
اكتئاب ما بعد الاجازة,1,4
تخيلي لي فترة وانا في اكتئاب وكنت اتوقع المشكلة تكمن ف الفراغ واني لازم اتوظف وزاد همي بعدين اكتشفت مشاكل كلها لا,1,22
اليوم اكتئاب وتهاوشت الحمداله ع كل حال,1,7
قمبله اكتئاب بعد نص اليل,1,5
واله جالى اكتئاب,1,3
رمضان غير 😁 المهم نبي الحظر يخلص واله صار فينا اكتئاب وهم,1,12
دبل اكتئاب اله ياخذ العدو,1,5
الصورة ال دي الي بالسماعة ياروش كنت بمر بفترة اكتئاب كانت في 2019 وكنت وازني زايد وشي متبهدل من السهر وكن,1,21
حايشتني موجة اكتئاب,1,3
قبل اعلان الهانكر كنا كأنا حمّل حالياً ولدنا وصار فيه اكتئاب ما بعد الولادة التشبيه رهيب,1,16
اكتئاب مع شوية قلق وعليهم ضغوطات حياة وشويتين كره لحياة الغير عادلة و مع رشّة,1,15
الي يسمعني وانا بقول عندي طاقة اكتئاب ميقولش انه عندي من سنتين مثلاً لغاية مابقيت اتعامل معاه علي انه من اساسيات حياتي خلاص ☺️💁🏻‍♀️,1,24
يارب احميني من نفسي بجد انا عندي طاقة اكتئاب رهيبة و كل العوامل الي تساعدني عليه كمان,1,17
انا عندي اكتئاب نوعين واحد يسد نفسي عن الاكل و غالبًا هذا يكون مصحوب بقلق الثاني يفتح شهتي على الاكل,1,20
انا كمية الفضايح و قصص التحرش الي قريتها انهارده جابتلي اكتئاب يابن المره,1,13
من يبغاها حلال عليه طفشت من كثر الفلوس عندي جابت لي أكتئاب,1,12
ملل إدمان تفكير إكتئاب🚶‍♀️💔,1,4
اكتر حاجة بترعبني و بتعبني نفسياً هي كلام ابويا على انه كبر و انه حاس ايامه بقت معدودة الافكار دي بتدخلني ف موجة اكتئاب و اله,1,26
احس من الحين شايله هم اكتئاب المغرب,1,7
🔴 من الخاص 📩 السلام عليكم اخواني لي فترة معاي اكتئاب شديد ومزاج متعكر بدون اسباب جربت الادوية النفسية وماجابت,1,20
بدايةً انا وقتها ما أعرف أيش معنى إكتئاب ولا عندي خلفية عنه كيف دخلت المرحلة بعدما إنتقلت من مدرسة عظيمة معطيه ال,1,22
وصلت ل مبقتش عارف دا اكتئاب ولا انطفاء ولا انا كدا فى حالتى العادية اصلاً,1,15
كل ما ارجع اسيوط يجيلي اكتئاب مش عارف كنت مستحملها ازاي,1,11
لأسف أول ماقريت البوست هبطت عليا موجة إكتئاب فاجأة متلازمة ال دي لازم ألاقيلها حل,1,15
طلع معاي اكتئاب حاد لاحول ولاقوة,1,6
في حياتي كلها مريت بأكتائبين اكتئاب في ٢٠١٧ وكان عشان صحتي كانت زفت وصدق تعبت وكرهت الحياه وكل شي سنه بس واكتئاب عل,1,23
مهما كنت مذاكر علم النفس و دارس فنيات علاج تمام التمام لما يحدث إثارة لاميجدالا ويجيك حزن او اكتئاب كل المعرفة ا,1,22
مسلسل كوفيد25 ده يجيب اكتئاب وقلق اكتر من الي احنا عايشين فيه,1,12
اخذت فيتامين د عشان كان عندي اكتئاب حاد ومع مرور الوقت اكتشفت انه العله مو بنقص فيتامين د العله بعيشتي هنا,1,21
شفته من زمان بس ما تحملت اكمله حاشني اكتئاب فضيع,1,10
مخي بيفكرني بميموريز سيئه بالنسبة لي ومصم يدخلني في مود اكتئاب يسطا مش كفايه عليا زتقه الامتحانات الي انا فيها انت عضو مش جدع علفكرا,1,25
واله انا زي زيك بالظبط معرفش ايه الي مزعلني ولا اكن اوضتي مرشوش فيها اكتئاب وانا قاعده بشمه 🤷‍♀️,1,19
موجة اكتئاب جديدة 🙂💔,1,4
أنا حياتي كلها ضحك وفرفشه ومعرفش يعني أي اكتئاب حتي اسأل صحابي,1,12
واله الواحد ما بيعرف هو اكتئاب ولا انطفاء ولا نضج ولا انعدام شغف ولا حالة نفسية,1,16
الصوره عبارة عن فول اكتئاب,1,5
اكتئاب ماقبل المقابلة الوظيفية,1,4
لا واله انا الي محد صبر عالحجر كثري مريت بحجرين حجر مخالط ١٤ يوم وحجر مصاب ١٠ ايام و غير ٤ ايام بجابر دشيت في اكتئاب,1,26
احس فيني اكتئاب,1,3
الناس بتعمل شوبينج تجد نفسيه وانا جالي اكتئاب,1,8
احس اني دخلت حاله اكتئاب او شي,1,7
انا البس بجامه و يجيني اكتئاب بعد المغرب,1,8
يحتاج اسبوع اطلع من اكتئاب هاي الحلقة,1,7
بمناسبة ان أحس ان اختي ١٣ سنة فيها اكتئاب بسب محيطها الزق واهلنا المتخلفين ورغباتها الي مو قادره تحقها بسبهم من,1,21
دخلتيني ف اكتئاب يشيخه حسبي اله ونعم الوكيل,1,8
واله الواحد ما يدري اهو اكتئاب ولا انطفاء ولا نضج ولا انعدام الشغف ولا تخلف ولا حاله نفسيه ولا هذي شخصيته,1,21
حاليا انا داخلة ف دوامة اكتئاب بسب الفراغ ده وقعدة البيت🙂,1,11
دعيت ربنا اخس خسيت جالي وسواس قهري جالي اكتئاب,1,9
القمر المكتمل بيجبلي اكتئاب هو حلو و كل حاجة بس بيكئبني,1,11
واله الواحد معد يدري هو اكتئاب ولا انطفاء ولا نضج ولا حاله نفسيه ولا هذي شخصيته,1,16
لحظة لحظة مين قالك اني مكتئبة و لا حاربت اكتئاب على كلا اسفه,1,13
موجة اكتئاب حاده,1,3
قاعده البيت اي ال تجيب اكتئاب ما انا مبخرجش من البيت واخر انبساط,1,13
صدق واله انا فيني اكتئاب,1,5
بدأت جد جدا وريحت شويه في النص بس بعد مريحت مبدأتش تاني وجالي اكتئاب ومذاكرتش من شهر ٤لحد الامتحانات ومحلتش اي امتح,1,22
اكتئاب فل مارك ولهي,1,4
اكتئاب حُزن فقدان شغ فصُداع خوفي ضياع بثانية وحدة اجتمعت كل هادي الشغلات فيا😥بسب الآخبار السيئة الي بشوفها,1,18
ماعرف هذا أكتئاب ولا فتره وتروح لكن هالشعور عمره ماراح ولا أختفى من داخلي ولو بشكل بسيط,1,17
استاذ ابراهيم عالج الصدمه بالكتابه اختلال الانيه يقع خلفه خوف شديد وقلق وأحيانا اكتئاب اكلمك من تجربه,1,17
الفتره دي الله يطلعني منها قبل ما ادخل ف اكتئاب م حقدر اطلع منو انا متأكده,1,16
انا عندي كميات سكرينات لماتشات في نفس اليوم ليهم تجيب اكتئاب لاخر العمر 😂,1,14
في موجة اكتئاب داخلة عليا ان شاء اله أن شاء اله هتبقي دي الي هتموتني بقي,1,16
أنا شام ريحه اكتئاب,1,4
كل ألم كل شقى كل تعب كل حزن كل هم كل اكتئاب كل صراخ هاذا تعيشه أنت,1,17
حزين اكتئاب بتوتر انكزايتي بت دا انت عندك سندروم التراباتيت بتعيط باليل بس عندك تروما يالا دكتور دلوقتي,1,18
الواحد جالو اكتئاب من الاوضه,1,5
وجالي اكتئاب بعد كدة,1,4
يارب 🙏 بس مش هتفاءل عشان الصدمه ماتكونش قويه جالي اكتئاب بسب الفريق,1,13
مين قالك محد راح ينتحر لذا الاسباب الا فيه اشخاص كثير ينتحرون لان شخص مات او تعبو من الدراسه او حتى بسب,1,22
اغنية المقدمة حقت الشقيري جابت لي اكتئاب مادورك في التحسين واله كنت من جيل الثمنينات كان التحسين عندنا انه عيب نسوي شي 🥲,1,23
ليا اكتر من شهرين فى اكتئاب وبلاوى سودة والموضوع اتطور لكوابيس وحاجة اخر قرف وفجأة يجي على بالى اشوف الرشته بتاعت ا,1,22
شفت خمس حلقات دشيت ب اكتئاب حاد,1,7
هو لدرجادي باين عليا ان محطمه ومريضه اكتئاب ده انا بتجيلي عروض في ال اتعالج وبلاش كمان ياحلاوه ياولاد,1,19
اتوقع انها المعدّه لانها تسبب اكتئاب وخوف وضيق ومكن تحسي إنك بتموتي من قوة الكئآبه طبيعي اشربي نعناع او شي,1,20
اكتئاب واله مش اكتر💔,1,4
الواحد بيجاهد عشان ميدخلش ف اكتئاب واله,1,7
انا حاليا مش حاس اني زعلان ولا فرحان ولا متضايق ولا مبسوط تفتكروا ده اكتئاب ولا تخلف😢😂,1,17
حر بالنهارملل في نص اليوم اكتئاب بليل,1,7
احا اكتئاب اكتر من كدة هيعمل فينا ايه,1,8
😂ف اكتئاب,1,2
قاعده اشوف مسلسل وفجاءه الاقيني بالموسم الثالث ومو باقي شيء ويخلص دخلت بحالة اكتئاب,1,14
شوفتي بقا هي مش ناقصة اكتئاب اساسا,1,7
منكم انا جالي اكتئاب,1,4
مش عارفه الي انا فيه دا فقدان شغف ولا اكتئاب ولا دا ايه مش لقياله اي مسمي,1,17
إكتئاب قطع السكر أصعب من إكتئاب قطع علاقتك مع حدا كان غالي على قلبك,1,14
حقيقي الفترة ديه بمر بحالة نفسية وحشة جدا و حاطة ايدي علي قلبي يطلع اكتئاب خصوصا اني عندي اعراض قلق و توتر,1,22
معنديش اكتئاب أنا اكتئاب 🚶‍♂️,1,5
اسمع اوست فويس وحاشني اكتئاب مدري هو عشان الاوست مرتبط باحداث توجع ولا هو الاوست حزين 😩,1,17
ياخي عطوا الناس اختصاصها هذا الي تشتكي منه الاخت اكتئاب الضيق بدون سب والبكاء وضيق الصدر وتقول انه يدوم فترات طويلة,1,21
موجة اكتئاب قوية,1,3
صارلي اكتئاب من المسلسل 💔🤦🏻‍♀,1,5
ما اتفقنا يا اكتئاب تجي برمضان,1,6
انا مراكم كمية فيديوهات عامله لي اكتئاب واله يخويا 🥺,1,10
اكتئاب وربي اكتئاب اله يعدي هال ٥ أيام على خير,1,10
هو مش اكتئاب بس الإنسان محتاج تأهيل نفسي,1,8
فكرة انك متساب وحدك وسط كل ده تجيب اكتئاب 🙄,1,10
اكتئاب مود 💔 عياط مود 😭بسب ومن غير واله المهم ان الهرمونات مش مقصره معايا خالص عامله الواجب وزياده الواحد ناقص,1,21
أكتئاب العام قاع يرجع بحذافيره,1,5
أحس جاني أكتئاب وهبوط,1,4
هما شوية اكتئاب موسمي وهيروحوا لحالهم,1,6
بوستات الكرونا بدأت تطلع ف التايم لاين تاتي والي هو الواحد لسه خارج من مود اكتئاب ومفيش حيل يدخل تاني 🤣,1,21
اكتئاب شديد اعيشه 💔,1,4
هذي ثالث مره اتروش اليوم كل ماجاني اكتئاب قمت تروشت,1,10
بحس كل مرحلة الها اكتئاب مختلف التنويع حلو برضو 🤧,1,10
اي ورقة عليها امضاء وختم نسر بقت تجيبلي اكتئاب الواحد ضيع عمره في مهازل واله,1,15
عندي كورونا واعاني حالياً من اكتئاب حاد كيف اقدر اروح عن نفسي,1,12
الواحد يدخل تويتر ما يطيق نفسه ويبي يترفه شوي وينبسط لكن يجيه اكتئاب زياده اله يعين,1,16
تقريبًا اكتئاب بس عامل نفسه مش اكتئاب,1,7
١٠ ارهاق و اكتئاب,1,4
احس ب اكتئاب عشان الاجازه اغلب وقتي في البيت وماعندي غرفة الحالي مافي مكان اخد راحتي فيه 💔,1,18
اه منا بحكي يعني ي شفيق شفيق اكتئاب نو سعادة😂😭,1,10
سلام بشرى عندي اكتئاب حاد ونصحني طبيبي بالرياضة وجيت ادور بتويتر عن الرياضة ولقيتك بطريقي ♥️,1,16
لسب ما اعرفه ارفض اسمي نفسي مضطربه وارفض اسمي حالتي اكتئاب رفض تام احب اسمي نفسي حزينه و بس,1,19
يا انا فيني اكتئاب ولا الايام صايره كئيبه🙂💔,1,8
بداية غرق في اكتئاب,1,4
خمس ايام ويروح بيكهيون❤️موجة اكتئاب مفاجئة,1,6
هذا اكتئاب حبوبة,1,3
الي بعده بدخل اكتئاب اني,1,5
كل تغريداتك عن التعدد صابني اكتئاب منها 🤮😐,1,8
خلصت علبه ميل فاي علشان حسبه ب حبه اكتئاب و قولت ممكن يساعد بس مساعدش و زعلت انه خلص 🙂,1,20
المباراة تجيب اكتئاب واله,1,4
مو دايم يكون مريض من قبل الزواج النساء الي اعرفهم جالهم اكتئاب حمل و ومابعد الولادة امر طبيعي بس ز,1,20
ولا هيحصل حاجة هيجيلك اكتئاب بس 😂,1,7
كم الاماراتين وبعض العرب الي بيعزوا الاسرائلين وبيدعولهم بالصبر تجيب اكتئاب دول ملعونين في كل كتاب هم ومن ساندهم,1,19
الفقر ايوا الفقر دماغك مش هتبطل تفكير جسمك هيخس وشك هيكرمش لسانك هيسكت ومش هتستحملي حد عنيك حزينه م,1,19
القعدة في البيت بتجيب اكتئاب,1,5
اكتئاب حاد فالاذن الوسطي,1,4
واله الفتره دي الواحد صار مهو عارف هوا ايش فيه اكتئاب ولا ضيقه ولا يأس صرنا نحس بحاجه كابته علينا ومحنا قادرين نوصف الشعور دا,1,25
امزح الصدق ماودي اتذكر خايف اتدخل اكتئاب,1,7
مدري هو اكتئاب ولا وش بالضبط بس مشتاق لترمب,1,9
احس بدخل حاله اكتئاب متى اخلص يتعب,1,7
الواحد مايدري اكتئاب ولا انطفاء ولا نضج ولا انعدام شغف ولا حاله نفسيه ولا هذي شخصيته,1,16
عشان كذا سحبت عليه زمان سب لي اكتئاب,1,8
يجيني اكتئاب لو مامشيت عالاقل ساعه باليوم,1,7
الشيء الوحيد إلي مقدر اوقف قلق و اكتئاب و رغبة بالإنتحار منه هو إني أنثى,1,15
هذا اكتئاب مابعد تسديد الفاتوره,1,5
الي قاعده اعيشه هو اكتئاب ولا انطفاء ولا نضج ولا انعدام شغف ولا تخلف ولا حاله نفسيه ولا هذي شخصيتي,1,20
اعتقدها البعض أنها فترة اكتئاب ولكنها فترة النضج,1,8
الطاقه السلبيه المجتمع الصدمات الخذلان المرور بفترة اكتئاب ☹️,1,9
اي شخص ما عنده اكتئاب احس ما عنده هم ابداً سوا الدلع,1,12
مش عارف هل انا الوحيد ال بيجيله اكتئاب اكتر م هو أصلًا مكتئب من ده ولا انا مش طبيعي نافورة تنمية بشرية,1,22
طول عمري نفسي اتعلم نجاره ولما روحت اسأل علي سعر الكورس لقيت رقم الهم احفظنا يجيب اكتئاب,1,17
طب ده أنا عندي صديقة أخدت الإتنين فايزر علشان حابسة نفسها في شقتها من الخوف لغت,1,16
واله ما أنا عارف هو اكتئابولا انطفاء ولا نضجولا وحدةولا توحد ولا😂,1,12
التيس فيه إكتئاب,1,3
دايم لما اصحى متأخر عالمغرب كذا يجيني اكتئاب ومزاج سيئ بزياده السؤال ليه يصير كذا وهل فيه احد مثلي صراحه مزاج زب,1,22
شكلها ليلة اكتئاب توقعت تحسن الوضع لأنها ما جتني من فترة لكن بوادر القلق والتوتر بدأت تطغى,1,17
بطلع الي بقلبي وخاطري هنا دخلت اكتئاب لمن كان عمري ١٠سنين لمن صار عمري١٤سنه بدأ اخوي الي اكبر مني بسنتين,1,20
الواحد معد يعرف سبب الضيقة هو الحزن ولا اكتئاب والا الي عايشين معاهم يجيبوا الهم والغم وبسبهم يدمرون نفسيتك وعقليتك,1,20
كل الأشجار الي يزرعونها تسب اكتئاب ومحد يستفيد منها اصلاً ومحسيني اذا زرعوا نخيل البحرين بترجع جنة بكب,1,18
اله يحرق مدام هناء على مؤنس على ابراهيم ذات نفسه جابولي اكتئاب هما الثلاثة ومعاهم بدر بيه,1,17
واله الواحد مايدري هو انطفاء ولا اكتئاب ولا نضج ولا انعدام شغف ولا تخلف ولا حاله نفسيه ولا هذي شخصيته,1,20
عندي استفسار يالغالي من أين أت ترجمة اكتئاب جسيم بعض الكتب تطلق عليه اكتئاب شديد وبعض المراجع اكتئ,1,18
صرت افكر اسحب على جونقلي عشان اضمنها مقدر بيجيني اكتئاب لو ماتجيني,1,12
انا قاعدة اتخيل انى عايشة مع ناس زى دول دة انا كان جالى اكتئاب مزمن وتوحد كمان,1,17
🔴 أتريد التخلص من اكتئاب زمن كورونا إليك هذا الحل السحري,1,11
قاعده انهم بداية اكتئاب جديد,1,5
بتيجى عليا لحظات واحس بضعف قلبى وبكون عاوزة اعيط جدا ولولا رمضان واله كان زمان الواحد دخل فى اكتئاب الحمد ل,1,21
انا ليه كل يوم يجيني اكتئاب دا الوقت 😑,1,9
انتي فيك فصام وثنائي القطب وانا فيني اكتئاب اذا حابه نتكلم ونتشارك الامنا سوا لان محد بيتفهم غير الي عندهم هالالم,1,21
واله مو عارف هوا اكتئاب ولا انطفاء ولا توحد ولا,1,10
معد اعرف الي فيني هو اكتئاب ولا انطفاء ولا نضج ولا انعدام شغف ولا تخلف ولا حاله نفسيه ولا هذي شخصيتي,1,21
بدأت أحس بالنقلة النوعية الي صارت بحياتي وهاد مسبلي اكتئاب مش عارفة أطلع منو,1,14
اكتئاب وملل وخمول,1,3
اعتقد سكان شمال جده بيجيهم حالة اكتئاب شديد,1,8
جو اكتئاب وجلد ذات,1,4
وربي انك فخورة فيك محد ينزل يصور مثلك وربي فخورة فيك كثيرا ماعليك تهون يعوضك ربي احسن افضل كل شي كلنا قاع,1,22
فيه ناس يمرون بمشكله نفسيه وتصاحبهم كل هالسنوات وظروف سواءً اكتئاب او غيره,1,13
انا قاعده افكر بالقطوة ذي شكان اسمها وهل مات عندهم وتايلور جاها اكتئاب او اتبناها احد ثاني او هي مب قطوتهم اصلا,1,22
مش معني إني بحب أقعد لوحدي وبفضل الهدوء لأوقات طويله إني زعلانه❎ عندي اكتئاب❎ مبعرفش اتعامل وغريبه❎ أنا إنسان طبيعي,1,20
جد ما اكذب قايز احسني بديت اصير ايجابيه واتحسن صح انو لما تجيني نوبه اكتئاب اكون اسوء من قبل بس من ارجع طبيعيه,1,23
تشانل يوتيوب وبالذات الوثائقيات الي بيقدموها موقع مدي مصر قولا واحدا بحسه بيقدمي وجبة كبيرة من الحقائق مبشو,1,18
اذا مريتي بفتره اكتئاب بتغيري تسريحه قصه لون شعرك عشان تطلعي من الاكتئاب ولا عشان تخلصي من آثار الاكتئاب يعني,1,20
الحقيقه أنا شايف إن أحسن حاجه الواحد يقدمها لنفسه الفتره دي إنّه يتعود ع الحياه لوحده يعيش لوحده يخرج لوحده ي,1,21
في اكتئاب,1,2
ليلة فيها من الخير مالذ وطاب اشرقت بالنور حتى كسانانورها انورت واستبشر القلب مافيه اكتئاب دامت,1,16
يقولون مكتئب اذا أنت عاصي وبعيد عن اله وفاشل كلامهم غير صحيح طريقة الانتصار على الحزن والتحرك لأمام وسر المقاوم,1,20
هم ليهم عين احا مفيش ولا لعيب ليه انه يتكلم ولا حتي ميسي ما هو اول كام شهر في الموسم كان عنده اكتئاب اكيد العبط دا,1,26
لا مو اكتئاب بس فقد شغف 🤦🏻‍♀️,1,7
يقال لي اربي قطو عشان يخف الاكتئاب جابت لي اكتئاب اكثر توبة اربي لا الحين ولا بعدين,1,17
تحس فيك اكتئاب,1,3
اي واله كرهوني الدنيا وجاني اكتئاب ونفسية اخرتها لهم القصور والسفريات ولنا الدخل,1,13
يهوذا بعد ما سلم المسيحدخل في حالة اكتئابو جلد ذاتو لومو مشاعر ذنب بعدها علي طول جري علي رؤساء الكهنة عشان,1,21
توني راجعه من برا وجاني اكتئاب ما افهم وش الدلع ذا,1,11
جالى اكتئآب من سريه وسفينه😭,1,5
بالمجتمع هذا حتى اكتئاب ماتقدر تكتئب على راحتك,1,8
اروح اماكن حديده 5 شهو ماطلعت من البيت بس قلك مايحس بشي دا الي جربو وقت الحجر شعر ونص الناس كلها حاشها اكتئاب,1,23
هذا مو اكتئاب بس ايش,1,5
موضوع يجيني اكتئاب وانا افكر بجين متى يصبغ احمر ذا اسوء تضارب شفته بحياتي,1,14
ايوه قاعده اشوف مصدومه ويقول عن ريوجين فيها اكتئاب حاد,1,10
بقترح ان مسلسل ملوك الجدعنة ده يتوقف عرضه واله لانه جابلي اكتئاب خلاص,1,13
مو صاحيه المشكله انا احترمت وجهة نظرها وقلت اوك القرآن علاج لكن مو في كل الحالات مثلاً نفرض فيه شخص مسيحي وع,1,22
من صحيت وانا حايشني اكتئاب ما اعرف مصدره,1,8
اس عندي اكتئاب و نبي نبكي بس مأجلتها لبعدين,1,9
واله فعلا اكتئاب وملل😂,1,4
دا اي كل المسلسلات الي تجيب اكتئاب دي,1,8
الراحه النفسيه ثريد عن مركب السيلوسيبين او مايسمى بالفطر المهلوس في جامعة بريطانيا بالتحديد إجراء الدكتور روبن دراس,1,18
كيف اصارحها ان انا الي فيني اكتئاب,1,7
داهمني اكتئاب شديد بشكل مفاجئ مهد لي شوي طيب,1,9
انا اذا شفتكم كاتبين متفائلين جاني اكتئاب,1,7
من أحسن الحاجات إلي الواحد يقدمها لنفسه الفتره دي إنّه يتعود ع الحياه لوحده يعيش لوحده يخرج لو,1,18
من الحين جاني اكتئاب شهر شوال 🌚💔,1,7
احلى حاجة عرفتها الفترة الاخيرة ولقد نعلم أنك يضيق صدرك بما يقولون فسبح بحمد ربك وكن من الساجدين,1,18
قاعده ادعي العيد حجر عشان تعاستي ما تدخل اكتئاب,1,9
واله الواحد م عاد يدري هو اكتئاب ولا انطفاء ولا نضج ولا انعدام الشغف ولا تخلف ولا حاله نفسيه ولا هذي شخصيته الطبيعيه,1,23
احس جاني اكتئاب من الماده الي قاعده ادرسها ابي اتقاعد من الحياة بسرعه لانه خلاص تعبت,1,16
يا سلام عليك انا شخصياَ لامن يبتعد مني زول بيني اكتئاب ما بحب اخسر زول بي هينة,1,17
الواحد مايدري هو اكتئاب ولا انطفاء ولا نضج ولا انعدام شغف ولاتخلف ولاحالة نفسيه,1,14
ياهكر ياعيني ليش تسبين لي اكتئاب بفديو المختله هذي 💔,1,10
معلومة الرضاعة الطبيعية تحمي من اكتئاب ما بعد الولادة,1,9
استغفر اله اذا مابغيتي السوق حطوك معقده وعندك اكتئاب ورهاب اجتماعي وتوحد 😭😂,1,13
عندي دلوقتي طاقه عياط و اكتئاب رهيبه,1,7
يجب على الرجل يومياً أن يَجلُب لزوجته و أخته الحلويات كون الأناث تمر بحالات أكتئاب و فترات عصيبة و لا مانع من أحضار,1,23
عنيف اوي اكتئاب ال2 دا اطفال العيله بيراضو فيها 😂,1,10
وقسما باله اكتئاب حاد بدرجه قويه,1,6
الموضوع طلع صعب واحساسك انك لوحدك صعب وانك تعبان وموجوع والموضوع بيتمكن منك كل شوية,1,15
الحمدله مو موجود ولا جاني اكتئاب,1,6
اه فيني اكتئاب مفاجئ وماني عارفه وش السبب,1,8
بالخطأ دخلت تويتر العماني وجاني اكتئاب,1,6
بصي كفاية عليكي كلام معايا كده عشان ماجبلكيش اكتئاب 😂,1,10
الواحد ما يدري هذا نضج ولا اكتئاب,1,7
ي ناس دخلت في حالة اكتئاب مسلسل,1,7
عجبني اصرارهم بس النهاية جابت لي اكتئاب 😬,1,8
أعراض مرض البلاجرا هى التهاب حاد بالجلد و إسهال و غثيان و صداع و اكتئاب 9,1,16
جماعة الخير ترا الاكتئاب و القلق و غيرهم يعتبرن امراض نفسيه وركز لي على كلمة أمراض يعني يبالهم تشخيص و تاكد من,1,22
أنت شخص تعرضت لحاله اكتئاب تعايشها منذ سنوات وبدأت الحاله عند وصولك لسن الثلاثين لانك عالق ولا تستطيع تق,1,19
لا ي آيات انا مكن يجيلي اكتئاب فيها انتي استرونج 🥺,1,11
احس اهل الطايف عندهم إكتئاب,1,5
كنت أجي لك ود لو كلّي عتاب وأبتسم لك زيف لو كلّي كسور ماتركتك تلمح بوجهي إكتئاب كنت أبروّز صورة أحزاني سرور ليه,1,23
الامراض النفسية انحط لها دكاتره لسب لانها تقدر تدمر حياة الانسان مثل الامراض الجسدية حتى لو كان بصحة جسدية جدية ا,1,21
خصوصا المبات الطويله ذي تجيب اكتئاب وتوتر وطاقه سلبيع,1,9
كفاية إعلانات كومباوندات بقى جبتولنا إكتئاب,1,6
ومفتقده ان اكون شغوفه ومتحمسه ان اعمب حاجه لان كل حاجه انطفت في عنيا مش اكتئاب ولا حزن ولا بكاء ع اطلال بس اسلوب,1,24
الحزن اذا زاد عن حده اصبح اكتئاب يجب العلاج منه اذكر عندما كنتُ حزيناً دائماً لم أكن أعلم انه اكتئاب,1,20
مسكينه توها قبل اسبوعين تقول انا ما قدرت انوم واكل وجاني اكتئاب من النهاية😔💔متخلفة,1,14
ليكون يلعبونها هذي يجيني اكتئاب وانا احاول افهمها,1,8
هل فيه حد مجرد ما اشوفه يجيلي اكتئاب غير أدريان برودي الاجابه لأ طبعا,1,14
بيجيني اكتئاب من هذا الاكل,1,5
حد راش إكتئاب ف الجو,1,5
الصراحة مش فاهمة الاستاذ شابوه بيعمل ايه يعني احنا ناقصين ذعر و اكتئاب هل مثلا الكورونا خلصت و بندور على ڤيرس جديد,1,22
واله الواحد معاد يدري هو اكتئاب ولا انطفاء ولا نضج ولا انعدام الشغف ولا تخلف ولا حاله نفسيه ولا هذي شخصيته,1,21
متضايق حزين مهموم جايك اكتئاب بعد الفطور تفضل فيديو ينتشلك من جديد ويعيد لك الحياة,1,15
بيجيلي أكتئاب اول ما نبدأ نشيل السجاجيد وندخل في دوامة تنضيفة العيد,1,12
لما يذلونا على نومنا واحنا ماخذينه مهرب منهم ومن الي نعيشه ويغتصبونا نجلس معهم ولا بياخذو الجهاز منا وهم ما يتقبلو,1,21
مرحله اكتئاب مابعد التخرج,1,4
ابوهندالقحطاني انا مدري كيف هند هاجرت وتركت ابو طيب يخاف اله انا ابوي اله يرحمه كان مريض نفسي عنده اكتئاب حاد,1,21
شكلك نسيت المقطعالي مصورينه من داخل السياره وهو ماسك دموعه هذولي صورتين وفيديو اكرهم ويجيني اكتئاب اذا شفتهم بالتايم لاين💔,1,20
يمكن تمر بفترة اكتئاب او فيها مس او اي سب آخر وشكراً لك كل ذوق حبيت ردودك اله يزيدك نور 💞,1,21
واله الواحد معد يدري هو اكتئاب ولا انطفاء ولا نضج ولا انعدام الشغف ولا تخلف ولا حاله نفسيه ولا هذي شخصيته🚶🏻‍♀️,1,21
الإجازات بتجيبلي اكتئاب,1,3
معدش حد يقولى انتى خسيتى كدا ليه مش ناقصة اكتئاب واله,1,11
ه الحمدله انك بحياتي اقول ولا كان جان اكتئاب,1,9
١٨رمضان١٤٢ واله الواحد معد يدري هو اكتئاب ولا انطفاء ولا نضج ولا انعدام الشغف ولا تخلف ولا حاله نفسيه ولا هذي شخصيته 🤷🏻‍♀️,1,23
انا حايشني اكتئاب حمل هل طبيعي بكي و قلق و تفكير بمسؤوليه طفل🥺,1,13
واله مو عارف هوا اكتئاب ولا انطفاء ولا توحد ولا نضج ولا,1,12
حسابج مادخلته صدفة عبث 💔 من الصباح وانا اصيح بسب ايش ان شعري طاح بشكل مزري وبدون سب جاني اكتئاب,1,20
واله الواحد صار مايدري هذه اكتئاب لو انطفاء لو نضج لو انعدام الشغف لو تخلف لو حاله نفسيه لو هاي شخصيته😂,1,21
أحس اني الوحيدة الي لما اكل هالاكله يضيق صدري ويحوشني اكتئاب حاد,1,12
التعب النفسي مؤذي جداحاولوا لو لقيتوا حد داخل ف اكتئاب حاولوا تكونوا جمبه تخف عنه حتي لو هو رافض دا,1,20
نفسه وكذالك مايصير مثلي ويتخذ قرارات خاطئه بفتره يمر بيه بازمه نفسيه او حالة اكتئاب او او لان يكون معمي وسلامتكم,1,21
وحده تقول من ٢٥ إلى ٥ رمضان منع تجول الحمد له طلعت كذابه احنا محبوسين خلقه ما نطلع من الرعب جانا اكتئاب,1,22
التيس عنده اكتئاب وشعور بالخذلان,1,5
اكتئاب بس ستل احبك 👩‍❤️‍💋‍👨👩‍❤️‍💋‍👨,1,5
شعور حلو يكون لك حساب تكلم فيه ما عندك احد يقول جبت لنا اكتئاب من كلامك,1,16
واليوم احس ان الأمل فيك معدوم وبديت افكّر بالعذول وكلامه سرّ اكتئاب النفس يا بنت معلوم دايم طريقه ينتهي بالملامه,1,20
زاد من الاكل وخلقه زايده من قبل وداخله اكتئاب خلاص,1,10
مطر المفروض انبسط بس جاني اكتئاب وضيقه مدري من فين,1,10
توم هولاند على الاقل ما يتكلم بطريقه باردة تحسك ان بيتر عنده اكتئاب,1,13
لأ عادى مش زعل ولا اكتئاب بس زهقت من خلقتى بتحصل كتير أو دائما,1,14
إياك أن تنبهر بكل ما تراه فبعض الماء سراب و بعض الأصدقاء خراب و بعض الأقارب أغراب و بعض البعيدون أحباب و بعض الفرح,1,24
انتي لو شوفتي اوضتي هيجيلك اكتئاب بس واله انا بعافر 😂,1,11
أنا شايف إن احسن حاجة تقدمها لنفسك الفترة دي إنك تعود علي الحياة لوحدك تعيش لوحدك تخرج لوحدك تاخد قرارات,1,20
وتكون مشرق لحياة بشكل رهيب وعندك خط و اهداف و دنيا جميله فخيالك جتلك الفرصة تحقها تروح الدنيا تقولك انت صدقت نفس,1,22
واله الواحد ماقام يدري اهو اكتئاب ولا انطفاء ولا نضج ولا انعدام الشغف ولا تخلف ولا حاله نفسيه ولا هذي شخصيته,1,21
اكتئاب الاجازه الي بتعدلها بالثانيه عشان تنزلها 😑,1,8
اكتئاب ما بعد الافطار,1,4
مرة 💔 واله خلصت آخر حلقة وعندي اكتئاب وبتجهز اطلع اغير جو علشان انسى لكن,1,15
لما بخش فمود اكتئاب او انعزال باخد قرارات صح وناضجه وبتبقي كل تصرفاتي مظبوطه,1,14
حسابه اكتئاب نادر الصور الحلوة,1,5
اخ ليتني ماشفت بناتا فيش اكتئاب لسما😣😔,1,7
الا بس في حال لو مريتي باكتئاب وماصار لك نفس تأكلي هناك نقول من اعراض الاكتئاب بس مو كل من قل شهيته صار اك,1,24
نعيش مشاعر اكتئاب بسب احداث سلبية قديمة ونحمل الاخرين مسئولية مشاعرنا تذكر مشاعرك وليدة افكارك لنتفائل,1,16
إكتئاب متوسط ما عليه,1,4
واله الواحد معد يدري هو اكتئاب ولا انطفاء ولا نضج ولا انعدام الشغف ولا تخلف ولا حاله نفسيه ولا هذي شخصيته🦦,1,21
أحس رغم إني أتفهم كلامه مسبقًا عن كون الي يحس فيه هو السأم فعلًا بس كلما قريت أكثر بديت أشك مو مكن يكون بكل بسا,1,25
واله الواحد معد يدري هو اكتئاب ولا انطفاء ولا نضج ولا انعدام الشغف ولا تخلف ولا حاله نفسيه,1,18
هاجر اكتئاب معانا اتفضلي المايك😂💔,1,5
حد قل ذوقه عليا مليون مرة وجرحني كتير وتسب لي في اكتئاب شديد وسكت له كل مرة جيت رديت عليه مرة واحدة بس دماغي بق,1,25
يا إن صوت المنبه يجيب لي حالة اكتئاب حتى لو مو بجوالي,1,12
سلامتج 💕ان شاء اله آخر اكتئاب,1,6
يجيني اكتئاب كل ماتذكر بكره عندي دوام,1,7
في شي عايبنج في البلاد اصلا حسابج بكبره حرطمه و اكتئاب شو هالحياة 🤣,1,14
بيجلدوا ف ذاتهم ويجيبوا لنا اكتئاب 😹,1,7
مع احترامى لادوية مضادات الاكتئاب مفيش مضاد اكتئاب احسن من تمرينة رايقه ف الجيم,1,14
اتاري الدارك مود هو الي كان عاملي اكتئاب اهلا بالون الابيض اهلا,1,12
شدخل اكتئاي بالعكس بيجينا اكتئاب من الحر والكتمه,1,8
تم تفعيل مود اكتئاب ما قبل السفر,1,7
احس لا مدري ليه بس احس بيحوشنا اكتئاب جماعي,1,9
أنا السنة الي فات أخدت قرار أني مش هشوف حلقة منسي وفعلا لآن ماشفتهاش ولا عايز أشو,1,17
هو شكل ف حد بيرش اكتئاب ف الجو 😭,1,9
الحبكه ذي جابتلي اكتئاب,1,4
بابا مخلي لمبات البيت كلها بيضاء فقعت راسي يقول الصفرا تجيب اكتئاب يعم الاكتئاب فينا من اول جيب بس,1,19
واله مو عارفه هوا اكتئاب ولا انطفاء ولا توحد ولا نضج ولا ايش,1,13
و مابدنا دموع دموع شو كل سنة حزن و اكتئاب 😠,1,11
اول شي صفنت وطگني اكتئاب لمدة 5 دقايق ع بالي طلعلنا تاج راس جديد بس الحمد له طلعوا نفس الخر١ ستنتصرثورةتشرين,1,21
بقالي شهر بنام ١٥ ساعه كل يوم وانا اطول فتره كنت بنامها ٧ ساعات ان شاء اله انيميا مش اكتئاب ولا حاجة,1,22
طب كلكم منهنهين مع مشاهد حياة و صافي و انا اكلة هم حلقة اخيرة خايفة يدخل الحبس و يكتشف انها نقيب و يبعتلها حدا من م,1,26
واله الواحد ما بقى عارف هو اكتئاب ولا انطفاء ولا نضج ولا وحدة ولا توحد ولا كله مع بعض,1,19
حياتي هالفترة صايرة كلها مزاجية ضغط اكتئاب عصبية قلة نوم ومل وقرف وعياط وصراخ😪💔,1,14
مسلسل ده بقى بيجبلي اكتئاب,1,5
تالت حتة في مؤنس الأقناع والأباحة تحابيش هدفها يستحوذ على الي قدامه وخلاص مش مهم أي حاجة تانيةيعني انا هبيح الي,1,21
لا شدعوا مو اكتئاب بس ملينا,1,6
كلكم عندكم اكتئاب وانطفاء اجل مين المبسوط انا🙂,1,8
ذا نضج ولا اكتئاب,1,4
ده اكيد الدراسة لازم تجيب اكتئاب,1,6
1 حالة اكتئاب 💔 حتى تفنى العوالم يَ صديقي 2 ده من طيب اصلك يارب ولك ب المثل ♥️♥️,1,19
ليه اخواني ما اقدر اشوفهم وليه ابوي مايكلمني ولا يحس اصلا ان عنده بنت وليه مقدر اكمل جامعه وليه لازم اشتغل ٩ ولا ١٠,1,24
حرفيا انا كل ما احس نفسي داخلة على موجة اكتئاب بقص شعري او بحلق,1,14
مشكلتك مو عارفه تستمتعين بوقتك حاطه جدول يعني انا قويه ونشيطه ماله علاقه اخرتها بتملينواذا حسيتي بتحسن ال,1,18
صار لها حادث سقوط من الخيل وسوت عمليه بعدها ع يد اطباء فاشلين وصارعندها تشوه ومشاكل,1,16
أنا شايف إن أحسن حاجة تقدمها لنفسك الفترة دي إنك تعود على الحياة لوحدك تعيش لوحدك تخرج لوحدك تاخد قرارات لوحدك,1,21
انا لو رحت لدكتور نفسي هجيبله اكتئاب واحتمال جلطة,1,9
ان كان له فلا حزن ولا اكتئاب,1,7
إكتئاب البيريود ده أسوأ م الإكتئاب العادى لو تعلمون,1,9
جاني اكتئاب من هذا الشي 😭,1,6
جواتنا شغلات كتير مكتومة لا قادرين نساها ولا قادرين نحكيها لحدا بس هي بتحكي عن حالها بهيئة زهق عصبية اكتئاب من غير سب 💔,1,24
انا كيف نسيت ان تهاني قعدة ٧ سنوات بنفس كليتي لو اني متذكرة من اول الاسبوع كان ما صكني اكتئاب,1,20
منكم جاهم اكتئاب ومع شده اكتئابهم ما حملو سلاح واطلقو نار ولا توعدو بحرق بيوت الناس,1,16
في حال تواجده بالملعب يعيشك بحالة اكتئاب,1,7
لكن كيف نتأكد أن إنتحاره ناتج عن ألم نفسي ثم كيف نقر أن ما أصابه إكتئاب و لا غير,1,19
اكتئاب الصيف وكل صيف,1,4
يمكن عندك اكتئاب,1,3
اكتئاب السنه الي راحت قاعد ينعاد,1,6
أظهرت الدراسة أن ٤٨٪ المشاركين لديهم أعراض اكتئابية بينما ١٨ ٪ كانت لديهم أعراض اكتئاب متوسطة إلى شديدة وأن الطبيب,1,20
انا حصلي اكتئاب بعد الولادة اسبابه كثير اهمها نمط الحياة تغير النوم شبه قل بشكل كب,1,16
لا ما هي ذيك اكتئاب😭,1,5
الخوف من كُل ماهو جديد يجعل الكثير من الآباء يعتقدون أن ألعاب الكمبيوتر مضرة لأبنائهم على الرغم من أنها أفضل وسيلة لعلاج إكتئاب المراهقين,1,24
واله الواحد م عاد يدري هو اكتئاب ولا انطفاء ولا نضج ولا انعدام الشغف ولا تخلف ولا حاله نفسيه ولا هذي شخصيته,1,22
هاليومين صايره كل ماقمت من نومي اقول الحمدله انه حلم الاحلام مبدعه راجعه بقوه بس الحمدله اني انسى ولا واله ليحوشني اكتئاب وازمه نفسيه,1,24
شايفينا ناقصين اكتئاب يعني,1,4
واله ما أنا عارفه هو إكتئاب و لا إنطفاء و لا نضج و لا وحدة و لا توحد و لا 🙄,1,21
شلة عندها اكتئاب طول السنة😂,1,5
خلص أصابني اكتئاب,1,3
هل صحيح في قدساوية حايشهم أكتئاب والبعض منهم يعالج اليوم بعد تصدر الزعيم والفارق ٧ نقاط عن الثاني الى الان,1,20
شايفه إن أحسن حاجة تقدمها لنفسك الفترة دي إنك تعود على الحياة لوحدك تعيش لوحدك تخرج لوحدك تاخد قرارات لوحدك مش,1,21
اوك الطبيب الثاني راحت معي وقالها اضطراب اكتئاب جسيم وافكارها انتحارية وغالباً تحتاج تنويم تبيني ابلع مضاد هلع ليش,1,19
يعني اتكلمتوا يعني خلاص مفيش اكتئاب تاني سبتني لوحدي مع الاكتئاب مع السلامة ي غريمي 😂,1,16
طب ي حبيبي مدام انت واد فشيخ وبطيل بطل اكتئاب كمان,1,11
انا اشعر بملل شديد وانفس احياناً معنى حالياً كل شي تمام الحمدلله بس احس ودي ع طول اكون مشغول ب اشياء,1,21
اكو حالة اكتئاب كلش حادة توصلج حتى متكدرين تحركيناني صارت بية ونزلت ١٥ كيلو خلال سنة,1,16
الي عرفته من اختها ان عندها اكتئاب 🌚,1,8
لأنها دولة جربانة ومسعورة لافتاً إلى أن الدولة لا تدعمنا بأي شيء فهم يعتبرونا من القطاعات غير الأساسية بالرغم,1,19
الحمدله الذي بنعمته تم الصالحات الانستجرام جابلي اكتئاب,1,8
واله يعني الواحد معد يدري هو إنطفاء ولا نضج ولا إكتئاب ولا انعدام شغف ولا تخلف ولا حاله نفسيه ولا هذي شخصيته,1,22
و اله الواحد ما يدري اهو اكتئاب و لا انطفاء و لا نضج و لا انعدام الشغف و لا تخلف و لا حاله نفسيه و لا هذي شخصيته,1,28
حد قالي مكن انك مش كويس نفسيا و محتاج تاخد علشان تريح نفسيتك من ضغوط او اكتئاب 😅,1,18
اكتئاب ما قبل السفر,1,4
انا المطر والمساحات المفتوحه والغابات والاماكن الي فيها غابات والصحراء الواسعه تسب لي اكتئاب وهلع,1,15
حالة إكتئاب كُل يوم تَتجدّد بِلا نهاية,1,7
واله الواحد مايدري هو اكتئاب ولا انطفاء ولا نضج ولا انعدام الشغف ولا تخلف ولا حاله نفسيه ولا هذي شخصيته,1,20
بيعجبنى حزاينى رامى و عمرو بيجيب اجمد اكتئاب 😅,1,9
مكن تقولو ان الفتره دى اسوأ فتره في حياتي بقيت فاقده ثقتى حتى في نفسي اقسم باله بقيت بخاف من البشر بقيت و بتنفس اكتئاب💔,1,25
طلع اكتئاب مش جضان يا رجالة,1,6
واله الواحد معد يدري هو اكتئاب ولا انطفاء ولا نضج ولا كلهم مع بعض,1,14
انقذونا قبل العيد رمضان والله الواحد ماعاد يدري هو الي عنده إكتئاب ولاخمول ولا حالة نفسية ولا هذي شخصيته,1,19
ترى حتى الحيوانات تعرض لنفسية والاكتئاب مو بس البشر تذكرون الأسد إلي هجم على صاحبه المصري وقطع ك,1,18
الحمد له بجد مهما اقعد في البيت مش بزهق و لا بيجيلي اكتئاب من قعدة البيت بالعكس بحس بهدوء وامان بدل حرقة الدم الي,1,24
بوست لوالد واحده زميلتنا حتي الاهالي جالهم اكتئاب له الأمر من ق,1,12
واله الواحد معد يدري هو اكتئاب ولا إنطفاء ولا نضج ولا انعدام الشغف ولا تخلف ولا حالة نفسية ولا هذي شخصيته,1,21
أنا مقدر واله إن كلنا عندنا اكتئاب بس رجاء ذوقياً متبخلش في أنك تبان مبسوط لو حد عملك حاجة تبسطك ولما حد يسأل على,1,24
امانه يارب لا احس وقتها بدخل بحالة إكتئاب😢,1,8
أرى السحر طاقه شريره تظرب أماكن معينه بالدماغ فتجبر الدماغ على التخيل لبعض الشخصيات المذكوره بالاساطي,1,16
ليه انتي شيفه كلهم عندهم اكتئاب 🙃,1,7
أنا شايف إن احسن حاجة تقدمها لنفسك الفترة دي إنك تعود علي الحياة لوحدك تعيش لوحدك تخرج لوحدك تاخد قرارات لوحدك,1,21
انا قررت اقصو لمن كنت في بداية اكتئاب ف ممكن يكون ايوه فيهو حاجه صح كلامك,1,16
ابغى ارفع خطاب انا نقل الحياة ليل كيف انتم تعيشون العصر بدون اكتئاب,1,13
المسلسلات الي بتفرج عليها دي هتجيبلي اكتئاب قريب,1,8
فيلم جابلي اكتئاب نص القاعه قعد تعيط خوفنا من كبر السن اكتر ما احنا خايفين شغال في الزاوية حفلة ١٠ ونص,1,21
من زمان ما غردت بتويتر صار وقتي نوم اكتئاب ومرض شهالحياه,1,11
واله الواحد ما يدري هو اكتئاب ولا انطفاء ولا نضج ولا انعدام الشغف ولا تخلف ولا حاله نفسيه ولا هذي شخصيته,1,21
واله ما أنا عارف هو اكتئابولا انطفاء ولا نضجولا وحدةولا توحد ولا,1,12
الواحد صار ما يفرق هذا اكتئاب ولا حياتنا الطبيعية,1,9
هو ازاي المواطن المطحون ده كان بيتقدم في قص اطفال بجد انا بحبه اه وكل حاجة بس كانت حياته بؤس اوي دي قص تجيب اكتئ,1,25
لدي خبران واحد تعيس والثاني جيد لكم التعيس اني لن احذف الحساب والجيداني س احذف تويتر لبعض وقت لا اعلم شهر او,1,22
مود اكتئاب الميد تيرم مسيطر عليا يا فاطمة 🥲💔,1,9
مشهد ربيع في القاهرة كابول دا كفيل يجيب اكتئاب حاد في الدرجة الاول وبيمثل معظم الي بيحس بيه الشباب,1,19
طول مانا اعرفكم حياتي هتفضل اكتئاباكتئاب,1,6
قعدتنا بتجيب اكتئاب أكتر ماحنا مكتئبين💔,1,6
حرفياً مليت وبديت اكتئاب من هشي,1,6
واذا رجع يجيه اكتئاب,1,4
كل ما بصحى الصبح وألاقي شمس والجو حر وسخن وعموماً كل ما بحس إن الصيف بيقرب بحسني داخله على إكتئاب حاد😤,1,21
دا حتي الاحلام بتفكرنا بالي مش عايزين نفتكره وتجيب اكتئاب,1,10
كثير بتعز عليا نفسي لأنو هالجملة كانت سب اكتئاب ٦ شهور وكثير بعز عليا وقتها انّي ما قدرت أرد لأنه,1,20
بالضبط احس مو اي شخص يتقبل هالاعمال انا شفت الغرفة الحمراء واله صابني اكتئا,1,14
متعشمش بحاجه اوي خليك دايما وسط عشان لو محصلتش متزعلش ويجيلك اكتئاب,1,12
ياعم اسكت بقي روحتني من عندك ب اكتئاب يخربيتك 😏,1,10
الهم خلص البنات من غسل المواعين 😢 لا جوع ولا عطش بس الم تفكير في المواعين صار عدنا اكتئاب حتى اظافري تكسرت و,1,23
اكيد عنده اكتئاب من الحزن علي اهله,1,7
واله الواحد مايدري اهوا اكتئاب ولا انطفاء ولا نضج ولا انعدام الشغف ولا تخلف ولا حاله نفسيه ولا هذي شخصيته,1,20
حر بالنهار مل في نص اليوم اكتئاب بليل,1,8
واله ما انا عارفه دا هو اكتئاب ولا انطفاء ولا نضج ولا وحده ولا,1,14
اكتئاب تانى الجوكر تانى والقهوه بقت اكتر م الميه,1,9
لما قولت لي كنت مرتبط بيها كده في وقت اكتئاب حسبتها اني عايز اتجوز جواز متعة طالما مفيش اطفال,1,19
انا بتكلم عن اكتئاب يعيش معاك العمر كله,1,8
أنا مش عارفة هو اكتئاب ولا انطفاء ولا نضج ولا وحدة ولا الجو حر ولا أنا جعانة🤔,1,17
الجلوس وحيدا ليس اكتئاب كما يراه البعض و لكن هي لحظة راحة بعيدا عن تطفلات البشر,1,16
واله الواحد صار ما يدري الي فيه هو اكتئاب ولا انطفاء تام ولا نضج ولا انعدام الشغف ولا صدمه ولا حاله نفسيه ولا هذي شخصيته,1,25
لا لا يعم شويه اكتئاب بس 😂💔,1,7
اول مره اشوف اكتئاب ليه فوايد ✅,1,7
أنا شايف إن احسن حاجة تقدمها لنفسك الفترة دي إنك تعود علي الحياة لوحدك تعيش لوحدك تخرج لوحدك تاخد قرارات ل,1,21
يحيى الفخراني يدخل في حالة اكتئاب بعد وفاة أقرب أصدقائه,1,10
اجملحظاتبحياتي الحياة قرار وليست ظروف فقد تجد فقيراً ينشر السعادة على من حوله وغنياً يعيش حالة إكتئاب وحز,1,18
هل حد من اسكندريه جاله اكتئاب قبل كدا,1,8
هنادي انا كان عندي اكتئاب وكنت اراجع عند اخصائية نفسية وقرت اقرا البقرة كل يوم واله شفت العجب العجاب,1,19
أنا أعيل ثلاثة بيوت بيت الأبوي المصاب بالزهايمر ومقعد منذ ثلاثة أعوام وبيتي وبيت أخي المصاب بمرض نفسي ا,1,19
وانا كمان لو مات يماش بنقهر 😭💔 إنما إيفسون واله بيجي لي إكتئاب إكتئاب لكن أظن ما بيموت حد فيهم بيموت أكين وسلطان,1,23
لا عندي اكتئاب😌,1,3
اكبر فترة اكتئاب جماعي مرت علي,1,6
تبلد احساس مع اكتئاب 🙂,1,5
اكتئاب و ضيقة 🙂 بس خلاص جالس امسح واحد واحد,1,10
البيوت الجديده فيها اكتئاب القديمه فن 🌚,1,7
هاد مش برضه اكتئاب 🙁,1,5
ال ٥ ايام إجازة دول مش مطلع منهم غير ب اكتئاب,1,11
شكليات اكتئاب وسطى جميل 🤣,1,5
هالتغريدة والردود عليها تجيب اكتئاب ☹️,1,6
انت تحكم عن مصر بحكم درست فيها وعشت فيها فتعرف طبيعتها ذكرتني في برادها وايامها رغم اني كنت معتقل,1,19
دا اكتئاب عادي,1,3
انا ضد حرية الرأي ودايم اقولكم يعني قبل شوي شفت واحد يقول احس الي عندهم اكتئاب هوت نعم,1,18
كلنا ك صحاب بلا استثناء عندنا مصايب واله مش مجرد خنقة و اكتئاب دي بلاوي فعلآ و كلنا بنطبطب ع بعض واله الي بأ,1,24
المشكله انك ماتبي ترجع لاساسي وانت جايك اكتئاب,1,8
الي تمنيت اسويه وما سويته و نادم جداً إني اطلع من الجامعة من اول سنة و اعمل على بناء على مهارات ما,1,22
واله ما انا عارف هو إكتئاب ولا انطفاء ولا نضج ولا وحده ولا,1,13
نفسي اعرف ليش فيها اكتئاب وقلق مدري معقوله في احد مثلي هيا فعلا حلوه وبارده بس اكتئاب ارجع جيزان راح هل في سب,1,23
اضطراب نفسي من اعراضها الهلوسة و يجي معاه اكتئاب,1,9
ضغط نفسي و اكتئاب طبيعي يصير الي صار,1,8
واله انا ما عارف هو اكتئاب ولا انطفاء ولا نضج ولا وحده ولا,1,13
عندك اكتئاب طيب جربت تصلي على النبي أسبوع كامل وتشوف هيحصلك ايه بعدها,1,13
مصطلحات اكتئاب أخرى ٠ الاكتئاب الجزئي مزمن وطفيف بعض الشيء ٠ الاكتئاب المضاعف اكت,1,14
لانه مابحب فوت بالحالة ولا اندمج ولا اتأثر وبالفترة الاخيرة ماناقصني لا دراما ولا اكتئاب ب,1,16
واله الواحد ماعاد يدري هو اكتئاب ولا انطفاء ولا نضج ولا انعدام الشغف ولا تخلف ولا حاله نفسيه ولا هذي شخصيته,1,21
زمان فيه شخص ظهر بحياتي لمن كنت على وشك انو ادخل بحالة اكتئاب رغم الاختلاف وفرق العمر دبل عمري ثلاث مرات تقريبا كان,1,23
هي الناس كلها بقت عيوطه عموما اصله مش عامل حساب التخان اصله مش عامل حساب المحجبات اصل الموديل بتاعته رف,1,20
ظلمت نفسي كثيرآ من أجل إسعادهم ويآليتني نلت شيئا غير الوجع🙂💔 اكتئاب😴,1,12
واله الواحد معد يدري هو اكتئاب ولا انطفاء ولا نضج ولا انعدام الشغف ولا حاله نفسيه ولا هذي شخصيته,1,19
واله الواحد معد يدري هو اكتئاب ولا انطفاء ولا نضج ولا انعدام الشغف ولا تخلف ولا حاله نفسيه ولا هذي شخصيته🤝🏻💔,1,21
واله منا عارف هو إكتئاب ولا أنطفاء ولا نضج ولا وحده ولا,1,12
المراهقه مُتعبه جداً و مايستهان فيها و ابد ماينمزح فيها فيها ارهاق وتعب و اكتئاب وفيها الخوف و توتر و قلق والاحسا,1,22
انا الآن في حالة اكتئاب حاد,1,6
اعراض مشاكل الهرموناتالغدة الدرقية ضعف إعياء خمول قله نوم حاجة لنوم بعد الظهر الرغبة في الخبزالحلىالباستا كلست,1,17
اعراض مشاكل الهرمونات الادرينالين إعياء قله نوم أرق إكتئاب حبوب شباب بشرةضعيفه خطوط تمد في البطن وجه مدور ضغط ع,1,20
بالمُجتمع ده حتى اكتئاب ماتقدر تكتئب على راحتك,1,8
اصعب انتظار انتظار نفسي ترجع ادميه بعد كل فترة اكتئاب,1,10
عندي اكتئاب فقط اضطراب الشخصية الحدية و هو مشابه كثير لثنائي القطب لكن مو نفسه🙏🏻,1,15
يومالجمعه فزعتكم تكفون ياأهل الخير 💔😭 المبلغ 6470 ريال تكفون ياأهل الخير حنا في ضيق مايعلم فيه إلا اله من ث,1,21
اتأكدت ان الكليه هي الي جيالي اكتئاب,1,7
الواحد مايدري هو اكتئاب ولا انطفاءولا نضج ولا انعدام شغف ولا حالة نفسيه,1,13
واله الواحد معتش عارف هو اكتئاب ولا انطفاء ولا نضج ولا انعدام الشغف ولا تخلف ولا حاله نفسيه ولا دي شخصيتي وبتوضح يوم عن يوم,1,25
هيطلعوا ريجيني مريض اكتئاب وانتحر👹 ولما انتحر الناس بتوع عربية الميكروباص زعلوا عليه و,1,14
واله الواحد معد يدري هو اكتئاب ولا انطفاء ولا نضج ولا انعدام الشغف ولا تخلف ولا حاله نفسيه ولا هذا ايش,1,21
الصدى لحاله اكتئاب 😭,1,4
و غير كذا فترة تغير الهرمونات عندها صح الرجال تحبه نفس الفتره لكن تخليه في الغالب يعتني من ا,1,19
كدا بدأنا اكتئاب بقا🙆🏻‍♀️,1,4
اكتئاب تايم,1,2
الي حصل لحازم ده بجد هيدخلني في نوبه اكتئاب حاد كان مستخبيلك ده كله فين بس ياوليدي 💔😥,1,18
القرآن الكريم والصلاة كان عندي اكتئاب والحمدله خف بعد المداومة على قرأت القرآن,1,13
انا جالي اكتئاب كلنا فترات في حياة بعض 😂,1,9
١٠١٤ صباحاً اكتئاب نفسي 🙂,1,5
ترا في شي اسمه اكتئاب رمضاني,1,6
اصل استحالة يبقي كل ده اكتئاب دي اكيد حياتي يعني,1,10
التفكير هي عاقبة الانسان الازليه وخصوصا السلبي منها حاربيها روحي عند دكتور نفساني حتى لو تظني,1,16
قلبة النوم دى تجيب اكتئاب 😣,1,6
انا علي طول مكتئبه واله ياحمد 😂تعالي ونا اعملك اكل كله اكتئاب هتاكل صوابعك وراه 😂💙,1,16
لسى بينهم بس عالاغلب اكتئاب,1,5
عمريش فت حالة اكتئاب حاد زي كده والنبي 🙂,1,9
صباحك سعاده وهنأ ورضى ياكابتن 🤟 مافيه دوله ادفى من أيرلندا شوي ما أحب البرد اله وكيلك يجيني اكتئاب,1,19
تفكيرك هذا اوله تشكيك في الدين ثم إلحاد أو ارتداد مكن ترجعين يهودية أو نصر,1,15
12 صحيح إن الخيانة مزعجة وتأثيرها قوي على النفس ومكن يدخل الانسان في نوبة اكتئاب وحزن عميقة ولكن ال,1,19
اتوقع لو تكشفين عليها يجيك اكتئاب,1,6
الفتره دي عباره عن زعل عياط اكتئاب ضغط زعل عياط اكتئاب ضغط زعل عياط اكتئاب ضغط زعل عياط اكتئاب ضغط زعل عياط اكتئاب,1,23
قبل لا أنام كنت ابغى اوجه شتيمة لحقين تطوير الذات والمستوى الاقتصادي وتحسيسك بأن كل الي تسويه ولاشيء ولازم تكون توب,1,21
بداية اكتئاب وأشياء أخرى يارب نجِّنا بس,1,7
لي كم شهر احاول الاقي موعد عند سيكاتريست زي العالم قعدت طول اليل صاحية وسافرت ٣ ساعات عشان في الاخير تقولي مسافر,1,22
لا حول ولا قوة إلا باله الأيام ذي هاشتاقات تجبلك إكتئاب كلها جرايم عفنة انقذوالمعنفهلجين,1,15
كل م افكر أنا م بنشوف تشانبيك ومومنتز لهم سنتين أدخل ف اكتئاب😔,1,13
قبل شهرين ختمت مسلسل وجاني اكتئاب وضيقه مو طبيعيه والى الآن احس أني مكتئبه💔,1,14
وله الواحد ما يدري هو اكتئاب ولا انطفاء ولا نضج ولا انعدام الشغف ولا تخلف ولا حالة نفسيه,1,18
بقالي سنتين بعيد عن الملعب و الدوري و الاتحاد لو لغى الدوري ده بسب كورونا حرفيا هخش في نوبة اكتئاب محصلتش قبل كده,1,23
بداية غرق في اكتئاب حاد جدًا,1,6
اكتئاب اخاف من تطوراته,1,4
استعجلت كملته شوي وطلع جميل بالذات الي عنده اكتئاب او افكار لانتحار مهم لك,1,14
عندنا العنصريه عالسمر اكثر اذكر شخص كان معي بالفصل كانوا يقولون له عبد كويحه اسود حر,1,16
باقيلي اختبار واحد واحس ماودي اعطل بلش بروحي يجيني اكتئاب اذا قعدت فاضي,1,13
و قال ايه كنت مقطع نفسي حزن و اكتئاب على معزة بنت لبوة اخرها ملك يمين لأمير سعودي تقعد تصورله صور مبينة كسها تحت البنطلون,1,25
بيجيني اكتئاب بسب نظام نومي في رمضان 🥲,1,8
اله يعينك ارتبط اكتئاب الجميل بالانتحار,1,6
هاي اكتئاب,1,2
واله الواحد معد يدري هو اكتئاب ولا انطفاء ولا نضج ولا انعدام الشغف ولا وش بالضبط,1,16
مدري ايش الفتره الي امر فيها هل هو ركود او اكتئاب ولا انطفاء ولا نضج ولا انعدام الشغف ولا تخلف ولا حاله نفسيه ولا هذي شخصيتي,1,26
اكتئاب ما قبل التخرج,1,4
و دخلت بفترة إكتئاب صارت ما تطلع عشان محد يشوفها و وصلت مرحله ما تناظر نفسها بالمرايا,1,17
هل عانيتي من اكتئاب ما بعد الحادث سالفهسناء,1,8
يميني متخرجين ويساري ماجزين وانا في النص مكتئبه اكتئاب حاد جدًا,1,11
يسطا بيمر ب فتره اكتئاب سيبو في حالو,1,8
اه اكره كذا لمن دخلت اكتئاب اكره هالسالفة اله ياخذها 💔,1,11
أنا بستخدم فيتامينات لأن ف ياول فترة بدأت فعلا احسوبارهاق وشويه اكتئاب عشان كده تقريبا كل يوم بأخ,1,18
حياتي الفتره هذي هوس التفكير الزايد اكتئاب انعدام شغف,1,9
بصى يا هدير بجد واله و بدون دخول فى تفاصيل أنا ربنا سبحانه وتعالى بس الى يعلم أنا مري,1,19
اكتئاب بعيد عنك😂✋🏻,1,3
هدوء غاضب أو ربما إكتئاب هادىء أحدهما بي الآن او مقاومة البكاء 💤,1,13
اكره خريطه ابها اكتياب,1,4
حركةالنقلالخارجي مدري وش يضر لو تكلموا وقالوا مافيه على الأقل يرتاح الجمع الغفير الي قاعد ينتظر اذا,1,17
عاد خذي اداء درامي اعظم لبورجو يوم بيجيها اكتئاب 🔥,1,10
المفروض يكون في حالة اسمها اكتئاب اخر اختبار,1,8
مدري هو اكتئاب رمضان ولا ذي حياتي,1,7
في مسلسل اسمه ملوك الجدعنة موت البنت الي اسمها حبيبة ولما غسلوها ودفنوها وكدة انا انهرت عياط بمعنى ك,1,19
صديقتي فيها اكتئاب وخوف واكبر خوف مسب لها ازمة ان عمرها يكون طويل مدري وش اسوي كل ماتكلمت اقعد ابكي,1,20
الفيديو جابلي اكتئاب 😢,1,4
الصورة ديه بحبها جدا وبحب ضحكتي فيهالانها كانت وقت اكتئاب و حزن🤍,1,12
اله يهديك يا بنتي مافي شي اسمه اكتئاب و أمراض نفسيه بس انتي اطلبي من اله الهاديه و كثري من الدعاء و الاستغفار و ا,1,25
دخلت في حالة إكتئاب بسب حب الشباب لانه طلع لي بكثافة شديدة و تغيرت ملامحي و كل ما يشوفني احد يقول لي ايش فيك حاولت,1,25
قاعده اتابع مسلسل وجابوا فيه تمثال علي ونينو الي بجورجيا والحين حاجني اكتئاب,1,13
مع ذلك الحمدله اشوف العملية كانت أرحم و أهون رغم كل آلامها صحيح مريت بسبها في مرحلة اكتئاب فضيعة و اتمنّى انسا,1,22
واله الواحد مو عارف اهو اكتئاب ولا نضج ولا انعدام الشغف ولا تخلف ولا بس الي اعرفه ان فترة مو راضيه تعدي كلش,1,23
انا تجيني حالة اكتئاب اذا خلص فلم حلو ولا مسلسل كيف بتحمل بعدين ي ربي 💔,1,16
انا ماعصب بس ادخل بحاله اكتئاب ويصير مالي خلق لشيء,1,10
مشاهيرالسناب يمدحون بعض يسوقون لبعض يرسلون المعلنين لبعض يكونون صداقة بينهم يفرحون لبعض يزعلون لبعض وفجأه,1,16
المفروض أحس بالإنجاز والفخر بس الي يصير معاي العكس تمامًا دوامة إكتئاب وضيق تخليني أفكر بالإستقالة كثير,1,17
اتمنى من هذا اليوم يكون نفس الي بالي واحسن وماتخرب كل خطي عشان ما ادخل بحالة اكتئاب,1,17
الناس كلها في حالة اكتئاب وحزن وحاجة آخر بهدلة بجد,1,10
مسلسل ملوك الجدعنة دا بقي بيجبلي اكتئاب,1,7
داخله موجة اكتئاب الا شوي,1,5
واله الواحد مايدري هو اكتئاب ولا انطفاء ولا نضج ولا انعدام شغف ولا تخلف ولا حالة نفسيه ولا ايش بالضبط,1,20
بدون إكتئاب و حياتي ضايعه 💔,1,6
احس بيجيني اكتئاب قريب,1,4
صارلي سبع سنين اعاني نفسيا ودايما كنت اعتقد انه اكتئاب لحد ما درست علم نفس وبحثت عن الأعراض وفي الاخير وصلت الى الحل,1,23
😂 الاوميقا تعدل المزاج علي فكرة بعد تخش اكتئاب حبة اوميقا,1,11
انا مبكرهش في حياتي قد حد استريحلوا واحسه صاحبي فعلا واكتشف انه مش شايفني صاحب ليه ساعتها بكره نفسي اضعاف مابكرهوا,1,21
ابو فهد صادق وهذا شي معروف بعضهم كل سبل السعاده متوفره له وينتحر او عنده اكتئاب بسب كثرة المعاصي,1,19
اي ادعمهم صح ما نكر انه حرام لكن شفت ناس يحاولون انهم يتركون ذا الشي وكثير جاهم اكتئاب وحاولوا ينتحروا عشان ذا,1,22
يُغلِقُ البَعضُ أَبوَابَهُم عَمدَاً بِوجهِك وَلكِن يَفتَحُ اله لَكَ بَعدَهُم أَلفَ بَاب وَقَد يُؤلِمُكَ فِعلُهُمَ,1,15
عملت الاكونت دا من سنه و دخلت موجه اكتئاب بسب واحد محصلش بينا نصيب و اكتئبت و لما مبقناش بنتكلم قلبت يومي و ابتديت,1,24
لمن م اقدر اكمل المسلسل من التفكير واضطر اوقفه اعرف ان فيه موجة اكتئاب قادمة لا مفر ولا مهرب منها,1,20
تفكير صداع ملل اكتئاب 💔,1,5
لما تسمع خويك الي فيه اكتئاب ماشي ٢٠ ويردها,1,9
اكتئاب 🙁,1,2
واله الواحد ما يدري هو اكتئاب ولا انطفاء ولا نضج ولا انعدام الشغف ولا تخلف ولا حالة نفسية,1,18
قُل لي أيا رجُل لأي قبيلة ولأي عصر او لجنس تنتمي ولمن تعود أصول عينيك التي أضحت قنايل الضياء بعالمي عنينيك تِلك,1,22
واله الواحد معد يدري هو اكتئاب ولا انطفاء ولا نضج ولا انعدام الشغف ولا تخلف ولا حاله نفسيه😩,1,18
الصراحه الهدوء الي انا فيه مدري هذا نضج ولا اكتئاب,1,10
كيف تحملون تعب وحزن الاحباب بمجرد ماشخص احبه يتعب او يحزن ما اقدر اكمل يومي بشكل طبيعي وخذلك اكتئاب ومناحة كل خمس دقايق 🙁,1,24
دخلة حالة اكتئاب لا ماقصرت ماخلت مسلسل الا سوتة وقتها,1,10
الحياة صعبانة علي من غير اكتئاب التويتر وزي ما حكوا الزملاء اله يعدي هالشهر على خير يارب,1,17
مو اكتئاب حزين بس,1,4
شايفه اكتئاب داخل عليا من بعيد,1,6
وين حب واله اكتئاب,1,4
ابشرك ماخليتها بخاطري رحت قريتها من كتاب البداية والنهاية جاني اكتئاب يومين من الي قريته حسبي اله عليهم 💔,1,19
الواحد مايدري هو اكتئاب ولا حاله نفسيه ولا نضج,1,9
وحالي يشتكي الحِرمانَ حينًا وحينًا يحتسي بحرَ اكتئابِ وبسخلاص,1,9
اكتئاب ما تصوره,1,3
سلمى بتبين إنها فرفوشه بس هيا مشغله اغاني تجيب اكتئاب اصلا,1,11
مسلسلات رمضان الى متابعها كلها جبتلى اكتئاب وحزن انا ارجع لمسلسلاتى التركى واستاذه ديميت فريش وفرافيش والحفره الكا,1,18
ياسطا اكتئاب ايه الي بيجي الساعه 6 الصبح ده انت عبيط,1,11
وله ما انا عارف هو إكتئاب ولا انطفاء ولا نضج ولا وحده ولا,1,13
واله صدق في ناس عندهم اكتئاب ومجرد كلمة كذا يسويها حرام وربي مايصير كبروا عقولكم مو كل شيء طقطقه,1,19
احس اني داخلة في اكتئاب,1,5
ماش منك الناس يجيهم اكتئاب بعد الانمي👀,1,7
اتخش لتويتر ايصرلك اكتئاب,1,4
خبر حزين عاملتنا الي عندنا ١٣ سنة وكأنها أختي الكبيرة قالت خلاص ابي أسافر السنة الجاية وقاعدة أحاول أكرّه نفسي فيها,1,21
واله الواحد معد يدري هو اكتئاب ولا انطفاء ولا نضج ولا انعدام الشغف ولا حاله نفسيه ولا هذي شخصيته اقسم باله هذا وضعي دي الايام 💔,1,26
المسلسل بقى يجيبلي اكتئاب و مش مقتنعه بالهبل الي بيحصل ده,1,11
و اله ما عارف إلى انا فيه دا اكتئاب ولا انطفاء ولا نضج ولا وحده ولا توحد ولا,1,18
اشهد شهاده خصوصًا اذا انمغطت لآخر اليل اكتئاب حاد,1,9
دعاءاستغفارتسبيح فزعتكم تكفون ياأهل الخير 💔😭 المبلغ 6470 ريال تكفون ياأهل الخير حنا في ضيق مايعلم فيه إلا ا,1,19
القضاء على اكتئاب ماقبل الدورة الشهرية يجب أن يكون من ضمن ماتستهدفه الرؤية الكريمة,1,14
بيجيبني اكتئاب,1,2
حاسه إني داخله ع اكتئاب سيكا,1,6
نوبه اكتئاب,1,2
مرات احس اني سعيدة ومرات زعلانة وحزينة وناقمة على كل شي ما احس بطعم شي حرفياً وفي راسي الف فكرة وفكرة ما ا,1,23
الحين عشان تخش في اكتئاب لين ينزل الثاني😭,1,8
حزنت وجاني اكتئاب وقاعد ابكي مدري شقول لكن الله يعين,1,10
نوبه اكتئاب متضايق لابعد حد,1,5
حزن اكتئاب انطواء,1,3
قاعدة احارب عشان ما اطيح بنوبة اكتئاب جديدة,1,8
لو البلد اتقفلت هيجيلى اكتئاب,1,5
الواحد بالمية دا يجي وقت اكتئاب الدوره بس,1,8
مابي افوز ابي اطلع بشوف الضو ليا شهر ماشوفت الشمس عايشه زي الخفاش اكتئاب 😭 منهوصاحبالسنابالغامض,1,16
هذا لم يعد انطفاء ولاتعب ولا اكتئاب ابداً روحي خاضت كل الذي سبق لكن لاشيء ما ذُكر انا اشعر بهناك شعور ما يغبط صدري ولايمكني شرحه,1,26
كل ما قيل من ايمان وصلاة ودعاء يساعد ولكن اذا تحول الحزن الى اكتئاب وقلق فيجب اخذ خطوات عملية وعلاجية ل,1,21
اهلي كلهم فيهم كورونا واحتمال مايكون في عيد واحس اني مخنوقه وبديت ادخل حاله اكتئاب,1,15
قال هالكلام وانا ماتوقعت بيصير شي ابداً وتوفى يوم الاحد باليل ب اغرب طريقة مكن تسمعها الطريقة الي مات فيها دخل,1,21
بحاول لحصر الأدوية الي اخدتها النهاردة مسكن لبيريود ٢ مضاد اكتئاب كولونا عشان القولون انتينال باوركابس انا اسفة يا معدتي,1,20
اجاني اكتئاب من ورا حلقة ملوك الجدعنة 💔,1,8
هاي شكلي كدا هستسلم وادخل في اكتئاب تاني عشان اعرف اذاكر وانعزل عن البشر حبه باي,1,16
✍️ الخذلان هو اسوء شعور يمر على الانسان لانك تعلق آمالك وتوقعاتك بشخص واحد وعندما يفاجك بالخذلان تموت كل,1,19
من بعد ماجربت الجانب السيئ بالحب احس مستحيل اوصل لمرحله هذي الي بالفيديو لان اذا جا بعدها خذلان بتواجهوا اكتئاب ص,1,21
جاني اكتئاب منهم مع ان ضينا والع,1,7
رمضان بيخلص وانا شايل هم اكتئاب يوم العيد باليل من دلوقتي,1,11
في احد ناضلك ولا احد يجيه اكتئاب الصباح,1,8
مين داعي عليك جعله اكتئاب,1,5
ياحبيبي ياحمد خذوه معاكم واله جاه اكتئاب ب البيت جالس بين اربع جدران,1,13
الحقيقه أحسن حاجه الواحد يقدمها لنفسه الفتره دي إنّه يتعود ع الحياه لوحده يعيش لوحده يخرج لوحده ياخُد قرارات,1,19
انا احب حسابك لان فيك اكتئاب مثلي احس فيك واله ابي اصير صديقتك بس ماعرف اسولف ولا عندي حياه اشاركها اصلا عشان كذ,1,23
ه ياربي واضح انه عنده,1,5
مابي اوهمك لكن مكن اكتئاب بس يعدي ان شاءاله ماعليك حاولي تناسين,1,12
واله ما أنا عارف هو اكتئاب ولا انطفاء ولا نضج ولا وحدة ولا,1,13
اخواتي الي معاهم اكتئاب راسلوني خاص لو تكرمتوا انا اعالجكم باذن اله تعالى و لوجه اله تعالى,1,17
يزيد اكتئاب,1,2
ليتني عندك انا ابي اروح عند امي انا الي ابي انام ولا ابي اروح ولا ابي اجي وش قاعد يخربط ذا شكل الجوال فيه اكتئاب,1,25
اكتئاب ☹️☹️,1,2
بشكل صحي وضعهم صعب قد يموتون غيظ او يتعرضون لسكته يعانون من إكتئاب قوي فوبي,1,15
هل تعلم لماذا نحن نشعر بالضيق والحزن أحيانا دون اي سب هناك هرمون في الجسم يفرز خلايا على القلب عندمانلهى عن ذكر,1,22
بقولكم حاجه انا زعلانه لان قريبا بصير عمري ٢٣ و بعد خلاص بتخرج من جامعه بعدين بتزوج زواج تقليدي,1,19
موجة اكتئاب حاده جداً,1,4
جالي اكتئاب مبردش علي اي بيشنت وكرهت الشغلانة من قلبي حقيقي 🙂,1,12
صاح بكى زعل جاه اكتئاب صار انطوائي وربي قوي,1,9
تكفين وربي جاني اكتئاب من الصدمه 🥲🤣,1,7
قاعده اتابع دراما كئيبه وسبت لي اكتئاب زياده 😣,1,9
احس احس احس احس عندي اكتئاب خفيف بس بحثت ومكتوب ان الاكتئاب وفقد الشغف الأرق والخ شي عادي فعمر المراهقة فنتظر لين ربي يفرجها,1,24
احس عندي لڤل اكتئاب يحتاج انه يسمع هموم الناس و اكتئباتهم ☝🏻,1,12
السلام عليكم الوالد مريض نفسي وعنده اكتئاب وقلق و وسواس,1,10
هو دا سكوت حد رايق ولا سكوت اكتئاب,1,8
انا حاس انها بوادر اكتئاب واله و ربنا يستر واله,1,10
اكتئاب اكتئاب,1,2
خدي عندك مل اكتئاب إنعدام طاقة مفيش رغبة لأي حاجة 😅😁,1,11
السلام عليكم عطيني نصيحة انت والمتابعين ايش الواحد بيسوي اذا راحت الرغبة في الدراسة بسب الاكتئاب والحالة النفس,1,18
جاني أكتئاب شكلي باخذ صيفي,1,5
اذا ذا مو اكتئاب اجل ايش حيكون,1,7
مين تكلمين المهم يمكن يمكن يصرفولي مضاد اكتئاب الموعد الجاي 💃🏻 بس بعد كم شهر 😒,1,16
الاوضاع ماتساعد شكله جانا اكتئاب 💔,1,6
الواحد فعلا بيقول أنه عنده قلق أو اكتئاب فهو اكيد حاسس بمشاعر سلبيه ممكن تكون اقل حده من الاكتئاب بس وارد تتطور,1,22
والاسوء من هيك النوم بيتخربط وبيصير اليوم كلو اكتئاب 👍🏻,1,10
هنسمي الفترة دي اكتئاب ما بعد العزل 🤛🏻🤜🏻,1,8
كلامك صحيح حرفياً انا من سكان العلا من مولدي ١٤٠٤ وانا مكتئب,1,12
المفروض أنبسط بمعدلي لكن يؤسفني إني حالياً أمر بموجات اكتئاب,1,10
نعم الأسرة جزء مهم من المعادلة لكن ليست جميع محاولات الانتحار مرتبطة بعلاقات تفاعلية أسرية هناك,1,16
كل الي عرفتهم عكس هالكلام الحين عرفت ليه داخله بدوامة اكتئاب لا نهائيه,1,13
انا ١٤ ساعه تهقون معي اكتئاب,1,6
ه انا اكتئاب اجل,1,4
نوم يجيب الهم لو نمت الحين صحيت ٨ الصباح وش هالنوم الا يجيب اكتئاب,1,14
كنت مفكرة اذا صرت اسهر لفجر رح يروح اكتئاب بعد الساعة ١٢ طلع في اكتئاب بعد الفجر😔,1,17
نسيت اخذ حبوب دال قبل ياذن وخذ لك الحين اكتئاب 🙂,1,11
مود اكتئاب عظمه,1,3
دموعي مو قادره توقف شوي وادخل بحاله اكتئاب ايش يحس مؤلفه واله ان النفسيه بالحضيض بعد ما شفته ايش هذا مقدر,1,21
اكتئاب💔,1,1
كمية سلبيه على التايم لاين تكفيك تدخلك فى اكتئاب شهرين,1,10
احسني جالسه ادخل حاله اكتئاب اله يستر,1,7
أعاني من نوبة اكتئاب عظمى ولكن يعزّ علي أنّ يبتلع حزني كلَّ الذين أحبّهُم ويحبّوني,1,15
يمكن لو عندي املهم ما دخلت في اكتئاب,1,8
شكلها بداية موجة إكتئاب 💔,1,5
نوم واكل اكتئاب,1,3
ما قدرت أشوف الجزء المتلئ من الكوب إلا بعد ما أخذت مضادات اكتئاب لذلك وفر إيجابيتك العينة لشخص متملق مثلك,1,20
جاني اكتئاب مادري ليش 🥺💔,1,5
تعب😬ضيقه😭اكتئاب☹️حزن😰تشت😟 كلها ستذهب بقطرات من 🩸 😔,1,7
سلبية و حلطمة و شوية اكتئاب,1,6
ما دا يا توحد يا اكتئاب أيهما اقرب,1,8
اكتئاب رمضاني,1,2
حالتين اكتئاب جزء من الجوع وجزء نفسية ويه ويه,1,9
إكتئاب حاد,1,2
الاختبارات خلصت وانا باقي احس ب اكتئاب طلع المشكله مني انا,1,11
سقطنا جميعاً داخل حفرة اكتئاب,1,5
أول شي أهنيك وأقولك انتي بطلة 🥺❤️ ثاني شي اله يسعدك يارب دنيا وآخرة الصراحة انا مثلك عندي اكتئاب,1,19
لايبكي الرجل الا من شيء عظيم قصم ظهره اله يعينه ويسخر له من عباده الصالحين 😭 احس فيه اكتئاب حاد💔,1,20
اجازه دى ولا اكتئاب ياربى 🥺,1,6
انا حزين جامد وشكلي هدخل مود اكتئاب قد لا اخرج منه ابداً,1,12
انهاردة في عيادة القط كان فيه واحدة جايبة قطتها عندها اكتئاب عشان متأثرة ان صحبتها تعبانة والقطة بتاخد ادوية لاكتئاب🥺,1,20
اكثر انسانه يجيها اكتئاب انا واحس بدي اموت,1,8
البوست بتاع الكلام الي قالوه ناس عندها اكتئاب قبل ما ينتحروا بوست مُخيف اوي فيه كلام كتير من الي ناس كتبينه,1,21
الواحد معد صار يدري الي فيه نضج ولا تبلد مشاعر ولا اكتئاب حاد,1,13
مدري انا متبلده ولا عندي اكتئاب شوفولنا دكتور نفسي ولا شيخ روحاني يشوف شالسالفه,1,14
حاشني اكتئاب مابعد الفرحه 😢,1,5
هوا الحياة مش حلوة ولا ده اكتئاب ولا عملي السيء والنحس بيلاحقني ولا ايش بالضبط,1,15
اه اوك انا بيجلي حاله الصمت دي بدون اكتئاب هي حاله كده مش عايزه اتكلم بس,1,16
ضغط كلية علي ضغط شغل وحبة اكتئاب مع سطحية علاقات وجو مناسب خالص لانفجار,1,14
لا ما انا باخد ادوية اكتئاب,1,6
مرحبا لو سمحتو انا عندي مرض الصرع وستعمل حبوب لمكتال واخذ حبوب اكتئاب وحمض الفوليك وحبوب منومه وغده,1,18
اكتئاب حاد,1,2
خد عندك اكتئاب وانعزال شهر كدا ع الماشي,1,8
حاله صعبة من اكتئاب نمر بيها,1,6
ياريت اخبار من دى علطول ى مصرى ى اخويا اصل الواحد عنده اكتئاب 😊,1,14
اكتئاب 🤣,1,2
واله داخله ف اكتئاب مو قاعده احس بطعم الأكل كأني اكل ورق يارب ترجع بسرعه يارب,1,16
خمول اكتئاب ثلاث ايام بس انام واصحى ولا ابغى اسوي شي انسدح واطالع الجدار بس,1,15
الآن هناك مرض نفسي اسمه اكتئابالسناب نسأل اله العافية وان يجنبنا إزدراء نعمه 😳,1,14
حوار انك تايه في كل حاجه ده ف حد ذاته يجيب اكتئاب,1,12
حزن اكتئاب انهيار بكاء صراخ صياح,1,6
قفلو حسابي الأول بدون سب حسبي اله عليهم جاني اكتئاب من وحرام اتعب مرة ثانية والنتيجة راح يتقفل,1,18
انا مريت بحالة اكتئاب واكبر غلط انك تاخذ حبوب والشي الصح تصارح اقرب شخص من اهلك او اهلك بالي في قلبك,1,21
مو الكل ما تساعدهم انا مريضة اكتئاب و كنت اخذهم و ساعدوني,1,12
خرجت من إكتئاب نهاية أتاك دخلت ف إكتئاب فصول مورياتي الأخيرة متى نشوف السعادة يا دنيا,1,16
واله ما أنا عارفة هو اكتئاب ولا انطفاء ولا نضج ولا وحدة ولا توحد ولا بس الجامد ف الموضوع اني رايقه وق,1,22
اكتئاب مزعج,1,2
ماعرف شسوي نوبة اكتئاب على الابواب,1,6
فيه بوادر اكتئاب كده و يا ساتر استر يارب,1,9
مرهقه متكسره تعبانه اكتئاب موت دمار كل عضله بجسمي تصرخ,1,10
بداية اكتئاب 😣,1,3
الدكتور القديم الي كنت اكلمه يقول عندي اكتئاب و الدكتور الجديد مصنفني سايكوباث خير لتسقون نرجع لقديم,1,17
فيني بقايا أكتئاب,1,3
اخر كتاب قريته حقيقي دخلني في اكتئاب صعب الي هو فيه ايه,1,12
لا ده اكتئاب الاجازه مش اكتر😂🙂,1,6
حاجه تجيب اكتئاب واله,1,4
الفترة دي انا وحيد جدا و مش بكلم حد ولا بشوف حد بس بحمد ربنا علي اني مسحولة عشان لو كنت فاضية كان زماني في حالة,1,26
أكتئاب هاد مش توتر,1,4
من ٦الصبح لين ٦ المغرب اكتئاب,1,6
انا ادري انه اكتئاب واكتئاب حاد بعد مو عادي من 4 سنوات مستمر لكن ما روحت افحص دعواتك 💔,1,19
ف اكتئاب بسبك اعمل ايه بحبك💞,1,6
اكتئاب ارق تعب ارهاق كسل جوع عطش,1,7
بسم اله ابيه ابيه احس اليومين ذي فيني اكتئاب,1,9
كفاية عندنا اكتئاب منذ الولادة ارحمونا شوية او شي🥺,1,9
ياعمري انا تجيني ١٠ايام بعض الاحيان وادخل حالة اكتئاب شديدة كيف انتِ😿,1,12
ما احب أشوف شي قديم التصوير والإضاءه تجيبلي اكتئاب ☹,1,10
كلنا بفترة اكتئاب عشان الامتحانات 💔,1,6
اكتئاب حاد من الاناتومي,1,4
اكتئاب انتهاء الاجازة 🚶🏻‍♂️,1,4
انا بقول لحد كدا وستوب ونكمل بكرا اكتئاب,1,8
واله ما أنا عارفه هو اكتئاب ولا انطفاء ولا نضج ولا وحدة ولا,1,13
دبل اكتئاب,1,2
ولك اخذت حجيك وصابني اكتئاب وخمول وتعب من وره النوم 🥲,1,11
اكتئاب ↖️,1,2
كمية اكتئاب غير طبيعية,1,4
الواحد معد يدري هو اكتئاب ولا انطفاء ولا نضج ولا انعدام الشغف ولا تخلف ولا حاله نفسيه ولا هذي شخصيته,1,20
اكتئاب رمضاني حاد مزمن,1,4
حذاري موجة إكتئاب قادمة,1,4
الواحد شكله داخل ع فتره اكتئاب هو م قدها بجد,1,10
اهلين اكتئاب موسمي 💔😔 اكره الصيف,1,6
علي اساس ان من اول السنه مش اكتئاب ونكد,1,9
شكلها بداية اكتئاب 🤡,1,4
بعض الاهل هم سبب اكتئاب اولادهم,1,6
فخوره اوي بنفسي عشان لما بحس بضعف او بوادر اكتئاب باخد بعضي واقفل واقعد مع نفسي وبقي احسن فعلا محدش له جميل عليا,1,23
شكلي كدا والله اعلم داخله ف حاله اكتئاب,1,8
موجه اكتئاب تلوح في الأفق,1,5
يختي اكتئاب واله,1,3
اعاني من اكتئاب وانتا وجهتي الوحيده من البشر,1,8
انا في موجة إكتئاب مُفاجئه,1,5
انا اصبت فى شهر اتناشر احنا دلوقتى داخلين على خمسه وفيه اعراض لسه اكتئاب وزهق ومش بقدر اجرى وساعات احسن بألم فى صدرى,1,23
اكتئاب 😓💔,1,2
كل ما اكتئاب وادخل التويتر بلاقي حد بيشبهني أو كلام بيمثلني وبكتئب بزيادة🙂🚶🏻‍♀️ محدا دايم لحدا وخدوها مني❤️,1,18
طول عمري لما كنت احس اني علي مشارف اكتئاب عظيم كنت بهرب بالنوم علي أمل ان الوقت يعدّي وما أحسش هي حيلة طفولية بس,1,24
اكتئاب المراهقه طلع مو بس بفتره المراهقه بيقعد معي طول عمري شكله,1,12
جبلي اكتئاب,1,2
هذي البنت واضح عندها اكتئاب حاد انصحك تعالجين وتلاقين هدف لحياتك وضعك مايطمن ابد 😟,1,15
هذا انطفاء ولا اكتئاب ولا عزلة ولا ايش,1,8
اكتر حاجه تجيب اكتئاب لوحد هى السوشيال ميدا👌,1,8
الحمد له مش ناقصين اكتئاب,1,5
واله جاني اكتئاب,1,3
عمرنا العشريني عايشينة بنفسية السبعيني 💔 كمية اكتئاب مليون بنحاول نتجاهل مش زابط 🤫,1,14
رمضان اصعب انا فيني اكتئاب ماقدراصوم,1,6
وزيادة على الوقت المهدر بسبه اكتئاب يمسكني من بداية الشهر بسب وجودي الدائم فيه وتعمقي بالناس وكثرت المشاكل محد ي,1,20
نوبه اكتئاب مفاجئه,1,3
قلق اكتئاب اضطرابات نوم,1,4
اكتئاب حاد بلي اقراه بالاكاونتات الجامعية,1,6
امر بفتره فيها كميه ضغوطات وفيها كميه اكتئاب وطاقه سلبيه اله وحده الي عارف كيف بتنتهي وانا بكامل قوتي العصبيه والنفسيه,1,21
واله ماشي مسب لي اكتئاب غير دراستي,1,7
كيس اكتئاب,1,2
العزله علاج مش اكتئاب يابهايم,1,5
أيام حزينة وخذلان وليالي اكتئاب ويا ديني على الكومبيانيشين الي يخليك عاوز تنتحر دا,1,14
شكلي كده هدخل ف مود اكتئاب,1,6
اكثر شي اكتئاب وصعوبات في النوم,1,6
الجدول عملي إكتئاب 💔,1,4
لا عادي اسألي براحتج معرف اكو كم شغله دتغثني حيل و شغل و أهلي ضغط علية فصار عندي أكتئاب اصلن عادي مثل كل كتئاب 💔🥃,1,25
لا مش قادرة اقتنع و لا استوعب و اكتئاب مود ف الطريق 😣,1,13
مابالك بقي بفقدان شغف يصطحبه اكتئاب,1,6
واله بطلنا عارفين اذا هو اكتئاب او انطفاء او نضج او وحدة ام انه,1,14
شكلي داخله ع اكتئاب محترم,1,5
بوادر إكتئاب مبكّره لحظر الكليّ وزارهالصحه,1,6
كنت احسب الاكتئاب الي فيني من الدراسة طلع حتى وانا معطلة فيني اكتئاب,1,13
اكتئاب مو طبيعي,1,3
اهو اكتئاب اهي ضيقة خلق اهو تعب اهو احباط اهو انسكار بس كل الي اعرفه انه احساس ما قاعد يروح يارب اجبر بخاطري,1,23
الواحد مايدري الي عنده هو اكتئاب ولا انطفاء ولا نضج ولا انعدام الشغف ولا تخلف ولا حاله نفسيه,1,18
ف طريقي لمرحلة اكتئاب,1,4
أنا في إكتئاب حاد,1,4
😂عشان فيني اكتئاب😂,1,3
هالأيام صرت اتنفس اكتئاب,1,4
انا اتشخصت اني عندي اكتئاب و الدكتور كاتبلي دواين امبارح اخدت اول جرعة و رايحه ارميهم دلوقتي في الزبالة,1,19
وبعدين في الملل ده انا الملل بيدخلني في مود اكتئاب بجد,1,11
اكتئاب ألف,1,2
دراسة و آكتئاب 💔🥃,1,4
شويه عيال هم😔 انا جالي اكتئاب من كتر القعده ف البيت🙂,1,11
الواحد مايعرف هذا اكتئاب ولا انطفاء ولانضج ولا انعدام شغف ولاتخلف ولامل,1,12
شكله اكتئاب الاجازة على الابواب,1,5
فيّ اكتئاب بعد الولادة وأحس روحي تقطع من كثر البكي بدون سبب,1,12
اكتئاب بلا هدف 😪,1,4
هذا زهد ولا اكتئاب يو ود نڤر نو,1,8
مش قادره احدد ف حياتى إذا كنت مبسوطه ولا زعلانه بتمر عليا اوقات بقا كاره كل حاجه ف حياتى بجاهد علشان مدخلش ف مود وحش,1,25
شكلو اكتئاب ما بعد الدراسة,1,5
اكتئاب ☹️,1,2
اكتئاب 🤡,1,2
جاني اكتئاب مفاجئ صراحه كنت بقتل نفسي,1,7
تسالني الدكتوره وش تحسين فيه وانا اشرح لها بكيت اقسم باله فشله بس قالت الواضح عندك اكتئاب,1,17
شكل العايلة كلها عندي 😂 اكتئاب وانطفاء وعدم شغف وتخلف وحالة نفسية وطفش وكل شي😂,1,15
🥲💔شهل اكتئآب الي لن ينتهي ابداً,1,6
حايشني اكتئاب الحل هو النوم,1,5
بحاول ابعد عن اى حاجه تإذينى نفسياناف فترة لا مستحمل زعل ولا اكتئاب يدوب مصلم نفسى بالعافيه,1,17
انا فيني اكتئاب شديد له ٣ سنوات واحس صار عادي مايفرق معي شي كلش,1,14
اتمنى ان فيه شيء اسمه اكتئاب رمضان لأن الي قاعد يصير غير منطقي,1,13
اكتئاب 😔💔🤲🏻,1,2
هموم مشاكل ضغوطات نفسية اكتئاب هوشات صراعات داخليه,1,8
اكتئاب مزمن,1,2
اكتئاب ما بعد السعاده,1,4
اكتئاب بحجم السماء,1,3
مابي ادخل ب دوامة اكتئاب مره ثانيه,1,7
ماذا حصدت من التعليم عن بعد معلومات0 استفادة0 خبرات0 صداع10 أرق10 اكتئاب10,1,12
دور اكتئاب انما ايه نينجا خالص,1,6
هو ليه كل الي هنا اكتئاب و انطفاء وحدة ليه مفيش اي حاجة تانية,1,14
هما بيحطولي في الفطار جرعات اكتئاب ولا ايه,1,8
جاني اكتئاب من الستيب,1,4
اعتقد انه كان صمت مقهور عشان الجامعة والا صمت صدمة والا صمت اكتئاب مزمن 🙂😭,1,15
يبدو انها موجة اكتئاب جديدة اوشي,1,6
حياتي بقت عباره عن ميكس إكتئاب على بؤوس على خوازيق,1,10
اكتئاب وربي,1,2
هموم ضيقة نكد حزن بكاء ألم إنتاس إشتياء إكتئاب تعاسة جزع جنازة حرقة غم غصة,1,15
يا الهي حصلت لي ما أقساها من فترة ضاقت بي الدنيا واله ودخلت في مرحلة إكتئاب الحمدله عدت اله لا يعودها شفاك اله,1,23
مش فكرة اكتئاب بس انا مش مبسوط,1,7
واله غلقه💔 احس جاني اكتئاب,1,5
حُبك سراب عين تدمع وقلبي فيه إكتئاب متى تشابك إيدينا ونفتك من العذاب ❤️,1,14
اكتئاب حاد و كسل بالتزامن مع الميد,1,7
فعلا اكتئاب يسببه الحظر,1,4
احس فيني ثنائي القطب مو معقولة يوم بموة من سعادتي واليوم الي بعده اكتئاب حد الموة بس واضح بالحالتين ابي اموة,1,21
بعد اقتناع أهلي كلمت دكتوري الي يعالجني وبعد جلسة نقاش مع دكتورة كانت فاهمتني جداً شخصوني تشخيص مبدئي بإني اعاني من الاكتئاب,1,22
حاشني اكتئاب مافيه ولا ربع حماس,1,6
اكتئاب اكتئاب حاد,1,3
مضاد اكتئاب,1,2
اكتئاب جماعي,1,2
أنا الحاجات الي تجيب اكتئاب وخنقة وكرشة نفس بتقطع نفسها عليا الفترة دي 🤦,1,14
لا اله الا اله جبتوا لنا اكتئاب واحباط استغفراله بس😭,1,10
تكفين لاتختفين ترا يجيني اكتئاب وادخل بدوامة من الاحزان,1,9
لايكون بتختفين تكفين لاتختفين ترا يجيني اكتئاب وادخل بدوامة من الاحزان يرضيك,1,12
انا بعد اخذته من اول حبه كرهته وجابلي اكتئاب واهي حبه وحده,1,12
شعور الي ما تعرف انت فيك نوم ولا اكتئاب ولا ودك بأحد تفضفض له وتحس ما يسلك لك,1,18
حر بالنهار ✅ مل في نص اليوم ✅ اكتئاب بليل ✅ هوس,1,12
لدينا ما يعرف باضطرابات المزاج والتي تمثل النسبة الأكبر٦٤٪ مثل اضطراب ثنائى القطب,1,13
واله الإنسان حزون حزونة وعنده اكتئاب 🙂,1,7
صدري تحطم حيل وحطام صدري سب لباقي اجزاء جسمي اكتئاب واله ان الي بقى حزنين ل عمريّ حزن متعبني وحزن خلاني مصاب,1,22
داخله في دوامة اكتئاب اله يستر,1,6
نصيحة اليوم عندما تدخل بحاله اكتئاب لاتحارب لتخرج منها استسلم فقط,1,11
خلصنا من اكتئاب الاختبارات ودخلنا بالاكتئاب الطبيعي,1,7
اكتئاب الحوامل كله فيني هالفتره,1,5
انا مالي في الهرجة حقت الطافة اكلمك عن الشخص الي فعلا يشعر بضيق او اكتئاب,1,15
اهلين اكتئاب,1,2
حياة تفتقر لجودة وليس اكتئاب ✅,1,6
الناس كلها الفتره دي بتعافر علشان متدخلش في مرحلة اكتئاب الكل مرهق وعلي اخره وكل واحد فيه الي مكفيه فتره,1,20
تلك العتمة الباهرة جابلي اكتئاب حرفياً,1,6
أكتئاب حاد يعصف بي ثقل متهدل علي اكتافي ذلك الصغير ف اليسر اصبحت دقاته شبه منعدمه بدات اشعور بشعور العجوز,1,20
في رمضان كل شي يتمحور حول الفطور لذلك ماقبله ومابعده اكتئاب,1,11
الشجر الميت بيجبلي اكتئاب,1,4
رگعتني موجة اكتئاب فضيعة 🥲,1,5
يا تري الحياة البائسة دي هتنتهي بانتحار ولا موت بسب اكتئاب,1,11
اتشخصت ب إكتئاب انفعالي حاد 💔🙂,1,6
واله الواحد بطل عارف هو اكتئاب ولا انطفاء ولا نضج ولا انعدام شغف ولا تخلف ولا حالة نفسية,1,18
لدرجة انه ممكن اكون ببكي من التعب و الضغط بس بنفس الوقت مبسوطة لانه هاد الضغط انقذني من دوامة مشاعر و اكتئاب,1,22
هذه الوحشةُ التي وُضِعت بِي أكبر من أن يتسلها الإطمئنان حزن عبارات بوح خواطر اكتئاب,1,15
أعيش في زنزانة الحياة وأمامي أحلامي المقتوله حزن عبارات بوح خواطر اكتئاب,1,12
الحُفرة التي أدفن فيها الذكريات لا أنبشها أخاف أن أسقط وتوارى روحي في التراب و أُدفَن معها حزن عبارات بوح خواطر اكتئاب,1,22
ثقيلٌ هو الحزن أبحث في ليلي الطويل عن موسيقا تصدح لأفرد جناحي وأحلق عالياً علّ الحزن يخشى السماء ويهوي حزن عبارات بوح خواطر اكتئاب,1,24
كَبَتَ أحزاني كثيراً حتى بدى وجهي بدون ملامح حزن عبارات بوح خواطر اكتئاب,1,13
أفضل أن اسير في طريق مظلم ولا نهايه له بدلاً من التخبط في واقع هذه الحياة المريره حزن عبارات بوح خواطر اكتئاب,1,22
كالأعمى يحاول رتق ثوبه احاول ان اخفي ثقوب روحي حزن عبارات بوح خواطر اكتئاب,1,14
روحي المتعبه لاترغب بجسدي المُتهالك حزن عبارات بوح خواطر اكتئاب,1,10
لا نحتاج النسيان لنتخطى كل هذه الهزائم نحتاج فقط أن نستعيد اليقين أن يتلاشى أثر ما أفزعنا حينما كنا بمأمن حزن,1,21
لاجدوى من هذا الكم الهائل من الأصدقاء طالما انك تعيش لحظات حزنك لوحدك وتقضي اليل كله تشتم حزنك لوحدك حزن عبارات بوح خواطر اكتئاب,1,24
تصدقى بردو بحس إن الإجازة بتجبلى اكتئاب ال هو انا قاعدة فاضيه أما اقوم اكتئب شويه,1,16
لما الواحد ينام الصبح ويصحي باليل بيبقي اليوم مفهوش بركه كدا وكله اكتئاب وحاجه منتهي الوحده,1,16
طب دا انطفاء ولا اكتئاب ولا حزن ولا انعدام طاقه ولا ايه بالظبط,1,13
اكتئاب زياده اجل,1,3
يوم بلا اكتئاب ولاكن بأقصى عذاب,1,6
يا ريتني بقرة عالأقل ما عندها هموم و اكتئاب و جامعة,1,11
ضحكة مزيفة 😴اكتئاب لايفارق💤نفسية 0٪ عقل مدمر تفكير سلبي بألوان ذكارية مؤلمة وبالنهاية بتصفنّ بتقول,1,15
واله الصيف هو الى بيجيب اكتئاب مش الشتا خالص,1,9
أي دواء فيه طاري إكتئاب لازم يشد حيله معي😥💔,1,9
بقالي خمس سنين بمتحن ولسه برده بيجيلي حالة اكتئاب وفقدان شغف في النص كدا ولسه ملقتش لحوار د حل ه,1,20
🖤 غدا سيكون يوم بلا اكتئاب رساله وجدت في جيب منتحر 🖤,1,12
هدوء غاضب أو ربما إكتئاب هادئ أحدهما يحصرني الآن,1,9
ماتسحر ولا افطر بس مويا بحكم نومي ومن عقبها وانا صايره اتعب وغثيان وانا صايمه ودوخه ومافيني طاقه هالنوم سبب لي اكتئاب وعيا,1,23
عيد ميلادي داخل عليا ب إكتئاب بس من قبل ما يبدأ و كأن لو عدى من غير ما اتنكد السنة مش هاتحسب,1,22
لا ما هو يا صيام يا مذاكرة يا اكتئاب انما التلاتة مع بعض لأ مش هينفع,1,16
في اوقات بتعدي علينا من صعوبتها نيأس ونفقد الامل في ربنا بس غلط حقيقي غلط لان ربنا بيسترها معانا طول ال,1,21
بعد الولادة جاني اكتئاب فظيع كرهتها وكرهت أبوها وكرهت حياتي كلها ويمكن مرتين ضربتها وكان يوجعني قلبي 💔ا,1,18
أنا اليوم داخلة مرحلة اكتئاب بكرا أخر يوم بسمح لحالي ابقى بهي الحالة لأنه بشعة كتير و أنا ما تعودت ضل مكبلة,1,22
اكتئاب تاني هو انا خلصت الي معايا طيب,1,8
الحمدله حسيت اني انسانه طبيعيه يوم شفت ان الكل حايشه اكتئاب طفيف ذيك الفتره 💃🏻اله يلوم الي يلومنا صراحتاً,1,19
حياتي بقت عباره عن ميكس اكتئاب علي خوازيق,1,8
حصل واله بقوم سيباهم وقايمه م ناقصه اكتئاب اكتر من كدا 😂 😂 😂 🙂,1,15
اجازه اسبوع و انهارده اول يوم في الاجازه و داخل الي اكتئاب شكرا,1,13
ايه يا دماغي ما تفتكريلنا حاجة عدلة بدل المواضيع الي تخنق وتجيب اكتئاب دي,1,14
شايفة حالة اكتئاب جاية عليا من بعيد,1,7
نايمه فوق ال ١٢ ساعه وحاسه ان دي اعراض اكتئاب,1,10
اكتئاب ده صح,1,3
اقسم باله اكتئاب يع يع,1,5
اذا طلعت اي مكان ابرجع البيت بسرعه وهذا شكله بداية اكتئاب,1,11
موجة اكتئاب قادمة,1,3
قنبله اكتئاب واتفجرت ف التايم💣,1,5
اكتئاب وكل ماهو خرا,1,4
اكتئاب رمضان لا يضاهيه اكتئاب,1,5
تاكدت اني بنت الصباح لان جايني اكتئاب لاني ماقوم الصباح واكل واجلس واكيف🥲,1,13
اكتئاب اقسم باله,1,3
انا امر في حالة اكتئاب لايفهمها الا اله فا ي اله اني متعب جداً💔,1,14
اكتئاب بعد التخرج بدأ من اول يوم ماشاء اله 🙃,1,10
اكتئاب حاد الناس العادين طبيب نفسي انا مباراه لبرشلونه,1,9
معلش قصرت يا حمادة معاك بس واله دوامات مشاغل ع اكتئاب دخول الصيف ع كورونا و راحت الحمداله كوكتيل مشاكل كده,1,21
قاعدة امر بحاله اكتئاب حاده,1,5
اكتئاب 🤮,1,2
ده الاكتئاب لو شافنا حيجيلوا اكتئاب هو ذات نفسه 😂,1,10
بس بس دانا جالى اكتئاب ايه العيشه السواد دى,1,9
يلعنم القرف جاني إكتئاب,1,4
لما بقي عايزه اتسحل ف المطبخ كده بقي داخله ف حاله اكتئاب ف ربنا يستر انا قايمه اعمل كيكه,1,19
اتوقع اني نفسية كل ما يخلص ترم ادخل في حالة اكتئاب واحس بالفراغ الى ما اتعود بعد فترة بس حاليا الفترة صعبة,1,22
بيجيني اكتئاب من جلسه البيت,1,5
مش متخيلة نفسي كمان بتاع ١٠ سنين كدا وانا بحكي لولادي قصة كفاح امهم و قد اي هي عافرت و قاومت ضغت نفسي و اكتئاب و تخ,1,27
نفسي اصحي ملاقيش هاشتاجات ولا حرقة دم والاقي خلاص الدنيا اتحلت وربنا سهلها من عنده يارب انا جالي اكتئاب فوق الي عندي واله 😢💔,1,24
اكتئاب الصيام ده مش كويس,1,5
طيب انا عندي اكتئاب,1,4
يبقى كده كلنا عندنا اكتئاب ☹️,1,6
اكتئاب فراغ شوق 💔,1,4
بداية مرحلة اكتئاب وشي ماهو جيد لكم,1,7
داخل علي منحدر اكتئاب و وهتبقا علي اله حكايتنا خالص,1,10
هاه ذي الدورة ولا اكتئاب رمضان,1,6
ماصرت اعرف ذا اكتئاب ولا خمول ولا إنعدام شغف ولا ملل ولا,1,12
شهد مالي غيرك بعد اله انا كنت بعلاقه وبسبها دخلت حاله اكتئاب قطعت تواصلي بهذا الشخص لكن احسه يتخاطر معي,1,20
ما هو مش هيبقي لا شغل ولا جواز ويبقي اكتئاب وبس,1,11
انا فيفا جبتلي اكتئاب من اول يوم اجازة,1,8
ياشيخ علي انا اقرأه في القيام واستمر تماماً حتى اكمل شهر ثم تبدا معي حالات اكتئاب ودمار,1,17
المشكلة في الشيفت واله بيجيب اكتئاب وإنطفاء يا جدعان😂,1,9
اكتئاب الصبح ده🌚,1,3
أنا الصيف بيعملي اكتئاب مش فكرة حب لشتا وبتاع بس بجد أنا فكرة الشمس المنورة دايما ربنا يديمها نعمة 🙏 لما ب,1,22
شيلو الشغلات الإيجابية الي عم بتصير في حياتي على جنب أنا يومياً نفسيتي تعبانة ومش طايق حالي وعندي اكتئاب,1,19
جو تويتر يجيب أكتئاب واله الناس كلها مهمومة,1,8
توقعت اكتئابي من الدراسه بس خلصت ولحين فيني اكتئاب👎🏼,1,9
و ما بدك يجينا اكتئاب,1,5
إذا عندك ثنائي القطب وتمر بنوبة اكتئاب احد فهناك احتمال ان تعرض لهوس بعد ما يزول عنك الاكتئاب لذلك أنصح من يمر با,1,23
اكتئاب كل الكره الارضيه نايمه الا انا,1,7
احس في ناس بس اجوف ويهم ايني اكتئاب,1,8
ذكرياتي قبل النوم وهي جاية تسويلي تعاسة وارق و اكتئاب,1,10
أنا أيضاً أُصاب بحالات مِن الحُزن المُزمنة وداخلي ك البركان تُراودني الكثير من الأفكار المُقلقه تجعلني في حالة إكتئاب لا نهاية لها,1,22
هو شخص واحد محادثته قادرة تحارب اكتئاب اليوم والحياة كلها,1,10
البارحة صايدني شي غريب اكتئاب ليوم واحد كنت وايد حاسة بالقبح تمكيجت و قلبت الكبت و جربت كل الملابس الي عندي ي,1,22
اكتئاب كنت عارفة ايش بيصير بيفلم قاتل الشياطين بشكل عام بسب الحرق بس يوم انحرقت على التفاصيل احس بكي,1,19
ورجعنا من الجنوب وهسه كالعادة عندي يومين اكتئاب لتعامل مع فرق الحياة و الطاقة والحماس بعد يومين شغل مع أحسن ناس,1,21
ه صح من زود الحلاوه يجيك اكتئاب,1,7
شخص واحد يجعلني اكتئاب من جديد,1,6
أحس نفسي اعرف ايش شكل الحياة بدون اكتئاب مرا حيفرق معايا لكن مافي شي يساعد,1,15
عايشه في بيت مبيحترمش اقفل باب ولا اكتئاب ولا صداع,1,10
الطب الباطنة بتخلي دماغي تطلع دخان وبتدخلني ف حالة اكتئاب وحشة أوي وبقى مقتنع تمام الاقتناع إن البحر ده واسع فشخ,1,21
حاشني اكتئاب من ذا الانمي معد بشوفه,1,7
رسميًا نومي اختبص ودخلنا في مرحلة اكتئاب النوم,1,8
اكتئاب بسب المفاضلة حسبي اله,1,5
اشوفها جاني اكتئاب من الصبح 😔😳💔,1,6
الزعل اكلني بس مسوي نفسي طبيعي عشان ما تجيني موجة اكتئاب,1,11
ماعندي حتى طاقة لبكاء تداهمني نوبة إكتئاب ولا أجد عندي أي ردة فعل سوى الإستلقاء على السرير طوال اليوم والتعرض لكل هذا الألم,1,23
مدري كلامي له علاقه او لا لكن هي كذا اذا بتقعد تسخط تبكي على الوضع الي انت وتقعد تشكى ماراح تقدر تعيش حياتك,1,23
فيه دراما حزينه و اكتئاب,1,5
جاني اكتئاب من العيشة,1,4
تشتت متعب لغاية اعيشه لوحدي مابين تبلد و اكتئاب حاد و امل و حياة و زهد,1,16
مرت بريتنيسبيرز بمرحلة اكتئاب طويلة منذ انفصالها في العام 206 وفقدانها حق حضانة أولادها العام 207 سُجلت خلاله,1,18
يعطيك اكتئاب وطاقه سلبيه ويمرض باجابى كرونا ناقصه توتر ى وخوف,1,11
اكتئاب مابعد الولادة جاني بأخر ولادة لي وكانت أسوأ ٤٠ يوم عشتها في حياتي 💔جحيم ومهما قاومت ما في فايدة,1,20
تم بقراه ومستعده لاكتئاب لان اخر كتاب قريته برضو قصه حقيقيه تحزن وجاني اكتئاب اسبوع,1,15
اناتومي ال لحاله كفيل ب اكتئاب حاد,1,7
جداً بس دخلت ف حالة اكتئاب,1,6
الخبر سبب لي اكتئاب,1,4
بخصوص ان سويتوا اختبار وطلع فيكم اكتئاب كيف😭,1,8
صديقتي بعد ماحاولت تطلعني من الاكتئاب والانطوائية بالاخير جاها اكتئاب معي ونروح لدكتور نفسي,1,14
انا واختي حاشتنا حالة اكتئاب من خمستعشر سنه ماتروح ماتروح ماله علاج,1,12
اليوم احس فيني اكتئاب ودي اطير من فوق البنايه ✋🏽,1,10
اكتئاب حاد ماسحه فيس واتس وسايبه تويتر عشان بحب الصياح فيه,1,11
احس غريب اني كل لما امر ب اكتئاب او حزن او اتضايق اتذكر ان ذا مو مكاني وبروح كوكب ثاني ترا م استهبل حقيقي قاع انتظر,1,26
لا تكفين خلقه فيني اكتئاب واتحلطم من الذره كيف لو عاد انحبست في مكان وقسم لا اصير مجرمه😭💔,1,18
طيب صباح الخير اول ه المهم نظام رمضان يسب لي اكتئاب اكره اني انام هالوقت,1,15
عملت كتاب مذكرات عاساس اكتب فيه اشياء تصير معي امت كبيتو لانو حرفيا حياتي روتين قاتل سببلي اكتئاب,1,18
اول مره بحياتي احس ب اكتئاب بعد ماتابعت مسلسل وربي ندمانه بشكل اني تابعته💔,1,14
تحكم الأهل الفظيع والاجبار وحبس بناتهم بحجة الخوف والعيال مايخافون عليهم هذا عادي كثير انتحروا بسببهم,1,16
أُعاني من إكتئاب حاد الأصدقاء يُعاتِبوني على إبتعادي وأُمي تغضب لأنَّ حالي يتدهور أمّا أنا فَأُفَكِّر ك,1,17
كلكم عندكم كرش وقف وبف وانا عندي اكتئاب,1,8
وانا جوايا زلزال اكتئاب وملل,1,5
مادري نفسية سوداوية او اكتئاب بس يجيني غالباً شعور مقزز وخرا من زواراتنا ولا التكلف الي يصاحبه و الانتقادات,1,19
تعالي بيتنا يمكن يجيك اكتئاب مزمن,1,6
اكتئاب ايه ده الي الساعه ٦ الصبح,1,7
مع ان واله اني انا احط الدخان كحبوب الاكتئاب يعني هو مخرجي من الاكتئاب الي انا عايشه و لو سبته ولا اهلي اجبروني,1,23
يلا مود اكتئاب,1,3
انا قاعد في اكتئاب لعند توا 😞,1,7
كل التروما الى حصلتلى فى حياتى لسه فى تراكمات منها جوايا وفى فاصل بينها وبين حياتى متمثل فى محاولتى للهروب والنسيان,1,21
فكرة اني بعد 6 شهور بنصكر19 سنة ونخش ال 20 تجيبلي في اكتئاب,1,13
صداع نصفي ارق اضطراب بالأكل اكتئاب فقدان الشغف,1,8
ده اكتئاب صح😒,1,3
ياله وقتها كلو فالمطبخ اكتئاب مو قادرة😭🤣,1,7
بحمل مسلسلات انمي من الحين عشان العيد واضح اكتئاب ياله عفوك ورضاك,1,12
واله ما أنا عارف هو اكتئاب ولا انطفاء ولا نضج ولا وحدة ولا توحد ولا 🙄,1,16
داخل على نوبة اكتئاب جديدة وحاس إن قلبي هينفجر,1,9
كل حاجه بقت تجيب اكتئاب,1,5
ملكه تعبت تخصي طب بالجامعه واريد اغيره نصحيني احس دادخل اكتئاب من حيرتي بابقه بهل تخص ولا اغيره,1,18
حقيقي الناس الي بتبقى قاعد معاهم لو مش مريحين هيجيبولك اكتئاب ف من مكاني هذا بقولك اعتزلهم 🤷‍♀️,1,18
زيادة على الرّوتين الكئيب ماعندك حياة خاصّة عايشه عشان ترضين الناس لا معليش كذا أوڤر اكتئاب احتفظي فيه لِنفسك,1,19
احس دخلت اكتئاب م امزح,1,5
ماذا لو لم نلتقي من البدايه لكنت سأعيش دون دموع دون اكتئاب و دون حزن يستولي على قلبي كل يوم,1,20
ماشي كلامك كله صح وهو فعلا فكرته مختلفه وحوارته حلوه اوي بس حرام بجد جابلي اكتئاب من كل الناس ال بتموت دي😂,1,22
انعدام الرغبه بالارتباط نضج ليس إكتئاب 🖤,1,7
يابنات كل ما اسمع سالفتها يجيني اكتئاب شديد,1,8
انا فحالة اكتئاب بسب التغير كذا كثير علي متحمل😭,1,9
امر بفتره كثرة الضيقه مكن تسب لي اكتئاب بالذات مع الدواء الي اخذه وصدق اتمنى احد يستوعب ودي اقول فكوني من كلامكم واسلوبكم وانا بكون بخير,1,26
مش مستاهله إكتئاب على الصبح وحدي ربك وأبدأي يومك ضحكه وانشاله يجعل يومك وكل ايامك الجايه فرحه 🍂🌼,1,18
لا بأس هو مجرد إشتعال داخلي هدوء غاضب او ربما إكتئاب هادئ 🖤,1,13
اكتئاب مابعد الحلقة الاخيرة,1,4
هيلب اص انا وصديقتي نعاني من اكتئاب,1,7
حايشني اكتئاب 💔 إِنْ شَاء اله يسعدني برشلونة اليوم لحد ما تزين النفسية,1,13
صوت العصافير بتاعة الساعة خمسة الفجر دى بتجيبلى اكتئاب,1,9
شفي 💔 كذا يجيب اكتئاب,1,5
ياخي مع نفسك جاني اكتئاب منك من نومك ه كلامي لصديقتي😭,1,11
واضح فايتة ع فترة اكتئاب رائعة,1,6
اكتئاب مابعد الولادة,1,3
يمه اكتئاب,1,2
عندما أجلس بمفردي يظن الجميع إنه اكتئاب ولكنها لحظة راحة بعيداً عن تطفلات البشر,1,14
ضيق اكتئاب انفصال كل شي,1,5
خايفة افتح الاسبيس دي الاقي كلام ناس كبيرة و صعب و احزن ع نفسي اكتر ما أنا حزينة أنا مرة فتحتها طلعت عندي اكتئاب بجد,1,25
حبيبتي تقول فيني اكتئاب,1,4
باخد مهدئات وقت العازه مش عاوز اخد مضاد اكتئاب يستمر لفتره انا نفسيتي حاليا ف حاله هشاشه ومش ف احسن حال,1,21
ترا موضوع انه تضيق فيك الدنيا بدون سب وتعيش اما بعصبيه او اكتئاب فجأه بدون مبر ومرات تبكي بدون سب يتّعب النفسيه,1,22
مره شخص قال لي او كثير يقولون مو فقط هذا قال نظامك كئيب وروتيني وجوك ليل وحياة كذا مافيها ناس قلت فعلًا فيني مؤشر كابة,1,25
كنت مبسوطه لين قريت يوميات وحده وجاني اكتئاب المشكله يومياتها حلوه وحياتها احلى لكن كانت تكلم عن ضغط الاختبارات وا,1,20
قد مريتي باكتئاب وكيف تخلصتي منه — ما اقدر اسميه اكتئابس مريت بفتره سودا مره دايما افكر وابكي كثير ونفسيه زبال,1,21
انا عندي اكتئاب بعد وقمت اتهاوش مع الناس الحين مابقى عندي ناس,1,12
انا حدثت جوالي وطارت صور من ٢٠١٦لين ٢٠١٩😄 جاني اكتئاب ٣ايام,1,11
ياعمري هذي لو تعيش في بيتنا بيجيها اكتئاب,1,8
نوبة اكتئاب,1,2
هاذي اعراض اكتئاب لاتهملين نفسك,1,5
ولا انسى انها السبب الاول والرئيسي الي دمر نفسيتي وانها سببت لي اكتئاب لدرجه صرت اكلم دكاتره نفسين يساعدوني,1,19
لا لا لا هذي تسب لي اكتئاب واله,1,8
انا مكتئبه تزيدني اكتئاب,1,4
يمكن فيك اكتئاب لان يوم كان فيني كنت ماتحمل اشوف مقطع مدته عشر ثواني من اي شي,1,17
انا حاس اني عندي اكتئاب حاس مش متأكد حد عارف اتأكد ازاي,1,12
نحتاج كورس بعنوان كيفية الخروج من اكتئاب الجامعة لما تجي الإجازة,1,11
العشرينات المفروض تكون فترة الزهور من حياتنا بس الي اشوفه انها كابوس طويل لكل و اكتئاب و ضغوط و كبت كل جيلنا مضغوط,1,23
احب شعور ان ما يكون عندي شي اسويه لكن اكره الفراغ يعاني عادي يجيني اكتئاب بسب الفراغ ذا,1,18
وصلت ل مبقتش عارفه دا اكتئاب ولا دا انطفاء ولا دا انا كدا فى حالتى العادية اصلاً,1,17
النمر انا ف مرحلة اكتئاب رهيبة رهيبه حاس قلبي بينزف حد يتكلم معايا,1,13
الواحد داخل في مود اكتئاب لوز,1,6
ماذا تشعر الأن مصابٌ ب لعنة البرود وعدم الإهتمام ايضاً مصابٌ بلعنة القلق والخوف والتفكير في ادق التفاصيل,1,18
بس المشكلة كل ما احطه يجيني اكتئاب,1,7
أكتئاب 💔,1,2
اهخ وانا صديقتي الغبيه دخلت حالت اكتئاب 😭💔,1,8
بزعل بيجتي اكتئاب,1,3
انك تبني حاجه معينه بمجهود جبار وقت سنه او اكتر وتبقي رقم واحد في النقطه دي وفجأه وبسبب حاجات خارجه عن ارادتك كل ده يروح هو دة الاكتئاب,1,28
رحت اشوف محادثتنا القديمه وجاني اكتئاب ليتني ما شفتها,1,9
سراب اكتئاب وحزن😔,1,3
فيني اكتئاب حاد ما يروح الا اذا تخرجت,1,8
بكمل سنه كامله ما طلعت من البيت وزعلانه ليش فقدت روح المهرجه وصرت جديه هو زين مني ما دخلت حالة اكتئاب حاد,1,22
في دور اكتئاب داخل عليا وانا لسه مخلصتش الي معايا,1,10
كان في فتره كدا كنت قافله فيها كل حاجه وبخرج اتمشي لوحدي واقعد لوحدي دي كانت أحلي فتره ف حياتي♥️ التعامل مع البني آدمين بقا بيجيب اكتئاب,1,27
يصيبنا فاليل نوبات اكتئاب ونطيب لا شفنا من الصبح سْفرْه,1,10
النوم الكتير بيجيب نوم اكتر مش إكتئاب ولا حاجه,1,9
اكتئاب يجي بنوبات ممكن بعض الاحيان تفك وتنسى واقعك المؤلم بمواقف لحظية بإستثاء الحالات الاقوى,1,15
في اكتئاب بسبك اعمل ايه,1,5
المتشائم تروح مبسوط ترجع فيك اكتئاب,1,6
تداهمني نوبة إكتئاب,1,3
داخل على اهم مرحلة بحياتي بدبل اكتئاب ايوه كذا ياشيخ,1,10
داخله في اكتئاب حاد كله بسب الديره,1,7
نفسى هفانى ع فتره اكتئاب كده اختفى فيها بتاع ٣ شهور و مشوفش فيها اى حد كده يا سلام,1,19
اهخ بما اني اشوف مناسبات تخرج الايام هذي احسها احلا فرحه بس ماحسيت فيها وقتها كنت اتعالج من نوبات الهلع وعندي اكتئاب,1,22
عندكو شامبو — لا عندنا اكتئاب😒🚶🏻‍♀️,1,6
اكتئاب حاد شديد الخطورة من الفلم احتاج ابكي شوي وافضفض الي فيني اسطوري بشكل محزن الحماس الباكي,1,17
انا كنت راجع من بره مبسوط فشخ و متحمس إني اتكلم و بتاع دخلت بيتنا عملولي حاله اكتئاب فشيخه واله و انا خلاص امنيه حياتي اموت,1,26
اكتئاب بسب التوتر النفسي 💔,1,5
وهيفضل يجبلك اكتئاب لحد متصاحب 😂,1,6
وله انا ما عارف ده اكتئاب ولا انطفاء ولا نضج ولا ده,1,12
اعلان بيجبلي اكتئاب,1,3
اله يسلمك ❤️ المشكلة أنه جابلى اكتئاب بجد,1,8
هم غريب نوعًا مّا بعد التفكير احتمال يكون اكتئاب موسمي,1,10
تذكرت طفش شهر شوال وجاني اكتئاب مهلًا رمضان,1,8
الحالة الي انا فيها مدري هي نضج ولا اكتئاب ولا توحد ولا ملل ولا ايش,1,15
هو في اكتئاب جاي ولا ايه,1,6
احس بيجيني اكتئاب م كثر م يكرو الكلام عليا,1,9
انا اخذ جميع الفيتامينات مع ذلك دخلت بموجة اكتئاب,1,9
اعيش حالة اكتئاب بسبب ان رياكشناتي كلها انحذفت 🥺 انا كيف اعيش وكيف اعبر بدونهم,1,15
طلع العمري مو موقف ومحد قالي وانا داخلة اكتئاب صارلي يومين 😭,1,12
فيني أكتئاب فضيع,1,3
شكلي طول حياتي عندي اكتئاب💔,1,5
قوقعه مغلقه مليانه اكتئاب ومش عارف تنشل نفسك منها ومحدش عارف يخش ينتشلك منها,1,14
جاني اكتئاب من التوقعات والقوالب الي انحط فيها بشكل مو طبيعي,1,11
انتي لو تسمعين سوالفنا انا وخواتي جاك اكتئاب حاد,1,9
انا عندى اكتئاب مرضي وبؤس انسانى ومفلسه وحيدة,1,8
لن انسي انني كنت اقاوم هذا الانطفاء وحدي,1,8
مرات الزعل ياخد من صِحتك مش بس يكسر خاطرك ويتعبك وفوق ما انه يتعبك يدخّلك في دوامة إكتئاب تحس انك مش محتاج حد معاك,1,24
اكتئاب بلا هدف🙂,1,3
العاطل فيه اكتئاب الدنيا ايش تحسبون العاطل مبسوط وسعيد مزاجه ونفسيته زفت لا وظيفه ولا مستقبل ويقولون مكبرين الوسائد وماعندكم الا النوم,1,22
الوحدة بتقتلني,1,2
حزن وحدة بكاء,1,3
اكتئاب ورهاب 🥺,1,3
خدي مضاد اكتئاب من الصيدليه,1,5
يسطا حاس إني داخل في حالة إكتئاب تعالى واسيني,1,9
جاني اكتئاب يوم قريت الغويات التطبيقيه,1,6
ابوي يسألني كيفني وهو قبل ثلاث اسابيع يوم رجعت من المستشفى وقال لي الطبيب اكتئاب قال صلي اني لك من الناصحين يعني اكيد كيفني فهو خره,1,26
حرفيا لا صديقة تهديني عندي ولا اهل يرضون اشتري عندي واحس بدخل اكتئاب😭 الوحدة شي صعب ترا من,1,18
الإنسان بقاله خمس سنين عنده اكتئاب مش مستني حلول مستني ربنا ياخده 🚶,1,13
السبب ده جايبلي اكتئاب وهما اهلي والحياة🖐🥲💔,1,7
خربت نفسها ايش البنت فيها اكتئاب وتوها والده,1,8
في داخلي إكتئاب مريض نفسي مُتهم بالجنون وهو في أتم عقله✅,1,11
3ث عملتلي اكتئاب حاد 🙂,1,5
شكلها كدا اكتئاب,1,3
موجة اكتئاب حادة,1,3
انا غالبا داخل في اكتئاب و حرفيا مش عاوز معايا حد,1,11
في ريحه اكتئاب في الجو,1,5
ذول نفسهم اذا قلت عندي اكتئاب يقولون صلي ويروح الاكتئاب,1,10
احس بفرحة و مشاعر حلوه طول اليوم و فجأة بف اكتئاب 💔,1,12
يارب احميني من اكتئاب الحجر🥲,1,5
اكتئاب من كثر الشوق😔,1,4
انا لما بتعمق بتفكيري فى فناء الدنيا والموت بيجيلى اكتئاب جامد وقلبي بيبقا هيقف من الرعب وده معناه انى مكملتش حتى ربع الطريق الصح,1,24
انا امر بحاله اكتئاب واحاربه من فتره ونفعني البودكاست جداً تقدرون تستيفدون معي وبأذن اله اقدر أتغلب عليه❤️,1,18
شكله فيني اكتئاب دراسه صدق تحسون,1,6
عندي اكتئاب حاد دلوقتي,1,4
الواحد حاس انه هيجيله اكتئاب ع اخر رمضان من المسلسلات الي بيتفرج عليها,1,13
منكوا له 🙂 جالي اكتئاب,1,5
اكتئاب شديد,1,2
اكتئاب رمضاني ماله حل 🥲,1,5
لأسف دى اسوء فترة بعديها ف حياتى بعيدا عن الإكتئاب و القلق لا دا اكتئاب و قلق و ضغط نفسى و ايه زيطة,1,23
حاس بدور اكتئاب ربنا يعديه على خير,1,7
اكتئاب اعوذ باله,1,3
حر بالنهار ✅ مل في نص اليوم ✅ اكتئاب بليل ✅,1,11
الفصل الماضي جاني اكتئاب حاد في الدراسة و فقدان شغف بسب درجات الفصل الي قبله لان كنت متوقع اجيب درجات زينه لكن الص,1,23
اكتئاب نوع مُضر بصحة كمان😂💔,1,5
بس انتقل من مرحلة اكتئاب مابعد التخرج إلى حياة الوظيفه راح اخذ عهد على نفسي ما التفت لتوافه الأمور لأني أعتقد حلت,1,22
يخي حد بخ اكتئاب في الجو,1,6
اغنيه مبحنلهاش دي كفيله تجبلك اكتئاب,1,6
تدرون قبل سنه كامله بالضبط كان عندي اكتئاب حاد وما كان عندي اصحاب,1,13
مش اكتئاب انطفاء بس 😂,1,5
وهيا مش فكره زعل او خنقه او اكتئاب او توحد حتي الفكره كلها تراكمات بس مش اكتر,1,17
اكتئاب عزايم,1,2
احس رجعلي اكتئاب اول,1,4
واله اكتئاب الولاده ماله دخل هذا اكتئاب العيشه الي عايشتها,1,10
قرارات انصاص اليالي الي تجيب اكتئاب,1,6
كورونا جابت لي اكتئاب وتعب نفسي فوق التعب,1,8
😂 😂 اكتئاب حاد,1,4
ذكريات بشعة اعفن شي مكن يحدث اكتئاب,1,7
حاسه بإنتكاسة إكتئاب من سويعات قليلة داهمتني وانا اطالع بعض الأخبار المزعجة ودي عاد الإكتئاب يحترم نفسه ويأجلها لبعد الويكند 😞,1,21
في اكتئاب😔👍,1,2
خ واله مدري وين الراحة في العطالة قسم أسوء سنين عمري اكتئاب,1,12
هذا الحساب مدونة اكتئاب ولا أطمح فيه لشيء,1,8
انا داخل علي ازمه اكتئاب حاجه محترمه كده ويابخت كل واحد مش في ثانويه عامه بجد وحقيقي مش هيعرف ولا يفهم غير الي جرب,1,24
ي عمري عندها اكتئاب الولاده,1,5
داخلة علي حالة إكتئاب صعبة مضغوطة جدا واي حد بيكلمني كلمة بنهار ف وشه وبصرخ بسب ومن غير سب حتي الهزار مش متقبلاه,1,23
يبدو أني مُقبلة على موجةِ إكتئاب قاتلة أشعُر بألم ٍلا يتوقف في صدريّ منذ عِدة أيام متالية,1,17
جرعة اكتئاب قبل السحور,1,4
كسل انعزال اكتئاب,1,3
انا خلاص على اعتاب اكتئاب جديد خوفاً من انا نتحبس تاني و نرجع لحظر,1,14
ماعندي حتى طاقة لبكاء تداهمني نوبة إكتئاب وما أجد عندي أي ردة فعل سوى الإستلقاء على السرير طوال اليوم والتعرض لكل هذا الألم,1,23
اكتئاب ما قبل الباطنه أصلها تفرق,1,6
بس بقالي فتره كل ما افتح الفيس الاقي اخبار وحشه موت مرض حوادث خراب خوف و رعب من الناس لما خلاص جالي اكتئاب,1,23
اكتئاب ما قبل الامتحان,1,4
اكتئاب اسمه ازمة مفارقة غرفتي,1,5
بقالى فتره كبيره بحاول امنع نفسى من الدخول ف مود أكتئاب بس لحد امتى 🤷,1,15
أعاني من اكتئاب مابعد الدراسه,1,5
مش عزله ولا اكتئاب اد ما هي مريحه 🥺❤️,1,9
هو ملل بس تحسه ع شكل إكتئاب كدا,1,8
ينقلب مزاجك ويخرب يومك ويجيك اكتئاب من حركة تافه او كلمة بسيطة وغالباً يكون الشخص ما يقصد,1,17
واله انا ماعارفة اذا حاكمني اكتئاب ولا انطفاء ولا نضج ولا وحدة ولا,1,13
بنام تعبان زعلان اكتئاب هموم,1,5
انا نفسياً تعذبت من البلد دي طلعوني منها قبل ادخل ف اكتئاب 🙂,1,13
داخله علي اكتئاب في اكتر وقت قريبه فيه من ربنا وتعبانه جدا مش عارفه لو مش قريبه من ربنا هيكون ايه حالي واله الحمدله,1,24
انا فيني اكتئاب وقالي مو من حقك تكتئبين بنتي يدها مقطىوعه وسعيده وهو شو يدري ال ةحبه يمكن تبكي باليل و,1,21
هذا إكتئاب,1,2
انا في مرحله اكتئاب متقدمه اوي,1,6
و صارت وايد اشياء بعدها و طلع هذا الشيء كله اكتئاب,1,11
احس بشعور حزن على ضيقه على ودي انام فتره ولا اقوم على افكار غبيه على توتر على قلق على اكتئاب ودي اهرب من كل شي لا,1,26
واله منا عارف هو اكتئاب ولا انطفاء ولا نضج ولا واحده,1,11
اكتئاب دا هو اكتئاب انا عارف,1,6
كان سهلًا جدًا أن أقتل نفسي في نوبة إكتئاب أما الأصعب فكان ألا أفعل أيّ شيء أن أتحمّل حياتي أن أنتظر,1,21
هو اكتئاب ما بعد الامتحانات ده طبيعي ولا الانسان نفسيته بتسطعبط🙂,1,11
احمد انا محبوس سنتين جاني اكتئاب فلس ظهري وجعني نظري ضِعف كبرت 10 سنوات,1,14
ياخي مالي خلق ادخل تويتر جانب اكتئاب 🤢,1,8
واله حاشنا اكتئاب أستغفر اله,1,5
أنا ف إكتئاب م بداية ٢٠٢٠ ولتوا عسباها نفسيتي زيرو ونين,1,11
اكتئاب لين يطلع قبول الجامعه ثم جمعات ونوم لين يفرجها اله 😍,1,12
اكتئاب وانا عايشه حياتها ولا اكتئاب وانا عايشه حياتي,1,9
انا شخص بيتوتي جداً بس الظاهر هالمرة الوضع إكتئاب بجدارة,1,10
كل فترة كدا بتجيلي نوبة اكتئاب ملهاش أي سبب بتخليني انعزل وماردش ع حد وغالباً بتكون يوم ومبتزدش عن ٣ أيام بس المرة دي مطولة,1,25
مافي أحد مب تعبان وماعندو أكتئاب كلنا تعبانين,1,8
جبتولى اكتئاب اكتر من الى عندى🙄,1,6
كلنا عندنا اكتئاب بس لحين ابي حياتها,1,7
مدري جاني اكتئاب ان رمضان بيخلص بذي السرعه,1,8
السلام عليكم انا مريضة اكتئاب شديد ومقاوم جربت ادويه كثير ودكاتره اكثر ولا استفدت الا زاد المرض معايه,1,18
ربنا يستر وميبقاش اكتئاب😂,1,4
و اله منجد 😭 كله اكتئاب,1,6
احلى موجة اكتئاب تجيبك الارض ناو,1,6
اهو انا مبحبش ادي نفسي اجازة علشان دماغي الوسخة دي الي بتدخلني في إكتئاب,1,14
ياربي جاني اكتئاب وانا مبسوطه لعيد والتجهيزات 😣,1,8
هاد الطريق آخره اكتئاب 🚶🏼‍♀️,1,5
اكتئاب من جهه ومن جهه نقاش ماله نهايه وتعب ع الفاضي,1,11
سبحان اله انتي نفس مدة مرضي انا كمان عندي اكتئاب وقلق شديد وربي خلاص احس اني انتهيت اعوذ باله تعب مره,1,21
متضايقه صدق احس قاعده اعيش ب اكتئاب ومحد حاسس فيني الكل قاعد يضايقني,1,13
جاني اكتئاب وانا اقرأ بس روتينها,1,6
اكتئاب بدون سبب ✅🥲,1,4
اكتئاب 😩,1,2
يعني اكتئاب,1,2
الجو برا دارلي أكتئاب أستغفر اله😷,1,6
كل ما ادخل التويتر يجيلي اكتئاب اكثر,1,7
اكتئاب الشغل طلع ابضن من اكتئاب الدراسة انتو مبتدكدبوش لأ,1,10
جماعا مهم 📢 انا جاية اقولكم ان نزل واحلى اكتئاب وانعزال علينا كلنا ❤️,1,14
بسم اله وندخل مود اكتئاب اخر اختبار,1,7
كل حاجة تجيب اكتئاب كل حاجة والله مش مبالغة,1,9
لأسف فقدت خبرتي بالتشبيك صرت اتأمل الحلوين وادخل بحالة اكتئاب ☹,1,11
اكتئاب بعد ثلاث أيام حرب 😩,1,6
بعرف اني مكتئبة اكتئاب حقيقي لما بيكون نفسي مسدودة عن الاكل 😥,1,12
انا هاليومين صاير عندي ضيق في تنفس بشكل غير طبيعي وبدأ يسب لي اكتئاب دعواتكم لي💗,1,16
من اكتر الأسباب الي بتسبلي اكتئاب اني ديما بشوف اني مقصر في حق نفسي وبلوم نفسي كتير اوي كان لازم اعمل كان لازم اسوي,1,24
دخلت حالة اكتئاب بسب ضغط البرنامج النفسي المرعب وليته يعطونا حقوقنا زي العالم والخلق,1,14
بحاول أخرج من اكتئاب الكام شهر الي فاتوا ❤️,1,9
تذكرت البؤساء وثورة شباب الأبجدية ونهايتهم وجاني اكتئاب,1,8
هتكون فتره صعبه عارفه ومتاكده بس انا انهارده اخدت القرار دا اني هتخلص من اي اكتئاب واي علاقات سامه كنت فيها,1,21
هو مو بس يجيب لي اكتئاب هو يخليني بعد افكر بالانتحار,1,11
في دور اكتئاب داخل عليا وانا لسه مخلصتش الاكتئاب الي معايا,1,11
واله ياجماعه مدري ايش اقول بس فعلاً اكتئاب,1,8
اله يسعدك مكن تسوي لي رتويت انا عندي اكتئاب وبقدم ع التاهيل هل ينزل لي ع طول والا فيه لجنة لازم تشوفني,1,22
الحمدله خلصت منها وافتكيت وجاني اكتئاب من الحجر مو عشاني تعبان 😂,1,12
لأسف فقدت خبرتي بالخرفنة صرت اتأمل الحلوين وادخل بحالة اكتئاب 🥺,1,11
انا عندي اكتئاب,1,3
احس عندي اكتئاب مو قادره اسيطر عليه مع ذلك احس اني فرحانه كيف مدري 🌚💔,1,15
لا استطيع القول لاحد اني متعبه اني امر بفترة اكتئاب,1,10
اله يكفيكوا شر اكتئاب اليل 😖,1,6
شخص من اقاربي ساعدني اطلع من اكتئاب والحين هو مكتئب,1,10
احسني دخلت اكتئاب لدرجة تخيلو م احب اطلع برا غرفتي قبل شوي طلعت مع ابوي مشوار ورجعت منفسه وفيني الصيحه بس م اصيح ال,1,24
ياليل مع اكتئاب ذا ما في شي مفرح يعني,1,9
حزن اكتئاب ضيقه الهاي ويست الي قبل كنت البسه وكان واسع علي الحين لبسته مره ثانيه صار لاصق مهلًا رمضان,1,20
اكتئاب 🙂,1,2
شكله جاني إكتئاب الحظر ماحسّيت فيه السنة الي طافت بس هالمرة بقوّة,1,12
اكتئاب مو طبيعي فجأة حل علي بدون سبب🥱,1,8
نرجع لوقت ما سويت هالاختبار وطلع عندي اكتئاب,1,8
الواحد بيجاهد نفسه بقاله فتره كبيره ع ميدخلش ف مود اكتئاب ونقول رمضان ومينفعش بس مفيش فايده ف يارب حلها من عندك 🥺💔🤲,1,23
كمية الضغط النفسي دي تجيب اكتئاب لواحد في اقل من يوم 😞,1,12
الخوف من الوحدة مسببلي رعب و اكتئاب,1,7
الخوف من المستقبل والزعل من اللي حصل في الماضي عاملين لي اكتئاب حاد,1,13
انا لما حد بيقولي كده بيجيلي اكتئاب وخوف وبحس باعراض مش موجوده😌,1,12
المستقبل مسبب لي اكتئاب,1,4
المهم انى بعد أى فترة إكتئاب بدخل فى حالة ضحك وهزار وتفاؤل هستيرى ربنا يستر 😂,1,16
الدنيا كلها شايفاني فيا حاجة وبوادر اكتئاب بس انا عمري ما اروح اقول,1,13
وقبلها طبعًا كان عندي اكتئاب مرات نمر بتجارب من شدة وطأتها نعتقد ان ممكن ما ننجو منها,1,17
الحمدله خلصت اخيرا ونفسيتي خلصت مع الاختبارات وجاني اكتئاب 😍,1,10
ويضايق حيل وتحس ان فيك اكتئاب حق فتره وماتكلم احد ونفسيتك تغير و تعب وايد وتفكر وايد وتحس ان فيك شي ناقص من يومك,1,24
مو مستوعبه كيف درجاتي الترم دا حلوه وانا قاعده امر في العن مرحلة اكتئاب في حياتي,1,16
كنت أعيش لحظات إكتئاب وربي نسيتك احلى لحظاتي لما أكون معاك,1,11
وعلى كدة الهدوء الي انت فيه ده ثقه ولا غرور إكتئاب حضرتك,1,12
يومي كله يا نايمه يا اذاكر وخذلك احلا اكتئاب,1,9
انا مُرهق جسد يارب انا من طين أنا كعبه حزن فيها الحزين يطوف,1,13
حزن الفقير والدمع بعيون الأيتام على كثر ماني شجاع تهزمني,1,10
فتره مليانه حِزن,1,3
منجد وربي بدون هم بدون حزن وعايش لنفسك فيلم اكل نوم 😩🤍 ه,1,13
وليّس الهجَر يؤلمني ولكّن جمًال الذُكرياتِ يهُز قلّبي أخادَع حُزن روّحي بالتمْني فأين حنًانِ ذاك القلّب عّني,1,17
حزن حزن حزن,1,3
حزن الصاحب معدي ي جماعه,1,5
يارب الا حزن الصاحب المصاحب لروحي دائمًا,1,7
عطيته حب شريان و عطاني حِزن سلمان 💔,1,8
•الّہ̣̥ يرحمك ياخوي مكانك فاضي اليله في المجلس والاصدقاء في حالة حزن على رحيلك ولم يستوعبوا ماحصل لك رحلت ونيدل,1,20
حزن وتقل الدنيا كله ولا أى حاجه مكن تخف من جبل الحزن والاحباط دا لان اكيد محدش هيحسه غير ال شايله الحمدله,1,22
حزن,1,1
أسوأ شيء بهذا الكون لما يكون ذوقك أغلى من ميزانيتك حزن وبس,1,12
واله حزن💔,1,2
او حزن ايهما اقرب,1,4
يا كسر لم يجبر يا فقد لن يعوض يا حزن قلبي الاول,1,12
واله اليوم جاني نفس شعور نهاية برنامج السوق حزن على توتر اختلاط مشاعر لكن ان شاءاله مو اخر ليلة تجمعكم,1,20
فعلاً مشهد مزدحم بكل شيء أنا وقفت عاجزة عن وصف ما أشاهد مدري فخر وإعجاب مدري حزن وغصة ولحظات كرهت حياتنا المرفه,1,22
مات الكلام ودموعنا عيت تغيب فيها تعب وفيها عتب وفيها حزن,1,11
أشد الألم وجعاً حزن لا نستطيع الإفصاح عنه ولا حتى إحتوائه رغم أنا نعلم يقيناً ما السب إلا أنه لا يحكى,1,21
حُزن الام معدي مُهلك,1,4
في قلبي حزن واله يوسع مدينه,1,6
حزن السماء و بكاها في ليالي القدر على من قتل مهراً لقطام بنت اعداء اله و رسوله في من قتلوه بسيف مسموم,1,22
مالقيت من اليالي عقب فرقاك أمان كوّن حزن ما يهدي و دمعٍ مستمر ماقدر ينساك قلبي ولو آن الاوان جعل عذال الموده على,1,23
وربي حزن 😭,1,3
حزن وبس,1,2
حزن شويه صغيره مره,1,4
أشعر كما لم أشعر من قبل بشعور لا أسْتطيع أن أميزه هل هو ألم فقد حزن ضياع بهت الحياة في عيني شعور مخيف هو ما أشعر به,1,27
إني أتألم بكل حزن أنّ كثيراً من الناس من المشايخ وغير المشايخ ينسبون إليّ بكل حقدهم أني أقول إن عليّاً علي,1,21
حفلة حزن,1,2
يارب انا قلبي زعلان و حزن الدنيا كله فيه هون يارب,1,11
حزن شديد واله,1,3
وليّس الهجَر يؤلمني ولكّن جمًال الذُكرياتِ يهُز قلّبي أخادَع حُزن روّحي بالتمْني فأين حنًان ذاك القلّب عّني,1,17
انا كلها اكلتني حزن,1,4
😢 حزن,1,2
مو حزن لكن حزين 💔 مظفر النواب,1,7
فكره انك تحاول تخطي حاجه جواك مسبالك حُزن جامد او تعباك نفسيا حاجه مش سهله خالص الحقيقه ان الواحد يعافر وقت طويل,1,22
حزن يثقب القلب,1,3
لماذا أرى الدنيا حزينة اني اشم ريح حزن كبير أني أسمع نعي مفجع في السماء ما حل بالأرض تهتز بجنون مابها الشمس تري,1,23
حزنٌ حوّله لكتلة صمت,1,4
بموت حزن,1,2
ليت ابي ما شآب ولا مرض ولا حزن ولا مات 💔🥀,1,11
وإنى يا اله حزينة وانين قلبى اخترق روحى وأحزنها فخف من وجع قلبى وهدئ من حُزن نفسى وقل من قلقي يا اله,1,22
اهخ وربي حزن الينا,1,4
انا بحاجة اضيع حزني ب حسّك ماني بحاجة حزن يا حزني الثاني,1,12
ده لسه فيه حزن في الأخر,1,6
بكل حزن وأسف لا😀💔,1,4
وربي حزن ماتوقعت بكي لذي الدرجه معد بقي لخضر احد من الاصدقاء القدماء غير شاهين,1,15
طيب انا كيف أعرف دموعي دموع حزن أو فرح💅,1,9
تعالوا ف شعر وحاجه اخر حزن,1,6
هبايبُ حِزن ماهي هبْايب ليّل,1,5
قهر حسره ضيم حزن,1,4
اهخ بس وربي حزن,1,4
حزن مفاجئ,1,2
احنا بعد بنطلع حزن مابي اطلع,1,6
بقى حزن السِؤال يدور فبالي علىَ كثر المواجع ليه منتظِرك,1,10
لاسف حزن 😞💔,1,3
اهخ حزن 😞,1,3
جاني نفس الشعور الي جا بنهاية السوق 😭 مدري حزن على توتر على رهبة على فراق على وداع على نهاية على ختام 😔😪🙄😬🥴☹😟🥺,1,23
الهم بُشرى تشبه الغيث وفرحة تمحو كل حزن وشفاء لكل مريض ورحمة لكل ميت واستجابة لكل دعاء,1,17
أشيل حزن فراقك بجوفي يا جدتي سنه ورا سنة,1,9
في حزن عيني وضح تعذيبك لمغليك وايضا وضح في عيوني شوقي لمراسيلك الى متى يا غلاتي بستمر اشكيك اشكي هواك وجفاك وقلة وصالك,1,23
حزن😓,1,1
حزن شوي على فرحة شوي,1,5
الهم سعاده لا حزن بعدها ♥️,1,6
حزن واله,1,2
باقي سنة وتكمل عشر سنوات حزن,1,6
حزن💔,1,1
ألف ضيقه وألف حزن بقلب واحد,1,6
الهم إني أعوذ بك من أن أفقد شغفي ومصادر بهجتي وحبي لحياة أعوذ بك من دربٍ أسير فيه بلا جدوى ومن حُلم أتع,1,23
يا ويل قلبي يموت لا ابتدى يواسيك ميت حزن مع كذا بالحيل يوفيلك,1,13
سامحني ياله اذا بكيت على قضائك و نفذ صبري و ضاقت نفسي الهم انت ربي انت معيني خذ بيدي و كن معي يارب بدل كل,1,25
وربي حزن,1,2
في عيني حزن عالق لا تنهيه ألف سعاده و لا تخفيه مئات الضحكات حزني على فقدك عميق و كبير جدا,1,20
كومة حزن فقلبي متعقدة ماني قادره اطلعها ولا اشرحها لأحد,1,10
متضايقه حقك كلنا نتضايق بس حبي لا تكرهين نفسك انتي تستحقين كل الحب ماحب ابعص حزن الاشخاص بس لانو حابه,1,20
عنيكي فيها حزن,1,3
لحظات التأمُّل لمكان شخصٍ غائِب كانَ حضورهُ بالدُّنيا تُعادِل حُزن الدُّنيا,1,11
عيونه تحكي عن حزن كبير بقلبه والوحده الي ملازمته والكل حوله مع شويه لخبطت فيه مشاعرة تجاه الحب,1,18
حزن 😞,1,2
من حسن حظي انك شخصي ومن حزن حظي انك بعيد🫀,1,10
حزنٍ سهَر في عيوني ماغفى طرفه,1,6
أرى طاقة حزن وتعلق بالماضي والذكريات السيئة وانكسارات,1,8
عايشين في حزن وضرب ولطم سبحان اله الذي أذلكم لأنكم أشركتم باله ولعنتم اصحاب محمد موتوا بغيضكم الر,1,18
أسوأ شي في ذا الكون لما يكون ذوقك أغلى من ميزانيتك حُزن وبس,1,13
يا ذهينه كل هذا الحزن فينّي تجهلينه كل هذا ومالمحتي شي فيني تعرفينه وأنتي المفروض قبل يمر فيني حزنّ قبلي أنتي تلمحينه,1,22
واله العظيم تلاته حزن ناو,1,5
حزن 😂,1,2
ودي أخفي حزن وجهي وقلبي ماقوى بين جرحٍ مايعالج وعينٍ شاقيه,1,11
فيه حزن مكبوت والبوح غادر والشعر عيا لا يترجم همومي,1,10
انا أيضاً أشعر أني لست من هذا العالم ولا بد أن أفعل شيء لأذهب من هنا ولكني ضحية خوفي من حزن أمي ونوعاً ما اله,1,25
حزن الدنيا كله بقلبي من بعد موت ابوي 💔,1,9
راح الرفيق الي عليه الدمع سال راح وترك في القلب حزن الرفاقه 💔,1,13
ألف شعور ف داخلي و الف دقة حزن فقلبي,1,9
حلىو مره واله بس الي فوق احسه اشد حزن شوي,1,10
حزن عوضك اله,1,3
حزن 😔 19,1,3
الهم لا تجعل في قلبي مثقال ذره من حزن,1,9
شعور مؤلم ان تنام كل ليلة وفي عينيك حزن لا يراه احد وفي صدرك كلام لا يسمعه احد,1,18
حَرام تركني وانا خاطري فيك حزن اقتباسات عبارات كلام,1,9
ثمّة بعثرھَ حزن في خواطرُنا نَود بوحَھآ لكنّ بقاؤهآ في القلبِ رُبمَا يكونُ أوفي,1,14
عسى ما ينتهي عمري وأنا متوسد جرحي يحاصرني ألم ذكرى سكنها حزن مترامي ✍🏽,1,14
شوي حزن,1,2
ايه واضح كلها حزن وصياح 😩,1,6
يمسّها ضيق فيمسّني أضعافه فأوقن حينها أن حُزن الصديق مُعدي,1,10
الضيقه الي تجي من غير سبه عيت تروح وخاطري حيل تعبان حزن وقلق واحلامنا المستكبه تجمعت في وقت وصبحت زهقان,1,20
حزن الأصدقاء مُعدّي,1,3
يقتلني الندم كلما تذكرت كلمات قلتها لشخص لا يستحق حزن اقتباسات,1,11
ليش دايم تربطون حزن شخص بحبيب تركه او بصديق غلط مو كل حزن لازم يكون بالاصحاب او بالاحباب هو عنده مشاكله الخاصه ب,1,23
حزن واله ه,1,3
ماذا بك بداخلي ياصديقي حزن غريب أنا متعب جداً و لا أخفي عليك سراً فأنا على وشك الإنهيار عيناي صامدة لكن كل شئ بي يميل,1,25
في داخلي حزن أتظاهر طوال الوقت أنه غير موجود لكنه في النهاية يعضّ عنقي يفترسني يشحطني في الشوارع,1,18
واله حزن حزن,1,3
وليس الهجر يؤلمني ولكن جمال الذكريات يهز قلبي أخادع حُزن روحي بالتمني فأين حنان ذاك القلب عني,1,17
بندخل العشر الأواخر واحنا لسى نختبر وربي حزن☺️💔,1,8
وكان كل حزن هذا العالم سْقط علي قلبي,1,8
آه من حزن تمادى إلى ماله مدى,1,7
كان الأمل إني مع الوقت بنساك اقتباسات حزن كلام عبارات,1,10
اخ صدق كميه حزن💔,1,4
حزن 💔,1,2
ليه ازعل لما اشوف شايب جالس بالحر ويترجاء الناس يشترون منه قسم باله حزن,1,14
الهم ان نمت على ضيق فأيقظني على فرح وان نمت على حزن فأيقظني على سعاده وان نمت على يأس فأيقظني على أمل,1,22
اخ واله حزن خصوصا ريمي وبائعة الكبريت اخ بس,1,9
شعور ب نقص العاطفي حزن داخلي تحس قلبك فيه غصه فراغ عاطفي تعلق ب الماضي,1,15
حزن دا,1,2
قاسملميدانوالسياسة كثيرون من الناس يظنون أن كل مرح زائل ولكنهم يتصورون أن كل حزن مستديم أدرك يؤمنون ب,1,18
ربي ثبّت دموعي ثبّت صبري ثبّت إيماني عندما استعيد ذكريات فقيدي ثبّت يقيني انك قد اخترته ضيف في رحابك في جنات الخلود,1,22
ترا السواد الي تحت عيني مُش مرض هذا قلة راحة وملامحي الباهته مُش كره لناس هذي فرط حزن وعصبيتي مش غباء هذا ضغط ب,1,24
مشاعر حزن وضيقه وهم وكآبه كلها اجتمعت بموت الم ياجماعه انا رح اموت,1,13
فوق الحزن الموجود داخلك يحزن ان ولا حزن قادر تشرحه شوي💔,1,11
19 رمضان 🌙 الهم إني أعوذ بك من فواجع الأقدار ومن فقد الأهل ومن حزن القلب وحرقة الشعور الهم إني استودعتك نفسي و,1,23
حزن😿💔,1,1
اي قسم وربي حزن مادري اتضايق ان طلبيتي لسا ماجت ولا عشان رمضان بيخلص ولا وش الوقت قاعد يداهمنا,1,19
حزن😔,1,1
الهم إنَّا نرجو جبرك ونرتقبُ فرجك لا نعوّل إلّا عليك ولا نؤمِّل إلا فيك هبنا الرّضا وألبِسنا السكينة نعوذ بع,1,20
تاجي السيرة يا لطيف مسحة من حزن يتبعها رغبة شديدة في الموت بدون أي سب بدون أي سب بجد,1,19
هُناك حزن يأكل قلبي بإستمرار,1,5
ماذا يحدث ولماذا بؤس حُزن شؤم تعب داخلنا يبكي لا أحد يستطيع أخذ ولو القليل من الراحة لان الجميع متعب,1,20
من الجيد أن تبقى دون علم بالحقائق أحياناً المعرفة حزن ودمار,1,11
أَنَا الحُزْنُ الَّذيِ لا حُزْنَ بَعْدِي وَلاٰ يُغْنِي حَنِينٌ عَنْ حَنِينِي حامدزيد,1,12
حاسه بيأس و حزن مش طبيعين صحيت ع حريقه ف بيت جدي و الدخان كان كتير اوي و لسه شمه ريحته لحد دلوقتي,1,23
يارب تكون نهايه حلوه اخ مانبي حزن كفايه,1,8
بنفس الوقت في حزن لأنها النهاية,1,6
لن نعود بات كُل منا في طريقه في النهاية تعود الأمور لنصابها ما مِن أحد ياخذ حزن أحد كلّ قلب حزنهُ معه,1,22
الهم فرحة تكسر كل حزن فيني 🤲🏻,1,7
مستغربة رد فعل الناس عليهم من امبارح واله حِزن,1,9
كانت تضحك بعد كُل حزن يمُر على قلبها🖤,1,8
واذا حزن ليش كذا,1,4
فوق الحزن حزن بعد,1,4
ناس تلاقيها مبسوطه وناس تلاقيها حزينه وناس بدارى وراه الضحكه حزن عشان تكمل حياتها وناس تلاقيها حزينه ومستنيه فرحه ك,1,20
غصب عنَّي حِزن صوتك هاجني,1,5
مايفضي متروس قلبي حزن,1,4
ولايهد حيلك مثل حزن شخص هو كل شيء بالنسبة لك يارب امسح على قلبها💔,1,14
في عيوني حزن و بالخاطر كلام ودي اشرح بس اشرحها لمن,1,11
وله يوم العيد يجيني حزن لأن رمضان خلص 😭,1,9
شبعنا حزن متى نشبع فرح,1,5
عن كلِّ حُزنٍ قَد نديرُ وجُوهنَا لكنَّ وجهَ القلبِ كيفَ يُدارُ,1,11
لقِد تعُبت من كل شيء لا اعِرف لمُا أبدو منهكاً إلى هاذا الحّد كُتنهيدة عُميقة بلا حُزن كصّراخ مُرعب بلا ألم,1,21
في حزن مايروح الا بالسفر 🍂,1,6
حزن 😩💔بكي,1,2
اخ حزن شديد,1,3
أنا كعبة حزن فيها الحزين يطوف,1,6
حزن 😿,1,2
حزن من شدّته يخرسك,1,4
هُناك حُزن عميق بداخلي لن يفهمه أحد ابداً 💔,1,9
عطيته حب راشد وعطاني حزن سلمان,1,6
كان ما صار عندك شغف ولا حياه بختصار كانك تشاهدين فلم عارفه نهايته مافيه حماس ولا حزن ولا فرح لانك اوردي عارفه النهايه,1,23
الف حُزن والف ذكرى والف ضِيق وَقلبّ واحد,1,8
لا بأس إنهُ مُجرد حُزن جديد,1,6
بداخلي حُزن لايحكى بل يبكى,1,5
حزن😂😭,1,1
حزن الصاحب مُعدي ومؤلم💔,1,4
كل حُزن هو مبالغه في نظر النّاجين,1,7
حزن اهى يومين ينقلع اهى,1,5
اه حزن وربي,1,3
وتنهمرُ عليكَ الأحزانُ دُفعةً واحدة ولاتعرف على أي حُزنً تحزن عليه أكثر,1,12
حزن حزن,1,2
بحاجتك فأنا في حزنٍ شديد,1,5
حزن الأمهات مؤلم 💔 ليتنا نقدر ناخذ كل وجعهم وحزنهم,1,10
حزن أهئ أهئ لاء,1,4
لا تستطيع الانصات دون حزن ٍ,1,6
اريح بكثير على إلي نشوفه من حزن وكسر قلب كل يوم قلوب مكسره,1,13
ضيجه حزن كئابه,1,3
اتفق اصلا اصحى الساعة 10 بسوي نفسي مبسوطة لعشر دقايق وبعدها يبدء حزن العيد,1,14
مرهق وكأني عشت الف حزن بالف شخص بالف ألم,1,9
حزن شديد لمفارقه الغوالي اخ لو بيدي اخذها معي😔😞,1,9
اضحك وكأن لا حُزنَ في قلبي 💔,1,7
لا حزن ولا فرح فتره بلا شعُور,1,7
فلما راى حزن عينآي قال من الذي كفر بنعمة ربه واحزنك,1,11
الهم جبراً يعوض قلوبنا عن كل حزن,1,7
انها ليلة حزن ليلة فراق ‌واعلياه,1,6
الف حزن والف ذكرى والف ضيق وقلب واحد,1,8
بكل مافيني من حزن و تعب و خيبة أبغاكّ أبغاكّ أبغاكّ,1,11
فيني حزن مع كمية قهر ودي افقع وجه احد,1,9
حزن عنجد😔,1,2
حزن ماعندي احد اشاركه مقاطعي الحلوه,1,6
الهم أنت أعلمُ بكل حزن ف أجعلهُ يمضي,1,8
ماكنش حزن عادي كان خذلان لكل حاجه جوايا 🖤,1,9
بكره تزين وينتهي حزن الايام والا نموت وأحسن اله عزانا💔🕊,1,10
واله حزن اله ياخذهم💔,1,4
حزن ودموع وجالسه اقاوم اني ابتسم,1,6
حزن لاه سوي قلب مكسور,1,5
ايه واله وش ذا حزن بس ماعليه من التطبيق انت افضل حساب عندي وعنهم كلهم,1,15
في عيوني الف دمعة حزن وفي قلبي وجع لاينتهي,1,9
حتى انا حزن,1,3
عامًين من الفقد يا كسراً لم يُجبر يا فقدًا لن يُعوض يا حزن قلبي الاول مرت سنتين على وفاتك وما كان لمرور الأيام,1,23
بس عينيك فيها حزن برضه,1,5
يارب لا تجعل حزن قلبي يبان على وجهي,1,8
يا حزن حالج,1,3
أنا في داخلي فوضى حزن وأوجاع مختلطه,1,7
حزن وربي,1,2
تحاول تأقلم مع الواقع وداخلك حزن ضحكتك باهته لا حياة لها,1,11
💔حزن شديد,1,2
حزينه حزن,1,2
كل حزن تلتمسه في المرأه خلفه رجل,1,7
ثم واله لن نعفيكم عند ربنّا بسبب لمعة حزن بعيونا فما بالكم بكاء,1,13
حزن 😔,1,2
حزن والم,1,2
حزن 😢,1,2
ربي عوضني خيرًا عن كل شي انكسر بنفسي وعن كل حزن أصاب قلبي,1,13
اهخ كفايه حزن😫,1,3
يارب الجاي من ايامنا عوض لكل سوء وكل حزن مر على قلوبنا,1,12
في هذه الساعات الثقيلة الخمول من عمق روحي إلى ذهني حزن مرهق لكل كائن تزداد المعاناة التي تغلغل في كل شيء,1,21
شايف لمعة حزن بعيونك 🥺,1,5
ماذا يفعل الحزن الذي نكتمه داخلنا ولا نتحدّث عنه إنه يتغذى على أرواحنا ينمو يكبر يلتقي بأحزان أُخرى,1,18
في غيابك مالها طعم الحياة والوقت صابه في بعدك حزن وملل,1,11
ارحمنا يا اله لأنا لا ندري وارحمنا مرة أخرى لأنا حين ندري لا نتمكن وارحمنا ثالثة لأن عجزنا هذا يورثنا حزن طويل,1,22
اخ حزن لابي صارله يومين طافي واحس اني وحيده بدونه ضيعت الشاحن انا عارفه اني اول ما اشتري جديد بيطلع الرْق,1,21
دموع و حزن 🥺💔,1,4
حزن رحت اشوف سويت لي,1,5
التغير ال عندنا هو قطع الشجر و عمل كباري مكانها حزن,1,11
حزن الدنيا كله كوم و حزن إنك بذلت مجهود ع الفاضي ده كوم تاني,1,14
حزن ويني انا,1,3
يعني بتجي لو قلت لك فيني حزن أقسم برب الأفئده إني حزين,1,12
انتحرت حزن على وفاة ولدها توفى عندها بغرفتها بالمستشفى وكانت توها والده وحزنت حزن شديد حيل عليها توفى جد,1,19
وكأن حُزن العالم يتسرب في جوف قلبي🖤,1,7
الهم خف عني ثقل هذه الايام و اشرح صدري و ارح قلبي و ارزقني الصبر على كل حزن بداخلي لا يعلمه سواك يارب العالمين,1,24
حزن على رحيل عروسين بشكل مفاجئ بعد السحور كانا في انتظار مولودهما,1,12
حتى انتِ كمان حزن كوني بخير بشتاق لك☹,1,8
كل حزن يستدعي الأحزان القديمة ويضاعفها,1,6
شابه حزن,1,2
حزن وخوف,1,2
حزن فيني هواي يشبهگم واحبه,1,5
جوايا طاقة حزن رهيبه بجد وم عارفه اطلعها ف اي والحقيقه اني اليومين دول قماصه اوي وم قادره اتحمل كلمه من حد,1,22
يا شهر اله بالرحمة اتيتنا وفي ضيافة الرحمان جعلتنا فرحنا بقدومك وحزن بختامك حزن لفراقك مع سيد أئمتنا واعلياه,1,19
حزن😭,1,1
في شوق وفي حزن وفي جرح وفي كيه وفي عيوني جمرةً حمراء وفي كبدي مليله اتركوني في متاهات الخيال الجرهديه لين اسوّي صل,1,23
يكون كئيب ولا يضحك وبنسبه له حزن,1,7
كل حزن الدنيا في قلبي وانا ما اقدر اكون مع الي احبهم في وقت زعلهم,1,15
اذا مافيه كلمات تعبر عن شعوري سواء حزن او بهجه,1,10
حزن علي و حطلي ذي,1,5
حزن الارض 👍🏼🖕🏼,1,3
لم أعرف يوماً حُزناً أكبر من حزن موت امي الذي جعل في قلبي ثقبًا يزدادُ بحنيني وشوقي موتِها الذي علّمني أن الحياة تم,1,23
حزن سَحيق من النّوع الي يسب لك لوعة في الكبد و يولد لديك رغبة أستفراغ مافي جُوفك,1,17
حزن اخر تحديث له بشهر٣ بكاء,1,6
شعور هالحظه مو حزن ولا زعل ولا ضيقة بس غصة بالقلب من اشياء كثيره,1,14
في داخِلي زحمه حّزن ما عَاد لفرحه مَحل,1,8
اعُوذ باله من حُزن اصاب قلبي من اوجاع الدنيا واقدارها,1,10
خلاص لا تكمل يكفي حزن😭😿,1,5
حزن ضوجه💔,1,2
ندري واله سواليف تخدير حزن 😞💔,1,6
وفاة الأب كسر لِقلب ابنته طول العمر ربي ارحم من مات بالدنيا ولم يمت في قلبي هو فقيدي واطهر قلب ذهب بلاعوده فليجبُر,1,23
حزن 😔💔,1,2
من عندي كلها حزن وما فيها اي ايجابيه 👀,1,9
صراعات عاطفيه او نفسيه يوجد بدايه او عاطفه جديدة وهدية كذلك قلق أرق كوابيس حزن مكن يبي يبعد يشعر,1,19
العشرلاواخرمنرمضان الهم يامن تملك حوائج السائلين وتعلم ضمائر الصامتين أرزق كل مسلم سروراً لا يرى به حزن وسعادة لا يعكرها شقاء,1,21
ورب المصحف فيني حزن ما ابي البرنامج ي نتهي😭🥺💔,1,9
اليلة ليلة حزن,1,3
رسالتي لنفسي يا حزينه من ترك بعز ضيقك تذكرينه صدقيني مادرى هالبحر عن حزن السفينه ياحزينه ضحكتك تسعد مد,1,19
اهخ حزن,1,2
😢حزن,1,1
حزن واله😔💔,1,2
في لحظة حُزن بتحس بيها لما تعب جدا وتسعى بشدة علشان توصل لحاجة ومتجيش لحظة الزعل دي بتكون فيها كمية طاقة انك عا,1,23
فكرة إنك تحاول تخطى حاجة جواك مسبالك حزن جامد أو تعباك نفسيا دي حاجة مش سهلة خالص الحقيقة إن الواحدبيعافر وقت طويل,1,22
الناس شايفينى انى طالما بضحك ومبتسمة 24ساعة انى كده هطير من الفرحة ومعنديش مشاكل ومعرفش يعنى ايه حزن,1,18
اقول تمر الايام وانسى الحزن اثاري حياتي كلها من حزن بحزن,1,11
حُزن تلو الآخر لا توجد هُدنه لقد هَلكت,1,8
اهخ حزن حزن 😔,1,4
و بَدت ونّه حزِن واعليّاه🥀🖤,1,5
اه حزن,1,2
شلت حزن القلوب وشلت حزن الوجيه لين حزني بصدري صار كبر الجبال,1,12
ميته حزن كيف ينتظر نفسره له وجه مغسول بزق😭,1,9
حزن لا اقدر,1,3
امس الدكتور قعد يسالني كيف نفسيتك بالغلط كنت بفضفض وقلت ا قال فيه توتر فيه حزن قلت اله كريم هذي الحياه قال لا,1,23
قلبي يعورني وربي حزن,1,4
انا حزين حزن شديد واله,1,5
نفسى أرجع لوقت ما كان أكبر خيبة أمل و حزن عندى لما أفركش مع حد,1,15
اشم ريحة حزن عظم اله لكم الاجر يا شيعة علي,1,10
انا أبكي ايضًا لكني أبكي بلا دمع بلا شهقة حزن ولا انطفاء وهذا ما جعلني ابدو بخير تمامًا بينما قلبي يحترق💔😔,1,21
حزن الدنيا كله كوم والقفله الى بتجيلك من غير سب دى كوم تانى,1,13
سيرش ايسبا حزن وحلطمة وش سويتي فينا يا اسام نبي كومباك,1,11
كالعادة حزينة بس بيها روح إيجابية وكلماتها تحفيز لهم بس فيها حزن,1,12
اهخ حزن 😢,1,3
اخ حزن حزن💔,1,3
واله حزن,1,2
هذي الايه لمسلمين و المؤمنين مو الصهاينة كل شخص رضا يقعد بالاحتلال و يتعبرها دولة معناته راضي ب,1,18
اضحك واخفي حزن الايام,1,4
مره حزن واله,1,3
انا مرهق جسد يا رب انا من طين انا كعبة حزن فيها الحزين يطوف,1,14
امفي منعش وكلمات حزن,1,4
يمكن الامفي منعش بس الكلمات حزن,1,6
لا حزن,1,2
الواحد قلبه مليان عتاب وزعل وحاس بكميه حزن وقهر وكأن الدنيا بحالها دايسه علي قلبه يارب بحق بركه الايام المفترجه,1,20
حزن على مريضه حالتها صعبه,1,5
شوية حزن بس,1,3
حزن ☹️,1,2
اهخ حزن حزن 💔,1,4
حزن مو طبيعي,1,3
ترا الحزن في داخليّ صاير انواع حزن يضحكني وحزن يبكي,1,10
حُزن الصديق مؤلم يتألم قلبه فيتألم قلبك أنت,1,8
الاحباط يملأ جوانب قلبّي المُتعب و يزيد من ضيقِ تنفسي أريد أن أصرخ أريد أن أخرج ما في قلبي من ألم و حزن لكنِي أعجز,1,25
اعلنوا الحداد والبسوا السواد ف طبرة حيدر أوشكت علئ الاقتراب اشم ريحة حزن وصياح أطفال يمكن قربت طبرة علي,1,19
وقفت حلقه تسعة ومافيش حزن اكثر من كذا,1,8
أحيانا يهاجمني حزن لا يجب أن يكون حزني,1,8
نبي حزن نبي ضيم مانبي سعاده وانتعاش خلاص,1,8
نتعب واحنا نقول لا تستصغرون حزن احد بس مين يفهم,1,10
قمت ولا افطرت حزن,1,4
فرحينا يادنيا شبعنا حزن 💔,1,5
أضحك واخفي حُزن الأيام بالحشِى واكتم هموُم القلب وأقول متعافِي,1,10
بنخبي حزن ودموع وألم كبير ورا كلمة انا بخير تباً لعزة النفس وسحقاً لحياة مفهاش حد يحتوينا وطبطب علينا,1,19
2 ف حزن😔💔,1,3
اقوى حزن,1,2
اخ حزن,1,2
أرى السنين تمر ومُرّ فُراقك لا يمّر فلا ألم يُعادل ألم فقدك ولا ذِكرى أبشع من ذِكرى رحيلك ولا حُزن يفوق حُزن وفاتك,1,23
انتو ملاحظين الفرق كيف كنا وكيف صرنا🥲صدق حزن,1,8
إنَّ المَرء إذا حَزن إستدعى كُلّ أحزانه السابِقة كأنَّ حُزنًا واحِدًا لا يَكفيه,1,13
لما تكون فيك مشاعر متناقضه و حزن بس ماتعرف من ايش او ليه,1,13
وله مره مقهوره بطلو تكسرونا بعدين تجون تقولون اسف ترا م يفيد كلمه من ثلاث حروف بتجبر كسر,1,18
ولا مسامح ولا معذور على حزنٍ سكن صدري بأسبابك,1,9
ياله ايام حلوه وهاديه وكلها خير تعوضنا عن كل لحظه حُزن عشناها 💙🙏🏻 ١٩رمضان١٤٢,1,14
واله انا تعلمت اسكت خلاص ولا عاد احكي احد لا في لحظة فرح ولا لحظة حزن ولا لحظة تعب واحسن شي,1,21
الهُمَ فرحه تكسر كل حُزنً مضيَ 🤍,1,7
ابوي يقول عن اكتئابي موجات حزن كذابه يوهمني فيها الشيطان,1,10
واله حزن الاخ مؤذي وجدا,1,5
رجعوا لي كل ذكرى راحت معاه اقسم باله ماعاد اكتب حزن,1,11
و اي حزن يا محمد اي حزن 😞,1,8
الهم فرحه تكسر كل حزن مضى,1,6
اه تعبت تعبت حزن مدري متى ينتهي,1,7
اكره شعور بس كله مشاعر ملخبطه حماس مع توتر مع حزن لانك بتخلصين🤮,1,13
أتبكين على حُزنٍ مضى على محبوبٍ لو أحب لبقى ياغاليتي كُفِ عن الحُزن والبُكى من أرتحل لا يستحق الشقى,1,19
احتاج لمن يمسك بيدي ويضمني ويقول لي كفاياك حزن فحزن يتعبني,1,11
انا بمر في حياتي يوميا علي اشياء حزينة تقطم الواحد بس اتعودت فتأكد تماما انك لو وصلتني لحالة حزن شديد وجع وكسرة,1,22
حزن القلب,1,2
بيتنا كل سنه عندهم رمضان يعني عزى حزن اليل تمر على الغرف ماتسمع الا بكاء ودعاء و النهار ابن امه يرفع صوته ولا يطق,1,24
حزن😓💔,1,1
فعِشْ وحيدًا فما في العشقِ مَنفَعَةٌ وصُنْ فؤادَكَ عن حُزنٍ وعن ألَمِ,1,12
اسكت يعني فيها حزن يعني دموع 😭,1,7
نوبة حزن وأرق,1,3
حزن 💔 بس عادي مو اني الي خسرته هو الي خسرني🙂♥️,1,11
حزن الدنيا كله في قلبي اقسم باله وتسأليني ليه اقولك معرفش 🙂,1,12
حزن ما عندي خوات 😢,1,5
بروزاك فلوزاك,1,2
وش الحبوب بروزاك حبتين مثلا,1,5
خذ دواء اسمه بروزاك,1,4
ساعة مشي تساوي حبة بروزاك,1,5
بدك بعد الفيلم سيمبلتا او بروزاك ه,1,7
هذا فقط اذا اخذت بروزاك 😌 كيف بسامح من ظلمني كيف بسامح الي دمر نفسيتي بظلمه لي,1,17
عالم وسخه عالم وسخه ياخوخه ياخوخه انا عايز بروزاك,1,9
يا خوخه يا خوخه انا عايز بروزاك,1,7
فترة طويلة كنت اعاني منه هلع و خوف من الموت فقدان الذه بأي شيء مرة زرت دكتور نفسي و صرف لي دواء بروزاك,1,23
بروزاك اكثر دواء بالحياه ماله فايده,1,6
جاري البحث عن صيدلية تنطي بروزاك بدون وصفة💔,1,8
بروزاك,1,1
صدگ چذب وصيت اخوية يجيبلي فد شي يساعدني عالنوم من الصيدلية راح الصيدﻻني منطيه بروزاك,1,15
الهم لا شتات ولا قلق الهُم طمأنينة,1,7
الأنتظار لشيء شاغل البال بحد ذاته قلق,1,7
لفاقد الأمان قلق ميز وهالة منكمشة ونظرات غائمة تعرفه من محاولته لاجتذاب اي شيء بالقرب منه,1,16
لاسف داخلين في موجة قلق تانيه علي نادية ☻😭,1,9
احس مره قلق ماتهنى😭,1,4
وأنت عندك متلازمة تحذلق المراقبه وهي حالة قلق وتوتر وسواس قهري يصاب بها من يشاهد من صح الخطأ الإمل,1,19
لا أُريد شيئًا سوى أن تمسح الملائكة على قلبي ورأسي ثم أنام دون تفكير دون خوف دون أرق دون قلقٍ وتعب,1,21
أعاني من قلب قلق قلق جداً لحد الذي يجعل كل تلك الأمور الصغيرة عبارة عن عُقد,1,16
الواحد قلق اكترمن الاول,1,4
قلق,1,1
قلق قلق,1,2
احلامي الكثيره العشوائيه هذي الفتره تحاول توصلي رساله — لا يمكن عندكم قلق وتفكير مزمن,1,15
تعرفون جملة أنقذتني الكتب أنا عشتها حقيقة في فترة دراستي ولأربع سنوات كنت أعاني من قلق وأرق مزمنين تعاظموا ح,1,20
التصالح مع الذات هو القدرة على الاعتراف بالأخطاء وتقبُّلها بإيجابية ودون أيِّ خوفٍ أو توترٍ أو قلقٍ أو خجلٍ منها,1,20
اخر ماده مسبه لي قلق متى تنزل بس☹️💔,1,8
الهم طمأنينة لكُل قلبٍ قلِق,1,5
قلق اكتب ه,1,3
اي وربي قلق,1,3
قلق اله يصجهم,1,3
اكثر شي مسب لي قلق هو نظام نومي وحياتي بعد الفاينلز وكيف بيكون,1,13
أدركت كم كنت مخطئًا حين تغاضيت عن شعوري في بعض الأحيان حين دفنت بعض من الأحزان دون أن أطفأ نارها حين سدت فوهة صدري,1,24
أنا عندي قلق من المشي والتعدية جمب الناس أو قدامهم أو امشي وراهم هنطشيروا يعني ولا ايه,1,17
يا عفوك ياله 🥺 كمية قلق وخوف من هالشهرين تكفي العالم 💔 يارب سترك ورحمتك ولطفك زي كل مرة 🥺💔,1,20
نوبات القلق بتسد النفس,1,4
حتى انا بعض الأحيان يجينا قلق ونفسي تنسد من الاكل مع الصوم 👇😂👌,1,13
واله مالي خلق فيني قلق الدنيا,1,6
في قلقٍ دائم مع نفسه,1,5
نكد قلق يا خي قلب معدي وأنا ما ثق باحد غير بربعي ❤,1,13
يارب عجّل بالحظه الي انام فيها بدون منبهات وبدون اي قلق وكوابيس وروحي خفيفه ومرتاحه 😔,1,16
جو قلق 😢,1,3
اخ من قلق يوم التمرين تمشي وب ماتمشي وبين,1,9
اليوم يشبه أمس ويشبه باچر وهذا الشي مسبلي قلق,1,9
مستحيل انام نومة حلوه بدون كوابيس واحلام قلق,1,8
أنا بطبيعتي قلِق,1,3
قلقٌ كأن الريح تحتي المتنبي,1,5
إنهُ من المرهق أن تملك قلباً قلِق لهذا الحد,1,9
ليش ما نقدر نتكلم بكل شي نحسه عند اهالينا وبدون قلق ولا خوف ليش او حتى ليش ما عودونا على كذا انا نقول الي خاطرنا,1,25
ربنا يخليك انا فى قلق اكتر من المستشفي بسب المناعة هى وقعت باخد القاح وربنا يستر يومين واشوف,1,18
ويظل في قلق خوفا من الغد 👌,1,7
على قلقٍ كأن الريحَ تحتي,1,5
يا ربّ بُشرى قريبةٌ منك تمحيَّ كل قلقٌ وخوفٌ,1,9
روتيني هذي الكم يوم قلق وتوتر نوم نوم نوم قلق وتأنيب ضمير تمثيل وتسليك لاهل,1,15
والعكس كذلك صحيح باختصار الابتعاد عن الناس سعادة وراحة وربي الناس قلق ومصلحجين واستغلالين وأنانين و,1,16
أبسط حقوقك انك تعيش دون قلق✨,1,6
ربي لا احد يعلم مافي قلبي فإنهم يرون ابتسامتي وانت ترى ما يؤلم قلبي يرون ظاهري وانت ترى قلق داخلي ف يارب ارحني بما انت اعلم به,1,27
احتاج دواء خوف مب بس قلق,1,6
اقسم باله حطيتونا بحاله نفسيه و قلق ورب البيت النوم ما نامه هذا تخرج ولا عقاب جذي تشجعون عيالكم حطمتونا و حطمتو,1,22
في قلقٍ دائم مع نفسي,1,5
التفاصيل الصغيره الي يتم تجاهلها وإهمالها تبقى ترن براسي بشكل مزعج تسب قلق,1,13
أنا قلق أكثر من أن أكون شخصًا جيدًا من أن أكون أفضل لاعب كرة قدم في العالم,1,17
😂ناقصه قلق على أساس,1,4
و إنما المحزن أني لست دائماً هادئاً فمتى خلوت الى نفسي شعرت بأني قَلِق,1,14
قلق😭,1,1
كل يوم اعيش هذا الخوف اخاف انام واصحى ويزيد حال والدي سوء قلق وتوتر وخوف,1,15
بقيت بخاف من الفقد اوى الفراق بكل اشكاله بقى مسبلى كبوس فى حياتى ومعيشنى فى قلق كبيربقيت بخاف مشوفش الناس الى بحبها,1,22
قلقٌ وجدًا أن تنتهي الحياة بينا ولم نلتقي بعد,1,9
نفسي أنام من غير قلق,1,5
لازم تشوفي حل انا انام و اصحى انام و اصحى نومه كلها قلق و احلام,1,15
بعافر عشان انام و بعافر عشان اصحى و بينهم نوم قلق ده ايه العذاب ده 🤦🏻‍♀️,1,16
و المحزن جداً أني لست دائماً هادئ فمتى خلوت إلى نفسي شعرت بأني قَلِق دوستويفسكي,1,15
وربي قلق,1,2
وانا قلق كمان,1,3
الحالات الحرجة مسببه لي قلق 😥,1,6
ينتابُني قلقُ المصيرِ وكُلّما آنستُ لُطفَ الهِ عادَ هدُوئِي,1,9
متى تجيك مشاكل القولون بعد زعل بعد أكل دسم بعد توتر وعصبية بعد قلق وتفكير تكتم في نفسك ولا تنفس,1,20
اي فعل او قرار الواحد بياخده نتيجة خوف او قلق غالبا بيبقي غلط,1,13
شيء مش طبيعي زي إيه 😢😟 هموت يعني ولا ايه ☹️ يكونش ده قلق ماقبل الموت 🙄☹️,1,17
لي قريب يعاني الان من انتكاسة ثنائي القطب من هوس وذهان بسب ترك العلاج ما يجعل المريض وأهل البيت في حالة صعبة,1,22
ربي لا احد يعلم ما بي يرون ظاهري و انت تري قلق داخلي فحقق لي ما اتمني يارب🤍,1,18
صداع قلق,1,2
حزن ف القلب سعادة ف الروح حماس ف الكلام قلق ف المخ خوف مفيش غضب مفيش,1,16
يارب نومه بدون قلق😩,1,4
كلنا نحتاج هاليله الي تكون بدون قلق,1,7
التفكير الزائد عباره عن قلق وتوتر وكلهم عباره عن اوهاق نفسي ذاتي ارهاق بكل شي,1,15
ابكي عشان معرف وش اسوي مشاعري متلخبظه خوف قلق كلشيء,1,10
انا لو نمت بدري وكويس ومن غير قلق ومزاجي رايق اه مكن اصحى فايقه بس دا زمان قبل الزن والعياط كل شويه 😵‍💫👧🏻👧🏻,1,23
اكتشفت انى دايما فى حاله قلق بسب انى مش بفهم غير الكلام الصريح يعنى لو اتلمحلى بحاجه او لو اتقال حاجه مفروض بعد,1,23
يا ربّ بُشرى قريبةٌ منك تمحيَّ كل قلقٌ وخوفٌ🖤,1,9
قلق و ارق فظيع,1,4
ما قتلك في قلق☺️,1,4
مامن نوم قلق,1,3
اتمنى يجي اليوم ال يبقى عندي سلام نفسي واحط دماغي وانام م غير قلق وتفكير كتير,1,16
الخوف اقوى وباء يفتك بالانسان ويدمر حياته يدخله في قلق دائم من لاشيء قلق من ماضٍ ذهب وطوي ولن يعود وقلق على مست,1,23
احلى حاجه قلق النوم,1,4
قلق النوم حسبي عليه,1,4
دائمًا كذا ترا قلق قلق💔,1,5
ينتابُني قلقُ المصِيرِ وكلّما آنستُ لطفَ اله عاد هدُوئي,1,9
حتى انا اي يومين ماقدر انام قلق,1,7
صح دي قاعدة عامة اتعودنا ان عيشتنا فيها قلق علي طول,1,11
قلِق,1,1
التفكير الي قبل النوم يسب لي قلق بشكل مو طبيعي ويحسني اني انسانه سيئه جداً,1,15
كلهم اسوأ من بعض الخساره مؤلمه والخوف من الخساره قلق بكلا الحالتين مافي راحه,1,14
وربي احس اني تعبانه ومعاي قلق ولا جاني النوم 💔😭,1,10
عايشه بخوف و قلق بأن الشخص الي ابيه و احبه بأي لحظه بيكسر لي قلبي و يروح ولا كأني كنت شيء بالنسبه له,1,23
ليه الواحد اذا تعدا وقت نومته ومانام يجيه قلق,1,9
اشي صداع اشي قلق اشي ارق يتضاربون مين يقضي علي اول,1,11
على يداي تكدسات الارق وفي عيناي بريق من قلق,1,9
الهُم إني أعوذ بك من قلق وخوف الإنتظار,1,8
بالضبط اشوفها تستنزف المشاعر كل ماطولت زيادة وهي سرية ومعها قلق وتوتر وخوف,1,13
أنا بطبيعتي قلِق وأنت بطريقة ما تعرف كيف تَغمُر أيامي بالطمأنينة مساحه,1,12
رهاب اجتماعي قلق افكار انتحارية كله بسب ابوي واخر شيء يجي يقول انا وش قصرت به معك كل زق لا ادخل رجلي بحلقك بس,1,24
توتر خوف قلق,1,3
عايز اعيش حياتي الطبيعية بدون قلق عشان مفيش حد قلقان بينبسط يا سيد فنرجع نبسط وحفلاتنا وماتشاتنا وسفرنا وخروجاتنا,1,19
زهقت من القلق والتوتر الي الواحد عايشه من ساعة الكورونا ومش مجرد قلقه على نفسه الي مأثر نفسيا,1,18
و ربي تعبت نفسيتي من ذي القص صرت مره أخاف على الأطفال الي بعائلتي أنام و أصحى و أنا عايشة بخوف و قلق مو طبيعي ع,1,26
تبدو الحياة كأنها عملية متواصلة من استبدال قلق بآخر,1,9
حرفياً لا نوم ولا دراسة بس تفكير و قلق,1,9
نفسي الاقي حل في قلة نومي انا مابقتش انام خالص ولا صبح ولا ليل بقيت بنام بالكتير ٤ ساعات في اليوم كله,1,22
قلق التخرج,1,2
ًواله قلق,1,2
قلق من البقاءخائف من الذهاب,1,5
راجعت العياده و قالت لي هاي نوبة قلق هذا و انا فاضيه قلق لو انشغل شو بيصير فيني 😂😭,1,19
ليحدث ما يخيفنا لقد مللنا قلق,1,6
معك قلق خذ حبوب بندول نايت الموف جميله وتنفع لك انا عن تجربه متازه 👌,1,15
الَّهُم أمان لا يَعتريني بعده خوف و راحة لا يُضنيني فيها قلق,1,12
قلق مفرط وخوف شديد يارب سلم ونجي انت بيدك الاقمار كلها وانت الطيف الخبير 🤦🏻‍♀💔😭,1,15
شوف الخاص اله يوفقك ويسعدك عندي حلم مسب لي قلق واله وقصير مره,1,13
ياولد عندي قلق😭,1,3
احتاج نفسية جديدة تكمل مذاكرة عني لأن نفسيتي ذي تحملت بما فيه الكفاية من تعب و تفكير و قلق,1,19
شخصياته هذي هي الي راح تموتني لأنها تجيب لي قلق,1,10
شعور قلق,1,2
اكثر وقت محتاجه فيه دعم احد يطمني قلبي خايف الاختبار قرب توتر قلق تكفير مادري وش مقبله عليه 😭,1,19
مشكلة الاكتئاب أنه مرض مخادع يجعلك ترى السعادة سطحية والحزن عمق وهذا ما يجعلني قلقا أحيانا كثير,1,17
يارب ياكريم يارب واله عايشه حالة قلق ربي يشفيها ويعافيها,1,10
نفسي الدنيا تسبني ف حالي بق وتخليني انام ٨ ساعات بعمق كدا من غير قلق,1,15
١٩ رمضانمبارك يارب أنت وحدك تعلم بما أخفيه في قلبي وتعلم بما في صدري و أعلم بأنك تسمع ضجيج قلبي و شتات أفكاري رب,1,24
طول اليوم فيني قلق وسوسه ويكملها يوسف,1,7
أنا تراكمات من قلق وجرّوح في صدري,1,7
واله قلق,1,2
مع اني عارفه ان قدري وبيد رب العالمين بس برضو الخوف الي داخلي مو مقصر اتمنى اعدي فترة شتات,1,19
يا رب لا أحد يعلم ما بي يرون ظاهري و أنت ترى قلق داخلي فحق لي ما اتمناه و فوق ما اتمنى يارب ♥️♥️,1,24
متحمسه لنومه الي بنامها بدون قلق نفسي وتفكير بكم اسوي حساب ومتى اصحى عشان ابدى,1,15
قلِق وكأني شجرةٌ دُون وَرق,1,5
قلق خوف الله وكيلك 💔,1,5
عندي إضطراب قلق مايعالجه إلا شحنة العيد وهي قدامي,1,9
فضفضةنفسية قبل ٣ أسابيع جاتني نوبات قلق شديدة لدرجة نبضات قلبي كانت مرتفعة و كتمة في صدري لكن تداركت الوضع والآن هدوء نفسي,1,23
بنام عد ساعات كتير بس فعليا الي بنامهم كويس ميكملوش ساعتين والباقي كله قلق وأرق وبيتحسبوا عليا ع الفاضي,1,19
قلق قلق قلق,1,3
ارقد قلق,1,2
عندي قلق دائم من المستقبل قلق مزمن ما سيحدث غداً,1,10
ونعم باله ياريت ابطل قلق مع انى كلى ثقة ويقين باله ولكنى اخاف من عقابه يطول حد منى ويألمنى 🥺,1,20
واله فيه قلق يجي فجأه قوي معه خوف ودوخه يخوف يارب انه ينقطع لانه متعب بشكل,1,16
بشيّك عالحاجة ١٠ مرة معرفش ليه مبثقش في حواسي او قلق زيادة دا😂,1,13
اتوقع قلق وقولون,1,3
احس بمسؤولية رهيبة نحو قلوب أصدقائي يراودني قلق رهيب لما أحس ان قلب صديقي مُرهق من شيء ما,1,18
قلق والله,1,2
خوف قلق فقدان,1,3
تبدو الحياة كأنها عملية متواصلة من استبدال قلق بآخر ورغبة تحل محل أخرى,1,13
هي كتمه هي اعصاب هي قلق,1,6
مش عارفه انام ساعه واحده ع بعض من غير قلق و صحيان ف النص و كوابيس زي الخره,1,18
بعد الفجر التاسع عشر فالهم إني أعوذ بك من قلق وخوف الإنتظار,1,12
نفسي مرة بس اجرب احساس نوم ال ٨ ساعات مظبوطين و كاملين من غير قلق و كوابيس و صحيان كل ساعتين ف نص نومي دا,1,25
قلق لاخر لحظة,1,3
مىيت قلق,1,2
٢وضعنا واحد وربي عايشه ف قلق وخوف مو طبيعي مدري وش الي بيقابلني,1,13
اعاني من نوبات قلق,1,4
ضيقه هم نكد قلق كل هذي فيني,1,7
أنا لحم و عظام و دم و قلق,1,8
😭 ادري اني قلق بموت قاعد احاول اوقف بس مقدر,1,10
وربي صح صح مره هذي أنا أول كنت كذا وغيرت من نفسي لأن كان مسب لي قلق وتوتر وتضيع فرص وتحسنت حياتي بشكل كبير,1,24
انا بؤس يأس تشت فراغ احباط إختناق تبلد انهلاك قلق أرق تقاعس إنطفاء هم خذلان انهیار شلل,1,17
بتمنى حاجات كتير الفترة دي بتمنى عقلي يرتاح من كل الأفكار المعقده الي مضطر اتعايش معاها بتمنى أبطل قلق وتوتر بتمنى,1,21
ياتُرى كيف شكل الحياة من غير قلق,1,7
اوقات الكلام بيقف في حنجرتك مابيرداش يطلع ولا يعبر عن الي جواك خوف قلق رعب مش عارفين,1,17
ناقصه قلق,1,2
لا أدري أي قَلق تم حشوه في رأسي 🖤,1,9
امي في الطلعة تتصل وتسبب لي قلق وتوتر وانهيارات ويوم أوصل البيت ما تقول شي,1,15
ابي يوم صفاء ونقاء وبدون قلق,1,6
بنعمل قلق ف اي مكان❤👬,1,5
تاتيك افكار سلبية وأحيانا مخيفة مشاعر سلبية منخفضة وتسب قلق أهداف تشعر انها صعبه حين تشعر بها فقط كر باستمر,1,20
سترة واديان عاصمة الثورة تم التأكيد الأسير علي جعفر تعرض لتنكيل والتعذيب في سجن جو والمصير مجهول والعائلة في قلق,1,20
أعاني من قلب قلق قلق جدًا لحدّ الذي يجعل كل تلك الأمور الصغيرة عبارة عن عُقد,1,16
أتمنى أن يهرب كل شيء متبقي على صدري من الإرق والقلق والأذى وأن تاتي أخر ساعه في اليوم وأغفي دون قلق مستمر مؤذي,1,23
واله احس اني ضايعه ابي اعرف اذا بتخرج وانا اشتغل بنفس الوقت ولا لا مرا هالموضوع مسب لي قلق وتوتر,1,20
نوبة قلق بعدها نوبة هلع رفقاً بروحي,1,7
قلق يشيخ,1,2
بقيت دايما خايفة و عايشه في قلق و رعب لحسن اي بعد صغير او قله كلام يقلب و يرجعنا لصفر,1,20
يارب استودعتك كل أمر أخشاه فبث لي طمأنينة من عندك تنسيني كل قلق ☁️,1,14
قلِق من البقاء خائف من الذهاب,1,6
قلق يغث,1,2
نصلي لك نرجوك نتوّسل إليك أعد لنا السلام والطمأنينة وخذ القلق كله قلق اليل وقلق النهار,1,16
أعود إليك دائماً بنيّة السكينة عن كل قلق الأيام🤍,1,9
فينوس ممكن سؤال ليش لما تنخفض طاقتي أو أحس بخوف أو قلق أحس أطفالي فجأه يصيرون نفسي بالضبط,1,18
30 يوم من الانتظار في قلق وتوتر,1,7
قلق وخوف غير طبيعى,1,4
قلق جداً على الأيام التي سوف تمُر صعبة جداً,1,9
اقسم باله قلق,1,3
قلق توتر دائمُ التفكير والتنبه إلى كُل الأشياء في آنٍ واحد و هُنّا ربما تكمنُ مأساتي,1,16
عندي تسائُل عامل لي حالة قلق باستمرار هل طبيعي الإنسان يفضل يتخيّل سيناريوهات سيئة جداً لظروف حياته حتي لو الواقع,1,20
سعي في الحياة مو أن أعيش حياة صاخبة وحافلة سعي أن أعيش أيام مطمئنة لا يتخللها خوف ولا قلق,1,19
منجد قلق بس,1,3
يمه قلق وربي اه متحمسه احسني ارجف من الحين,1,9
مزاجي الي بيتغير من دقيقه لتانيه ده عامل قلق كبير,1,10
اه قلق انتظار المعدل 😭,1,5
شوية حزن و قلق,1,4
فيه قلق نفسي وقالوا له لازم ياخذ ريست و يرتاح كويس لفترة عشان يتعالج💔,1,14
والله قلق,1,2
والله قلق مو طبيعي ربي يسهل ويفرجها إݩ ۺا۽ اڶہ,1,10
خايفه من زحل الثامن حياتي عبارة عن تحديات و قلق,1,10
هو انا لو قعدت ساعتين من غير قلق هياخدوني غياب,1,10
تكفين قلق,1,2
اريد ان احبك بِلا قلق,1,5
قلق اوفر,1,2
والله قلق واكتئاب,1,3
لو بختار صفة واحدة كانت ملزماني طول الخمس سنين كلية مش هترد لحظة في إني أختار القلق نسيت حياتي بدون قلق الكلية كان عامل ازاي,1,25
نوبة وقلق إذا كانت مؤخرتي مزيفة تقلقوا يا جميع الرجال نحن مستقيمون,1,12
ترقب خوف قلق توتر يارب ياكريم وفق أهلينا يارب وماخاب من قال يارب 🙏💚,1,14
قلق ابيه معي بنومي,1,4
قلق الأشياء الوشيكة,1,3
قلق لانهائي,1,2
قلق وتوتر علاج هالحاله النوم عدل,1,6
فيني حيره وخوف فيني قلق وماعرف أسبابه,1,7
مش عارفه هقابل ناس تطمنى ومخافش من فراقهم ولا اصلا احساس الخوف دا طبيعى اصلا وهو ف ناس متطمنه فعلا ولا دا كلام وخلاص,1,24
تقريبا عندي انزايتي قلق نفسي وكذا ولازم اخذ فترة راحة لوقت كويس عشان اتعالج منه 😢,1,16
قلق اكتئاب لازم اشوف طبيب نفسي,1,6
اريد طبيب نفسي عيادته في الخرطوم اعاني من نوبات هلع,1,10
لا بس سألت طبيب نفسي علشان بعاني من نوبات اكتئاب,1,10
دليل قوي جداً طيب تقدر تدلني على طبيب نفسي ينقذني من ضلالي 😔,1,13
والله العظيم افكر اروح طبيب نفسي او راح انهي حياتي,1,10
انا محتاج طبيب نفسى 🙂,1,5
الدراما ذي كنت احتاج طبيب نفسي يوم خلصتها من نفسيتي الي في الحضيض👍🏻,1,13
والله انا احتاج طبيب نفسي 😂 قلق وحدة عزلة اكتئاب ذهان فصام نوبات هلع,1,14
انا لازم اشوف طبيب نفسي يشوفلي حل في نوبات الاكتئاب والهلع دي,1,12
📩 السلام عليكم اسألكم باله ابي طبيب نفسي متاز بالاسم الحالة حساسة وماراح انساكم من دعواتي سواء بريدة او اي منطقة بالقصيم,1,22
يوم يحتاج طبيب نفسي ولا 🦦,1,6
توقعون متى الواحد يفكر يروح طبيب نفسي,1,7
بشكل جدي الحين انا صدق عندي ترست ايشوز مع الأشخاص بسب علاقه سابقه ومو قادره اثق بأي علاقه أو ارتاح واطمئن مع اصحاب,1,23
احس ان اخوك صارله شي قوي بس صغير مرا عشان كذا امكن صار انطوائي لا تطاوعين اهلك وصدق وديه لطبيب نفسي,1,21
متى الواحد يعرف انه لازم يراجع طبيب نفسي او كيف يفرق بين الضيقة و الاكتئاب,1,15
ما اتوقع الي قاعده اعيشه طبيعي واحسني احتاج طبيب نفسي بسرعه,1,11
معضله محتاجه استشير طبيب نفسي معيش فلوس طبيب نفسي انا تمام يا جماعه,1,13
صباح الخير اما بعد احتاج طبيب نفسي 🥲,1,8
انا براجع طبيب نفسي مو معقوله ماتركت سايكو أو شخص مكروه إلا حبيته طبعاً من الثلاثه الي فوق اكرهم كلهم بإستثناء ماهيتو اعشقه,1,23
للاسف ذي معاناتي ومدركة تماماً اني بحاجة طبيب نفسي بس اخاف يفوت اوان قبل ما اروح تعالج لان بديت افقد نفسي,1,21
انا محتاجة طبيب نفسي,1,4
الي يعرف طبيب نفسي شاطر في أي محافظة يكتب اسمه ورقم العيادة أو أي طريقة تواصل وأسعار السيشن,1,18
احتاج مراجعة طبيب نفسي لأن مستوى الهوس الي عندي بقي زيادة عن الحد,1,13
اكتئاب قلق بعد الولادة احتاج مساعدة طبيب نفسي,1,8
احتاج طبيب نفسي,1,3
هو انا اراجع طبيب نفسي بشكل اسبوعي بس ما في فايده دام انا بنفسي ما اتعدل,1,16
احس احتاج طبيب نفسي,1,4
راجعي طبيب نفسي ماهو عيب ولا حرام وروحي لعيادات ميدي كير عند الدكتور ماهر بغدادي اذا انتي من سكان الرياض اله يشفيك ويعافيك,1,23
احتاج طبيب نفسي اروح افضفض له وامشي,1,7
تعبت نفسياً صدق مو قادرة اتحمل نفسي ومشاعري احتاج طبيب نفسي,1,11
الواحد يدخل على طبيب نفسي يحل مشاكل نفسية يطلع عنده مشاكل مادية,1,12
ممكن تسال متابعينك عن طبيب نفسيفي القاهرة,1,7
لما توصل من التعب إن ودّك تعالج عند طبيب نفسي وبالحقيقة كل الي تحتاجه شخص يسمعك بإهتمام,1,17
دامها وصلت ان ابوي يقول لي نوديك طبيب نفسي معناته الوضع متطور,1,12
شكلي بروح طبيب نفسي يب يب,1,6
طبيب نفسي بعالج جروحي,1,4
مرات احس اني احتاج طبيب نفسي ومرات اقول من هو الطبيب ذا عشان احكي له ومرات احس اني لو رحت طبيب مارح احكي له شي,1,25
ابحث عن طبيب او اخصائي نفسي يكون صديقي,1,8
وفكرت اروح طبيب نفسي مثلك لاكن مازلت بمرحلة التردد لاني فقدت ثقتي بنفسي كثير ونفس اعراضك كلها فيني شعور متعب جداً والله 🚶🏻‍♀️☹️,1,23
لازم ازور طبيب نفسي مو معقول مشاعر الفرح عندي زيرو او ردة فعلي تكون باردة خصوصاً لما يكون في شي يستدعي الفرح,1,22
أحس محتاجة أروح طبيب نفسي,1,5
سعيده جدا لسماع قصتك وانتي فعلا قوية صبرتي خمس سنوات😥 انا جلست سنة فقط وماقدرت اتحمل ولجئت لطبيب نفسي,1,19
اخاف اذا شكيت لك حالي تحتاج انت طبيب نفسي يعالجك من بعدي,1,12
دام وصلت معك لتفكير بالانتحار لازم تراجعين طبيب نفسي مش غلط ابدا واختاري الدكتور الصح,1,15
النفسيه محتاجه طبيب نفسي وحد يستمع وناخد وندي معاه في الكلام,1,11
لو كنت طبيب نفسيّ لشجعت المرضى على الإنتحار 🙂,1,9
واله نفسية تاعي محطمة احتاج طبيب نفسي الان,1,8
السلام عليكم ورحمة الله عندي الوالدة من فترة ايام يجيها خيالات وتشوف اشياء مزعجة اطفال وكبار يأذونها احتاج رقم طبيب نفسي,1,21
الحل طبيب نفسي ينقذنا,1,4
وخلاني على طول اراجع عند طبيب نفسي 🙄,1,8
خاطري اروح مع طبيب نفسي واكلمه واخبره كل شي احس حلوات جلسات الثريبي شفت مسلسل البطل ياخذ جلسات ثريبي وحسيت انه حلو 🥵🤍,1,23
عشت حالة متشابهة ومابقيتش نخرج لشهور وشهور العيد صغير وانا مخبية من العائلة قاطعت كلشي,1,15
عايزة طبيب نفسي,1,3
من قوة ما احب الهدوء مصمّت كل الاشعارات والرسائل والمكالمات حتى جوالي على الصامت ٢٤ ساعه هالحالة تستدعي تدخل طبيب نفسي ولا حالة عادية,1,24
منو راح طبيب نفسي بسبة الجائحة — انا محتاج واحد هالفترة مو بسب الجائحة,1,14
انا الان في دوامة الادمان صعب ان اكسرها محتاج طبيب نفسي وادوية الاكتئاب,1,13
أعتقد أني أحتاج لذهاب إلى طبيب نفسي لكن هذه الخطوة ربما تكون صعبة فأنا غير معتاد لحديث إلى أحد عن ما يدور في ذهني,1,24
ما اكذب ابغى اروح ل طبيب نفسي صرت ابكي بدون سبب كذا فجأه تجمع الدموع الاكل يجيب لي الغثيان عاطفيه بزياده صرت مو طبيعي,1,24
حلحل احس اني ابغى اتكلم مع طبيب نفسي بس اهلي رافضين وش الحل,1,13
اله يرفع عنك تراجع طبيب نفسي الاكتئاب صعب جدا,1,9
🚩من الخاص من هو افضل طبيب نفسي مختص بعلاج الفصام والذهان,1,11
اذهبي طبيب نفسي بدات بثلاث ادويه وشفيت والان ولا واحد استخدم,1,11
ف كان الحل طبيب نفسي,1,5
احس نحتاج نراجع طبيب او أخصائي نفسي عن مشكلتنا و نشوف حل,1,12
من هو افضل طبيب نفسي مختص بعلاج الفصام والذهان,1,9
من الخاص 📩🌹 من هو افضل طبيب نفسي مختص بعلاج الفصام والذهان,1,12
من قوة ما احب الهدوء مصمّت كل الاشعارات والرسائل والمكالمات حتى جوالي على الصامت ٢٤ ساعه هالحالة تستدعي تدخل,1,19
احتاج طبيب نفسي ما يقلي حلك في الصلاة ويبغاني اقول لنفسي انت رائع في المرايا,1,15
اعاني من حزن والحزن انواع العلاج ليس سهلا ربما يكون الحزن ناتجا عن مرض نفسي ف احتاج لمراجعة طبيب او معالج نفساني,1,22
هاي بيل انا الي قلتلك عندي رهاب بقولك التطورات اليوم كانت اول جلسه لي مع الدكتور,1,16
السلام عليكم انا انحذفت من شخص ماتوقعتا منه المهم حالتي صعبه لي شهر لا اكل زي الناس وقاعد لحالي ولا احس فيه شيء,1,23
احتاج طبيب نفسي هو علاجي,1,5
قبل اسبوعين رحت المستشفى كان عندي موعد ولما كنت بالانتظار يدي كانت ترتجف وانا متعوده عليها لما اكون متوتره ترتجف,1,20
من هو افضل طبيب نفسي يعالج الفصام والذهان في ميدي كير,1,11
علامات تعني أني بحاجة لاستشارة طبيب نفسي الشعور الدائم بالحزن والبؤس وفقدان الأمل أغلب الوقت الأفكار العنيفة,1,17
حتى انا بعد ابي اروح بعد حق طبيب نفسي لان انا تبعيتي نفسانه 😂ابي اروح,1,15
وربي اني متضايقه احيانا اقلب عالي يقربون لي من نفسيتي واندم بعدين تعبت مدري ليش اتضايق فجاه ضيقه والله,1,19
يلا روحي وخديني معاكِ دنا محتاقه ازور طبيب نفسي,1,9
شعور الضيع رجع لي واحس كلا اتنهد ولا عارفه الاسباب الي تخليني كذا احيانا ودي اروح طبيب نفسي,1,18
انا بعد نفسك توني قبل سنتين اكتشفت انه عندي رهاب اجتماعي وبعد جم شهر بروح عند طبيب نفسي لاني حاولت كل الطرق,1,22
ابي طبيب نفسي والله,1,4
طبيب نفسي ضروري,1,3
عندك فوبيا التجمعات علاجه طبيب نفسي وترا بسيطه بس لا تهملينها وتصيرين بعدين تبكين ويمكن يغمى عليك اذا انتي في عزيمه او زواج,1,23
ابي طبيب نفسي ابي احكي له مشاكلي الي يعتبرونها الناس تافه,1,11
عندي اكتئاب حاد ونوايا إنتحارية وش تنصحيني — ارجوك زور طبيب نفسي تقدر تجي خاص ارشدك تاخذ الخطوة لو ضايع او شي,1,22
اول مره احس اني محتاجه طبيب نفسي فعلا او حد يعالجني او احس اني مريضه نفسياً بالشكل ده,1,18
والله بحاجة طبيب نفسي,1,4
يا جماعة في معانا على تويتر طبيب نفسي اتوقع إني بحاجه الى مستشفى الرشيد,1,14
لما رحت طبيب نفسي داخل الجامعة وقتها قال تبي تاخذ حقك في الدنيا ولا في الآخرة فقلت في الآخرة,1,19
مطلوب طبيب نفسى على وجه السرعة,1,6
السلام عليكم بسأل عن افضل طبيب نفسي و مستشار تربوي لاطفال الذين تعرضوا لتحرش و شكرا,1,16
احتاج طبيب نفسي بعد هالكورس🤡💔,1,5
لازم طبيب نفسي عقب الحظر😅,1,5
طبيب نفسي,1,2
اكتشفت بعد 23 سنه اني مليش بيست فريند انا ديما بديل عن غياب حد طرف تالت ف اي علاقه شخص مسلي ساعه اكتئاب طبيب نفسي,1,25
صراحة احنا الي يبيلنا طبيب نفسي 😫🆖,1,7
يوم كتبت هاذي التغريدة حسيت انو احتاج طبيب نفسي,1,9
اشك اني مريضة ودوني طبيب نفسي,1,6
واصله لمرحله اني ماعرف اتكلم هل هو طبيعي ولا اراجع طبيب نفسي 🤔,1,13
احتاج طبيب نفسي مب حالة كل خمس دقايق منهارة وحالتي حاله تعبت يابنات تعبت,1,14
حينها بدات بالشك بي لماذا واقتنعت اني مريضة نفسيًا و قام بدفع رسوم طبيب نفسي من اجلي رغم انو زرع فكرة المرض النفسي,1,23
طبعا ف البدايه تعجبت منه وبعد مرور ٦ اشهر مرضت وقرت ازور طبيب نفسي وشرحت له القصه كامله واخيرا اعطاني علاج,1,21
احس ودي اروح عند طبيب نفسي فيني كميه شتات وزعل مو طبيعيه,1,12
وعندما تتجاوز كل هذا وتفضل أن تطلب المساعدة لمره الأولى في حياتك فإن أولى خياراتك هي مراجعة طبيب نفسي,1,19
ودوني طبيب نفسي 😭💔,1,4
يبيلي طبيب نفسي حالاً💔,1,4
اكيد كلنا محتاجين طبيب نفسي بس بنسب مختلفة ولأسباب مختلفةانا رحت لأن حسّيت بكأبة شديدة بسبب كورونا اكثر,1,18
بعد الحظر ابي تعطوني اسم اقوى طبيب نفسي حاشتني حاله نفساويه من الحظر احتاج علاج وتأهيل عشان ارد اطلع لمجتمع😂,1,20
الفتره دي صاير يجيني شعور اني بموت كثير و في كل مره انهار بكي و بديت اختف الصراحه — راجعي طبيب نفسي ضروري يمكن هلع,1,25
احتاج طبيب نفسي وبدون شك 😂,1,6
تخيلوا متخرج ومنب فرحان احس الوضع طبيعي لازم اشوف لي طبيب نفسي,1,12
يجب ان يكون هناك طبيب نفسي لكل مواطن بعد ازمة كرونا,1,11
من المتوسط ودائما أحس فيه مشكلة دائما الي حولي لما أنفتح زي زهره يدعسوا علي يحسوني أني أكون أنا شيء غلط,1,21
كيف أتخلص من عقدة الانتقاد صاير كل ما اتابع شيء مو قادر استمتع فيه بسب افكار المستحنكين الي زرعوها في راسي مو قادرة,1,23
اعاني من اضطراب نفسي شديد,1,5
اضطراب نفسي,1,2
اللحظة دي اثرت فيا جدا اللحظة الي بنعرف فيها ان عندنا إضطراب نفسي ونفهم ان لينا الحق في مشاعرنا ودا مش عيب,1,22
الدكتور قاللي ان عندي اضطراب نفسي,1,6
الانفصام اضطراب نفسي عصابي والفصام مرض عقلي ذهاني,1,8
اعاني من فقدان الشهية العصبي هو اضطراب نفسي عصبي وفرع من اضطرابات الطعام,1,13
خلي بالك من زيزي تسليط الضوء عل اضطراب نفسي موجود حوالينا كتير و لا نجيد التعامل معه وايضا مناقشة,1,19
ليس قلق وحده بل الخوف أيضاً اعيش بفقاعة اضطراب المشاعر نفسي وذاتي وكياني يشغل بالي يأخذ حيز كبير,1,18
الاكتئاب اضطراب نفسي والجينات لها دور في الاصابه في حال تعرض الشخص الى مسببات الاكتئاب مثل الصدمات والضغوط النفسيه,1,19
أنا عندي اضطراب نفسي وعندي حيوان أليف بابا مستأمني عليه ماله أي علاقة كون الشخص مضطرب يعني بيكون عدائي,1,19
٢٧ابريل٢٠٢١ ١٥رمضان١٤٢ الهم الهم امنحني القوة لأقاوم نفسي والشجاعة لأواجه ضعفي واليقين لأتقبل قدري وا,1,15
ياخي عندي اضطراب نفسي,1,4
لأسف بالمتوسط عانيت من اضطراب الأكل لدرجه اني ابكي و انا اكل لأني تعبانه جدا ومره صعب علي اكل غير الغثيان والدوخه,1,22
انا متعمقه بمشاكل السمنه كوني اعاني من الوزن الزائد ومنذ انجاب طفلي الاول وانا في صراع مع الاكتئاب واضطراب الاكل,1,20
اضطراب نفسي شي سلوكي مزاجي خوف شديد قلق توتر كل شي جاني كنت ماحس بالأمن والأمان الداخلي وهستريا,1,18
اضطراب ثنائي القطب ثنائي القطب ليس من السهل التظاهر باني بخير لذلك اسال اله ان يعيني ويعين كل مصاب نفسي,1,20
لعل و عسى دة ي فكرة ان عادي اروح لطبيب نفسي لو انا شاك ان عندي اضطراب نفسي و دة مش معناها اني مجنون,1,24
هو الدور مطلوب انه يتادى بالطريقة دة لأنه واحد قضى عشرين سنة بالسجن و مغدور بيه و عنده اضطراب نفسى فه,1,21
قنبلة كآبة واقعية,1,3
مش ناقصه كأبه,1,3
ترا السواد الي تحت عيني ماهو مرض هذا قلة راحةوملامحي الباهته ماهو كره لناس هذي فرط حزنوعصبيتي ماهو غباء هذا ضغط,1,21
ها أنا أخيراً أغمض عيني لأصحو على أطلال الذكريات المسكونة بالألم الغارقة بالوجع والدموع والانهيار وحنانك المدمر,1,17
كأبة الايام معاها تلاشت,1,4
شوية كأبه و حتروح لحلها,1,5
جتني كابه منه 🤣,1,4
بعيداً عن السلبية بس فعلاً ماحب العيد ومن الحين شايلة هم القرف الي فية و المجاملات الكذابة وماحس فية اي فرحة ف,1,22
كآبه,1,1
كآبة يوم السبت,1,3
ياكرهي سبتلي كآبه نهايته,1,4
او لا وتشوف واقعيتها بنسبه اد اى وتاثيرها كمان عليك اى اذا كانت مثلا حطتك ف مود حلو او مود كله كابه وحزن,1,23
الجو العام فيه كآبة غريبة يا رب ارحمنا برحمتك🤲,1,9
مو ناقصين كآبة خلنا نعيش هالجم يوم الي بقوا لنا براحة 🙂💔,1,12
كآبه تنهمر على قلبي كما ينهمر ذلك الدمع على وجنتاي,1,10
متلازمة المثالية والتدقيق كآبة,1,4
كآبه وملل متى يخلص هالشهر بسرعه,1,6
اقسم بالله كآبة عجيبة,1,4
كآبه يارجال,1,2
كآبة غير مبررة للكل وحتى لنفسي,1,6
تأثير كآبة المنظر 😂,1,4
خايفه اذا كبرت ماعيش حياتي زي مابي وتزيد كآبه اكثر من دحين,1,12
أعوذ باله من الحزن و إنقباض القلب و كآبة الوقت,1,10
على حسب نفسيتي بس ما احب اغرّد كآبه كثير الناس فيها الي مكفيها,1,13
عامل دماغ كآبة يعني 😅,1,5
كآبة مود 😐,1,3
كآبة,1,1
كآبه منظر,1,2
يا جماعة الي راش نكد و كآبة في الجو يبطل مفيش هزار ف الحاجات دي أو تقريباً أنا لوحدى الى مطفية ❤️🌹,1,22
٥ دقايق لو ماقدرت أرقعها بدخل دوامة كأبه نفسيتي صارت هشه,1,11
التل يجيب الحزن و كآبة بروح انام احسن لي,1,9
كآبة إختبارات السبت مالها حل مهما كان الإختبار سهل,1,9
اختبار يضيق الصدر وكئيب زود على كآبة السبت😅💔,1,8
هالفتره ماتنبلع بجميع الأشكال تكفون كآبه,1,6
تذكرت كآبة ظهر العيد وضاق صدري يوه,1,7
كابه,1,1
ابيع كآبه,1,2
والله انها كآبه,1,3
ابصراحة ابصراحة حزنت مرا ودخلت في حالة كآبة 😔,1,9
كآبة 🌚,1,2
باك تويتر باك كآبة,1,4
كآبة جدًا,1,2
اكره أقعد هالوقت وربي كأبه,1,5
الصيف فصل كآبه بإمتياز ظالمين الخريف ي جماعه,1,8
هالوقت صاير بالنسبه لي كئيب فجأه تجيني كأبه ولا اطيق اي شي,1,12
اتفق وبقوه ومن تجربه كأبه بشكل مو طبيعي,1,8
ياه يا كآبة المنظر سبحانه مغير الاحوال,1,7
جتني كآبه تذكرت الاختبار الساعه ٢ الظهر يبدأ 🙂☠️,1,9
كل شيء لقيو له علاج الا كآبة يوم السبت,1,9
منجد كآبه لو قعدت لحالي وشغلت فيلم,1,7
كآبة على وجوه الكلاب أيضًا الأيام هنا تمضي وحسب,1,9
في مود كآبه مسيطر عليا ومش عايزه استستلم,1,8
انا تخرجت حمدله لكن فيني كآبة وقلق العالمين دعواتكم لي بالراحه نفسيه والطمأنينه 💔 كنت احسبها من الدراسه,1,18
ياله كيف ادخل تويتر وتجيني كأبه وضيقه ليش السلبيه ذي ويع تجيبون الهموم زياده,1,14
يارب افرح اليوم بعد كآبة اسبوع 😭💔,1,7
ترى الهالات اليّ تحت عيوني مش مرض هذا قلة راحة وملامحي الباهته مش كره لناس هذي فرط حزن وعصبيتي مش غباء هذا ضغط,1,23
كأبة منقطعة النظير 💔,1,4
ليه اضطريت اسيب كل حاجة بحبها مرة واحدة كدة امشى واخسر كل ده بحجة كفاية عناء وشقاء بس طلع الشقاء ده مكمل وزاد عليه كآبة أكتر,1,26
وبعد العيد قرب مره وانا لا اخر عيد استانس فيه اكتئبت وربي وذا العيد شكله زيه اقول احسن اقعد بالبيت المخيس ذا واكتئب,1,23
اشوا في ناس كابة العفش اكثر مني الحين ارتحت,1,9
احياناً تكون سوداوي نتيجة كآبة الفكر لا الحياه,1,8
كآبة وقتي🌹,1,2
حزن💔قهر💔وحده💔كآبه💔 اهم شي الستريم شباب💪🏻,1,5
هناك نوع من الجهاد لا يعرفه الكثير من الناس وهو جهاد السعادة و هو محاولاتك أن تبقى سعيداً بالرغم من كآبة البيئة المحيطة بك,1,24
كآبه انو بلش الصيف 😥 وميلادي الشهر الي بعدو 🙃 لقدهرمنا,1,11
والله كان كأبة وطفش,1,4
كآبه تعرفون شي يبعدها 🏃🏻‍♀️,1,5
فوق كآبة مزاجي قاعده اسمع اغنيه واطيه,1,7
كريتڤتي كآبة,1,2
احيانا تجيك طاقة كآبه من ولا شي يا شينها,1,9
هيقول ارجعلو عشان سبتو مش ناقصه كآبه,1,7
كآبة باجر دوام😔,1,3
شكد كابةاريد اروح لتركيا 😔,1,5
😂 كآبة و سوداوية من اغمق درجة,1,7
شو سبب هال كآبه,1,4
ليلة نكدة و رح أعيشكم كآبة اليوم,1,7
ابعتولي أغاني كآبة,1,3
اعوذ باله من انقباض القلب و كآبة الوقت,1,8
الهِدوء ليس عُزلة العُزلة ليست كآبة و الإهتمام ليس فضول و الوحدة مع النفس ليست إنطوائية كل شخص له نكَهة,1,20
شعور الملل وروتين مثل ماهو قاعد يسبب لي كأبه 😣,1,10
كأبه ونكد وبؤس وشويه حجات فوء بعض🦦,1,7
فيه حد راش كآبه ف الجو 🙄,1,7
نكمل كآبة مافي حل 😢,1,5
أشعر بكآبة ثقيلة تجثم على صدري كآبة توشك أن تكون نبوءة ﻻ تفسير لها و ﻻ تعليل,1,17
رمضان هالسنة كأبه استغفر الله,1,5
أوقات بتجيلي رغبة عارمة ف عدم التّواجد مَش كآبه ولا حاجة بس ال هو فالحظة دي أنا مش عايزة أكُون موجودة,1,21
كآبة اول اسبوع وتعدي إن شاء الله,1,7
مب كأبه بس لانه ذا الصدق,1,6
السلام عليكم ممكن تسألهم لي امر بحالة كآبه كيف اقدر اتجاوزها احس إني مخنوقه ولا قادره أطلع منها,1,18
يارب لاقلق ولا كآبه,1,4
حتى اني تأثرت وجتني كآبة حادة يا الله 🤧🔥😈,1,9
جاءت لي كآبة وسدة نفس لما عرفت الجامعة الي ناوين أدخلها😔,1,11
ملل و كأبه,1,3
محد مسبلي كآبة في حياتي غير هالجامعة الخرى,1,8
وربي مره زهق احس كآبه اليوم,1,6
تايه من شدة التفكير وضيقة الصدر صعبة علي الإنسان إحساس كأبة الله لايبلينا,1,13
فيني من المشاعر مايكفي ديره كأبه وضيقه وملل شديد,1,9
وع كأبه ماحصلت الي بالي ولا حتى شي حلو غيره 😒,1,11
أوفر كآبه وافكار تقتل اي حماسه,1,6
مادري كيف أوصف الشعور الي فيني مادري هو حزن ولا كآبة ولا ضيق و لا شو بالضبط كل الي أعرفه انه يخنقني 💔 حزن كآبة ضيق ضيقة,1,27
صار معي كآبه وشي اشبه بالمرض النفسي والسبب الحالات الي تجيني بالخاص وانا مو طالع بيدي شي من قله الحيلة يارب ياكريم,1,22
😂 والله كأبه,1,3
شكلي وانا فيني كآبه الدنيا واحاول اعيش حياتي,1,8
جرعة كآبة,1,2
كآبه حسبي الله,1,3
ظاربتني كآبه مب طبيعيه حتى البيت ماطلع منه واذا طلعت اكون استنفذت طاقتي القصوى 😞,1,15
و أشعر بكآبة ثقيلة تجثم على صدري كآبة توشك أن تكون نبوءة ﻻ تفسير لها و ﻻ تعليل فترة أليمة,1,20
تحس فيه غيمة كآبة مضللة على الكل فيه حاجة ناقصة ومحدش له نِفس لأى حاجة,1,15
كآبة 😩,1,2
مريت فشهور الله لايجعلكم تمروا فيها كآبه وضيق وحرمان وقهر بين أربع جدران ومن هم جزء فحياتي بعيدين جدا مني,1,20
وع فيني كأبه وسوداوية ما ادري وش السبب ودي أروح أركض بس بتشقني الشمس,1,14
كأبة المنظر,1,2
صداع غثيان كآبة,1,3
اول مره تحوشني كأبه هالحزه العاده مكبره المخده ونايمه,1,9
هو ليه فيه روح كآبة في الجو كل الناس تعبانة و مرهقة و مضايقة تحس العالم كله في حاجة غلط,1,20
مش ناقصه كآبه,1,3
كآبة بلا سبب,1,3
اشتقت لكآبة الايام العادية تعبت من كآبة رمضان😂😭,1,8
يمه وش دا كآبة بدون سبب اول مرة احس نفس هالشعور,1,11
اعوذ بالله من كأبة رمضان هذا 💔,1,7
يارب تعدي هالأيام على خير فيني كآبه والجو كئيب اعوذ بالله 😞💔,1,12
فيني كآبة,1,2
يا رب وظيفة تنتشلني من كآبة اليوم الطويل و الروتين الممل 🥺,1,12
هيقول ارجع لو عشان سبتو مش ناقصة كآبة,1,8
والله كآبه 😭,1,3
الحياة توماتش كآبة ولا يتهيئ لي,1,6
كتنوين فتح في كلمة وداعًا سنظل نحمل كآبة الحياة إلى أن يركض عزرائيل نحونا,1,14
السواد الي تحت عيني مش مرض ده قلة راحة وملامحي المقفولة مش كره لناس دي فرط حزن وعصبيتي مش غباء ده ضغط,1,22
والله انا جتني كآبه وما كنت سعيده 💔,1,8
يوه كآبه الف,1,3
والله الواحد ما ناقصه كآبه,1,5
طب وعلى إيه بناقص كل واحد فيه الي مكفيه مش محتاج جرعات كآبة زيادة 🤚,1,15
اليوم اكسترا كآبه,1,3
المختبئ خلف كأبه الوحده,1,4
اعاني من مزاجيتي مو طبيعي من شوي رايق واشوف فيلم والحين احس ميت كآبه,1,14
لا تكفين مو ناقصين كأبه زياده💔,1,6
لا أمل وما من ضوء في نهاية النفق خربانة كآبة,1,10
الجو كئيب كآبه غير طبيعيه,1,5
تحس ان فيه غيمة كآبة مضلة على الكل محدش له نفس لأي حاجة,1,13
الجو مليان كأبة و زهق و قرف,1,7
كأبه,1,1
حريصٌ على ان لا يرى بي كآبةٌ,1,7
حزن حزن حزن كآبه موت,1,5
والله مدري مرات تجيك كآبه او ضوجه بدون سبب 🧘🏻‍♂️,1,10
نكد كآبة ملل زهق,1,4
الدفعه كلها في خروجات ورحلات الا انا قاعد في البيت وخلاص مشفتش كأبه كدا 😔,1,15
اف جي تجن وكيوتي احبها موىت طلعتني من كآبه كينقدوم,1,10
اخبار تعيسه وإجواء كآبه وقلق وضغط نفسي الواحد محتاج يغمض اعيونه ويحلم في مكان يرتاح له كافيه يحب يقعد فيه,1,20
ابي احس اني تخرجت ليش الحياه ركض ركض بدون اي احتفال او تكون كآبه مافي شي حلو تحس بطعمه,1,19
الهم اني اعوذ بك من كآبة المنظر هو الشماغ الي تقل كوبرا ولا الوجه ولا الحيه الغير مقلمه,1,18
كآبه 😂,1,2
هيئول ارجع لو عشان سبتو مش نائصه كآبه,1,8
خزان كآبة وانفجر بعد الامتحانات 😬,1,6
هالاسبوع خلص وانا لا تمارين ولا اكل سنع وهذا الي زايدني كآبة اختي تقول الاحظك مجرد ما اشوفك مكتئبة اعرف انك ماتسوين تمارينك,1,23
استولت علي كآبة غريبة بدا لي فجأة أني أنا الوحيد قد هجرني الناس جميعاً نعم كل الناس تخلوا عني دوستوفيسكي,1,20
زعلي مش كآبة ده تراكم الحزن,1,6
مره و كأبه,1,3
صدق صدق صدق وربي شيء غريب وزيدي فوقها كآبة نفاس 😘,1,11
والله كآبه,1,2
هالأيام برد مرة ومطر وأجواء المطر صايرة تسبب لي كآبة مدري شفيني يمة يلعن ام الضيقة,1,16
والأكثر كآبة تصنّع الشغف والحماس والحياة وروح التفاؤل وأنت محطم وباهت فقط لكي لا تُعرّى روحك,1,16
كآبة حزن ضيق,1,3
كآبه🌝,1,1
مرحله كأبه,1,2
يا كآبة في قلبي لا إله إلا اله,1,8
والله دكتوري زعلان يقول عدلي نومك نامي قبل ١٢ عشان ترتب أمورك مستحيه اعلمه اني خربطت نومي أكثر وصرت اكتر كآبه,1,21
أصل الواقع كله كآبة وتشاؤم فلما نيجى نقول كلام واقعى ولا منطقى تلاقى الكآبة والتشاؤم طفحوا ع الحوار,1,18
تحس فيه غيمة كآبة مضلة على الكل فيه حاجه ناقصة ومحدش ليه نِفس لأى حاجه 💔,1,16
انا ليه هي الفترة صاير عندي كمية كآبة مش طبيعية,1,10
كأبة فول🚀,1,2
قد تَعترِيكَ مِنَ الحياةِ كآبةٌ تُذْكِي الأَسَى وتَشُلُّ نَبْضَ الخافِقِ فتَوَدُّ لو تَبكي وما مِن أدمُعٍ,1,16
يع هذا الوقت صح انه مريح وكويس لكن تجيك فيه كأبه مو طبيعيه يوميا يوميا,1,15
كأبه حياتي شذا,1,3
فإن تَسأَلني كَيفَ أنتَ فإنَّني صَبورٌ على رَيبِ الزّمانِ صَعيب حَرِيصٌ على أن لا يُرى بي كَآبة فَيشمتَ عادٍ,1,19
كأبه💔,1,1
اتوقع احد راش كآبه في الجو قاعد احس زيك,1,9
كآبه وحزن,1,2
فعلاً وفي الشتاء بعد كآبة مو طبيعية,1,7
وحيد وقتلتهُ كآبة الغُربة فَهل مِن متسع ياكون,1,8
ياله ي بنات واله كآبة بكي ليش م نبي حسيت بكتمة من الحين😭,1,13
كآبه لمدة شهر,1,3
نفسك والله هو ملل هو كأبه شي غريب,1,8
الدُنيا عبست في وجهي كثيرًا ولا أريدها أن تعبس أكثر لقد عانيتُ ما عانيت من نزلات الحُزن المُزمنة ولا أحتاج إلى كآبةٍ أكثر من ذلك,1,25
ركبتني كأبه من قعده الحوش 😩,1,6
الواحد بيحاول يخرج نفسه من آي مود كآبه بس لأسف كل الي حواليا بيحاول يدخلني ف دا مود بيكرهني ف نفسي وف عيشتي,1,23
احس عندي طاقة كآبة مي طبيعية,1,6
منزعج من تبرير نفسي ل غيري كل شي ابيه يروح منّي وانا ابيه انقذوني من كآبة سريري الي يروح اليوم كلّه وانا فيه,1,23
كورونا عبارة عن غيمة كآبة غطت على الكل,1,8
مُش ناقصه كآبه,1,3
كآبة و نكد,1,3
مهو شي غريب ف فتره الكل يمر فيها وخاصة ذا الوقت تجيك كابه غير طبيعية مالك نفس لاي شي حتى الشخص نفسه يوسوس,1,23
🙂💔 كآبه,1,2
يالله تدرين الحين قاعده ألوم نفسي شلون داومت رمضان ليتي اجازه بدون راتب راضيه حزن غلقه كمية كآبه أحس إني أموت,1,21
فوق ذا كآبه بعد,1,4
مرت عليّ ريحة كآبه,1,4
نفسيتي الى الطريق المنحدره بسب الحظر و الله كآبة مليون خلاص فكونا نبا نطلع 💔,1,15
السنين من بعد ٢٠١٥ كلها شبه بعضها حزن و كآبة 😂,1,11
كآبه الفتره ذي,1,3
مش ناقصة كآبة علي الله حكايتكو,1,6
ايوه صراحه بيجيلي كابه,1,4
في مود كآبة منتشر له فترة ماله علاقة بضغوطات,1,9
كآبة في كل مكان والحمدلله اليوم بدأ الحظر الشامل وينتهي لإجازة العيد حضرتهم تاركين الحبل ع الغارب,1,17
الصداع النصفي عدوي الدود والله ماودي اروح لدكتور يكتب لي العلاج مره ثانيه مجرد الالتزام فيه يجيب كآبة,1,18
سحابة كآبة بتشتي فوق البيت عندنا,1,6
كآبة الأيام المتكره دفعتني إلى ذلك,1,6
حاجة بقت اخر كآبة والله يا اخى,1,7
الواحد محتاج يعد نفسه انه فعلا يعيش لوحده يعنى قرار انك تعيش لوحدك ده مش سهل كده لازم تهيئ نفسك علشان متأثرش,1,22
ما تدري هي كآبة او واقعية او نضج,1,8
اذا طلعت كآبة الايام الي راحت مب بسبة الاختبارات,1,9
احد يجي يسولف ينسيني كآبة المنظر,1,6
والله الوضع كآبه,1,3
يمه كآبة,1,2
الفولورز مسبين لي توتر وانا كابة حياتي الشخصية كلها هنا لو في قاتل متسلسل ناوي علي بيلقاني بسرعة والله,1,19
انا اشتقت لاولاد اختي و دخلت في موجة كآبة شديدة,1,10
كرف طول اليَوم و تعب و شقى و بالنهايه فوق كأبه هاليوم يحصل شي يزيد خياس هاليوم خياس,1,18
ياضيقة الصدر روحي 😢كآبة اكتمال القمر,1,6
حاولت افصل يوم عيد ميلادي عن السنه كلها عشان حسيت اني ڜبعت كآبه و وجع و تفكير و سده نفس حسيت اني قلبي كبر و عجز,1,26
وأنا مثلك أجمّع الأمل كلما استنفدتني كآبة وتأرجحت في خافقي قَدَمُ السكينة أنا مثلك أهشّ حرائق الأمس علّها تغادر,1,19
كأبه 😭,1,2
هي كآبة وليست مجرّد كتابة,1,5
في بعادك أمتلى صوتي تجاعيد وزاد قلبي من الفرقى كأبه,1,10
جتني كآبة من دحين,1,4
كآبه ولكن هانت 🥲,1,4
مره مره تجيني لحظه كساد وملل غريبه بكل مخلطه ب كآبه 😑,1,12
في كل يوم يصير العالم في عيني أكثر كآبة ألوانه تلطخ بألوان قاتمة بلا روح الحياة هنا لوحة رديئة الأدوات والجودة والخامات سيدعبدالحميد,1,23
الحجر والحياة عن بعد سبت لي كآبه,1,7
ياربي يا كآبة الصيف من الحين طاقه فيني,1,8
لمسة كأبه,1,2
مابتسحر واله هذي الفترة كاره كل شي قول فيني كآبه هيك شي,1,12
ماحبيت حياة اليل دي جابتلي كآبه 🥺💔,1,7
او ما يبقى بس روح شو بدي في اعذرني بس المود على كآبة,1,13
حتى السيجارة بطلت تغطي كآبة اليل☹,1,6
كآبه هذه اليلة تقف في مجرى تنفسي,1,7
الجو مرشوش فيه كآبه بطعم النكد,1,6
طاقه كآبه وخمول بدايه تعب وصداع,1,6
محاربة ذبحات صدرية فجائية مع توالي آخبار سيئة جداً يسبب لي كآبة لا توصف ومجرد العيش في ظل هذا الوباء وفي بلدي بخصوص,1,23
في قمه زعلي وحزني وقارفه التايم كآبه وحزن وشوف ده داخل يقولي ايه,1,13
بقيت بحس انى بتنفس كآبه وخوف وقلق مبيعديش 5 دقايق غير اما احس بخنقه لا إرادى كدا 🤦🏻‍♀️ المود↙️↙️↙️↙️↙️↙️↙️↙️,1,19
كآبه وملل حزن,1,3
يمه كآبه,1,2
الاسود مش كآبة الاسود اسلوب حياة 🖤,1,7
أكثر كلمة سمعتها من بدينا إمتحانات لسّه هي ضعفانة أوكي هي بالعادة الكلمة تفرّحني بس هالمرّة هذا الضعف من ورا الكآبه,1,21
كآبه كآبه كآبه,1,3
عندي نفس كآبه 🙈 محد يهتم,1,6
لا الأجواء فيها كآبة 😪,1,5
بسم اله نبدأ حملة كآبه جديدة,1,6
طب علي فكره بقي البس الاسود مش كآبه,1,8
اعاني كآبة مخاوف من الحياة أفكار انتحار,1,7
خلصت الاختبارات ولحين فيني كآبه طلعت المشكله فيني مو بالاختبارات,1,10
السنة كآبه مدري شبيها,1,4
و أعوذ بك من كآبه الشعور,1,6
💀 كآبه لا نهائيه,1,4
💔😿كآبه,1,1
لم يبقِ مني الحب غير كآبة,1,6
حر امتحانات اورال رمضان صخام المرضى و العيادات كآبة عالية الجودة,1,11
كآبه وسواد الجو يشبه الاختبار,1,5
يارب خذني من كومة هالوجع ومن كآبة هالأيام وساعدني أتجاوز هالضيق بلطفك,1,12
اهلاً كآبه,1,2
هذا المرض يفتك بعقلي أيهما هي أنا الكئيبة المتخاذلة أم السعيدة سُحقًا لي,1,13
خلصنا كأبة وتفكير نام بقي,1,5
الف شعور بين حزن و وحده كأبه خنقه وضيقة تعاسه وفراغ ولامبالاة وانعدام شعور انتهاء رغبة الف شعور وانا شخص واحد كيف بتحمل كل ذا لحالي,1,26
ولم يُبْقِ منّي الحبُّ غيرَ كآبَةٍ وحُزْنٍ وتبريحٍ وفرْطِ سَقام,1,10
الجو كآبة,1,2
اتمنى يصير شي يطلعني من كآبه هالأيام احس كلي طاقة سلبيه تعبت,1,12
صدق وربي كآبه من كل مكان😩,1,6
كآبه وحزن💔🙂,1,2
كآبة وتعب الاختبارات مهلكه,1,4
لست على م يرام اشعر ب كآبه وارق هدوء ملل تفكيرانفاس مضطربة دقات قلب حزينة مزاج معكر تفتقد طعم الأيام ترتدي وجها بائس,1,23
يمه محسبت فيني كابه لدرجه ذي,1,6
كمية كآبة توا فيا مش طبيعية ياربي,1,7
الي اسواء الاماكن كأبه العزلة 💔,1,6
تحطمت احلام نفسه كأبه,1,4
كآبة شوال ولا كآبة رمضان 😖,1,6
كآبة بس بجد,1,3
كآبة كل يوم بدأت🖤,1,4
قنبله كآبة جاية فى الطريق 😂,1,6
اشتقت لنفسي قبل سنوات الحين اكرهني كلّي كآبه و سلبية واحياناً اني اكره الكل ايش الي خلاني اتغير,1,18
كمية كأبه,1,2
فول حزن فول كآبة,1,4
انا اول في كأبة بس نكد انت 😂,1,8
الجو فيه شحنة كآبة مش طبيعية,1,6
اي والله السوق يجيب كآبه ☹️,1,6
كآبه وضيقة صدر,1,3
كأبه و وحده قاتله😣,1,4
أول مرة احس كآبة برمضان 🤦‍♀️,1,6
إِن تسأليني كيف أنتَ فإِني صَبُورٌ على رَيْبِ الزمانِ صَعيبُ حريصٌ على أن لا يُرى بي كآبة فيشمتَ عادٍ أو يساءَ حبيبُ,1,22
اعوذ بك من كآبة المنظر وسوء المنقلب 🚶🏻‍♂️,1,8
السواد الي تحت عيني مش مرض ده قلة راحة وملامحي المقفولة مش كره لناس دي فرط حزن وعصبيتي مش غباء ده ضغط بحاول ا,1,24
احس صدعت من كأبة حياتي احس لو صارت لي الحريه اسوي كل شي بحر القدس من الفرحه,1,17
ما عندي إلا قلب يملاه العفاف واقف لا هو غالب ولا هو منغلب ربي انا عبدك وابن عبدك واخاف كآبة المنظر وسوء المنقلب,1,23
مساحة لبوح والتخلص من كآبة النفس,1,6
اكره هذا الفلم سبلي كآبة بطفولتي لما شفته,1,8
الجو كئيب كآبة مزعج غير مريح بعد لو كافي 😁,1,10
من كثر ما اتقنت الدور عشت جو معهم وجتني كآبه,1,10
كآبة ضربتي فجأة خ,1,4
السواد الي تحت عيني مش مرض ده قلة راحة وملامحي المقفولة مش كره لناس دي فرط حزن وعصبيتي مش غباء ده ضغط بحاول اعديه,1,24
الشتا كآبة☺️,1,2
انتي اضحكي واني لازمتني كأبه حاده,1,6
كمية كآبة مش طبيعية,1,4
اعرف مو دائما بس مرات لازم نتصنع الامل حتى ما ندخل بحالة كأبة ويأس,1,14
اشتقت لحياه قبل رمضان خلاص ياربي جاتني كآبه من ذا الروتينيه,1,11
اليوم كله كآبة ابغا اموت,1,5
كأبه الصبح المقرفه,1,3
فيني كآبه مو طبيعيه 💔,1,5
كأبه مُركزه 😂💔,1,3
كآبة الاختبارات او كآبة شي مشتاق له والله مدري,1,9
كأبة الاجازه من الحين محتليتني,1,5
يميناً بالله كآبه منجد,1,4
ملامحي المقفولة مش كره لناس دي فرط حزن وعصبيتي مش غباء ده ضغط بحاول اعديه وزعلي مش كأبة ده تراكم أحزان,1,21
الواحد نازل عليه سحابة كآبة اليومين دول مخلياه كاره كل حاجة,1,11
كآبه وضيقه وكل شيء خايس بالحياة,1,6
كآبة السفر بدت تسيطر علي,1,5
ابشركم طلعت من ازمة اكتئاب الدورة😍خمس دقايق وندخل لاكتئاب الموسمي وترجع الامور كما تعودت عليها كآبة على طول,1,18
اوف يا كآبه 😂,1,4
إيه الكآبة دي يقدعان بيت ينئط كآبة,1,7
الاجواء لا تخلوا من كآبه بشكل عام,1,7
حاله كآبه عارمه,1,3
انك تقعد مع نفسك وتفضل تفكر ف ذكريات حلوة من تلت اربع سنين فاتو طلع حوار جامد فشخ بس بينتهي ب كآبة باين,1,23
هالفتره فيني كآبه مو طبيعيه💔,1,5
النوم يسبب لي كآبه,1,4
اعترف اني اتظاهر بالقوة ولكن بداخلي عالم يبكي🚶,1,8
بقالي فترة كبيرة ما عنديش شغف لأي حاجة ما بقاش في حاجة مُمكن تبهرني مش كآبة ولا عُزلة,1,18
المود كآبة ⬆️⬆️⬆️,1,3
لي قلب أسود هو لي كأبه,1,6
كآبه مافيها حياة ولامعنى,1,4
الم قهر ضيم كآبه حزن,1,5
كآبه مش ملل,1,3
هالصباح مليان كآبه,1,3
حزن كآبه تعاسه صياح دموع بكاء تعب ارهاق,1,8
الجو اليومين هذين كآبه بالملل,1,5
يليل كآبه,1,2
انا كل لبسى اسود وبلاقينى فيه مش شرط كآبه شياكه بلس انى خدت عليه وبرتاح فيه,1,16
دخلت ف مود كأبه بتاعى شويه,1,6
كآبة وكره وحزن,1,3
انا بحاجة الى سفرة تنسيني كآبة وطني المنهوب 🙂🥲,1,9
كآبة تجتاح نفسي لظروف قلبي التي احاول ان اتحملها,1,9
حُزن ملل وجع إشتياق خمول كسل ارهاق كأبه حنين أختناق ألم ذكريات ماضي تعيس أرق تعب احلام,1,17
انعل ابو دي كآبة ياخ,1,5
حزينه وفاقده كل الحنان والحزن في حياتي مطلقه له العنان وكل من شافني أشر بالبنان ويقول هالبنت مليانه كآبه بالاطنان,1,20
اقسم باله كآبه مره ودي انام لين يخلص هالشهر بعدها اصحى,1,11
البس الأسود مش كآبه 👍🏻,1,5
كمية كآبة والله مره كمية كبيره لدرجه ان راسي مصدع,1,10
الواحد حاليا ف مود كأبه وخنقه🙂,1,6
البس الاسود مش كأبه,1,4
كآبه هم غم زعل محطم الحمدلله على نعمة الإسلام لولاها كان انتحرت من زمان,1,14
كآبه عادى,1,2
بقالى فترة كبيرة معنديش شغف مبقاش فيه حاجة ممكن تبهرنى مش كآبة ولا عزلة على قد ما هو تصالح منى تجاه الى شايفه,1,23
اجتني كآبة فضيعة والله💔,1,4
بيدي كآبة حياتي لذلك لا تسألني عن كآبتي فأنا احب حياتي هكذا,1,12
كآبة ما في شي بفش الخلق انتو هم على قلبي,1,10
كآبة كآبة,1,2
واكره كآبة اليوم😷,1,3
فترة كآبه و تخبط,1,4
وايد مو شوي كآبه,1,4
كيف اتغلب على كأبة السبت,1,5
مش كأبه ولا حاجه بس انا مفيش حاجه بتضحكني اليومين دول غير خيبتي والله,1,14
اليوم مره كآبه وصعب انا حتى مالي خلق اتكلم بس ابي اتنفس بدون اي تدخلات,1,15
كميه كأبه بشكل مو طبيعي والله,1,6
كنت أحسب كآبة يوم السبت مقتصره على انه دوام طلع و حتى وانا معطله كئيب,1,15
بس خلاص الوضع كآبه 😫,1,5
كل شي يتغير الا كآبه السبت ماتغير,1,7
غثى و كآبة,1,3
فيني كمية كآبة مب طبيعية شكله تصفر عندي,1,8
اف كآبه كيف بختبر بكره خير,1,6
جتني نوبة كآبة فجائية,1,4
بقالي فترة كبيرة عندي كآبة اجتماعية علاقاتي تقلصت وانحصرت على ناس معينة مبقتش قابل اشوف الناس زي الأول,1,18
بما ان هذا الصباح كئيب بشغل معزوفة ضوء القمر عشان يزيد كآبة,1,12
وكانت تلك اليلة هي الأكثر كآبة على الإطلاق,1,8
حزن تالت كآبة تالتة 🦦♥️,1,5
هذا وحنا تونا داخلين السبت فيه كآبه مو طبيعية💔,1,9
يا رب استر داخله علينا ويف كآبه مالهوش اي تلاتين لازمه,1,11
بكاء كآبه حزن بكاء كآبه حزن حزن حزن كسرة حزن حزن حزن تناسي تعايش تأقلم,1,15
صداع قلة نوم لخبطة مواعيد مفيش كتاب بينفتح كأبة ضيق حزن نفسية بايظة كسل تضيع وقت نزاع عقلك الي عاوز حاجة مع جسدك,1,23
كآبه مابعدها كآبه,1,3
الجو مليان كآبة و فيه حاجة غلط,1,7
منجد كآبه,1,2
عُزله هادئه بين شايّ وكِتاب,1,5
عُزله,1,1
عُزله مع كتاب مُفضل🖤,1,4
الدراسة صعبة الحياة صعبة الاجتماعات وقروشة الناس صعبة احتاج عزلة بالغابة لحالي اشرب من مويه النهر واكل اي شي واعيش بكوخ على الطاقة الشمسية,1,24
احتاج الى عُزلة,1,3
أحتاج عزلة في مكان هادئ تسكنهُ النجوم والجو البارد بعيدًا كل البعد عن ضجيج الناس والشوارع,1,16
عزله برضو 🌚😂,1,3
هاتف مغلق ابتعاد عن الجميع عُزلة هدوء وذهن يخلو من أي شيء هكذا تكون أقصى الاماني أحيانًا,1,17
أشتهي عُزلة 💔,1,3
نحب العزلة لمجرد كونها عزلة نحبها لأنها فترة إختباء من خيبات الأمل هرب من كل الإحتمالات السيئة,1,17
نفسي اروح عزله لحالي بدون ولا شي 💔,1,8
غَرَق وَ عُزْلَة,1,3
عزله وبحر,1,2
أفشل دائمًا في العلاقات الأجتماعية لستُ الصديق المفضل لأي شخص ولم أجد في الحب من يناسبني وأناسبه عزلة عزلة,1,19
عزله عزله عزله عزله عزله عزله عزله عزله عزله,1,9
عزلة عزلة عزلة عزلة,1,4
أحتاج عُزله,1,2
أنا في عزلة والعزلة الداخلية أقوى وأشد من ذاك الذي يحشر نفسه في حجرة أنا أخالط العالم دون أن أخوض حوارًا حقيقيًا أو كاملاً حتى,1,25
عزلة لترتيب ماتبعثر من أوراق الحياة استودعكم اله الذي لاتضيع ودائعه وفي حفظ اله ورعايته,1,15
في الفتره الي احتاج فيها عُزله الناس صاروا يجون من كل مكان,1,12
عُزلة روحية 🕊🤍,1,3
اكتر من كدة عزلة انا كدة هنتحر 😂,1,8
عزله لحالي ما بدي حدا 😂,1,6
أحتاج عزلة بوسط العزلة الي أنا فيها,1,7
لا أحتاجها مع أحد أحتاج عزلة بعيدا عن كل الاشخاص,1,10
عزله مع نفسي 💆🏻‍♀️,1,4
أحتاج عُزلة لوحدي فقط,1,4
ابي عزله لحالي,1,3
وإني أفتقد النّسخة القديمة من نفسي رُغم أنها كانت أغبى وأجهل لكني كنت سعيداً معها عبارات حزن عزله وحده,1,19
ما أخاف لو عشت ب أيام انطوائيه في عزلة الناس والدنيا أنا راضيه َ ㅤ من خبرة سنين وظروف اجتماعيه بعض العلاقات مصنوعه على الفاضي,1,25
عُزله طويله,1,2
عقل مُتعب من ثُقل ما يدور به الخوف من الندم الخذلان عدم الوصول صدمات تباطئ ابتعاد عزلة عن العالم,1,19
بقيت لوحدي ماجملها من عزله,1,5
أرغب في عزلة تخلو من التفكير أكون فيها وجهاً لوجه مع نفسي,1,12
عُزله ثم عُزله ثم عُزله ثم فقد ذاكره,1,8
نحتاج عزله مع نفسنا وبس والله 🥲🤍,1,7
لقد كنا نغرق رويدًا رويدًا في عزلة لا قرار لها,1,10
أشعر بأني منفصل عن العالم هل اني اعيش عزلة اختيارية,1,10
عزله,1,1
بس حاليا احتاح عزله مع نفسي انا وبس,1,8
تشعر وكأنك تغرق حتى دون أن تبتل تشعر وكأنك تختنق مع أن رئتيك متلئتان بالهواء تشعر بأنك محاصر مع أنك في عزلة,1,22
نحسني نبي عزله مع نفسي بس,1,6
هاتف مغلق عزلة بحر صوت الأمواج هدوء ذهن يخلو من أي شيء هكذا تكون أقصا أمانينا أحيانا,1,17
كثرة الخيبات أجبرتني على عزلة الناس,1,6
عُزلة عن كل البشر,1,4
احتاج عزله برفقة الذات بالغة الهدوء,1,6
تلزمنا عزله,1,2
والله احتاج عزله مع نفسي اجدد طاقتي وامحي ناس من حياتي واضيف ناس والا اقول مايحتاج اضافه,1,17
عزلة وذكريات وكورونا يا دمار القلب,1,6
عزله بجد,1,2
نحتاج عُزله مع الشخص المناسب,1,5
لا والله احتاج عزله مع نفسي,1,6
عُزله وصمت صحيح وهروب من الواقع مشادة مع الام وتوتر بالعلاقه,1,11
عزله يارهامي عزله 😂❤️,1,4
عزلة وصمت فعلا وقاعده اسكت وابتعد لاني تعبت وجاني مبلغ مالي من خالو فعلاً وطاقة امي ثقيله علي وضاغطتني,1,19
مع نفسي عشان تكون عزله,1,5
أحتاج عزلة لوحدي والشخص المناسب ما ابيه خلوه لكم 😂,1,10
ماعاد أبي ناس وجماعات وأصحاب انا معَ نفسي أبعيش ذاتي ماهو ضروري تنعرف بعض الأسباب هذي قناعاتي وهذي حياتي,1,19
أحتاج عزلة,1,2
واو عزلة ورغبه بالصمت بالفعل حذفت بعض البرامج وحابه اقعد مع نفسي اكثر,1,13
عُزلة,1,1
هى عزله سنه سنتين عن العالم وهكون زى الفل,1,9
فلوس و سفره و اجازه و عزله,1,7
٠ ٠ عُزلة آخر اليل اعادة ترتيب لحياة💛,1,8
احتاج عزله اضطراريه اعيد فيها ترتيب نفسي,1,7
عُزله أنيقة ✨,1,3
عزلة هكذا تفصلنى عن الحياه,1,5
ما اخاف لو عشت ب ايام انطوائيه في عزلة الناس والدنيا انا راضي من خبرة سنين وظروف اجتماعيه بعض العلاقات مصنوعه على الفاضي,1,23
فعلاً لذلك مهم جداً فترة عُزلة وتنظيف عميق بعد أي موقف ترك فيك أثر مُش لطيف,1,16
تغافل لا يستحق صدرك أن يكون ساحة معارك تافهة عُزلة,1,10
راحة و عزلة,1,3
عزله برفقة الذات بالغة الهدوء,1,5
عُزلة ما بين دموع عين,1,5
احتاج عُزله الكترونية من جديد 🤝🧡,1,6
احس مابي شي هالفتره الا غرفتي وسريري وعزله عزله اكثر من 72 ساعه 😔,1,14
محتاجه عزله طويله اروض فيها نفسي وارتب افكاري مش مرتاحه,1,10
عندي 6جوامع في عزلة تقام صلاة التراويح وما يقوم اعلام العدوان به من كذب ودجل,1,15
أنا مّجرد عزله أنيقه,1,4
عزلة عن الناس 😂,1,4
ودي اعيش في عزلة ما ابي احد في مكان بعيد بس انا ويكون معي خيلي وبس بدون احد,1,18
هو مش توحد هو عزله والعزله حاجه كويسه مادام بإختيارك,1,10
عُزلة روحية,1,2
عزلة صامته 📖🌏,1,3
الأيام ثقيلة على قلبي مو محتاجة غير عزله لحتى كل الي جواي يتشافى تماما واتجدد من جديد,1,17
عزلة هدوء ذهن يخلو من اي شيء هكذا تكون اقصى أمانينا احياناً✨,1,12
والروح تحتاج عُزلة 💛,1,4
الواحد بقى قلبه هَش من كتر الأحداث والأخبار الي بتعدي عليه في اليوم الواحد بشكل متسارع جدا ومحتاجين ناخد عُزلة بعيد عن كل دة,1,24
و الله يا اخي احيانا يحتاج لانسان الى راحة او عزلة تامة عن العالم الخارجي ليستعيد نشاطه و نفسيته,1,19
عُزلة طويلة,1,2
بعض المشاعر تحتاج شوية عزلة 😌,1,6
والله الغربة و العزلة تجيب اكتئاب افكر في الانتحار,1,9
افكار انتحار تراودني دائما,1,4
نحن مفروض نعمل انتحار جماعي و نخلص من الحاجة ال اسمها حياة,1,12
بالنسبه لي حياتي هي مشروع انتحار بطيء بما اني في بيئه مش مناسبه لنفسي و جالسه افقد نفسي تدريجيًا,1,19
و شو عن الي ماعندو حدى يحكيه مثلي 😔 انا نهايتي انتحار بعرف هالشي,1,14
ابي طريقه انتحار غير الشنق لاني جربتها بغيت اموت,1,9
لما تدور علي طرق انتحار حلال ومتلاقيش,1,7
ضغط الشغل الفتره دي مع ضغط الحياه بجد هيجيب انتحار 🤭,1,11
اموت نفسي ازاي من غير انتحار اخواتي في الله,1,9
إلى أحدهم إفلات يدك وغياب صوتك واختفاء عيناك كانو انتحار,1,10
أدوية الاكتئاب انتحار حزن,1,4
انتحار,1,1
و في كل مرة نتساءل بأي ذنب كل هذا الظلم يكون الجواب المزيد من اليأس و الإنتحار انتحارالبدون,1,18
انتحار بعد الفطور ه ه,1,5
عايزه طريقه انتحار بدون الم كمان,1,6
فيه طاقة انتحار رهيبة في الجو,1,6
كنتُ اغرق في بحر الاسود وضغط هواءُ في صدري وكأنهُ انتحارًُ بطيئ,1,12
إنتحار,1,1
اي طريقة انتحار تريح,1,4
ليه الانتحار حرام بس,1,4
الانتحار شجاعة وانا جبان,1,4
اذا شفت حبوب مستحيل ماتجي افكار انتحار براسي,1,8
أن لم استيقظ يوما اخبروا امي أن امنيتي تحقت وغادرت الحياة قبلها رسالة انتحار,1,14
طريقة انتحار حلال🚶‍♀️,1,3
طريقة انتحار حلال,1,3
مافيش طريقه انتحار اسلاميه ☹️,1,5
دم موت قتل انتحار كورونا😹,1,5
طريقة انتحار اسلامية وهدوس معاكي,1,5
الغرق في الدموع طريقة انتحار سيئة,1,6
الرجعة للوطن انتحار والغربة موت,1,5
انتحار انا اليوم,1,3
لا شيء يدوم حتى أنا رسالة انتحار,1,7
حاليا بفكر بطريقة انتحار قاتلة,1,5
طريقة انتحار بسرعه مش قادر اتحمل الحياة,1,7
رسالة أنتحار لقد قتلتم روحي مسبقا سأقتل جسدي الان وهكذا تعادلنا,1,11
محاولة انتحار حلال,1,3
الانتحَار بالحبوب إنتحار مُسالم لن تشعر بالالم سوف تغفو فقط ولن تستيقظ مره اخرى,1,14
محاوله انتحار فاشله,1,3
تجاوزك أمر تافه جداً لم يكلف سوى عزلة و عدة قصائد سوداويه أتشفى بها و تجنب بعض الاصدقاء لي و محاولتي إنتحار و علبتي سجائر يومياً,1,26
انتحار حلال,1,2
طريقه انتحار حلال اخواتي ف الله,1,6
اوعي دا انتحار 😂,1,4
فضفضة ثم مشاكل ثم انتحار,1,5
انتحار بسببهم 🤦‍♂️🤦‍♂️🤦‍♂️,1,3
انتحار انتحار انتحار,1,3
سويت محاوله انتحار بس ماضبطت وطسيت المستشفى زي السبك,1,9
مطلوب طريقه انتحار اسلاميه,1,4
كش طريقة انتحار ساهلة ومجربة افيدونا تعيشو,1,7
حالة انتحار من جانبي لو لم أحافظ على عزلتي,1,9
أتعلم ماذا يعني لشخص أن يكون بائس بائس الى حد ما لا يستطيع النظر في المرأة محاولات أنتحار متكررة فيضان عيناه إنطفاء,1,22
عايز احكي حاجه بجد قبل م انتحر 💔 انا طالب في تالته ثانوي اهلي سبب رئيسي في الي انا في ده انا عارف كويس ان الانتحارحرام لكن مش قادر,1,29
رساله قبل الانتحار انا مش وحش والله بس اهلي هما السبب,1,11
عاوز طريقة انتحار مش حرام,1,5
لو اضمن طريقة انتحار ما تؤلم بسويها الحياة كإمرأة سعودية مقرفة مقرفة مقرفة لا اصدقاء كويسين لا اهل كويسين,1,19
شعار المرحلة البحث عن طرق انتحار أقل إيلامًا,1,8
دعواتكم لي الله يجبر خاطري لو انتحار كان جائز لانتحرت دعواتكم الصادقه ليا يارب تكفون لعل الله يبدل الاقدار ويفرج الهموم,1,21
محدش يعرف طريقه انتحار مدخلنيش النار,1,6
لا هو انتحار مش جلد ذات بس 😂,1,8
سيرش قوقل طريقة انتحار إسلامية,1,5
حد يعرف طريقة انتحار ماتكونش بتوجع,1,6
عندما أقر الانتحار لن أترك رسالة انتحار خلفي لقد كُنت في كُل يوم أبعث عدة رسائل لكن لا أحد يهتم,1,20
﮼قُتل﮼ما ﮼بداخلها ﮼دون﮼إنتحار﮼,1,3
طريقه انسحب بيها من الدنيا كلها من غير انتحار جاري البحث,1,11
الرغبة في الذهاب اليك يا الله لماذا تعدها إنتحار,1,9
نفسي انتحر واشوف طعم انتحار ازاي اول ما اخش نار,1,10
ما هو انا في مود انتحار حاليا,1,7
الحياه قاعده تمردغني من كل جه احتاج طريقة انتحار اسلاميه,1,10
انتحار 😂,1,2
انا بحب رأيك جدا وبحس ان عقلك كبير كده و انا فعلا حزين اوي و محتاج اخد رايك ف موضوع و حقيقي بفكر انتحر والله,1,25
ولما تفكر تنزل يا إما انتحار او حادث وكلاهما موت,1,10
يأس انتحار,1,2
رسالة انتحار : الحياة ليست للجميع وداعاً,1,7
يارب احمينى من نفسي انا جوايا طاقة انتحار رهيبة,1,9
محاوله انتحارٌ فاشله🤡,1,3
مايمدي اموت بدون مايعتبر انتحار وادخل النار,1,7
انهيار نفسي اكتئاب انتحار,1,4
نفسي اموت بس من غير انتحار ☹️,1,7
مطلوب واحد انتحار ناجح من فضلك,1,6
النفسيه انتحار والله,1,3
محاوله انتحار بس المره دي بالكهربا ٢,1,7
محاوله انتحار ١,1,3
الكتمان والسكوت أبطئ وسيلة انتحار,1,5
طريقة انتحار رمضانية حلال,1,4
انا محضر خطة انتحار,1,4
اليوم جلست اتأمل آخر محاولة انتحار لي لحظه اجى بالي اني بهذيك الفتره كان عندي اشياء اتمسك فيها او اتمسك بالحياه,1,21
انتحار جماعي☹️,1,2
اول طريقت انتحار اسلاميه نزلت من جوجل هنعملها ونتوكل 😂🙂,1,10
فتشوا معاي طريقة انتحار ماتودينا جهنم,1,6
اهاجمك وانا باسوأ حالاتي هذا انتحار,1,6
غداً لن يكون هناك إكتئاب هذا قرار رساله انتحاري,1,9
بتناول كم هائل من الأدوية إنتحار,1,6
😂انتحار,1,1
قرار الموت😀🤣 انتحار,1,3
لو حاب اقولك لو دخلنا,1,5
قتل الشعور هذي بداية انتحار,1,5
اشوي اكتئاب على بوادر إنتحار او يارب القيامة تقوم او شي من هذا القبيل,1,14
اطلع فوق مأذنة الجامع و انتحر ع اساس انه انتحار اسلامي و كدا,1,13
اسرع طريقة انتحار,1,3
تُراودني فكرة إنتحار 🖤,1,4
شوفوني عاطل وعندي محاولات انتحار,1,5
الي يعرف طريقة انتحار بدون مادخل النار يعطيني لاهنتوا,1,9
ياعم انتحار انتحار يعني دي عيشة الي احنا عايشنها,1,9
طريقة انتحار تكفون,1,3
انا في موت,1,3
موت,1,1
موت الاب💔,1,2
موتي 💖😿,1,2
💔 انا اموت,1,3
متضايقه موت,1,2
اشتم رائحة الموت,1,3
الموت راحة,1,2
يا سلام لو الواحد يموت قريب,1,6
رغبة شديدة في الموت,1,4
عايز اموت بس خايف علي اهلي من بعدي,1,8
الموت افضل من هذي الحياه,1,5
ليه ربنا ميعجلش بموتي,1,4
الموت اهون من العيشة مع اهلي,1,6
هلع موطبيعي فيني,1,3
الحياة نوبة هلع مستمرة,1,4
مع هذي الزحمه حتى الي مافيه شيء تجيه نوبات غضب و هلع و زفت,1,14
اضطراب هلع سمعتها ٣مرات عني خلال يومين,1,7
أي محاضرة فيها كلام عن او ال الي بنتعرضلها بتجيبلي هلع,1,11
انا كنت اقاوم كثير و اكبت واكبت لين ظهرت لي نوبات هلع والالام جسدية وارهاق واكتئاب شديد,1,17
فتحت حسابي وجتني نوبة هلع,1,5
هلع صداع نوبات بكاء,1,4
فيني شعور هلع الان بسب الاختبار وهو بعد ٢٤ساعه اساساً,1,10
صوته عالي مره وهو يصارخ و ممكن يدخلني في حاله هلع فأنا اعفي نفسي عنه قليلا,1,16
تذكرت بالمتوسط جتني نوبة هلع شديدة بالمدرسة وجوا أمي وأبوي ودوني الطوارئ عطوني أكسجين وإبرة مهدئة وقالوا ما يدرون وش السبب😭😂,1,21
هلع,1,1
جتني نوبة هلع,1,3
ياربِّ يا حبيبي إنّ قلبي غارقٌ بين هلعٍ وقلقٍ يا وهَاب هّب لقلبي طمأنينة لا يرجوا بعدها شيء فأنت تعلم مدى قساوة,1,22
يجيني نوبة هلع لمن اتأخر على مواعيد المستشفيات 😖,1,9
جربت اوقف على راسي بعد عده محاولات عالجدار والحين قاعده ادفع الثمن احساس غريب بجسمي كله واول مره تجيني نوبه هلع,1,21
فكرت أن أرمي حزني من النافذة لكن ماذا لو ارتطم رأسه بشدة وتبعثرت أشيائي على الأرض ماذا لو أصيب بكائي بنوبة هلع,1,22
ما أصعب أن يعيش المرء في هلع مستمر إلى درجة أن ينسى شعور الطمأنينة🖤,1,14
نوبة هلع صعبان عليا نفسي قوي 💔,1,7
وحده سَببت لي هلع و خوف وربكة ومتلازمة التفكير و النَرفزة دون أدنى مجهود,1,14
اعترف كل نوبه هلع تمر علي جزء مني يفرح اني راح اموت,1,12
لاسف الوسواس يرجع ويروح والاكتئاب باقي بس معدني افكر فيه كثر الوسواس لانه يسب لي نوبات هلع,1,17
افتكرت طنط وماما وجالي هلع من دلوقتي هتوحشيني اكتر م انتي واحشاني😂💔,1,12
اصاب بنوبات هلع من الاماكن المرتفعه والمغلقة 🤩,1,8
انتظريني لحين ماعرف اسولف احس صار عندي هلع لما اكلم اوادم😞,1,11
جاته وجتني نوبة هلع 🙄,1,5
يارب عاوزة اتبسط واعيش متطمنه كفايا هلع انا تعبت,1,9
قاعده احقق مع بنت خالتي ليه بكل مره تجيني نوبه هلع تفصخني وانتظر الرد,1,14
حتى وانا مبسوطه تجيني نوبة هلع,1,6
الله يعينك هذا شي غصب حتى انا يجيني قلق وهلع لارادي واحيان يصحيني من نومي مايجي الا من التراكمات,1,19
جايني هلع وقلق وارق من موضوع قريته عن التطعيم والا من متى اسهر هالسهر 🥲,1,15
وجع ألم أرق هلوسه هذيان قلق ترقب هلع أنين شجن رغم كل هذا تستمر الحياة,1,15
الا يسب هلع وتوتر لاحظت ع نفسي هالشي منجد لان البيكتريا النافعه اللي بالبطن عددها يقل وكلو مرتبط ببعض,1,19
تذكرت هذا الشي ايام المدرسه واحس جتني نوبه هلع,1,9
مافي احد بيفهمها الي عاشها لاسف محدثك معه نوبات هلع وخوف وتوهم الامراض 😂 لكن نقول تحسن مع الوقت يارب ❤️,1,21
حتی احلامي بات عن فقدان الاشياء القليلة التي امتلكها بتُّ في هلع دائم من النوم,1,15
استفسار ٦٣٥٨ وش اسباب التوتر المفاجىء تعبت منه مو نوبه هلع لا توتر كذا💔,1,14
نوبات هلع إختباري بدأت,1,4
هلع عادي,1,2
اكرهني صايره مانطاق جد ماقدر اساعد نفسي ولا صرت اعرف اهدّي نفسي من التوتر وتجيني نوبات هلع كلها بسب الجامعه كثير,1,21
نوبة هلع مستمرة,1,3
احاول اخف التوتر عشان م تجيني نوبة هلع غبيه لمرة الرابعة هذا الاسبوع,1,13
بس لسى لحد الان تجيني نوبات هلع وساوس كثيرة من قوة الصدمات الي جتني كيف اتخلص من هذا التفكير السلبي,1,20
نوبة هلع,1,2
يحدث الان نوبه هلع,1,4
ما أصعب أن يعيش المرء في هلع مستمر إلى درجة أن ينسى شعور الطمأنينة😔,1,14
يمر على حالة هلع من كل شئ حتى رنين هاتفه يرعبه 💔,1,12
اكره لما تجيني نوبة هلع💔,1,5
هف جتني نوبة هلع من كثر العصبيه مدري وش الرابط بينهم بس متأكده هذا السبب,1,15
حاله هلع,1,2
شكلها نوبة هلع,1,3
لما أكون في نوبات هلع أو قلق يترد على بالي جملة لا تلبسين الخوف و أنتي شجاعة,1,17
فيني هلع و خوف,1,4
صوت المنبه يجيب لي نوبة هلع,1,6
صايرة تجيني نوبات هلع من كثر ما اشوف صور قط وكلاب متأذيه او ضايعه 💔,1,15
أنا تجيني نوبة هلع وقت الولادة ما أقدر أتنفّس ابداً وأحس بخوف فضيع الحمدلله انهم يسمحوا بدخول أمي معاي,1,19
هل التكميم يسب نوبات هلع جتني مرتين وقتها اكون توني نايمه ويصحوني وتجيني هالحاله خوف وهلع وحركات ما احس فيها,1,20
انا شخص مصاب بالاكتئاب الحاد و نوبات هلع و خوف دائم و قلق وتوتر مفرط و نوبات ضيق شديدة لدرجة تصعب حياتي,1,22
لن أسمح لأي شخص أن يتسب لي في نوبة هلع مرة أخرى,1,12
اضطراب هلع,1,2
هلع ورعب وتعب وزهق وكل شي رْق,1,7
يوجد هنا قلب منهك مشتت مبعثر ضائع ثم تائه يصاحبه أرق تفكير زائد حيرة أصوات خافتة صمت مرعب ومخيف,1,19
اكتئاب أو انعزال نوبات هلع,1,5
بدايه شر جتني نوبه هلع والله يعين,1,7
احس الي صار يجيني نوبات هلع من قوة الكبت واكتم بنفسي ما افضفض,1,13
نوبات هلع مستمره انفلات حاد بالعصبيه بكاء لمده طويله صداع طيله هذه الايام وانا اعاني من هذه الموجات,1,18
رسائل الواتس أب كفيلة بتحويل أبسط المخاوف إلى نوبة هلع,1,10
مايدرون اني اعاني من نوبات هلع شلون عاد الخوف🤏,1,9
يا طويل العمر انا عندي نوبات هلع تعدينا مرحلة الخوف,1,10
ماظن اعتقادات خاطئة احاول اذا اغيرها تجيني نوبة هلع,1,9
فيني رقعة من الصبح أحس قلبي بيطلع من مكانه وعبالي نوبة هلع,1,12
انا في حالة صدمه ماتحمل اشياء زي كذا دخلت بنوبة هلع حسبي الله عليه,1,14
عندي هلع من يوم القيامة,1,5
بنص المذاكره تجيك نوبة هلع حدثني عن قلق الفاينلز,1,9
ليش صحيت انا المهم فيني نوبه هلع من المستقبل,1,9
اتمنى اعرف ليش انا خاف من كل شي لدرجة صوت الأذان يسب لي هلع,1,14
نَوبةُّ هلعَ إنهيارُ عَصبي جسدُّ يرتجف َوقلبُّ يتسارَع نبضهُ دمعُ مُتوالِي,1,11
إني في حالة هلع وخوف شديد من ذنوبي,1,8
اليوم جتني نوبة هلع لما كنت بالمول اكتشفت انها غالباً تجيني مع زحمة الناس واذا كنت متوتره,1,17
يرحم امكم احد يجيبه جاتني نوبة هلع,1,7
خوفهم خوف أنا خوفي هلع,1,5
اكتئاب حاد نوبة هلع في وقت واحد مفاجئ,1,8
اكتئاب نوبه هلع,1,3
راح أنام وأنا كلّي هلع وخوف وكلّي رجاء بأن أصحى على طمأنينة تستقر بشكل دائم فيّي من دون أي شوائب تزعزها,1,21
شكل فيني هلع,1,3
الضياع الي انا فيه حاليا مدخلني بحالة هلع صامتة مش طبيعية و خوف,1,13
كل يوم أصاب بنوبات هلع عديدة بسب ارتفاع حالات كورونا وتساهل الناس في أخذ أي إجراءات احترازية وتجاهل الدولة,1,19
صار عندي هلع و خوف من اشياء كثير زي المستقبل الموت مثلا السب الرئيسي راجع لتراكمات من أحداث صارت لي بالسنوات الماضية,1,22
انا عندي هلع,1,3
انا عارفه بتجيني نوبة هلع قريب بس قاعده امسك نفسي,1,10
نوبة هلع صعوبة بالتنفس كل شي اعذروني اغرد كثير بس والله تويتر قاعد يهديني,1,14
جتني نوبات هلع وبكره علي تسميع شكلي مابتخرج من ذي الجامعه ابداً,1,12
جاني هلع,1,2
والان انا بعمر اثنان وعشرون اعاني من ثنائي القطب نوبات هلع واكتئاب شديد اعاني من الرهاب الاجتماعي والقلق المزمن,1,19
بعد مرور ١٩ سنه اكتشفت اني أعاني رهاب اجتماعي ومع تقدم العمر يزيد,1,13
أنا يجيني مثل شعورك لأني ماطلع كثير شهرين وثلاثة ومرات أكثر و هذا رهاب اجتماعي بسبب تعود المخ على عدم الاحتلاط,1,21
عندي رهاب اجتماعي👍 و اتخيل أن الجميع متفقين في مؤامرة ضدي,1,11
صاير عندي رهاب اجتماعي نسيت كيف اتعامل مع العالم الخارجي والناس,1,11
عندي رهاب إجتماعي حاد مستحيل كف ايدي ما يعرق اذا كلمت مجموعة من الأشخاص و كلهم يطالعوني,1,17
ساعتين اتكلم هذا والعنوان معي رهاب اجتماعي ولا اعرف اسولف😭,1,10
مثلك بس انا فيني رهاب اجتماعي ما قد فتحت بث ب اي برنامج الا وتوترت,1,15
بتدخلين تكلمين معي انا وحدة عندي رهاب من مجتمع تويتر من الآخر يعني,1,13
رُهاب,1,1
لا انا مب حافظ وعندي رهاب اجتماعي,1,7
صار عندي رهاب اجتماعي,1,4
الله وكيلك فيني رهاب اجتماعي انا 😭,1,7
طبعا اكتشفت ان عندي رهاب اجتماعي بشكل مو طبيعي لدرجه لما قابلت خالتي جتني الحاله اهربوا,1,16
والله حتى انا الي فيني رهاب اجتماعي صار ما يهمني من الحين🤷🏼‍♀️🙂,1,12
ودي اعالج الرهاب الاجتماعي الي جاني بسب ادماني لالعاب,1,9
انا مثلك عندي رهاب اجتماعي اخاف من الناس وانعزل عنهم لكن احس انه يشبهني 😂,1,15
رهاب الانماط الخوف من الثقه الخوف من عدم الكفاءه الخوف من الشعور بالملل,1,13
صح وانا كتبت كذا لان قلت لشخص انه عندي رهاب اجتماعي وقام يضحك,1,13
فيني رهاب اجتماعي ماقدر😔,1,4
انا صار عندي رهاب اجتماعي ماصرت اعرف اسولف,1,8
فيني رهاب بشري,1,3
حزن مستمر فقدت النوم الاستمتاع بالحياة تقدير الذات صار عندي رهاب اجتماعي حساسية مفرطة عصبية لانهائية توتر وقلق,1,18
احس اكتئابي تمادا وراسي صداع وتفكير زياده وعندي رهاب دايم انغصب لطلعات واحس في فراغ داخلي,1,16
كفايه خوف من المجتمع انا عندي رهاب اجتماعي😭,1,8
اعاني من رهاب اجتماعي خطير,1,5
يمه شكل جاني رهاب اجتماعي مبالغ مدري شفيني اتوتر مره اذا كانو كثار,1,13
عندي رهاب اجتماعي وجالسه اتكلم مع الدكتوره,1,7
حتى الآن لم أجرب الدخول الى اي سبيس رهاب اجتماعي,1,10
م اقدر فيني رهاب اجتماعي وقاعد اتعالج منه صعبه اقابل الناس ب السهوله ذي,1,14
رهاب,1,1
احس ان صدق فيني رهاب اشبي ارجف ترا سوق مو بيت قحاطين عشان تخافي,1,14
عارف إحساس إنك تبدو من بره شخص إجتماعي ومتحدث لبق ومحبوب وأنت في الحقيقة شخص إنعزالي إنطوائي عندك رهاب إجتماعي,1,20
تعالي ديام ماقدر عندي رهاب من المجتمع,1,7
قلت لدكتورة فيني رُهاب اجتماعي قالت لي حافظي على صلاتك,1,10
لبست السماعات عشان محد يكلمني او عشان فيني رهاب اجتماعي,1,10
أمي كانت بتحط التلفون على أذوني وهربت عبالي بتخليني أكلم أحد هل فيني رهاب من الاتصالات😂😭,1,16
صوفيا ساعديني بتزوج قريب بس عندي رهاب من الزواج والله بالله احد يساعدني,1,13
صار عندي رهاب المجتمع,1,4
كيف اتخلص من رهاب الجمهور والتحدث الموضوع مرعب بنسبه لي — واله ما عارف,1,14
ايوه رهاب لأن نفس الأعراض والأحاسيس الي تجيني,1,8
شكله معايا رهاب ما وقفت ارجف وانا اقول الطلب,1,9
من كتر ما بشوف علاقات حب فاشلة وسيئة جداً و نتيجتها تخوّف قرت إني أعنّس حرفياً صار عندي رهاب مش طبيعي,1,21
عندي رهاب اجتماعي بس خفيف شوي أو يمكن هوال,1,9
كميه رهاب وضغط ورعب,1,4
صار فيني رُهاب من المجمتع بسب الزبايل الي جالسه اشوفه كليوم ترند اقذر من الي قبله كيف الواحد يقدر يعيش معكم انتوا,1,22
عندي رهاب اجتماعي,1,3
رهاب اجتماعي وخوف المستقبل رغم اني متخص نفسي بس مازالت اثارها فيني واحاول احاربها بشتى الطرق مع الاسف,1,18
عندي رهاب اجتماعي ما امزح,1,5
أنا اصرف الي يبون يشوفوني بالواقع لان عندي رهاب اجتماعي,1,10
مبدأيا كده انا عندي رهاب عائلي,1,6
انا كمان معي رهاب اجتماعي ولما اقول رهاب اجتماعي ماتكلم عن حالة بسيطة منه لا متقدمة😽 دامك ماتعرفت على اصدقاء ك —,1,22
اتوقع عندي رهاب اجتماعي,1,4
انا شخص اعاني من مرض نفسي لا احب التجمعات اعتقد رهاب اجتماعي,1,12
انا لو بس معنديش رهاب اجتماعي كنت بهدلتكوا,1,8
صار فيني رهاب اجتماعي حتى اهلي لي شهرين ما شفتهم,1,10
اتذكر وش قلت امس ويجيني رهاب وخفقان ودوخة,1,8
ياه شوفي انا ما عندي رهاب او خوف من التجمعات بس احس كاره الناس مرا بس بجلس لحالي وارتاح بهدوء وعزله,1,21
م اقدر اقول ل اهلي انه فيني رهاب اجتماعي لاني قاعده امثل لهم اني اجتماعيه و اصلاً استحي,1,18
شسوي 😭💔 جايني رهاب مرضي منها كذا تجيني افكار اني بختنق 😭,1,12
خوف فزع رُهاب,1,3
عندي رهاب من جمعات الأقارب وأحس,1,6
انطوائي عندي رهاب اجتماعي مع الناس ومعرف اتعامل معاهم,1,9
فيني صفه ابي اتخلص منها وماني عارف كيف مدري وش يسمونها خجل او رهاب اجتماعي اتوقع لكنها مضايفتني مره,1,19
رهاب الناس هذا غريب,1,4
ابي خلطه عشان اتخلص من رهاب المكالمات,1,7
مؤخرا امر باحباط وشعور غير مريح واعتقد انه بداية رهاب اجتماعي,1,11
شعور اللحظه عندي رهاب من كل العلاقات واحس اني خايفه على نفسي من كل حاجه,1,15
رهاب اجتماعي ✌🏻✌🏻✌🏻,1,3
جماعة رهاب رسايل الواتس 🤝,1,5
اذا رحت مع امي السوق و عندي رهاب اجتماعي واخاف من الناس بعد كورونا,1,14
انا عندي رهاب اجتماعي و تأتأة عالخفيف و انطوائي درجة اولى يعني حتى اقربائي اشوفهم بالاعياد بس,1,17
انا فيني رهاب اجتماعي من سنة 2019 بالبدايه كنت احسب عادي هالشي لقيتني حتى ماجلس مع اهلي واذا احد جا بيتنا اتوتر,1,22
ترا عندي رهاب ماعرف اقابل احد صدق بدور عذر واصرفك الا لو شخص امون عليه يمكن ارتاح شوي,1,18
وحده من الثنتين يا فيني رهاب اجتماعي يافيني,1,8
حتى صار لازم نتعالج من رهاب التجمعات😂 نسينا كيف بنتعامل مع الناس,1,12
البروزاك,1,1
ماجربت غير البروزاك وما لاحظت اعراض بس يفتح الشهية,1,9
هلا البوبروبيون الي عاليمين بالعادة بينعطى ليحسّن فعالية البروزاك البروزاك فعلًا بخربط النوم,1,13
لأسف دكتوري النفسي رافض يعطيني رغم انه عارف ان حالتي وقاعد يزود في جرعة البروزاك الزق وزني في تزايد وش استفدت,1,21
جزء لايبالي وجزء عايش على البروزاك يقاوم,1,7
البروزاك اسطورة,1,2
هل لوسترال الي في النهدي ينصرف بدون وصفة ولا لازم وصفة,1,11
أمس تم تشخيصي ب وإستبدلت دكتورتي دوائي الي كان مضاد إكتئاب بدواء آخر يشتغل كمضاد إكتئاب,1,16
تواصلت مع قسم الخدمات النفسية بالجامعة انتظمت على جلسات علاج سلوكي مضاد اكتئاب,1,13
اي بربي صدقتي صرلي اسبوع ماعم احسن نام وصفولي دواء تربزول مضاد اكتئاب ومنوم 14 ساعة💔,1,16
قاعد مكتئب بسب حاجة محمد اما اروح افكر يوسف ب ٣ث حرام عليك يسطا واله😂💔,1,15
أنا مكتئب بس جالس اسوي نفسي طبيعي,1,7
فشخ و مكتئب انا حزينة معرفش ليه 🙂,1,8
تخيلو كدة يبقي الواحد مكتئب ومتراكم عليه مواد ومش عارف يخلصها يعني حزين وهيسقط,1,14
مكتئب وحزين,1,2
حزين مكتئب منطفي انا,1,4
كيف الواحد بدرس وهوه مكتئب,1,5
انا مكتئب يومين ورايح الديره,1,5
الأسود كئيب ويضيق الصدر فوق ما الواحد مكتئب بدون سبب,1,10
أنا أكثر شخص مكتئب ويضحك,1,5
قاعد في الاوضه مبعملش حاجه و مكتئب,1,7
مكتئب 😔💔,1,2
هتفضل مكتئب كده كتير هو انآ كنت شريف فآيد يعني مآ آفضل مكتئب عآدي,1,14
مكتئب😦,1,1
سنجل بائس وحيد مكتئب 🙂,1,5
مكتئب,1,1
لا اخفيكم سراً انا صور الميموريز بتاعتي بتكئبني اكتر ما انا مكتئب,1,12
انت بتكون مبسوط وفرحان وبتهزر مع اهلك واصحابك مكتئب وزعلان لما تكون لوحدك ومحدش شايفك 🖤,1,16
ياربّ أمطِر عليَّ بِعَفوٍ إنِّي مُكتئِبٌ فالذَّنبُ أرهَقنِي والقَلبُ أواب,1,10
20 الف مكتئب ياحياتي,1,4
اف وين اميره احسني مكتئب ومب مفروض اكتئب لانه يومي😩,1,10
مكتئبة بسبب اهلي كالعادة,1,4
مكتئبة جدا من الشغل,1,4
مكتئب اوي,1,2
يا اخي في الأرياف تقعد بفلوسك مكتئب مش لاقي مكان تخرج فيه في البندر تقعد مكتئب برضه مش لاقي فلوس تصرفها علي الاماكن المتاحه لخروج,1,25
لما تكون شخص مكتئب وتقع بالحُب مأساة,1,7
لا قصدي كل الناس انا مكتئب ومش عاوز اكلم حد 😂😃😂,1,11
الفتره دي بعيش التناقض بشكل حرفي حاسه اني مبسوطه بس بشكل مكتئب وحاسه اني اجتماعيه بس منعزله برضو,1,18
انك عايش في ليبيا هذا اكبر سبب ممكن يخليك انسان مكتئب,1,11
لما اقولهم في البيت اني مكتئب,1,6
مكتئب أنا😞,1,2
انا مكتئب فرفوش يعني اهزر و اضحك معاك اه لكن انا في الأصل مكتئب 😂,1,15
مكتئب ✔️ حزين ✔️ مصدع ✔️ مش بنام ✔️,1,9
انا مكتئب بس جالس اسوي نفسي طبيعي 🙂,1,8
لما تبقى مخنوق و مكتئب و تبص على صورتك و تلاقيك كنت بتضحك,1,13
لسِت مكَتئبِ انِا فقِط لاَ اجد مَا ارَيد ولاَ اعلِم كَيف اشِعرَ حقاً لاَ اعلِم ايِ شيَء,1,17
الواحد بقى مش عارف نفسه اجتماعي ولا متوحد ولا مكتئب ولا زهق من نفسه,1,14
نام مُكتئب ولم يستيقظ أبداً,1,5
أنا مُكتئب ياصاحبِي عانقْني ولو بغرض المواسّاة,1,7
اعتقد من الخيبات ثم الخيات ثم الخيبات هي من تغير شخصية الشخص المرحة لشخص مكتئب متشائم غير مرح متوقع أن يأتيه اسوأ واسوأ,1,23
انا مكتئب,1,2
أنتَ الحياةُ لقلبٍ جدّ مكتئب,1,5
صباح النور من شخص مُكتئب لغايه💔,1,6
يا مكتئب يالمخزول يا متعايش مع الاكتئاب,1,7
مكتئب افشل ماعرف اكتب حتى,1,5
وربي ما اتخيل نفسي بدون اخويا تعبت نفسيًا وانا اشوفه مكتئب وماني قادر اسوي,1,14
أنا اكثر شخص مكتئب ويضحك,1,5
العيد كئابته غير تجيب الهم والحزن تحس كأنه عزاء وقسم فوق انك مكتئب يزيده عليك,1,15
مُكتئب بشكل غريب الله يستر ويعدي هالفتره على خير,1,9
والله الواحد مبقاش عارف هو مكتئب من أيه بالظبط,1,9
تعبان متضايق مقهور مكتئب النوم هو الوحيد يحل كل شي ء,1,11
عارف لمّا تبئا تعبان أوي وعايز تنام بس إنت مكتئب أوي إنك تنام,1,13
وربي مو انا اوف انا مكتئب,1,6
لست مكتئب لقد غادرت الاكتئاب منذ زمن الان انا ذابل منطفئ في مرحلة الاشعور لا فرح ولا حزن,1,18
أنا مكتئب جامعي,1,3
طلعت مكتئب ماتوقعت يجيني,1,4
مبخرجش عشان مكتئب✅ مكتئب عشان مبخرجش✅,1,6
الاقارب اذا ماجيتهم يحسبون فيك توحد وانك مكتئب ماجربو البعد عن كل شي والراحه شكلهم,1,15
ترا الشعور يعور مليون الكل مستانس وفالها الا انا مكتئب لحالي,1,11
يعم انا بحبك وكل حاجه بس انا مكتئب دلوقتي 😂❤️,1,10
مكتئب جدا وجيت واصيح في تويته هنا بعد م خلصت التويته في أربع خمس سطور اتكنسلت,1,16
أنا مُكتئب جداً لكن لارغبه لدي بالبكاء إطلاقاً,1,8
أنا مش كئيب أنا مُكتئب,1,5
صح تخيلي البيست قالي بيسافر الشهر الجاي وانا مكتئب,1,9
مره الكل مكتئب 😭,1,4
أهلي رْغبوا عيشتي لأني مكتئب,1,5
يلا حبايب انا مكتئب بختفي اروح اموت,1,7
مُكتئب ملازم مهموم,1,3
الانسان مكتئب,1,2
م حبتش حد عليه القيمه😏💦🌍 مكتئب,1,6
ع ادي اما تمشي🙃💔 مكتئب,1,5
وانا مكتئب وحزين اول مره اكون كده الحمدلله,1,8
تافه نهاراً بائس مكتئب ليلاً,1,5
مكتئب بسبب محدش يعرفه حتي انا مش عارفه,1,8
مكتئب بالفطرة,1,2
مكتئب ولا حزين بالفطرة,1,4
مكتئب🚶‍♂️,1,1
متنسيش تعزمينا عشان الواحد مكتئب وجايب اخره 😂🙃,1,8
من شهر ابريل وانا مكتئب,1,5
أنا مكتئب و أقاوم,1,4
انت عبيط يسطا بقولك مكتئب مش بحضر لخطوبتي,1,8
طول عمري مكتئب تمام,1,4
مكتئب وانا بموت يأخى حسبى الله,1,6
انا مكتئب جدا,1,3
خرا بشكل ابله العربي تبيني اكتب لها خطبه عن التفاؤل وانا اصلا مكتئب,1,13
مالك مكتئب,1,2
اليوم مكتئب فرحوني بليز,1,4
هو في حد مكتئب ولا انا بس🥺💔,1,7
مكتئب نفسين 💜✋,1,3
الواحد اصبح مكتئب في عالم موازي,1,6
ضحكت مع انى مكتئب والله 😂,1,6
تبقي قاعد مكتئب وساكت ومضايق وفي حالك ومفتحتش بوقك بكلمة وفاضلك تكة وتولع في نفسك ودول يجوا يتخانقوا معاك,1,19
الانسان بيفضل مكتئب وقافل على نفسه الباب وبعدين يعوز يهرب شوية فيعك الدنيا ويرجع لوحده تاني,1,16
أنا مكتئب بس مش كئيب,1,5
انا مكتئب منهك,1,3
وانت طيب يا اسطا 🥰😂 انا مش وحيد وبائس انا مكتئب وبائس وحيد 😂,1,14
بس دلوقتي علشان انا مكتئب مش عاوز اضحك,1,8
يسطا لا دي جاجة بسيطة انا لسه مكتئب و معمولي بلوك لا تقلق دي ظروف خارجة 🤣,1,17
لما تكون انت فرفوش الشلة وصحابك يلاقوك بقيت مكتئب فيستغربوا,1,10
انا مكتئب بس جالس اسوي نفسي طبيعي,1,7
تخيل تبقي مكتئب وتعبان 🙃,1,5
مكتئب واعلن الحداد 3 ايام,1,5
عاش انا مكتئب ضحكني,1,4
انا مش مكتئب انا فاقد شغفي و ده اسوأ بكتير 🙂,1,11
العبد نفسيته خرا بدون سب يبدو اني مكتئب,1,8
ومفش احقر من انك تمشي لشخص تحكيله شي واجعك وتكون مكتئب وياخذ موضوعك ب استهزاء وما يحسش ولا حتى يكتئب معاك,1,21
وصل فيني الحال احس بتانيب ضمير عشاني اعيش حياه شبه طبيعيه بس انا مكتئب و ماني سعيد ولا حتى احس بسعاده اكره هشي ليش انا كذا,1,26
لا أعلم ماذا حدث لي ولكنى لم أشعر بهذا الثُقل ف قلبى من قبل حزين مُكتئب و مُنطفئ وكأنى أحمل على كتفى هَم العالم,1,24
لست مكتئب لست كسول لا أحتاج لمن يحدثني عن الأمل والكفاح والنجاح أحفظ كل هذا وأعرف خطورة ما أنا عليه الآن أنا أعاني,1,23
ماعدا انا مكتئب,1,3
انا انسان حزين منطفئ مكتئب فارغ و متعب و بحاجة إلي وقت طويل من الراحة في مكان بعيد,1,18
لما تبقا قاعد مكتئب في اوضتك وتلاقي رساله مساء الخير ممكن احكيلك مشكله عندي بما انك دارس علم نفس,1,19
كنت احسب اكتئابي سببه الدراسه عطلت وباقي لحين مكتئب,1,9
انا مكتئب فرفوش يعني اهزر و اضحك معاك اه لكن انا في الأصل مكتئب,1,14
الواحد بقى بيعدى عليه ايام زعلان و مكتئب و حزين جداً من غير ما الى حواليه يعرفوا ولا يحسوا تخش تاكل تنام تصحى وهكذا,1,24
وانت تشرح لاصدقائك ليش لازم تختفي بين فتره وفتره عشانك مكتئب ونفسيتك تأثر على اسلوبك وماتبي تكلمهم بأسلوب مو متعودين عليه,1,21
انا اجتماعي جدا وانا لوحدي وحيد جدا وانا وسط الناس 🤔 مكتئب بس بضحك ولما ابقي مبسوط بقعد ساكت هل انا اتجنت 🤔,1,23
مبنامش مبذاكرش الغباء عندي عالي مكتئب بموت جوايا وببكي ع حالي ✅,1,12
أنا أسعد مكتئب و أكبر أجتماعي منعزل أذكى متغابي و أيضاً أغرب إنسان مفهوم,1,14
يا اخي تبا للسعي والوصول انا عايز مكنش مكتئب,1,9
تخيل تعب وتسعى وبعدها توصل و تحق كل اهدافك وطموحك واحلامك المضحكة و تفضل مكتئب بردو,1,16
مكتئب ومتضايق😪💔,1,2
يقولون عنك مكتئب وهم من صنعوا لك الاكتئاب,1,8
انا مش كئيب انا مكتئب يعني لو ضحكتني حضحك معاك عادي,1,11
متكسر مكتئب تعبان مخذول الله يجبرنا يارب💔😩,1,7
بكون مكتئب 😂,1,3
حزين مكتئب منطفي أنا,1,4
احسني الفتره ذي مكتئب,1,4
انا مكتئب 💔🤦‍♂️,1,3
سيبني مكتئب دلوقت يامرسي 🚶🏻🚶🏻,1,5
مش بذاكر علشان مكتئب ومكتئب علشان مش بذاكر ومتراكم عليا كتير مش عارف هخرج من الدايرة1 دي امتى 🤷‍♂️,1,19
سنقل مُكتئب,1,2
بغير الافتار احسني مكتئب,1,4
أقولها مكتئب ونومي مقلوب تقولي يعني انت سهران ومبتحبش,1,9
احسب الكئابه الي كنت فيها من الاختبارات بس خلصت ومازلت مكتئب,1,11
يزداد يقيني يوماً بعد يوم أن العطاء الذي يبذله صاحبه من دون مُقابل هو من يستلذّ بحلاوته قبل المُعطَى والعطاء ليس,1,21
الواحد ماعاد يدري هي هذه حياته الحقيقية ولا هو مكتئب,1,10
مبعملش حاجة من اول الصبح وانا الان مكتئب وحزين 😢,1,10
ما انا مكتئب انت الي نفسك مش حلوه,1,8
الواحد حزين انه مكتئب علشان مفتقد اساسيات الحياة اصلا مش بيدور علي رفاهية زيادة والله,1,15
جعلوا مني شخصاً متردد خائف مهزوم مكتئب شخص مُتعب شخص يفكر في كل شيء كلامه تصرفاته وردود افعاله,1,18
انا اللي مكتئب الذنب مش ذنبه,1,6
حاسس اني مكتئب سيكا فلتدعو لي هداكم الله ❤️,1,9
انا قدا قدا مكتئب,1,4
احسني مكتئب,1,2
احسني مكتئب مره صعب اذاكر من هنا وانسى من هنا ليتني ماطلعت من بطن امي😣,1,15
ايه والله انا الحين مكتئب لان بكره بكون صاحي من اوله لاخره و غالبا نفس الشي اليوم اللي بعده نومي مب مرن ما عندي قيلولات,1,25
منتا مسالتش حتي و انت شايفني اهو مكتئب لركب,1,9
حاجة تحزن والله بروح من الشيفت مكتئب,1,7
مكتئب عادي خالص الحمد لله😂,1,5
مكتئب يا رجاله انا هحلق شعري زيرو,1,7
طب انا مكتئب الفديو ده إيه 😂🤔,1,7
ولا زالوا يظنون بانك عاشقاً كلما رأوك مكتئب 😔,1,9
الواحد حزين علشان قضي سنين كتير في العزلة و مكتئب,1,10
حزين مكتئب منطقي انا,1,4
أنا مكتئب,1,2
حسبى اله ونعم الوكيل فالى خلى الإنسان يخاف يطلع من البيت عشان مايرجعش مكتئب,1,14
نعم انا مُكتئب تشرفنا,1,4
مكتئب😔,1,1
حاسس اني مكتئب حبتين,1,4
تخيل وانت سهران هيك مخنوق و مكتئب يوقع عليك سقف الغرفة ويجيب أجلك 😐😑,1,14
الواحد لو يعرف انه هيكتئب كدا كان عمل حسابه في اي حاجة تسلي مش مكتئب و زهقان كمان,1,18
انا مكتئب ليش تزيدها الحين بقعد اتحسر عليك 😣,1,9
مُكتئب وفاقد الأمل بكل شي,1,5
الاكتئاب اللى انا فيه ملوش علاقه ب الضحك يعنى انا ممكن افضل اضحك واهزر بس انا من جوايا مكتئب فاهمنى 🖤,1,21
حياتك كلها مكتئب لوحدك ولو ابتسمت يقولوا لك ضحكنا معاك عساكم ما ضحكتوا,1,13
قايز باركو لي نجحت وعديت ب بالرغم من اني مكتئب,1,10
مرحباً هذا المستخدم مكتئب,1,4
مكتئب أعيش صراع أفكار سوداوية متسلطة أنا عاجز عن التفكيرلحظة يا صديقي لماذا لا انتحروادخل النار,1,16
أنا أكثر شخص مكتئبّ ويضحك,1,5
أمطِر عليَّ بعَفوٍ إني مُكتئِبٌ فالذنبُ أرهقنِي والقَلبُ أوَّاب انظرْ إلي فإني جدُّ منكسرٌ أغدِقْ إلي بخيرٍ إني توابُ,1,19
لصائم دعوة لا تُرد يارب أبطل مكتئب وعوّضني,1,8
لما اضحك و بعدها افتكر إن انا مكتئب,1,8
مره مكتئب لدرجة مافيني اقوم من سريري والله😭,1,8
كنت احسب اني مكتئب بسب الدراسه بس طلع من حياتي,1,10
لا منا مكتئب خلاص 😂🤸,1,5
اه مكتئب دايما بس بضحك عادي 🙂💔,1,7
انك تفضل كاتم ف نفسك كدة دة احسن ب كتير اوي من الصيح و تعرف كل الناس انك مكتئب دة عشان انتا كدة ي غبي بتقولهم انا ضعيف,1,28
هل انا مكتئب,1,3
أنا مُكتئب ياصاحبِي عانقني ولو بغرض المواسّاة,1,7
حين اكون منعزلاً عن الجميع فانا بداخلي دمع اخبئه عن اعينهم و لدي من الافكار ما تجعلني مكتئب و فاقد القدرة على مخالطتهم,1,23
لما اشوف حاجة تضحكني بس انا مكتئب,1,7
أنا مُكتئب جداً لكن لارغبه لدي بالبكاء أو الكلام إطلاقاً,1,10
وانت عرفت منين برضو اني مكتئب وبائس,1,7
والله الواحد ما عارف هو مكتئب ولا منطفي ولا وحيد ولا,1,11
صباح الزفت ❤️ انت مكتئب زي برضو,1,7
احسني من وقتها مكتئب,1,4
الإنسان مروح من النباطشية تعبان و حزنان و مكتئب من كل حاجة و الله,1,14
يعنى انا من امبارح مكتئب وبفكر فى الانتحار والاقى التويتة دى فى وشى 🙄,1,14
مُكتئب مثل حبل يَبحث عن عُنق,1,6
أنا مكتئب قليلاً ولكن السير بوجه عبوس لن يجدي نفعاً,1,10
اكتبو لي شي حلو أنا مكتئب,1,6
تغيرت النفسية خمس دقايق بس ورجعت مكتئب,1,7
كنت زمان بترول واقول ان انا مكتئب وكدا بس دلوقتي أقسم بالله طالع ميتين أمي,1,15
مبيحصليش كدا بصراحة بس يمكن اكون مكتئب بس مش في مرحلة خطيرة,1,12
زعلان متضايق مخنوق مكتئب,1,4
يعور يامتبعين قست وزني وزدت كيلوين والآن مكتئب اقوى شي,1,10
انا كنت مصاحب و دلوقتي مكتئب 😩,1,7
مكتئب 😳,1,2
سيبت الاكونت دا من حوالي ٨ سنين لأني كنت مكتئب ومحبط والنهاردة راجع مكتئب ومحبط بس مش حزين عندي أمل,1,20
أحمد مُكتئب,1,2
لما تكون مكتئب بس لازم تقوم تضحك معهم عشان تاخذ فلوس,1,11
حاس اني مكتئب سيكا,1,4
مكتئب جدا,1,2
الواحد كتر ما هو مكتئب ومتضايق استغفر الله العظيم بس,1,10
اي حد حزين مكتئب زي حالاتي معايا لسه عامل بلاي ليست ميكس احزان جامد,1,14
أنا مكتئب بشكل ناعم وأليف لا وجهي متجهم ولا أصرخ كثيرًا مكتئب وجهي مبتسم,1,14
كيف عرف اني مكتئب 😂,1,5
كنت بكتب اني مكتئب بدون سبب بس تذكرت ان الاسباب كافيه,1,11
لما بكتئب معدتى بتاخد ع خاطرها اوى لدرجه ممكن اتحسن من مود الاكتئاب بس معدتى لسه زعلانه وبتاخد فتره ع ما تتحسن,1,22
انا مكتئب جداً 🙂,1,4
الواحد مكتئب,1,2
بس انت مش باين عليك انك مكتئب انا أسف هخرج المره الجايه بحبل مشنقه حوالين رقبتي ✌️,1,17
🇺🇸 🇸🇦 انا مكتئب 🇯🇴 انا بالاردن,1,7
الواحد بيكون مكتئب بيفوت التويتر بيكتئب أكتر,1,7
مكتئب دلوقتي ومش عارف اعمل ايه,1,6
اخوي متى تعطل احسني مكتئب من شفت هالكتاب,1,8
ليلة باردة وأنا مُكتئب الطريق بعيد والقدمان مُتعبان ثمة ظلام والسراج ميت,1,12
لم اكن مكتئب عبثاً إنما الأسباب قاتلة قاتلة جداً🖤,1,9
صحيت مكتئب مهزوم كاره حياتي,1,5
نفسي اعرف اذا في احد مريض مختل زي ينام طبيعي بس يحزن نفسه وهو نايم ويصحى مكتئب وقلبه يتألم ومايعرف من ايش,1,22
احس في احد رش بالجو بخاخ اكتئاب مو طبيعي كيف الاغلب مكتئب هالفتره,1,13
الناس كانوا يحسبون اني اشغل نفسي باشياء مفيدة بس الحقيقة لأني مكتئب وحزين طول الوقت وابي اوقف بكى,1,18
اول ما احس اني مكتئب او زعلان او مخنوق بخش افرغ طاقتي السلبية في النوم وبجد النوم دا نعمه والله وبيريحني من التفكير الزايد اللي ممكن يتعبني,1,27
مهما اكون مكتئب مش بحس الى حوليا بكده ولما بجيب اخرى محدش بيعرفلى طريق انتهى,1,15
مُكتئب,1,1
مكتئب اخوي,1,2
عشان انا واد مكتئب😂,1,4
خزان احزان🌑💦🥀مُكتئب,1,2
لصائم دعوة لا تُرد يارب أبطّل مكتئب وعوِّضني,1,8
مكتئب لي ٣ سنين,1,4
والله يامنه انا خلاص تعبت وزهقت وبقيت مكتئب وحاجه بجد تقرف مبقاش فيه حاجه نافعه لا حلو نافع ولا وحش نافع مبقتش عارف اعمل ايه بجد,1,26
مفيش اسوأ من لما تبقا مكتئب و مش عايز تقول لحد فلما حد يسألك تقوله سبب سخيف و بيبقا شكلك اهبل,1,21
فعلا من بعد ما تخرجت من سنة وانا الان مكتئب لأن حرفيا الولد مكانه ابدا مو البيت وجالس ٢٤ ساعة من وصل عمره,1,23
مكتئب محد وده يسولف معي وش هالناس,1,7
مكتئب لحد يفكر يكلمني ولحد يرد على التغريدة هادي عشان لا يندم 😒,1,13
أنا مكتئب لذا أريد بريدًا مباشرًا,1,6
انا مكتئب و مستاء اعمل شنو — العب بجي,1,9
مكتئب 🙃😂,1,2
انا أكثر حدا مكتئب ممكن يخلي أي حدا مبسوط🌝😶‍🌫️,1,9
حزين كمتهم برئ حكم عليه بالمؤبد🔥💔🌍 مُكتئب,1,7
يمكن صدق اصير مكتئب زي ما قالت كدو,1,8
مكتئب لدرجه ودي اسوي دقه بقاىُل محترف و يدُبحني وافتك من هل العيشه الخرا,1,14
أشعر بأني سعيد بشكل مكتئب,1,5
أنا أكتر شخص مكتئب ويضحك,1,5
انا مكتئب مكتئب جداً,1,4
إني لستُ بخير ولا على مايُرام لست سعيد وجداً حزين مكتئب محبط منهزم يائس متألم,1,15
مكتئب مره ضيعت فلوس على ولاشي,1,6
مكتئب 😞,1,2
مش جايلي نوم يا شهد الواحد مكتئب,1,7
جعلوا مني شخصاً مترد خائف مهزوم مكتئب شخص مُتعب شخص يفكر في كل شيء كلامه تصرفاته وردود افعاله شخص,1,19
انا مكتئب بكل صراحة و الدنيا مقفله في وشي جامد الحمد الله يعني ادعولي بظهر الغيب في صلاتكم يا شباب,1,20
الإنسان بائس حزين مكتئب وبعدين طاه,1,6
مدري شفيني مكتئب مع اني ضامن بفاينل امس فل مارك,1,10
انا مُكتئب جداً😔🖤,1,3
خلصت اختبارات ولحين مكتئب المشكله مو من الاختبارات المشكله فيني,1,10
تشاؤمي و مكتئب,1,3
مكتئب مستأء متعب جداً🚶🏻‍♂,1,4
تخيل تبقي مكتئب ومتراكم عليك مواد مش عارف تخلصها يعني حزين وهتسقط,1,12
مكتئب 😢,1,2
مكتئب برده 😂,1,3
اكره لما اكون مكتئب و انسدح فجأة تجيني زغوله,1,9
الا انا مكتئب,1,3
عارف لما تبقي مكتئب بقالك فتره كبيره بس بتحاول تبين للي حواليك انك فاني علشان كفايه عليهم حياتهم فتكتئب اكتر,1,20
تدخل تويتر مكتئب تطلع منه مكتئب زيادة,1,7
أنا مكتئب بس جالس أسوي نفسّي طبيعي,1,7
من كثر ماني مكتئب اليوم قاعد اكل مارس,1,8
انا مكتئب جاهز يعنى فمتحاولش و متعبش نفسك 😂,1,9
هو الجو كئيب ولا انا الي مكتئب لوحدي,1,8
الواحد ماعاد يدري هو كسلان ولا مكتئب ولا منفس,1,9
مكتئب مره ضيقه,1,3
مكتئب بس متعايش مع كئابتي مش هقعد اصيوصيوصيو طول اليوم,1,10
حاس حالي مكتئب,1,3
انا مكتئب اكتئاب ما له أول من آخر,1,8
لأني مكتئب هالفترة,1,3
مكتئب وأحس عادي,1,3
ومين فينا مش قاعد دلوقتي قدام شاشة موبايله مكتئب وحزين وحيد😔,1,11
اجتماعياً وعائلياً ومادياً مش كويس ساكت طول الوقت مبخرجش خالص صحابى من قبل رمضان مكلمتش حد بس مش مكتئب,1,19
مكتئب متشتت حزين بائس ضائع هارب منعزل تائه وحيد خائف منهك متعب محتاج خراب داخلي إني أختنق لست بخير أبداً,1,20
اول مره احس اني صدق مكتئب,1,6
وين تاي انا مكتئب,1,4
شكلي مولود مكتئب,1,3
أنا لست مكتئب فقط أريد أن انعزل عن مرضى النفوس,1,10
بخاف ابقي حزين او مكتئب مطفي عشان الي حوليا ميزعلوش عليا,1,11
الواحد مكتئب و بيقول يتفرج عالمسلسلات يفرفش شويه بيكتئب اكتر ما هو مكتئب,1,13
منرقدش مليح ✅ منقراش مليح ✅ نسبة الغباء عندي طالعة ✅ مكتئب وعلاقتي مع الناس منقطعة ✅,1,17
كنت اقول اني مكتئب من الاختبارات وخلصت منها ولكن لعل الاكتئاب مني وفيني 😪,1,14
اه والله الواحد مكتئب من ساعة ما قعد فى البيت والايام بقت شبه بعضها ربنا يجمعنا تانى على خير ❤️❤️,1,20
أنا اكثر شخص مكتئب ويضحك هذانا,1,6
لستُ مكتئب أنا فقط متعب من المجاملات والإختلاط والضحكات التي أطلقها بدلاً من الشتائم أنا مُتعب من الحوارات التي أخوضها ولا تهمني,1,22
وش تحس الان مكتئب وقرفان,1,5
اذكر قعدت فترة وانا مكتئب بعده وبعده يجي,1,8
مسكين مكتئب من الحين,1,4
مكتئب قليلا,1,2
احس اني شخص مكتئب بس جالس يسوي نفسو انو طبيعي,1,10
انا واحد مش فاهمنى ومخنوق ومكتئب ومش عارف مكتئب ليه,1,10
😂 مكتئب 😂,1,3
تخيل تبقى مكتئب و متراكم عليك مواد مش عارف تخلصها يعني حزين و هتسقط,1,14
انا بضحك من الغلب والله من حق كل مكتئب مزاجه فاسد انه يضحك 😅😎,1,14
يطلبون مني المقاومه ولكن لا احد يعلم اني لا استطيع🔥😏 مُكتئب,1,11
معناته أنا مكتئب 😂,1,4
هو فيه حد مكتئب وعايش ع المنوم زي ولا انا بس,1,11
مكتئب يا الله خلاص,1,4
لما تكون مكتئب فتحاول تفائل و تقول لأ مش هستسلم و بعدين الواقع يخبطك بموجة من الإحباط فترجع تاني مكتئب,1,20
مكتئب من وحدة الغربة 😏,1,5
الواحد انطفى كده و بقى هادى طول الوقت بقى مكتئب واتغير واتغيرت فيه حاجات كتير,1,15
انا بعرف انى مكتئب من النوم الكتير الى بنامه دا😔,1,10
مش معنى ان الى بتكلمه فاتح بس مبيردش عليك أنه كدا تنك أو متكبر كل ما فالحكايه أنه مكن يكون معندوش طاقه أنه يرد أومكتئب,1,25
كنت احسبه اكتئاب موسمي بس تذكرت اني مكتئب طول السنه,1,10
قد سئِمت كثيراً من تلك الساعات الطوال التي قضيتها وأنا مكتئب التي قضيتها وأنا أبكي التي قضيتها وأنا وحيد ومنعزل,1,20
لما تكون مكتئب ومحد يلاحظ واهلك م يهتموا لك ونظرتك سوداويه لحياة وتبغى تنتحر بس م تقدر وم تقدر تطلع من نوبة الاكتئاب,1,23
لقد اصبح صباحُي حزين وامسى ليلي مكتئب ☹️,1,8
لما تكون مكتئب ومحد ملاحظ ونظرتك سوداويه لحياه وتبغى تنتحر بس ماتقدر وما تقدر تطلع نوبة الاكتئاب الي صار لها سنين,1,21
مكتئب من علاقاتي ومكتئب من اهلي ومكتئب من نفسي,1,9
و ربنا انا نفسى معرفش انا مكتئب دلوقتي ليه بس صدقني هو مش لأجل واحده 😂,1,16
لما حتى اقرب الناس لك مايحسون فيك ولايقدرون انك مكتئب وبدل مايخفون عنك يزعلون منك,1,15
مافي أسوء من قلة الحيلة تجاه نفسك مش زعلان بس ما عارف كيف تفرح كاره عيوب فيك بس مش عارف تغيرها معترف إنك مكتئب ومش عارف تعمل ايه,1,28
الواحد مايدري هو مكتئب ولا قاعد يكتئب,1,7
لما تكون مكتئب ومحد ملاحظ واهلك ما يهتمون ونظراتك سوداويه لحياة وتبغى تنتحر بس ماتقدر عشان ما تأذي اللي يحبك,1,20
يا دكتور انا بقيت مكتئب جدا وكاره الناس وكاره الحياه ومعنديش أمل فى اى حاجة عايز اعرف انا عندى اية يادكتور,1,21
هو اوكي انا حاسة حالي نفسيتي زفت من لدراسة وجاية هنا عشان افرفش لنفسي بس المشكلة كل لتويتر مكتئب زي فكتئبت اكتر😭💔😂,1,22
ده انا بصطبح بخلق دكاترة تجيب لواحد اكتئاب اكتر مهو مكتئب 🙂,1,12
الواحد مش فاهم هو مكتئب ولا متوتر ولا في إيه ربنا يجبر بخاطرنا بحق الأيام المفترجة 💙,1,17
انا مكتئب ومضايق وزعلان,1,4
الواحد مكتئب اكتئاب,1,3
مكتئب بس جالس أسوي نفسي طبيعي,1,6
عشان كذا انا مكتئب مافي اشياء كثيره احب اسويها,1,9
عقلي افري داي يا فاشل يا مكتئب يا موكوس,1,9
مكتئب بس اسوي نفسي بخير,1,5
مزاجيتي تخوف قبل يومين كنت مكتئب والحين الحمدلله زي قبل❤️,1,10
مكتئب للغاية للأسف ولا حول ولاقوة الا بالله 😔,1,9
الانسان بيبقى مكتئب بدخل اكلم صحابى بكتئب اكتر 🙂,1,9
كل ما اطالع في المرايا اقول حرام الوجه ذا مكتئب صراحه,1,11
احس اني مكتئب شوي الصدق تخرجت وماحتفلت ولا سويت شيء تحسون الموضوع يحزن ولا انا محزن نفسي غصب,1,18
يقولون أن الانتحار ليس بحل لكنهم لا يقترحون أبدًا اي حل أفضل,1,12
اقاتل بيني وبين ذاتي لابتعاد عن فكرة الانتحار لكن لا مفر من الافكار,1,13
ليه الانتحار حرام,1,3
الحين ليش الأنتحار حرام والله مليت من ذي الدنيا ابوي قرفني العيشة كلها,1,13
أيها الانتحار أكتب إليك رسالة جديدة لقد بات الأمور حزينة لغاية بت أدنو منك أكثر كلما مر الوقت,1,18
قسم بالله لو الانتحار مو حرام ما اجلس ولا دقيقه بحياتي الزق ذي,1,13
الحمدلله اني كل يوم بقاوم رغبتي ف الانتحار بس الي خايفه منه ان يجي يوم و مقدرش اقاوم,1,18
بس انا مريت بهذي الحاله بمجرد انه افكر في الانتحار يجيني شعور داخلي نوعا ما مريح وهو فقط عشان اخف الم الانتكاسه,1,22
طبعاً أكيد مراح أنتحر هي مجرد أفكار اساساً صعب جداً الواحد ينتحر مجرد فكره لا اكثر ولا اقل ولا حتى حاولت مجرد افكار,1,23
ادعي لي اموت لأني اكثر من ١٠ سنوات اتحمل آلام مجنونة ما خليت دولة ما رحتها و ما خليت عملية ما سويتها,1,22
مؤلم الصداع اعاني منه اود الانتحار منه والله,1,8
دايم ينظرون لهالشي بشفقه انا ايضا امر باكتئاب صلبه من الخارج ومتهالكه من الداخل واحس بحرقه بصدري حرقا,1,18
لأن عمري م اخدت منها حاجة حلوة وبقيت عايش فيها بتمنى الموت كل يوم لأن كده كده الواحد عايش وكأنه مش عايش,1,22
لولا أن الأنتحار محرم لكنتم رئيتوني ميتا منذ زمن,1,9
يا اخى يخلونك تبغى الانتحار وانت اكشلى عندك ميول انتحارية اصلا,1,11
ساعدني يا اخى انا يائس من الحياه افكر في الانتحار دائما,1,11
أصبح الانتحار رغبة مُلحة,1,4
إن كِانَ الانِتحَار بجَسديِ محَرم فإنَ دَاخليَ قدِ رمىَ نفَسه إلى الَهاويةِ منذُ زِمنِ,1,14
مرت الايام وصار الصمت هو التعبير الوحيد الممكن عن الصدق وصار الانتحار هو الازدهار الوحيد المتبقي 🥀✨,1,17
لو لم يكن الانتحار طريقاً لنار لودعتكم منذ زمن,1,9
قد يبدو الانتحار طريقة منطقيه لجميع الأمور فتنتهي وانتهي,1,9
أنت لا تفهم يا صديقي هذا المكان لم يعد مناسبا لي فكرة الانتحار تراودني كل ليلة الاكتئاب يدمرني أنا أنهار ببطء ولا يد لي في ذلك,1,26
دائمًا فكرة الانتحار حلوة😂,1,4
أفكار الانتحار حاصرتني و تريد مني ان أخطي الخطوة الأولى,1,10
فكرة الانتحار ترادوني 💔,1,4
الانتحار لو مكنش حرام بس,1,5
فعلا انا افكر ب الانتحار,1,5
كنت أحاول الأنتحار بشتئ الطرق نعم أنا حقا فاشل عجزت عن المواجهة فتعبت حقا من هذا العالم والواقع المشمئز لنفسيتي,1,20
لو كان الانتحار ليس طريقاً لنار كان ودعتكم من زمان,1,10
اقاتل بيني وبين ذاتي لابتعاد عن فكرة الانتحار لكن لا مفر من الافكار💔,1,13
أنا حاليا بفكر في الانتحار,1,5
انابفكر ف الانتحار🤔 صح الانتحار هو الحل 😱انامش هنتحر اناهفكر بس 😂,1,12
انا عارف ان الانتحار حرام بس انا لو انتحر مو تكفروني وتقولون هذا خلاص في النار خلاص بيعيش طول عمره في جهنم,1,22
لولا أن الأنتحار محرمآ لكنتم رئيتوني ميتآ منذ زمن,1,9
وبعدين بقا في الافكار الي كلها تودي الي الانتحار دي,1,10
والمخيف أن معظم رسائل الانتحار تُشبهنا تُشبه مشاعرنا و تفكيرنا جدًا,1,11
حاله عدم الاتزان وأنك تكون مش عارف ان الي بيحصل ده حقيقة ولا حلم الحاله دي مرعبه وآخرها الجنون أو الانتحار,1,21
أخ لو الانتحار حلال مو أحسن,1,6
ناقص اوبشن الانتحار 🙂😂💔,1,4
الانتحار أفضل وسيلة😂,1,3
لو الانتحار مب حرام كنت مت من زمان 👩‍🦯,1,9
عايشة عشان الانتحار حرام و مش هيبقى دنيا و اخرة,1,10
انا بقيت اميل للموت او الانتحار بشكل عام و شايفه حل لكل الى بقابله و بشوفه فى حياتي,1,18
ساعات الانتحار بيكون حل حلو 🙄,1,6
على حافة الانتحار بس مبينه كول,1,6
الانتحار وارد,1,2
طريقه انسحب بيها من الدنيا غير الانتحار,1,7
تحسنت وافكار الانتحار خفت قليلا ولكن لازلت منطفئا في عتمتي ولا أحد يلاحظ ذلك,1,14
من فترة طويله جدًا جدًا قلت لصحبتي إني عندي ميول أنتحارية فقالتلي علي فكرة الإنتحار مش حرام,1,17
أنا حالياً في اسوأ مراحل الاكتئاب لدرجه اني اخاف افكر في الانتحار في يوم من الأيام 💔,1,17
عمري ماخوفت من الموت دايما بتمناه نفسي اكون عدم طبعا فكرت كتير ف الانتحار بس انا اجبن من اني انتحر,1,20
مش عارفه لي فكره الانتحار بتراودني بقالها فتره خايفة وفي نفس الوقت حاسه ان الخوف ده مش هيكون شئ ابدي ممكن ينتهي,1,22
ان كان الانِتحار بجسّدي مُحرم فان داخلي قد رمىٰ بنفسه الىٰ الهاوية مُنذ زمن,1,14
فكرة الانتحار و التخلص من نفسي ملازمتني,1,7
لما وصلت مرحلة الاكتئاب الحاد وفكرة الانتحار كانت مسيطره جدا مشيت حلقت شعري,1,13
الانتحار قريب,1,2
منذ أمد بعيد وأنا أقف على حافة الانتحار وما يمنعني هو سبب بعيد عن الجُبن وحتى عن الأسف إنها الكبرياء التي تمنعي,1,22
الحمدلله اني كل يوم بقاوم رغبتي ف الانتحار بس الي خايفه منو ان يجي يوم و مقدرش اقاوم,1,18
لو لم يكن الإنتحار طريقاً لنار لودعتكم منذ زمن طويل💔,1,10
هو ليه الانتحار حرام🙃,1,4
يؤلمني جسدي كثيراً في ظل انتظاري البائس أن يأتي يوماً جديداً يكون أفضل أنتظر هذا اليوم بشدة شيء ما في قلبي أشبه بالانتحار,1,23
الانتحار,1,1
لو الانتحار ليست من الدخول لنار لاكون انا ليست موجوده بلحياه من زمان 😔,1,14
ليت الانتحار لم يكُن كفراً,1,5
مبقتش ليا نفس لاي حاجه ولا عندي شغف اني اكمل حياتي وبقيت افكر في الانتحار ومش عارف لأمته هقدر ابعد عن اني أعمله,1,23
لو الانتحار مايودي لنار كان ريحت نفسي,1,7
أنا فشلت في كل حاجة حتى الانتحار كمان 😔,1,9
حياتي تشبه الخيار بين الإنتحار والإنتحار,1,6
أنا خلاص قرت أروح لدكتور نفسي ومش عارفة ده هيفرق ولا لا وهل هبقى بضيع فلوس ع الفاضي او لا بس مفيش قدامي يا دكتور نفسي يا الانتحار,1,28
اني اتألم الم لا اقدر على ان اصفه اتألم من الوحدة اتألم من افكاري من وجع ذكرياتي اتألم لاني لم اعد قادرة على ان احيا,1,25
عاوزه طريق تاني لهروب غير الانتحار وغير انعزالي في أماكن خاليه وغير ان امسك جوالي 24 ساعه بدون ما اكلم حد عاوزه طرق لبعد عن أذى العالم,1,27
يؤلمني جسدي كثيراً في ظل انتظاري البائس أن يأتي يوماً جديداً يكون أفضل أنتظر هذا اليوم بشدة,1,17
واعطيت نفسي بوعد الانتحار طفح الكيل يالله اصبحت لا اسيطر على نفسي اسقط على الارض ابكي بقوه واصرخ يالله 💔,1,20
الانتحار واجب😂,1,2
الانتحار انا اخدت القرار خلاص 😂,1,6
ليش الانتحار حرام,1,3
لو الانتحار كان حلال كان زماني دلوقت مستريحه من النبذ و الكتم و عدم الثقه في النفس و اضطراب الشخصية,1,20
ورجعنا لفترة الي بتمني فيها الانتحار حاسس اني عايم مليش ملامح,1,11
ادري ان الانتحار حرام بس بوضعي ذا حلال,1,8
ما اعرف كيف ابدأ كلامي ابدًا لكن انا تعرضت لإغتصاب وانا بعمر ال١٢ سنة ومحد عرف ابدًا كنت خايف خايف مره وخبّيت وافكر في الانتحار,1,25
لو كان الانتحار ليس طريقاً لنار كان ودعتكم من زمان 🙇🏻‍♂️💔,1,11
مدري ليه الانتحار حرام كان الواحد يقدر ينهي حياته ويرتاح,1,10
محدش حاسس بيا انا بفكر في الانتحار 😂,1,8
فِكرة الإنتِحَار تُراوِدنّي كُل لَيْلَه,1,5
الشروع في الانتحار,1,3
يراودني شعور الانتحار الان,1,4
أنظني في وضعنا هذا الانتحار حلال,1,6
لكل شخص يقرا كلامي انا بحاجة دعواتكم انا حزينة ويائسة وبائسة,1,11
لكل شخص يقرا كلامي انا بحاجة دعواتكم انا حزينة ويائسة وبائسة من الحياة الحياة انهكتني وقتلتني,1,16
الانتحار هو الحل 👍🏻,1,4
كنت حاسه بالحزن اوي نحيتها بجد انا جربت ان حاسه الشم تروح من عندي مقدرتش استحمل يومين علي بعض و كنت علي وشك الانتحار,1,24
طب انا الوقتي لا ليا شغل ولا ليا ناس هكمل ازاي و الانتحار حرام و انا حتي جربته كتير بس ربنا برده مخدنيش عنده,1,24
النفسيه زفت فعلا والواحد بيفكر ف الانتحار,1,7
شغاله ليل نهار تنميه بشريه وازود الثقه في نفس ده وانصح ده وانا دوافع الانتحار عندى على تكه👍🏻,1,18
فشلت بالدراسه فشلت بالحب فشلت اني اكون ابنه كويسه فشلت اني اكون كل شي حتى الانتحار فشلت فيه لاني جبانه,1,20
الانتحار انسب حل,1,3
لو لم يكن الأنتحار طريق إلى جهنم لكنت اول المنتحرين🖇 🖤,1,11
حلوه الأحلام والطموح الي عندي دي بس مش عايزاه ابهركم انا بفكر في الانتحار كل يوم,1,16
والله لو مو الانتحار حرام الواحد يحط طلقة براسه ويخلص,1,10
تراوح الأفكار مابين الإنتحار والموت تخشى نتيجة الأولى وتخشى تأخر الثانية لاتعلم أي شيء سوى أنك لاترغب بالعيش يومًا آخر,1,20
دكتور ما الحل مع الأفكار الانتحارية لدى المكتئب قبل فترة طويلة ترد لدي الأفكار الانتحراية كثيراً,1,16
لو كان الانتحار حلال انتحر طبعاً,1,6
إني مجبر على العيش لا أحب الحياة ولا أود الانتحار أشعر بالاكتئاب والألم والضجر القاتل 🖤,1,16
على حافة الانتحار,1,3
عارف لما نفسك ترتاح مش اكتر وانت عارف انك عمرك ما هترتاح فى الدنيا لانك جربت كل حاجه علشان ترتاح ومفيش فايدة,1,22
انت الفكره التي مرت في عقلي وانا على حافه الانتحار,1,10
لو الانتحار مو حرام انتحرت وارتحت لان مافيه شيءٍ يستاهل ابقى عشانه بعد موت ابوي,1,15
و لا يفصل بيني وبين الانتحار سوى شعرة ايمان إن طارت في لحظة ضعف لفعلتها وتركت الدنيا بما فيها,1,19
لم أفكر أبدًا في الانتحار باعتباره حلا لأني أبغض الحياة بعد موت ابي,1,13
الانتحار حرام بس التعب النفسي بيدمر الواحد,1,7
علفكرة انا كذا مره افكر في الانتحار والله بس دايما بفكر في ربنا سبحانه وتعالى,1,15
عاجِزين حتَّى على الإنتِحار وقُبُول الحَياة هو قبول عَجزنا وخلاصنا المفْقود ولَكن لا أحَد قَادرٌ على إنقَاذ أحَد,1,18
وربي لو ما كانت نهاية الانتحار نار كان من زمان مو موجوده,1,12
كلها شعرة ايمان بيني وبين الانتحار يا اله فرجك😔,1,9
لو كان الانتحار حلال بتنتحر,1,5
منه لله الي عرفني أن الانتحار حرام كان زمان دلوقتي في حته تانيه,1,13
اوف انا مش بس بنتحر بحق رقم قياسي ف الانتحار بنتحر ب اقل من دقيقه🏃🏼‍♀️,1,15
لو كان الانتحار حلال بتنتحر اكيد ليش لا اول واحد انا بنتحر,1,12
من يوم الجمعه وانا فكره الانتحار ببالي,1,7
دائماً م تراودني أفكار الأنتحار والشعور بالحطام النفسي والقلق الدائم والرهبه من الجميع دائماً,1,14
التفكير ف الانتحار ↖️↖️↖️↖️↖️ 😂,1,5
و لا يفصل بينِي وبين الانتحَار سوْى شعرة إيمَان إنْ طارت فِي لحظة ضعف لفعلتهَا وتركتْ الدُنيا بمَا فيهَا 🖤,1,20
لو كان الانتحار حلال كان انتحرت,1,6
انا معنديش لا اصحاب ولا اي حد خالص حتي اخواتي بعاد عني بس اوقات بحس ان كده كويس واوقات بحس اني عاجز وبفكر في الانتحار,1,25
يوه الحين عرفت ليه انا واختي على حافة الانتحار,1,9
اتمني العوض يكون قرب عشان انا بيني و بين الانتحار شعره واحده,1,12
الانتحار افضل منهم,1,3
اتمنى احب نفسي زي الناس منجد كم مره حاولت احب نفسي بس دايم اشوف عيوبي واحاول اعدلها واهتم مره لكلام الناس,1,21
فكرة الانتحار رجعت لي واحس اني قاعدة اختنق,1,8
الأفكار الإنتحارية عادت لرأسي من جديد منذ نصف ساعة تقريباً كنت على وشك الإنتهاء فشلت في النهاية وأنهمرت في البكاء,1,20
الانتحار طريق الحزن والالم والوجع الابدي,1,6
الانتحار وقته,1,2
بجد والله انا بقالى فتره مش عارفه انا مين الشخص الى موجود دلوقتىً ده حد غريب اوي طول عمري حد رايق كده ومش بيهمني,1,24
فقدت الأمل في كل شيء لقد انطفأت روحي بشكلٍ تام هذه المره لم أعد أقدر على تحمل الصراع الداخلي في كل محاولات,1,22
انا عايشة مو حُباً بالحياة انا عايشة لانه الانتحار حرام,1,10
شكلي بنتحر وترا في الوضع ذا الانتحار حلال🤣,1,8
الانتحار احسن من الجامعة,1,4
امانه ساعديني كيف اشيل فكره الانتحار,1,6
لو الانتحار حلال مُمكن تنتحر,1,5
هل الانتحار راح يسب صدمه لناس عندي ولا مش مهم,1,10
الواحد بيفكر ف الانتحار تسعوميت مرة ف اليوم الواحد,1,9
الحاجة الوحيدة الي منعاني عن الانتحار و اني ارجع له بجانب انة حرام شعور اهلي لو حصلي حاجة,1,18
مكنتش متخيلة الفترة دي بالذات من حياتي اني افكر في الانتحار بالشكل دا,1,13
اكره محالاوت الانتحار اكره اني اعيش,1,6
و لماذا الإنتحار يا الله محرمٌ على من لا يريد الحياة,1,11
والله اني على حافة الانتحار,1,5
ادعيلي ربنا ياخدني عشان انا مليش ف الانتحار مود اون,1,10
ارجع اقول ليه الانتحار حرام,1,5
فكرة الانتحار مبقتش بتعدي عليا بس لا بقت شئ اساسي مستمر طول اليوم في عقلي,1,15
عارفين لما تكونوا على وشك الانتحار و حياتك كلها بايظة و اول ما تطلع بره أوضتك تحس ان مفيش حد حاس بيك خالص,1,23
وتظل فكرة الانتحار تدور في ذهني وتغريني اكثر فاكثر 🖤,1,10
الانتحار حرام بس التعب النفسي بيدمر الواحد 💔,1,8
أُعاني من إكتئاب حاد الأصدقاء يُعاتبوني وأمي تغضبُ مني لأن حالي يتدهور أما أنا فأُفكر كيف سأمر هذه اليلة,1,19
الانتحار افضل,1,2
أكثر شي تمنيت يكون حلال عشان اطبقه الانتحار,1,8
كل يوم بقتنع ان الانتحار افضل واسلم حل,1,8
ليت الانتحار حلال,1,3
فكره الانتحار هالايام شاغله بالي,1,5
فكرة الانتحا ر عالقة براسي اربع و عشرين زق مع اني عارفة و عقلي عارف ان مافيه طريقة قريبة مني حاليا,1,21
الانتحار هو الحال🚶‍♂️,1,3
لو الانتحار كان حلال كان زماني خلصت ع نفسي حالا,1,10
الانتحار ولا بديل عنه,1,4
اسبوع كامل من الكآبة و الجلوس وحدك بجميع الأوقات حرفيا لم تعد تستطيع التعبير عن نفسك و اصبحت أكثر هشاشة,1,20
فيه طريقة اعدم فيها نفسي من الوجود بدون ما انتحر لانه ربي ما حلل لي الانتحار,1,16
اذكريني في دعائك كدا عشان انا مليش في الانتحار 🙈,1,10
فكرة الانتحار صايره تراودني هالايام,1,5
لدي رغبه كبيره في البكاء في الصراخ وحتى في الانتحار لكي اخرج كل هذا الضيق من صدري,1,17
لو كان الانتحار حلالاً ما بقيت💔😕,1,6
فكره الانتحار تدور براسي,1,4
لو كان الانتحار حلالاً ما بقيت🙂✨,1,6
طريقه انسحب بيها من الدنيا غير الانتحار بحث,1,8
انا هفكر ف الانتحار,1,4
بفكر بقوة ف الانتحار,1,4
افكار الانتحار من الطفوله تجيني لكن فيه فتره طويله قدرت اتحكم بهذه الافكار بس ماتوقعت انها كانت بس فتره,1,19
افكار الانتحار مو قادره تتركني,1,5
فكرت الف مره في الانتحار لاني ابتعدت عنها 😂,1,9
لو كان الانتحار حلال كان انتحرت من اول,1,8
أنا من امبارح لا حاسة بطعم أكل ولا شرب ولا سجاير وبفكر جدياً في الانتحار,1,15
لو الانتحار كان حلال كانت كل حاجه اتحلت,1,8
انا اصلا فكرت في الانتحار مرتين بس كان دايما الوازع الديني هو الي بيصدني ومؤمن باختيارات ربنا واتمنى الخلاص العاجل يارب,1,21
والنبي ادعيلي اموت يا محمد الا انا مليش في الانتحار,1,10
الحمدلله اني كل يوم بقاوم رغبتي ف الانتحار بس الي خايفه منو ان يجي يوم و مقدر اقاوم,1,18
رجعت تانى قلبي يوجعنى من الزعل وبدأت أفكر في الانتحار من تانى وخايفه فى يوم أضعف واعملها,1,17
لقد حاولت الانتحار مرتين ارجوكم انقذوني لا اريد ان اموت,1,10
وما زالت تراودني ساعات الانتحار,1,5
كانت فكرة الانتحار تجذبني مثل صوت عندليب كان مقتنعًا بأنّ عناق الموت وحده هو الذي سيُهدِّئ من روعه,1,18
حياتي اصبحت اشبه بالكابوس الذي لا مفر منه سوا الموت او الانتحار,1,12
كنت بفكر في الانتحار بس موصلتش لحاجه,1,7
لو الانتحار حلال كان خلصت على نفسي الحياة صعبه صعبه صعبه صعبه,1,12
أستلذ كثيرًا في فكرة الإنتحار لأنها الفكرة الوحيدة التي تجعل وضعي منطقيًا ومُبررًا,1,13
فكرة الانتحار وانهاء الألم النفسي والجسدي والعقلي مريحة للغاية,1,9
أما أنا فأفكر كيف سأمر هذه اليلة متجاوزه رغبتي في الإنتحار,1,11
تراودني فكره الانتحار,1,3
الشي الي يمنعني عن الانتحار انه ربي بيدخلني النار,1,9
ياربي ليه الانتحار حرام,1,4
فكرة الانتحار تطغى بالرغم من كل شيء,1,7
الانتحار خير وسيلة😳,1,3
اتوقع لو الانتحار حلال بتلاقوني اول وحده تطب,1,8
الانتحار لو مو حرام كان انتحرت من زمان 💔,1,9
أما أنا فأفكر كيف سأمر هذه اليلة متجاوزة رغباتي في الإنتحار,1,11
دحين انا عادي اموت يخي لو الانتحار كان مو حرام كنت اول وحده انتحرت,1,14
لو كان الانتحار ليس طريق لنار لودعتكم منذ زمن ☘️,1,10
انا فعلا في حاله اكتاب وحاولت الانتحار كذا مره واريد المساعده ارجوك,1,12
محاولات الانتحار بدأتها من ١٦ سنه وما فوق لين وقفت نهائيًا من نفسي بدون مساعدة أحد بعد فشل كل محاولاتي,1,20
انا وقعت انهارده ف الشارع وبفكر جدياً ف الانتحار,1,9
بجد زهقت ومش طيقة نفسي ونفسي اموت انهرضة كان يوم وحش جدا كونت بدخل علي صفحات جوجل ادور علي طرق الانتحار,1,21
ليت الانتحار حلال🙂💔,1,3
كويس ان الواحد عارف ان الانتحار حرام,1,7
و لا يفصل بينِي وبين الانتحَار سوْى شعرة ايمَان إنْ طارت فِي لحظة ضعف لفعلتهَا وتركتْ الدُنيا بمَا فيهَا 🖤,1,20
عارف لما تبقي عايز ترمي نفسك و تموت بس الانتحار حرام,1,11
يارب اي هدف اكمل عشانه حياتي غير ان الانتحار حرام,1,10
المشكله ان الانتحار حرام,1,4
ولا عارفين نذاكر ولا عارفين نعمل حاجه خالص وكل يوم قرار وحاجه تخلي الواحد يفكر كل يوم في الانتحار الف مره,1,21
انا من النوع الي اذا حزنت افكر في الانتحار او اني ادخن,1,12
والله الانتحار حلو لو مايودي النار زماني انتحرت ياسيطا,1,9
انا في موت يجماعه لو الانتحار حلال انتحرت توني اكتشف اني مذاكره دروس غير الدروس تخيلو,1,16
هذه الايام ثقيله لدرجة الانتحار,1,5
الحاجه الوحيده الي نتمناها الحظة هذي ان يكون الانتحار حلال,1,10
ياخي لو الانتحار حلال جان انتحرت من زمان,1,8
لو الانتحار مو حرام كان مت من اول ولا عشت بالدنيا,1,11
الانتحار مضلش غير هيك 😂,1,5
الإنتحار أفضل حل في هالمرحلة بس مدري ليه متردد,1,9
في كل عامٍ في نفس الفترة تقريباً تأتيني أزمة اكتئاب حادة أقرر الإنتحار ثم يحدثني ذلك الصوت اللعين,1,18
لو الأنتحار حلال لكانت الدنيا مهجوره وانا اول المهاجرين💔,1,9
وربي لو الانتحار حلال لانتحر 💔,1,6
الأنتحار عدة مراحل ولقد ختمتها كلها 🧸💗,1,7
المخيف أن معظم رسائل الانتحار تُشبهنى تُشبه مشاعري و تفكيري جدًا,1,11
يعني صحيت من الموت و الصداع رابط حبل الانتحار في راسي و الدخان￼ هو خلاصي,1,15
باقي اقل من خمسة ايام لتنفيذ خطة الانتحار,1,8
الواحد مرة خد جاله رغبة في الإنتحار مش تحاليل رفعت شوية لا كنت عايز أموت هل معناه إن أدوية الإكتئاب تساعد علي الانتحار,1,23
اتذكر ان سبب فكرة الانتحار كان اضطراب الاكتئاب الي عاش معي لسنتين متواصله الى الآن اجهل كيف جبت ارادة التخف منه,1,21
ادعى عليا ربنا ياخدنى يا محمد عشان ماليش فى الانتحار,1,10
رغبتي في الأنتحار تزداد يوم بعد يوم,1,7
اه لو الانتحار كان حلال بس,1,6
كيف ابطل افكر بالانتحار,1,4
حرفيًا مو قادره احب ولا شي بالحياة تعبت من التفكير في الانتحار كل مره محاولاتي تفشل ليش الحياة تبغاني هالكثر,1,20
انهارده اول يوم من ايامي الي بقيت بحسها معدوده بصحي م النوم اكتب ف النوت بتاعتي تزايد رغبتي في الانتحار,1,20
للاسف انا قرار الانتحار دة دايما باخده و مببقاش عارفه انفذه بردو من الخوف,1,14
والله لو الانتحار حلال كان من زمان مالي اثر في هالحياه,1,11
بديت ايأس من الحياه شكله بيكون الحل الوحيد الانتحار بعد الياس,1,11
حته سبيل الانتحار خوفنا منه لانه حرام,1,7
الانتحار نجاة,1,2
والله لولا ان الانتحار حرام كنت عملته من زمان,1,9
الانتحار هو الحل,1,3
اريد الانتحار حالا,1,3
الانتحار هوا الحل,1,3
أحياناً يكون الانتحار الحل الامثل😅,1,5
افكر انتحر شجعيني,1,3
أريد الانتحار لايمكن أعيش,1,4
لو كان الانتحار حلال كان اغلب الناس ماتعرفني,1,8
ياس,1,1
حاسه ب يأس,1,3
ونعم بالله بس الواحد بصراحة يأس مفيش اى أمل الوضع من سئ إلى أسوء,1,14
الحزنُ في القلبِ في الأعماق في دمنا يأسٌ طويلٌ فكيف الجرح يندملُ,1,12
ياس🙊,1,1
ياس 🥰,1,2
يأسٌ تجاوزَ حدّه حتى لقد أمسيتُ أخشى الشرّ قبل حُلوله,1,10
هناك يأس بداخلي يحاربني واحاربه👌🤍,1,5
انا في حالة انهيار او يأس,1,6
مش يأس بس انا حاسه ان دا أخر أبديت لحياتى و إنها مش هيحصل فيها أى احداث حلوه تانى خلاص,1,20
اشعر ب يأس,1,3
في المرة التي قررتُ فيها أن أكون بخير وجدت نفسي بكل يأس أبكي,1,13
يأس يضيء ولا يحترق,1,4
الحمدلله الذي نجاني من الدخول في هذا الادمان كنت قد وصلت إلى مرحلة يأس شديدة,1,15
ماعاد لي نفس ابكي يأس من كل شي,1,8
يأس عابر و رغبه بدون قدره,1,6
انا الحزين الي مايدرون انه حزينّ وانا الفطين الي تظاهر من شقاه انه غبي,1,14
ربي لقد بذلت مابوسعي لئلّا انطفئ خذ بيدي إلى نجمٍ بعيد واغمرني بضوءٍ لا يخفت وهجه ولا ينكمش يعزّ عليّ هذا التعب,1,22
انا مُرهق جسد يارب انا من طين أنا كعبة حزن فيها الحزين يطوف,1,13
انا الوحيد الحزين ب زحمة العالم الي تمادى وجَع قلبه على صبره,1,12
كِذبه تواسي قلبي الحزين أنا بخير والضحكة ماليه وجهي,1,9
إكرام الحزين حضنه 😁 كم أنا حزين 🥺,1,8
الذكريات منها الجميلة ومنها الحزينة أه يا قلبي الحزين,1,9
ساكت ويحسبني على البعد مرتاح وانا الحزين اليّ ملى الدمع خده,1,11
الحزين الي تربع قمة الاحزان🎶,1,5
شخص مثلي دائماً يمنعه كبريائه ان يظهر بالمظهر الحزين كنت دائماً احرص على ظهوري بكامل الأناقه والأبتسامه حتى ولو الجوف مقهور,1,21
قلبي الحزين امتى هيفرح,1,4
آهٍ مني ومن قلبي الحزين,1,5
انا الحزين الي على الحزن معتاد لا قلت غاب الحزن رجع يحتويني,1,12
صمت عميق وقلب ممتلىء بالشعور الحزين,1,6
عادت الضيقة على قلبي الحزين,1,5
كيف يتعدى الانسان مرحله الاكتئاب بسرعه,1,6
اصعب ما في الاكتئاب انك بتكون ساكت مش عارف تخطط لبكرا ولا عارف ترجع تصلح الي فات,1,17
اموت من الاكتئاب,1,3
دخلت في عالم الاكتئاب الحاد,1,5
يليت اقدر الحس الكتب واستفيد لان من الاكتئاب م عندي وقت اقرا,1,12
الاكتئاب هخلف عيال عندهم توحد انا عارف,1,7
كل ما نحتاجه يا عزيزي هو رفيق يحارب معنا الملل ونوبات الاكتئاب المستمرة,1,13
مفيش حاجه جابتلي الاكتئاب والتوحد غير تويتر,1,7
إن الاكتئاب هن أبغضُ تجرُبة مرتُ بها على الإطلاق إنه انعدام تصور الشعور بالسعادة مرة أخرى وأيضاً غياب الأمل كُلي,1,20
اعتزلت اهلي و اصحابي قبل المرض كنت احب الجمعات و التجمعات و الضحك و الوناسة و لكن مع الاكتئاب لاسف كل ذلك مات في,1,24
حياتي💔🙃 الفيد↗️↗️↗️↗️↗️ السمانة↗️↗️↗️↗️ الاكتئاب↗️↗️↗️,1,4
احس الإكتئاب قضى على كل مشاعري احس اني امشي بدون مشاعر راسي فارغ ضايعه مكتئبه ماعرف اوصف الشعور,1,18
صحيح اعاني من الاكتئاب الذهاني 😢,1,6
ثم بدأت اعراض الاكتئاب عندي و حقيقة لم اكن اعرفها في البداية بدأت اولاً بفقدان طعم الحياة و كأني انتظر هذا اليوم,1,22
ابي احارب الاكتئاب تعبت منه,1,5
و لطالما أحارب هذا الشعور من فترة طويلة و لكن لا زال يأتيني الا و هو الإكتئاب أشعر بفقدان الشغف و عدم وجود الهدف,1,24
الاكتئاب في البداية راح اتكلم عن اسباب اصابتي بهذا المرض حقيقة ما حصل لي من صدمات خلال سنوات,1,18
سن العشرين ✖️ سن الاكتئاب ✔️✔️✔️,1,6
لڤل الاكتئاب والاحباط تعدى المستوى الطبيعي,1,6
الاكتئاب الصغير الي فيني قاعد يقتلني,1,6
هو ازاي بتعرفوا تخطي الحزن الي جواكم وحالة الاكتئاب ممكن حد يقولي عن تجربه تخطي ازاي فترة اكتئابه,1,18
خروجات و خرجنا سفر و سافرنا الاكتئاب دا مبيروحش ليه بقي,1,11
عن أي حياة تحدثون ونحن مصابون ب الاكتئاب في هذه الأعمار,1,11
شكل الاكتئاب حالتي الطبيعية,1,4
الاكتئاب واصل حده,1,3
كنت خايفه من تعب الاكتئاب يرجع لي و اقعد اداري بنفسي لين ما جاتني كورونا رجعت تعبت,1,17
الاكتئاب الي بعد العيد يا شينه👎🏻,1,6
الاكتئاب بعد ما خواتي يطلعون من البيت,1,7
الفضاوه ↖️↖️↖️ الضيقه ↖️↖️↖️ الاكتئاب ↖️↖️↖️↖️ الناس المزعجه ↖️↖️↖️,1,9
يالله شهر كامل ادعي مايرجع لي الاكتئاب ويبدو انه مابقي الا٢٠٪ ويرجع عليه بشكل كامل💔,1,15
بل بل شالاكتئاب وانا مب حول الاكتئاب ولا اعرفه🤣,1,9
الإكتئاب جالس يسرق لمعة عيوني وملامحي احس كل شي لونه رمادي حياة بدون الوان,1,14
والله محاربة الاكتئاب والو انيرجي صعبه خلصت كل الاغاني الي اعرفها والي ماعرفها وفتحت مقطع ٥٠ دقيقه ل2 يهرجون ولا فاد,1,21
والصدق اني بديت ادخل في الاكتئاب حبه حبه,1,8
برجع انام لاني على حافة الاكتئاب,1,6
الاكتئاب الي فيني مب طبيعي😳,1,5
اتوقع اني وصلت اعلى مراحل الاكتئاب والخذلان قاعده ابكي,1,9
قاعد اعيش كل درجات الاكتئاب من لما افتح عيوني تزداد تدريجياً لحد ما ارجع أنام صار النوم اشبه باستراحة محارب,1,20
الاكتئاب إلى بيجي وقت الامتحانات ده يبقا سخيف بجد,1,9
كان عندي زي هذا الشغف بس مع الإكتئاب فقدته كله,1,10
الاكتئاب↖️↖️↖️↖️↖️↖️😩,1,1
الله يشغلهم كافينا الاكتئاب الي فينا,1,6
الاكتئاب الي يجيني بدون سبب هو ثاني اسوء شي بحياتي ورا حياتي نفسها,1,13
حد يعرف دكتور نفسي كويس في طنطا اتحسن على ايده من الاكتئاب ومش مستغل ولا بياخد ارقام فلكية,1,18
الاكتئاب بدا يعمل عمايلو,1,4
الإكتئاب مؤلم بالبدايه كنت اعيش اعراضه وتعبت وتشخصت فعلاً عند طبيبة اكتئاب متوسط لم يصل لمرحلة الإكتئاب الحاد,1,18
احس الاكتئاب جالس يزيد وكثير,1,5
حقيقي يجيني الاكتئاب لاني احس اني موهنا ومش جالسه انسجم مع الناس حولي,1,13
ليڤل الاكتئاب عالي,1,3
كثير من الاكتئاب 💔,1,4
الاكتئاب بينادي عليا,1,3
لا بس مود الاكتئاب المره دي جاي بعشم زياده,1,9
حان وقت الاكتئاب,1,3
متى الاكتئاب بيفارقنا,1,3
الاكتئاب قاعد يقتلني,1,3
حتى الآن لم يفهمني أحد لا أحد يعرفني على حقيقتي لطالما اعتقدت أني وجدت ذلك الشخص الذي يفهم الإنكسار خلف قوتي,1,21
الاكتئاب باين كده 🤦🏻‍♂️,1,4
لا أشعر بشيء جديد سوى الخذلان الاكتئاب أصبح رفيقًا لي في كل أيام الأسبوع السبعة أتصالح معه أحيانًا,1,18
ايش اسم الاكتئاب ما فوق الحاد عشان حيكون صايبني بعد الحرب,1,11
احتاج حبوب ضد الاكتئاب,1,4
بعد سنة ونص علاج من الاكتئاب و٣ محاولات فاشلة للانتحارالدكتور اكد لي النهارده اني وصلت المرحله الاخيره من الاكتئاب,1,19
قاتل الله نوبات الاكتئاب,1,4
فقدان الشغف اسوء من الاكتئاب,1,5
اقسم باله حموت من الاكتئاب الي انا فيه دا,1,9
اذا عدت السنه مارح ازعل لانه الاكتئاب كان ماكلني مدري شلون صمدت بس ابوي راح يزعل 😭,1,17
مود الإكتئاب المفاجئ الي بيظهرلك وانت بتظبط المنبه تاني ع مواعيد الشغل تاني أقذر إحساس ف الوجود 💔😔,1,18
الاكتئاب لعب فينا🤦🏽‍♂️,1,3
فُقدان الشغف أسوء من الاكتئاب 💔😊,1,6
ها انا وصلت لاقصى درجات اليأس والاكتئاب لاشي يشعرني بالسعاده لاشي يثير اهتمامي غيرها اريد الموت,1,16
يادى السنة السودة انا اى الى دخلنى ف موجة الاكتئاب دى 💔,1,12
وقت نوبة الاكتئاب,1,3
وشي من كتر الاكتئاب اتملي علامات وحبوب والله 💔😞,1,9
احتاج شي يونسني يطلعني من حالة الاكتئاب الي انا فيه💔,1,10
إيه كمية الإكتئاب إلي بتيجي لواحد بعد رمضان دي أستغفر اله العظيم الواحد ملوش مزاج لأي حاجه خالص 😔,1,19
دي ادوية الاكتئاب الي باخدها بقالي شهورمعاناه مع الاعراض ومع الامل انها ممكن تصلح حاجه و تساعدني,1,17
قاعده اموت من الاكتئاب والدموع من ثلاث ايام وذا يقول عاديه اجل لو رحت لطبيب شسوي فيه,1,17
كسم الاكتئآب اكره موت وربي اكره,1,6
انا جالسه اقاوم الاكتئاب بكل مافيني من قوه بس الواضح اني بالنهايه راح استسلم,1,14
الاكتئاب الي يجي بشهر شوال محد فكر يدرس اسبابه,1,9
افكر ايش سويت من ذنب عشان اصحى العصر اقسم بالله بطق من الاكتئاب,1,13
إنه الاكتئاب الاكتئاب الخام الذي يمكن أن تذيب منه قطعًا في مياه الشرب لتجعل أمة من البشر تقرر الانتحار,1,19
عايزة خلطة الخروج من الاكتئاب في يوم واحد ضروري,1,9
انا محزنتش وتعبت ف حياتي زي ماتعبت السنادي مريت بحاجات فوق طاقتي وعرفت معني الاكتئاب الي بجد ومعني انك تكون مطفي,1,21
فقدان الشغف أسوء من الاكتئاب,1,5
وذاك اليوم اقول فترة الظهر خلاص ليش ما اصارح نفسي ان الاكتئاب فيني موجود بكل وقت,1,16
حاله الاكتئاب الي انا فيها مو طبيعيه,1,7
وإني أعلَمُ جَيدًا أن الإكتئابَ رَفِيقِي مُنذُ زَمن,1,8
مكملتش ١٨ سنه و بتعالج من الاكتئاب و الضغط العصبي🥳👍🏻,1,10
و بئساً لنا فقد اصبحنا في دوامة الاكتئاب,1,8
الاكتئاب متعلق في رقبتي زي السلسلة الحزن مدقوق في روحي زي الوشم,1,12
انا في منتهي الاكتئاب دلوقتي وفكرة الموت او ان انهي حياتي عماله تنط قدامي,1,14
الاكتئاب سيد الموقف,1,3
الواحد من كثر الاكتئاب يحس روحه كل يوم تطفي اكثر,1,10
تبقى قاعد في آمان اله تلاقي الاكتئاب كبس عليك,1,9
خايفة من فكرة الاكتئاب مو قادرة ارجع شغفي بالأشياء الي أحبها مو قادرة أسوي شيء غير إني أصيح أكره اشوفني ضعيفة بس,1,22
الاكتئاب ↖️↖️↖️,1,2
بقيت بحارب الاكتئاب بانى مانع نفسى من التفكير كأنى ملاحظ عمال واقف وسط خلايا مخى بعصايه وبديهم مهمات عشوائية,1,19
احاول قد ماقدر اني ماوصل لمرحلة الاكتئاب احاول اني انتشل نفسي من هالظلمه بس يرجعوني لها غصب,1,17
الله ياخذ الاكتئاب الي مسيطر علي هاليومين 💔,1,8
لا تنتظر مني شئ فانا لا املك سوى الاكتئاب وبعض الموسيقي,1,11
لا أخفي عليكم ولكن من السنة الماضية وأنا عايشة بحالة ضياع مش لاقية حالي وبستنا ما بعرف شو كنت أستنى اكتئاب,1,21
الاكتئاب بقي جزء منا😂😇😔😪😓,1,4
النفسية محتاجة نوم عميق متواصل بعيدا عن جو الاكتئاب ده,1,10
يس انه الإكتئاب اهلا اهلا,1,5
مود الاكتئاب دا مش هيروح غير بعد الامتحانات كدا وعلينا خير ان شاء اله,1,14
بدأت أغوص في الاكتئاب,1,4
مفيش حاجة اسوء من الاكتئاب خصوصا لما يكون مزمن وبيجي علي فترات تخيلي تبقي قاعدة بتضحكي وتهزري وتهاجمك نوبة اكتئاب,1,20
وش حل الاكتئاب — لو كنت اعرف هقولك,1,8
اصارع الاكتئاب منذ مده ولكني لا اريد الاعتراف به,1,9
مش انتي لوحدك بس الفرق بيني وبينك ان انا ممكن اضحك عادي في وسط الاكتئاب😂🤦💔,1,15
الإكتئاب لعنة لا تزوَل إلا بالإنتحار,1,6
بنات ابي خلطه تخفف الاكتئاب,1,5
ازاي اتخلصت من الاكتئاب لو معندكش مانع تقول,1,8
الاكتئاب يجعلك تفقد الرغبة في الحياة وكأنه ينتزعك منها يجعلك تعيش بقلب ينهشهُ الألم,1,14
ايش هذي الفوضى الأكتئاب ألتهمني,1,5
معليش بس كل شيء جالس يحثنا على الإكتئاب والنفسيه والزعل والتعب الي مايخلص,1,13
كنت فاقد الشغف ماعنديش دافع مع ان عندى دوافع دماغى كانت رافضة اى فكرة تغير مع انها سحلانى فى فكرة التغير الاكتئاب,1,22
صباح الاكتئاب💔,1,2
كسم الاكتئاب,1,2
كيف راح اقضي هالنهار الكئيب مره مو عاجبني نظام نومي بس مضطره مع انه زاد الاكتئاب عليّ,1,17
بتيجي تحاول تخرج من الاكتئاب والتعب الي انت فيه تلاقي مليون حاجه حواليك تحصل تدخلك فيه أكتر,1,17
الاكتئاب وصل اعلى مراحله,1,4
اكيد هيجي يوم ويروح الاكتئاب المستمر عندي ده,1,8
ولا الي ينامون بدون حبوب الاكتئاب هم أكبر ناس محظوظين😢,1,10
دوا الاكتئاب بيجيب اكتئاب و تبطيل دوا الاكتئاب برده بيجيب اكتئاب 🥲,1,12
وقت الاكتئاب,1,2
مين يعرف اعشاب طبيعيه تعالج الاكتئاب 😞,1,7
اتمنى انك ما تجربين الاكتئاب والتبلد لأنه بشع,1,8
تفعيل مود الاكتئاب 👍🏻,1,4
تضايق لما تشوف كل الي بعمرك مستانسين وعايشين حياتهم وانت واقع بعمق الأكتئاب ومجبور تجامل كل شيء انك بخير وانت ابداً عكس الجواب هذا,1,24
كيف تخطيتي وتخطيتي الاكتئاب 🤦🏻‍♀️ لي كم شهر واحسني ضايعه والوجع لازال,1,12
انا قبل رمضان كان تجيني نغزات في الصدر بعدين اكتشفت انها بسبب الاكتئاب,1,13
بتكلم مع واحد زميلي من شوية علي موضوع الانتحار وليه الانسان ميقتلش نفسه ويرتاح وليه ربنا حرم الانتحار,1,18
لو لم يكن الانتحار طريق الى جهنم لكنت الان اول المنتحرين,1,11
لقد كنت حزينة عندما دخلت ابلكيشن التويتر ولكن الآن انا اريد الانتحار 🥰,1,13
بيني وبين الانتحار شعره تكفى ادعيلي لاحول ولا قوة إلا بالله أدعو لها يابشر 😭,1,15
لو الانتحار مش حرام كان شفتوني ميتة من زمان,1,9
ارغب في الإنتحار,1,3
أنا انتحرت والانتحار مش إنك تموت الانتحار إنك تبقى مش عارف تقاوم مش عارف تكمل مش عارف تاخد قرار,1,19
إن كان الإنتحار بجسدي محرم فإن داخلي قد رمى بنفسه إلى الهاوية مُنذ زمن,1,14
وفقدت الأمل في كل شيء لقد انطفأت روحي بشكل تام هذه المره لم أعد أقدر على تحمل الصراع الداخلي في كل محاولات,1,22
كل الخطط تؤدي الي الانتحار,1,5
أعاني من اكتئاب حاد الأصدقاء يعاتبوني على ابتعادي والكثير يغضب لأن حالتي يتدهور أما أنا فأفكر في الانتحار,1,18
فكرة الانتحار تدور في راسي,1,5
أشعر أحياناً بأن الانتحار قد يكون راحةٌ لنفس لا عَذابٌ رغبة في الرحيل,1,13
انا ضد الانتحار بس انا كل شوية بفكر فيه,1,9
وحده ومشاعر تساعد على الإنتحار,1,5
هناك ما يحزن قلبي أشعر وكأني احترق من الداخل وكأني اود الانتحار,1,12
هو مافيش احسن من الانتحار,1,5
الانتحار الانسحاب حل مريح,1,4
الانتحار اسلم حل,1,3
ضيقه لدرجة الانتحار,1,3
فكره الانتحار تراودني لكني اخاف على امي وش الحل — تعوذ من ابليس والجأ لي دكتور,1,16
لَو لَم يِكون الانِتحار طَريقاً لنَار لَودعتكم مُنذ زَمن💔,1,9
لو الانتحار حلال صدقوني انا اول وحده معندي قناعه بالحياه ايه,1,11
لي الانتحار حرام,1,3
والة الانتحار لو مش حرام انا كان زماني منتحر 💔,1,10
الانتحار هو الحلال الانسب,1,4
لا انا الرغبة في الانتحار زادت عندي عن كدة هنتحر بجد,1,11
اني اعيش متناقضة في حياتي دي اكتر حاجة بتخليني افكر في الانتحار,1,12
لو الانتحار حلال كان انا من اول ناس ميته,1,9
مبادئ الانتحار 🙂,1,3
لم يعد البكاء حل فقط الانتحار 😔💔,1,7
احس احتاج لطبيب نفسي اعاني من خنقة وبكاء مستمر,1,9
انا بحاجة الي طبيب نفسي اعتقد اعراض اكتئاب حاد,1,9
انا عايز اروح لدكتور نفسي,1,5
كمية ضغوط مسببة لي اكتئاب انا عايزة اشوف طبيب نفسي,1,10
انا ميته روحي مدمره من اشياء كثير اتمنى اعيش بسلام بدون مشاكل وبدون امراض نفسيه لكن هذا الشي ماراح يتحق بحياتي,1,21
ادمان اكتئاب نوبات قلق,1,4
اكبر صدمات حياتي بسبب شخص اكبر حاجه غيرت مسار حياتي بسبب نفس الشخص اكتر فترة جالي فيها امراض نفسيه و عصبيه,1,21
صراحة ما أعبر وهذا مسبب لي أمراض للأسف نفسية وتحول عضوية,1,11
قاعده ابكي اف,1,3
حزين عايز ابكي اهئ اهئ اهئ,1,6
يوجع الشعور الي ودي اصرخ بكل مافيني لكن مابي أحد يسمعني و ودي أبكي بكل حرقه لكن مابي احد يشوف دموعي و ودي ابلع غصتي,1,25
ابكي من كل مكان الا عيوني,1,6
أحس اني ابغى ابكي وابكي وابكي لين أموت,1,8
يخي ابغى ابكي ليه مو قادره وله قلبي تعبان ويعورني 😔,1,11
ودي ابكي بدون توقف لين احس بأن هالحمل الي شايلته طاح عني,1,12
تعبت مو قادره انام كل ماتذكرها ابكي,1,7
مستنيه اكون لوحدي عشان ابكي على راحتي,1,7
ابكي ع الي جاي ولا ابكي ع الي راح,1,9
ابكي ليه,1,2
رح ابكي وينكسر خاطري 💔,1,5
بخاطري ابكي,1,2
انا زيك ضميري يأنبني مرة من صوة الضمير صحيتهم من النوم ياكلون وانا ابكي,1,14
احس احتاج ابكي,1,3
كم تضاحكتَ عِندما كنتُ أبكي,1,5
لم تكن أول مرةٍ أبكي فيها ولكني بكيت بشكل مفرط ولم أستطع التوقف بدت دموعي كأنها لا تنتهي شعرتُ أني فقدتُ شيئ,1,22
ابغا ابكي,1,2
أنا ضِد البُكاءَ يَالّٰه لكنِي أبكِي لأنَ حجمَ الحِزن الذيْ سَكن بِداخلي أكبِر مِنْ أن أتحَملهُ,1,16
لي نص ساعه ابكي,1,4
مو مصدقه اني كل مره افتكر ابكي,1,7
فجلست أبكى لأنى لمرة المليون خابت توقعاتي,1,7
عايز أبكي على كل يوم ضيعته مع الناس الغلط,1,9
لا شيءَ يُعجبُني أُريدُ أَنْ أبكي,1,6
زي العاده ابكي ومحد داري عني,1,6
متحسمه مرا ابكي,1,3
أبكي لأن الوجع ماهوب من كبري موجوع لأن البكا أصغر من أوجاعي,1,12
الحين طبيعي ان ابكي يوميًا,1,5
منبطح القامة أبكي 😜,1,4
مازلت أسقط ومازلت انت تراني ثابت مازلت ابكي وتشعر انت اني بخير,1,12
بلشت ابكي😂,1,2
مدري ابكي من القهر و لا ابكي مستلطفتهم 😭,1,9
لقيت لي فيدو اقعد ابكي عليه,1,6
تعبت ابكي الله ياخذ اهلي بس,1,6
سامحني يا الله حين ابكي على قضائك رغم ايماني به,1,10
ابكي,1,1
قاعده ابكي يومي يروح كله نوم,1,6
اروح ابكي لين انام,1,4
قمت من السرير لقيتني فسياره وقاعده ابكي,1,7
انا زعلانه لدرجه قاعد ابكي بحرقة,1,6
أنا بحاول أقنع نفسي هيك عشان لا أبكي لأنه كفايا كفايا😫😭,1,11
كل يوم ابكي عليه,1,4
ابكي تحت الشاور,1,3
الدمعه فحلقي مابغا ابكي من الحاله الي انا فيها,1,9
احس ابغى ابكي,1,3
أبكي أبكي كثير أبكي لحالي,1,5
ابكي حتى انام هم اذا ف السعودية ابها بس اذا برا مدري مكن باريس,1,14
ابكي خمسمية مره في اليوم بعدين اقول ليه عندي هالات,1,10
ابغى ابكي,1,2
اصبحت احب الصمت حتى مع اصدقائي اخفي حزني وراء ابتسامتي اشعر بالوحده في كل مكان اطلب من أمي أن تغمرني بحنانها,1,21
لا قاعدة ابكي,1,3
ليه لازم ابكي على كلشي,1,5
لحين ابكي,1,2
بس اعرف ابكي بس,1,4
وقتها بس ابكي لين ربي يفرجها,1,6
أكرهكَ لأنَك جعلتني أبكي بصوتٍ خفي خوفاً من أن يسمعني شامت لطالما كُنتُ أرد له أنك مختلِف,1,17
قلبي مره حزين والله من زود شوقي لخوالي احس والله ودي أبكي💔,1,12
وإياك أن تنخدع بمظهري وثباتي هذا أتعلم ياصديقي ولا أُخفي عليك إن الحزن يأكل قلبي طوال الوقت الخوف يبتلعني,1,19
أَبْكِي عَلَى نَفْسِي بُكَاءَ مُؤَلم,1,5
فيني الصيحة مره انتظر احد يقولي ا عشاني ابكي,1,9
تعبت ابكي,1,2
الله ياخذ دموعي ترى تعبت على الايلاينر مدري ليه ابكي على ناس ما تستاهل حلفت ما تنزل دمعتي,1,18
اقوم من النوم وانا ابكي على حزنها💔,1,7
نفسي ابكي زيادا بس خلصت دموعي,1,6
تعبانه تعب مو طبيعي وحرفيا مو قادره بس ابكي ودي اختفي عن الدنيا الزفت ذي,1,15
ابكي بس ابكي 😂,1,4
انا احب ابكي قبل لا أنام صدق اذا تزوجت كيف اخذ راحتي وابكى تو افكر فيها,1,16
يا رب اقدر ابكي البكية الوقفة لي في حلقي دي,1,10
افكر اسوي شي يخليني ابكي سنه كامله واندم طول عمري بس عادي الحياه تجارب,1,14
نعم ابكي بحرقه,1,3
ودي ابكي و ابكي و ابكي لين تخلص الدموع بس ما في شي بجيب فايده يارب تفرجها عليهم,1,18
احس ابي ابكي بس مافي مكان,1,6
بدي ابكي,1,2
جتني رغبه اني ابكي 😔,1,5
كبرت يا امي و اصبحت ابكي دون علمك,1,8
كنت ببكي ابي ابكي😭,1,4
ابكي ه,1,2
ماهي عاده امشي وحدي احكي وحدي ابكي وحدي,1,8
ثاني مره اصحى من النوم ابكي,1,6
وصلت البيت الحين ابكي بكل اريحيه,1,6
رجعولي حَياتي قبل اربع سنين ولن اشكي ولن ابكي والله 🥺,1,11
يارب ابكي يارب ابكي يارب ابكي ابي ابكي يمكن ارتاح وش ذا الجمود المقرف ابي اتنفس اذا ماقدر اتكلم ابكي ع الاقل,1,22
تعبت وانا ابكي و افكر,1,5
اوك بنام وانا ابكي,1,4
ابكي بسرعه ليش ليش لا وعلى سبب تافه,1,8
مريضه مره وابي اتحلطم عشان ما ابكي 😩,1,8
ودي ابكي لين تطلع كل الطاقه السلبيه,1,7
ابكي 😭,1,2
خ جالسه احاول ما ابكي عشان محد يلاحظ اني بكيت,1,10
لا تحسب إني عليك أبكي من الأحزان لا والله أبكي على نفسي وأعاتبها,1,13
نفسي ابكي كثير الين انام وماعاد اقوم خلاص,1,8
مشكلتي كتومه مره مره يعني لو رحت لطبيب نفسي تلاقيني ابكي واقول مافيني شي,1,14
ابحث عن خيمة عزاء ابكي فيها,1,6
اي والله أني حزين وخاطري ضايق اعامل الناس بالبسمه وانا ابكي لي مدةٍ ماني ب سالي ول محتاج أشكي ولكن ما أقدر أشكي,1,23
بجانبي حين كنت أبكي قبل نومي عيناي أوجعتني ذبلت ملامحِي حتى تمنيت ألموت حتى نبضات قلبي لم تعد مُنتظمة أصبحت تألم,1,21
انا مو قاعدة ابكي قاعدة اموة بصيح,1,7
بعدين احلسي ابكي يالله قلبي خفقان,1,6
ابكي بدون سبب واحس بكتمة وخنقة,1,6
بعد موت زوجي حبيبي انا لم أعد قوية أصبحت أبكي من كل شي وأشياء بسطيه قد تحزني لا أدري لماذا لربما عندما فقدتك فقدت,1,24
يارب قد أبكي سراً وتعالى ضحكاتي جهراً,1,7
ابكي من البعد ولا ابكي من الذكرى الضيق في خاطري والدمع في عيني,1,13
هذا غريب حقا ينتابني هذه الايام شعورٌ غريب لا اعلم كيف ابكي لقد اصبحت عادة عندي لفتره طويلة ارغب بالبكاء,1,20
اردتُ دائماً ان اصرخ بكل مالدي من قوه ان ابكي لاخرج كل ذلك الالم المكتُوم داخلي,1,16
موهبه من الله اقدر ابكي بأي وقت,1,7
الوقت الذي كان يلزم فيه البُكاء لم أبكي,1,8
ابي ابكي,1,2
وانا لمن ابكي ما اسكت اليوم كله اجلس ابكي 😖,1,10
اول مره ابكي من عوار القلب و اول مره احس روحي بتطلع مني💔,1,13
أكره شعور إلي ودّي أمسك دموعي و ما ابكي لكن تخذلني وَ تنزل,1,13
عايزه ابكي,1,2
جالس ابكي و انكتمت,1,4
قاعده افكر هل فعلاً استاهل انام وانا ابكي,1,8
نفسي اشكي لين مايبقى هموم ونفسي ابكي لين مايبقى دموع ونفسي احكي لين مايبقى كلام,1,15
اقسم بالله راسي صدع من الهم والحزن هذا يعور يعور ابكي ما استحمل😭💔😭💔😭💔😭💔😭,1,13
طيب لحين ابكي عليها,1,4
الحال محزن جدا م عارفة ابكي ع حالي ولا ابكي ع حال فلسطين,1,13
بدون اي مبالغة من كثر ما اكتم مشاعري وعصبيتي ودموعي تعودت هالشي وماصرت اقدر ابكي ف مشاعركم ودموعكم طلعوها بوقتها قبل لا تبلد المشاعر,1,24
وش دعوه ليه ابكي ماقدر😭,1,5
لاشيء يعجبني اريد ان ابكي,1,5
احس أبي ابكي من دون سبب 🕴️,1,7
اريد ان ابكي إلى حد ان ينقطع صوتي 😭 تعبت,1,10
فاليومَ أبكي على ما فاتني أسفًا وهل يُفيد بكاءٌ حين أبكيهِ واحَسرَتاهُ لعمرٍ ضاع أكثَرُه والويلُ إن كان باقِيهِ كماضيهِ,1,20
يالله صدمه فيني بكي بس مابي ابكي اول مره اجرب شعور أن شخصك المقرب هو الحيه الي تلدغك من تحت ل تحت💔,1,22
ابكي على حال بلادي وتعز علي أحزانها يا عناية الله المشددة التفي حول وطني بسم اله على فلسطين حتى يطمئن فؤادها 🇵🇸🥺 •❥,1,23
تكفون قاعدة ابكي من القهر,1,5
ابكي😭,1,1
اكثر حلم حلمته من سبوعين تقريبا ولحين اتذكره يا الله لدرجه صحيت عيوني متورمه لان بالحلم ابكي مو متخيله,1,19
اريد ان ابكي من شدة الحزن والاكتئاب,1,7
انا ابكي واله العظيم — كل الي أبيه أتوسد هالحزن معك,1,11
يارب ما ابكي بكفي خلص,1,5
فيني كلام واجد على صدري فيني شعور محد بيفهمه وفيني دموع وعاجز اني ابكي فيني حزن كاتمه ولا اشكي,1,19
جدا از استدلال آبکی دوستان عزیز به سخره گرفتن به معنای به بیگاری گرفتن است یا بی مزد از کسی کار کشیدن است ک,1,24
لا شيء يعجبني أُريد أن أبكي,1,6
يارب ما ابكي في السياره 😽,1,6
يع ماتوقعت تجي ايام ابكي فيها يع,1,7
لا ابكي بكثره انا فقط حساس قليلا قليلا حسناً كثيراً,1,10
أتيت على بالي وانهمرت دموعي لقد مر على فراقنا ايامً عديده اقول باني نسيتك لكن يبدوا بإني كاذبه ابكي عليك,1,20
انا ابكي والله العظيم — لماذا البكى,1,7
ابي ابكي بس حقيقي مافيني,1,5
نفسي ابكي لين اخلص كل دموعي,1,6
انا ضد البكاء ولكني ابكي لأن حجم الحزن الذي سكن بداخلي اكبر من ان اتحمله ابكي لأني اصبحت اجهل كيف باستطاعة المرء ان يفر من المه وقلقه,1,27
جالسة اكتب وانا ابكي,1,4
عيوني مليانه دموع بس اقول ليه ابكي ياكثر ما بكيت وطلع الحزن وش الفايده,1,14
من قوة التعب ابكي وكأن كل حمل الدنيا فوق راسي,1,10
ما توقعت ابكي لكني بكيت واذا بكيت فمنجد انا قاعده انهار الله يكون بالعون بس,1,15
بدي ابكي 😭😂,1,3
ماتدرو قديش قاعده ابكي وارجف بسب اهلي الي مايستحقو كلمة اهل💔,1,11
كل يوم ابكي عليه ابغاه,1,5
أبغا طريقة تخليني وما أبكي على اي شي تافه,1,9
ابكي واصور لهم ه حزن,1,5
قاعده ابكي من اول ماصحيت على شكله هنا ماقدر اتحمل انا هالته هنا تعبتني,1,14
مو جالسة اشوف شي والحين دخلت احسني ابي ابكي,1,9
مدريت ابكي من الغيره ولا من بعدك,1,7
ابغا ابكي وابكي وابكي لين ارتاح بس مافي راحه لان مافي شخص يمسكني بعد الانهيار بنهار وحدي واقوم واحس مسؤوليه والله,1,21
ابكي و تسالني الدموع متى وقت الرجوع,1,7
قاعده ابكي على سبب اتمنى محد يعرفه بيوم من الايام بالصدفه وقتها بتدمر فعلاً,1,14
ابكي لان الماضي لن يعود 😥,1,6
كنت محتاجه ابكي والحمدله نزل في وقته وبكيت🤓,1,8
نفسي ابكي,1,2
ابي ابكي واصارخ 😭,1,4
احس ودي ابكي بس ما يمديني اه يالقهر,1,8
جتني الضيقه وابغا ابكي ليتني ماسمعت,1,6
حاس بخنقه كبيره و ٢٤ ساعة عايز ابكي قلبي تقيل اوي واحساس العجز والغضب متملكني,1,15
حلمت اني ابكي لمن قمت المخده كلها دموع,1,8
أبكي,1,1
انا لو حد قالي مالك دلوقتي ممكن ابكي 💔😢,1,9
قاعده امر بانهيار عاطفي وقافله علي الباب ويندق الباب قومي سوي قهوه طيب قاعده ابكي مسحت دموعي وقمت سويت قهوة,1,20
قريت كلام كتبته امس وقعدت ابكي على وضعي 🙎🏼‍♀️,1,9
لا تحاولين قاعد ابكي مره 👀💔,1,6
مدري ابكي والا ابكي,1,4
جالس ابكي,1,2
ابكي ابكي,1,2
انا جالس ابكي,1,3
مضايقه وماله وعايزه ابكي بدون سبب,1,6
احتاج ابكي بدون شهقات ولا صوت,1,6
قاعده ابكي بصمت ه😭,1,4
أقسم بالله وبمن أحل القسم انا بهم وكربه وضيق الناس فرحانه بلعيد واحنا من الخوف والقلق ما بننام,1,18
تحسبوني سكت بس الواقع اني لحين ابكي,1,7
متعبة نفسيا لحد أني أشعر بالتعب الجسدي أود البكاء مثل ماكنت ابكي سابقا أود البكاء بشده ولكني لست قادره من شدة التعب,1,22
واحس ابي ابكي,1,3
ايوه انا اكثر وحده ابكي في الحياه,1,7
مدري ابكي ولا اضحك خلاص تعبت😭,1,6
جالسه اسوي وانا ابكي,1,4
قاعده ابكي امي شافتني تقول وشفيه دخلت فلطسين في السالفه و قلت ابكي بسببهم,1,14
امانه انا ابكي على كل شيء دموعي ماتحسب,1,8
تذكرتها اليوم وقعدت ابكي,1,4
حاسة حالي راح ابكي 🥲💔,1,5
مو طبيعي انو صايره ابكي على كل شي حرفياً كل شي,1,11
أريد ان ابكي,1,3
طبيعي ابكي بدون سبب ولا وشو,1,6
كُل يومٍ ابكي ولم يبرد هذا الفؤاد,1,7
فعلا ضيقة واكتئاب وضغوطات وهوشات وحاليا ابكي واسكت 💔 تعبت من كثر ماكبت الغضب والزعل تعبت,1,16
ابغا بس ابكي,1,3
فجلست ابكي لاني لمرة المليون تحطمت,1,6
تخيل انا ابكي من ٣ ايام,1,6
ابكي كل يوم قبل ما انام,1,6
أبكي على نفسي كثير مع الاسف,1,6
بس انا ليه مو قادره انسى كلامها وكل شويه ابكي منو💔,1,11
بس ابكي,1,2
احتاج الى غريب اشكي و ابكي لهُ ما مزق صدري و يمضي عني غريباً لا يلوم ولا يعتب,1,18
ما توقعت يجي يوم ابكي من هالشعور,1,7
بنام و انا ابكي عليه,1,5
قاعده ابكي,1,2
من الألم النفسي قاعده ابكي,1,5
احس ودي انسى اخر سنه وسبع شهور مرت اليوم بكيت بكيت لين نمت ولما صحيت كملت بكي شي يقهر لما ابكي على شي مو بيدي شي ودي اغيره بس مو بيدي,1,31
ما زلت ذلك الطفل الذي يراقب الأشياء التي توجع قلبه وينظر إليها نظرة حزن شديد بدموع تستجدي عطف أي عابر,1,20
أبكي بلا سبب واضح,1,4
ابكي ع ايش واخلي ايش😣😫😭,1,5
ابكي وتسألني الدموع متى متى وقت الرجوع,1,7
اول مره احس اني احتاج حضن ابكي فيه لين انام,1,10
أقسم باله وبمن أحل القسم انا بهم وكربه,1,8
قاعد ابكي وحنا بنروح لجدتي دموعي مو وقتك تكفين اف,1,10
ابكي انام,1,2
لم تكن أول مرةٍ أبكي فيها ولكني بكيت بشكل مفرط ولم أستطع التوقف بدت دموعي كأنها لا تنتهي شعرتُ أني فقدتُ شيئاً,1,22
ابغا ابكي الحاله متدهوره,1,4
ابكي ابكي بس,1,3
ابكي ابكي وش بسوي,1,4
ابكي ابكي ابكي😔😢😭😔😢😭😢,1,3
اضحك ولا ابكي قسم بالله قهر,1,6
محتاجة شخص من البشر الاقيه في اي مكان واقعد احكي ليه و ابكي لمن اقول بس,1,16
صحيت من النوم ابكي لمتى طيب,1,6
طيب ابكي ليه,1,3
كتمه توتر ضيق تنفس وابي ابكي بس مافي وقت الله ييسرها بس وتمر بسرعه ونتيجه كويسه,1,16
كل يوم عندما انام ابكي شوقاً يا ابي,1,8
عم ابكي,1,2
ابكي وربي,1,2
بنات مو معقوله اني حساسه بزياده ابكي بس ابكي ع اتفه الأسباب كيف ما اصير حساسه مين عندها خلطه ضد الحساسية المفرطه,1,22
نمت ابكي واتالم وصحيت ابكي واتالم بعد,1,7
ما كانت النيه اكتم ولا ابكي و بلحظه ضعف بكيت,1,10
انا واصله مرحلة الي نفسي ابكي بس مافي وقت,1,9
رح ابكي من القهر,1,4
قايز احس اني مكتومه وبموت وتعبانه وبس ابكي تكفون قولوا لي وش اسوي,1,13
ودي ابكي من كثر الحزن الي بداخلي,1,7
اول مره ابكي من عوار القلب واول مره أحس روحي بتطلع مني,1,12
ابي ابكي كثير,1,3
ها هو قد مرّ شهر كالمر لم أكن بخير أبدًا أبكي كل يوم كبكائي حين رأيتك,1,16
يارب يارب 😩💜 والله جالسه اعاني نفسياً هاليومين وبس ابكي 🥺,1,11
أجبرتني دموعي أن أكتب أجبرتني همومي أن أبكي ويجبرني قلبي أن أفكر ويجبرني التفكير أن أتألم,1,16
اخر سنتين في حياتي تعبت كثير انصدمت انكسرت وقمت عشت أشياء وانا ساكته مرت وماحد يدري ابكي باليل اصحى الصبح,1,20
بروح ابكي وانام احسن,1,4
وصح لاني كمان قبل لا انام رجعت ابكي,1,8
اعيش وحيداً دائماً في مثل هذه الأوقات أُمحى من الوجود تماماً عند الغضب ابكي غالباً دون معرفتهم بربكم اين هو الحب الذين تزعمون به,1,24
والله من القهر ودي ابكي,1,5
ابكي ابكي موت قهر 🔥😎🤪,1,5
لا شيء يحدث كما تمنيت أريد أن أبكي,1,8
لاتحاول ابكي انتهى عمر الدموع,1,5
فيه اشياء كثير اذا فكرت فيها تخليني ابكي وكثير بعد,1,10
الوقت الذي يلزم فيه البكاء لم أبكي وهذا مايجعلني الأن أبكي على الخدش الصغير,1,14
أنا أعرف إن الدمع لا يسعف ولا يداوي ومع ذلك أبكي على أتفه الأسباب,1,14
ياربي امس نايمه والدموع بعيني ياخي 😭 اول مره ابكي من القلب كذا,1,13
خلصت دموعي واحس ابغا ابكي بعد,1,6
لا احد يعرف عن اوجاعي ابكي في صمت واتالم في صمت و اصرخ في صمت اعاني المزاجية مصابة بلعنه التفاصيل ولحظات الحزن الخافيه,1,23
فقدت السيطرة على الوضع وقمت ابكي,1,6
ابا ابكي تعبت,1,3
قاعده ابكي شفت صوري بداية 2018 كان شعري حلو وبشرتي حتى عيوني فيها لمعه لاني وقتها كنت مرتاحه نفسيا 😭,1,20
وبعدين ابكي من خفقان قلبي😽,1,5
نفسيتي جدًا تعبانه محتاجه أبكي كثير أو والله مدري وش محتاجه عشان أرتاح,1,13
تعبت لدرجة ما صار فيني حيل حتى ابكي,1,8
انا والله قاعده اعيش الشعور ذا والله اصحى ابكي من الضيقه الي احس فيها,1,14
احس ابغى ابكي او شي,1,5
فجأه وبدون سبب ابي ابكي ولا ابي اشوف حد,1,9
أنا أبكي أبكي كثيراً من الوحدة وكلّما اقترب مني أحدًا شعرتُ بالخُوف,1,12
فيني كلام واحد على صدري فيني شعور محد بيفهمه وفيني دموع وعاجز اني ابكي فيني حزن كاتمه ولا اشكي,1,19
أنا ليش أبكي 🥺😭,1,4
الود ودي ابكي عشان اشبع نوم,1,6
صحيت وانا ابكي مابي باقي اليوم كنسلوه,1,7
طول ه الاسبوع انام وانا ابكي صار روتيني,1,8
قاعده ابكي ما امزح,1,4
ما اعرف وش سب ضغفي ذي الايام بس كل شي صار يضايقني اتفه الاسباب تخليني ابكي وتخرب يومي كامل,1,19
محد مهتم صراحة ابكي 😋,1,5
وقت ابكي,1,2
وأنا قعدت سنة أبكي وداخلة اكتئاب لأن ما قدرت أروح الرياض,1,11
في بنت بتفكرني بنفسي من ٦سنين كده ومش عارفه ابكي علي حالي ولا علي حالها,1,15
الله يالدنيا يا انا صرت ابكي من محادثه وش صاير,1,10
ابكي و تسألني الدموعمتى متى وقت الرجوع,1,7
ابكي ع وحدتي افضل سبب ممكن ابكي عليه,1,8
بدل ما افكر ايش اسوي جالسه ابكي,1,7
قعدت أبكي وأبكي وأبكي ه,1,5
وانا كل ما اسمعها احس ودي ابكي واغرق بحزني واتذكر الايام الجميله 😢,1,13
اشتقت ابكي,1,2
لي ساعه ابكي,1,3
ابكي على ماجرالي ياهلي 🤪,1,5
ابكي 😩💔,1,2
نفس الوقت بالهجري هالسنه ابكي عليها,1,6
لي ساعه ابكي مو قاده اوقف,1,6
أريد أن أبكي حتى أموت ثم أولدُّ مجددًا وأبكي لأموت موتةً أبدية,1,12
نفسيتي أسف جدًا لأني لم أكون بخير كما عاهدتُك أسف جدًا لأني لم أكون أستطيع أن أكون أنا لا أبكِيَ شوقاً,1,21
😂💔ابكي علي احزانا,1,3
صارلي كم يوم عم ابكي,1,5
نمت صحيت فجأه لقيت حالي مو كويس ومتألمه وجسمي يرجف وم فيني اصحي اهلي اروح المشفى ويدوبك اقدر اتقلب وما اقدر امشي خرا والله خرا قاعده ابكي,1,27
🤏🏼🤏🏼🤏🏼🤏🏼🤏🏼 ابكي كثير 🤏🏼🤏🏼🤏🏼🤏🏼🤏🏼🤏🏼🤏🏼,1,4
مش عايزة ابقي شكاءة وبكاءة بس انا عايزة اشكي و ابكي,1,11
اليوم صحيت من النوم ابكي على ذي الدموع,1,8
ولازلت ابكي دم 💔 واه بس,1,6
كل يوم قبل النوم لازم ابكي وافضي الي بقلبي وانام,1,10
كنا نضحك انا واختي على حياتنا البائسه وبكيت وقعدت ابكي,1,10
قاعده ابكي لاني قاعده اشوف الناس تعيش احلامي,1,8
أبغا أنام لكن مو قادرة أنام من كثر مو زعلانة وقلبي يعورني بنفس الوقت أبغا أشوف شي يطلع طاقتي السلبية,1,20
ابكي 😿,1,2
مو طبيعي اني جالسه ابكي بس عشان مافي احد بحياتي يرد علي بدري☹️,1,13
يالله كنت من قبل امس وانا مخنوقة الى اليوم صحيت ابكي وطلعت كل البكا والدموع واقول مافي شيء مضايقني الحمد لله,1,21
قمت ابكي ولحين ابكي فيني ضيقه يارب كل شي بخير,1,10
ابكي من البعد ولا ابكي من الذكرى الضيق في خاطري و الدمع في عيني,1,14
حين يأخذني الحنين لوراء لا أعلم هل أبتسم لأن الذكريات جميلة ام أبكي لأن الماضي لن يعود 💔,1,18
بس جالسه ابكي وش يسكتني,1,5
ابكي من البُعد ولا ابكي من الذكرى الضيّق في خاطري والدمع في عيني 💔🥺,1,14
قاعدة امسك دموعي وانتظر اختلي بغرفتي عشان أبكي,1,8
للحين ابكي عليه,1,3
قاعده ابكي ويسولف,1,3
أبكى قهرا ولكن ليس على أهل غزة فهم فازوا بجنات النعيم أبكى قهرا على عجزنا فلسطين حره,1,17
قاعده ابكي بأبشع طريقه ياناس,1,5
ابي ابكي بس شلون,1,4
احاول ما ابكي,1,3
أتذكر بعدما ماتت أمي اله يرحمها كل الي حولي كانوا يسكتوني عندما أبكي بعدها أصبت بالاكتئاب,1,16
لعلي ابكي فينادي الله ملائكه ويقول اقبضو عبدي فانه متعب 💔 🥺,1,12
ابغى ابكي قرف وقح وقح,1,5
والله ابكي ابكي,1,3
من الصباح امي تقول ابكي ولا تحبسين دموعك واحس بينزل شلالات مو دموع,1,13
لي ساعه ابكي بسببه اكرهه,1,5
جالسه ابكي,1,2
انا ابكي بليز هلب,1,4
بكيتُ وهل بكاءُ القلبِ يجدي فِراق أحبّتي وحنينُ وجدي فما معنى الحياةَ إذا افترقنا وهل يُجدي النحيب فلستُ أدري,1,19
أبكي من العزلة و من الحياة من الكتف الذي لن أستطيع امتلاكه أبداً الأشياء التي حلمت بها و تلك التي فكرت بها و ما تمّ نسيانه بداخلي,1,27
أبكي من الفراق وهو مابعد جه,1,6
ابكي ابكي لين انام,1,4
احتاج ابكي كثير و باعلى صوت,1,6
سيبوني ابكي😭,1,2
طبيعي ابكي عشان بنترك شقتنا 😭,1,6
فاليَوم أبكي على مافاتني اسفاً وهل يُفيد بُكائي حِين أبكيه واحسرتاه لِ عمرً ضاع أكثر والويل إن كَان باقيه كَ ماضيه,1,21
احس نفسي ابكي بس تعبت من النكد 😔💔,1,8
جالسه ابكي بسب ذبانه وضغط التحصيلي,1,6
ابكي بس,1,2
اليوم كل شي يقولي ابكي,1,5
ابكي على حالي,1,3
أحن إلى أبي في كل موقف عصيب أمر به في كل شيء أبكي كطفله صغيره قائلة ماذا لو كنت هنا يا أبي أفتقدك حقًا اليوم وكل يوم,1,27
ابغى حضن ابكي فيه تعبت ابكي لوحدي,1,7
ابغا ابكي بس,1,3
أبكي بأسوء شكل,1,3
طبيعي إني أبكي بدون سبب,1,5
نفسي ابكي بس مافيه سبب,1,5
ياربَ قد أبكي سراً وقد أبتسم جهراً قد أدّعي إني بألف خير وأنت وحدكَ تعلم ما يؤلمني وما يرهقني وما أريد فخفف عني,1,23
مدري ابكي😭 ولا اضحك 🤣 بس ليه متضايقة 😭🥺,1,9
ابغي ابكي لين تخلص الدموع الي بعيوني😭,1,7
برجع انام وانا ابكي,1,4
شعور الوحده وحش جدًا,1,4
اشعر بالوحدة و ذلك مؤلم للغاية,1,6
الوحدة والملل↗️↗️↗️,1,2
انطوائيه دائماً افضل الوحده,1,4
أنا مُش لِوحدي أنا معايا الوحدة و المَلل و الروتين مالين عليا حَياتي,1,13
الوحدة مؤلمة,1,2
الوحده اصعب شي في الدنيا,1,5
العجز و قلة الحيلة غلبوني بقيت اخاف اقول لحد بحبك او متخافش او انا جنبك عشان عارفة ان هيجي يوم ضعفي و خوفي يغلبوني,1,24
أني أخترت الطريق الخطأ أرهقتني الوحدة يا اله لا أقصد أني بلا أصدقاء لكني لا أجيد التعبير عما يحدث بداخلي,1,20
متلازمة الوحدة مبتفارقنيش🖤,1,3
الوحدة رصاصة بلاصوت تكون مناجاة لروح وإستفراد بالذات أحياناً وقاتلة مُميتة غالباً,1,12
الوحده حلوه بس طلعت صعبه 💔,1,6
صاحبي الوحده قتاله,1,3
تذوق الوحده امر مر,1,4
الحمدلله على الوحده والنبذ الي وصلت له,1,7
الوحده شينه,1,2
كما لو أن فيضًا من الوحدة الغائرة تجري في عروقي,1,10
حاسة اني مش محترمة وانا بواين والله والدنيا بتولع بس انا اسفة الوحدة صعبة ومش هواين تاني وشكرا,1,18
الإنسان حزين جدا على نفسه وشعور الوحدة قاتل حقيقي,1,9
اشتقت لأصحابي الوحدة تعور,1,4
أنا مو موجودة غارقة في الوحدة أحب دائمآ بقوة ولا يعود لي هذا الحب بالمقابل 😔💔,1,16
واو نوبات الهلع رجعت لي😽,1,5
نوبات الهلع مشكله,1,3
لا شيء يُذكر سِوى نوبات الهلع,1,6
طيب ترا يحزن مو وقت الرهاب,1,6
الرهاب الاجتماعي اسوء شي مكن يتعرض له الشخص,1,8
ابي اكسر الكرسي من الرهاب الي جاني,1,7
اكبر ضرر سببته لي الاباحية هو الرهاب الاجتماعي هذا الي اعدم حياتي بدون مبالغه هذا غير الاضرار الثانيه لكن هذا الاكبر,1,21
رتويت اله يسعدك احتاج طرق لتخلص من الرهاب الاجتماعي ابي ازيد ثقتي بنفسي كيف الله يسعدكم 🤍,1,17
قريت اكثر عن الرهاب الاجتماعي وطلع صدق عندي,1,8
أعاني من رهاب اجتماعي من زمان هل سورة البقرة تشفي من الرهاب بفضل اله ابي قص لناس تشافوا من الرهاب,1,20
شرايكم تدخلوني قروب قبل ما انهار من الرهاب,1,8
الرهاب بهدلني رجعوني الاوضه,1,4
شلون اتخلص من الرهاب الاجتماعي 💔☹,1,6
اذكر اول ما اخذت السيارة من قوة الرهاب الاجتماعي كنت اخاف ارفع صوت المسجل,1,14
اخوي جزاك الله خير مكن تسأل المتابعين احتاج طبيب يعالج الرهاب الاجتماعي عن تجربه وشكرا,1,15
حذفت حسابي الاساسي من كثر الرهاب ه وش ذا,1,9
🔖من الخاص السلام عليكم كل عام وانت بخير مكن تطرح سؤالي وين افضل دكتور يعالج الرهاب الاجتماعي عن تجربه جزاكم ا,1,21
تكفون ما ابغى اطلع اواجه الناس انا الحين فيني الرهاب الاجتماعي,1,11
لما يجو ضيوف متطفلين ويدخلوا غرفتك بدون استأذان ويبدأ شغل الرهاب الاجتماعي وسواس النظافه 🥲,1,15
يارب اشفينا من الرهاب الاجتماعي🤲,1,5
هذا الرهاب انصبت فيه الله يعين,1,6
جيت أوزع الشاهي عالضيوف وجتني دوخة فجأة من الخوف وطاح الترمس والبيالات من الصحن بسب الرهاب الاجتماعي,1,17
الرهاب الإجتماعي بالله مو وقتك,1,5
أتمنى يجي اليوم الي أروح لما صديقاتي يعزموني لكن الرهاب الإجتماعي مشكلة الله ياخدْه,1,14
حقيقي الأحداث الفلسطينية قاعدة ترجع لي الرهاب والوسواس 💔 بس ما اقدر اتغاضى لازم اشوف وانزل عندي اش اسوي 😭,1,20
الرِهاب الإجتماعي كل ماله ويزيد اكثر,1,6
وبعدين مع الرهاب الاجتماعي,1,4
قبل شوي جونا ضيوف وانا داخله متحمسه متكشخه واول ماجلست انربط لساني وتوترت ولاعرفت اصب قهوه الله يلعن الرهاب بس,1,20
الله يعيني على الرهاب الاجتماعي بالعيد والزيارات واله ان ماودي الله يعدي هاليوم على خير,1,15
الله ياخذ الرهاب الاجتماعي معاناه,1,5
تعديل احب العيد بس اكره الرهاب الاجتماعي,1,7
كلهم يسولفون وانا قاعد على جوالي وحالتي مزريه الله يلعن الرهاب الاجتماعي,1,12
يدي ترجف الله ياخذ الرهاب الاجتماعي,1,6
الرهاب الاجتماعي عندي الحين⬆️⬆️⬆️,1,4
مادري متى بيجي يوم وافرح بالعيد الله يلعن الرهاب الاجتماعي و التاتاة,1,12
الرهاب الاجتماعي اعاني منه,1,4
واله العظيم الرهاب الاجتماعي الي فيني مو مخليني اعيد على صحباتي واقاربي شسوي يا ناس,1,15
اعتقد الرهاب الي عندي من الجروبات الي بتعمل هنا في محله,1,11
وانا احاول اهرب من الرهاب الاجتماعي والصوت الي فيه صيحه ورجفه اليد واعيد طبيعي,1,14
مدري بس خلاص قرفت من الرهاب الاجتماعي ولا ايش ما كان الخلل الي فيا,1,14
انا جداً خايف ان هالعيد يكون فيه ناس مو زي العيد الي فات لاني ماتحمل صرت ارجف ويجيني ضيق تنفس من بعد الحجر لانه زاد الرهاب,1,26
الرهاب مو مخليني اتكلم بالسبيس,1,5
بكرا العيد و من زمان ماقابلت احدالرهاب وقته وقته,1,9
صورة لي تجمعني بأقرب الأصدقاء ❤️ الأكتئاب و الهَلع و الرهاب الأجتماعي والتوتر و القَلق و التفكير الذين لا يفارقوني,1,20
اهلي هم السب الوحيد لامراضي النفسيه مثل الرهاب الاجتماعي واضطراب مابعد الصدمه الاشخاص الي المفروض يكونون مصدر الدعم,1,18
طيب كيف اوخر الرهاب الاجتماعي,1,5
كيف كسرتي الرهاب الاجتماعي بليز احس حياتي متوقفه وانا انسانه طموحه ابغى اكمل دراستي بعد الجامعه,1,16
دكتور كيف علاج الرهاب الاجتماعي الخفيف مثل اذهب لحضور الجمعات لاكن احس فيه حيا شوي خاصه البدايه,1,17
انا الي ماكنت انام باليل عشان انام بالمدرسه وبكذا اخف من الرهاب والتوتر ويطلع شكلي من برا كول وانا بالحقيقه منبوذ,1,21
الرهاب الاجتماعي قاعد يرجع لي ومقدر اسوي شي بخصوصه 😞,1,10
🇸🇦 مﻧ الخاص 📩 زوجى يعاني من الرهاب الاجتماعي مكن تدلونى على دكتور نفسي كويس بالمدينه,1,16
ايش الحل مع الرهاب الاجتماعي,1,5
رابط كبير بين الرهاب والقلق والاكتئاب والعيد,1,7
ترا البروزاك مفعوله سحر,1,4
انا اخذت بروزاك مدية طويلك وقفته وماجاني ادمان ولا شي اصلا سالفة يسب ادمان ذي خرافة — ايه البروزاك مايسب ادمان,1,21
اخدت بروزاك وكويس جدا,1,4
لمن شفت البروزاك ضاق صدري منقطع له ٦ شهور,1,9
البروزاك حقي اختفى من مكانه وبعد جلطتين وتحضير لبرزنتيشن عن ليش آخذه حصلته طايح ورا الدولاب,1,16
كنت تعبان والموضوع قالب بصداع جامد ف وانا بكشف النهاردة الدكتور كتبلى مضادات اكتئاب مع العلاج ال هو لدرجادى باين عليا يدكتور,1,22
دكتور انا استخدم دواء لوسترال جرعة 50 ملغم ثلاث حبات باليوم واستخدم بعد دواء أدازيو حبة قبل النوم,1,18
سلام عليكم انا استخدم دواء مضاد لاكتئاب اسم المادة العلمية سيرترالين الدواء اسمه لوسترال جرعة 150 ملغم,1,17
سلام عليكم دكتور كل عام وانت بخير وصحه وسلامه سوال عند علا ج اسمه لوسترال مافايدته ومضاره لاهنت,1,18
٢رغم استخدامي لحبوب ماتغير ولا شي والاعراض مستمره وصرف لي دكتور النفسيه حبوب لوسترال مضاد لقلق منذو ار,1,18
نفسي أبكي محتاجه دوا لوسترال الحياة قاعدة تخبط فيا بشكل مو عادي,1,12
دكتور انا بالكويت واخذت لي مجموعه من حبوب لوسترال لحين تواجدي مره ثانيه بالسعوديه واخذ موعد بالعياده,1,17
السلام عليكم وصفت لي حبوب لوسترال وانا متزوجه هل لو احمل اتركهم لكي لاثؤثر ع الجنين والحمل,1,17
ربي هُناك ضيقه أتعبتني و أبكتني أرح قلبي و فرج همي و أبعد عني ما يؤلمني الهم قد بلغت من الهم و الحزن حد السماء يسر لي أمري يارب,1,29
ادعولي اله يفرج همي صارلي ١ سنه اعاني وما اعرف ايش السبب,1,12
الهم اقضِ حاجتي وفك كربتي وآنس وحدتي وفرج همي,1,9
يارب فرج همي,1,3
يارب كملي بعقلي لين يفرج همي,1,6
يارب فرج همي وسخر لي عبادك,1,6
واله ودي اعرف ليه قاعده ابكي,1,6
ودي أبكي لكن ماعندي وقت أني امسح دموعي,1,8
زعلانه على نفسي حيل من كثر ماني زعلانه وصلت اني ابكي مابي اطيح من عين شخص غالي بالنسبه لي,1,19
يعني ف الايام الحلوه ابكي و الايام الشينه برضو ابكي ي رب اقدر اسوي كنترول لدموعي ف المواقف 😂🚶🏻‍♀️,1,19
شعور الي ودي ابكي وافرغ الي بداخلي بالبكاء اصعب شعور وابشع شعور انك تبكي على الصامت,1,16
ايه اقولك قاعده ابكي 😭🔥😭🔥😭🔥,1,5
ابي ابكي بس حتى البكاء م يفيد لانها حياتي م تغير غير اني اتعب نفسي,1,15
دايرا ابكي لكن ما قادره 😭,1,6
أشعر بشيئ يشبه البكاء لكنى لا أبكي,1,7
برجع ابكي مين يهتم اف خايفه موت,1,7
قاعده ابكي من نص ساعه ما استهبل,1,7
ايوا للحين ابكي,1,3
ما غير اشوف صورك و ابكي و اشتاق ل احلى ليالينا و ضحكاتنا مع بعض😣🥺,1,15
مشاعري لهم حقيقيه ابي ابكي,1,5
ليه أبكي من أغنية وش هالهشاشة,1,6
كم ابكي وجهي يحمر لحد المرض,1,6
ها أن وحدي و الحزن يقطعني لا انت تدري ماذا جرى لي و ابكي على جميع اخطائي,1,17
ابكي بصمت ليا شهور ابي اطلع💔,1,6
لَازِلْتُ أَبْكِي مُذْ رَحَلْتَ كَأَنَّمَا فِي كُلِّ ثَانِيَةٍ بُكَائِي وَدَّعَكْ,1,10
تعب و ابغا أبكي,1,4
انا انتحر ابكي,1,3
أقسم باله وبمن أحل القسم انا بهم وكربه وضيق والله يعلم بحالنا الناس فرحانه بلعيد واحنا من الخوف والقلق الخ,1,20
كلها انا وصلت ابكي بكا,1,5
جاتني دوخه وكتمه وخفقان وانا ماسكه سرا عشان طلبي لو ينفع يتركوني على جنب أبكي,1,15
اضحك وفيني لمواجع مقابر ابكي وضحكي ذنب والدمع تكفير,1,9
ابي ابكي لين ما اموت,1,5
لعلي ابكي فينادي الله ملائكته ويقول اقبضو روح عبدي فإنه متعب,1,11
وكأن وحش ينام على صدري أُريد أن أبكي لكن لا أستطيع😢💔,1,11
مرات ابكي قبل انام بعدين اقول لنفسي اخاف اموت بسكته قلبيه,1,11
اذكر وحده تنمرت علي قعدت ليلتها ابكي بصراحه مو عن اني حساسه بس كلامها جاء على الجرح يعني عايرتني,1,19
نو ابكي ابكي وربي,1,4
يع قعدت ابكي كيف كبرت كذا 😫,1,7
بالعيد قعدت ساعه اقنع عمي لما اقص شعري عشان اغير نفسيتي وتصير حلوه ومن بعدها وانا ابكي فوق المرتين باليوم,1,20
وانا هنا ابكي❤️❤️❤️❤️,1,3
واله انا متناقضه شوي ابكي شوي اضحك عجزت افهمني,1,9
احتاج بيت ابكي فيه ع راحتي,1,6
خلص رح أنام وأنا نفسي أبكي لأني رح أنام😂,1,9
من كثر ما انا مهموم ما عاد فيني ابكي,1,9
خلص جد نفسي ابكي ابكي ابكي ابكي,1,7
ياربي تعتبت تعبت احس بكتمه فضيعه وخنقه وكلشي ماني قادره اخلص الي علي واحس تعبت اقسم بالله مستقبلي قاعد يضيع,1,20
لقيت شيء ابكي عليه,1,4
قاعده ابكي دم هي من جد تزوجت والله بموت 😭,1,10
وأبات أبكي على حالي💔,1,4
ادور شي ابكي عليه,1,4
كره عظيم لرجفة اليد الي تلازمني وانا أبكي,1,8
ه ابي ابكي صدق,1,4
أكره الوجُع البارد الي صاير فيني الي مَا يخليني لا أبكي و لا أفضفض بس كذا أتعب و أشيل حرقة قلبّي و أضحك و أسكت و أنام,1,27
حتي طعامي المفضل لم يعد يسب لي البهجة ولا المشي تحت المطر ولا سماع أغنية أحبها و لا المشاعر المؤقته لا شئ يعجبني أريد أن أبكي,1,26
خذلاني لم أتوقع يوما أن أخذل بهاذا الشكل أشعر بشعور سيئة لغاية ربما كان من الأفضل الفراق لكن لم ابكي يوما مثلما بكيت تلك اليوم,1,25
فيني طاقه ابكي ترا مره يقهر,1,6
انا مستعدة ابكي لين اموت بس أمسح بكرامتك أكثر ماهي مسوحها,1,11
ابكي وربي ابكي,1,3
جالسه ابكي عشان حياتي الي اول كانت حلوه وفيها أشخاص كويسين راحت,1,12
احس ابغى ابكي كثير 😩,1,5
ضيقه بصدري مو طبيعيه و اكتئاب و أحس كلشي اجتمع علي لدرجه ابكي و انا اكتب و ما اعرف أساساً ليش ابكي,1,22
اخاف تجي ذيك الحظه الي كل الناس تقدر تشوف الي بداخلي بيقول ذي كيف عايشه كيف متحمله اخاف يجي يوم من الايام,1,22
اكره اني ابكي من كلشي وازعل من كلشي تافه اكره,1,10
أبكي لأني في فترةٍ سيئةٍ لا أقدر على تخطي مرارتها وحدي,1,11
اعاني من القلق والاكتئاب من و انا صغيرة ومعرفتش غير لما كبرت ورحت لطبيب نفسي,1,15
الاكتئاب بيسرق مني وقتي وانا مش قادر اعمل حاجة,1,9
اتشخصت اكتئاب,1,2
اتشخصت اكتئاب انفعالي حاد,1,4
انا اشعر بانني احتاج طبيب نفسي احس باعراض اكتئاب,1,9
الدكتور اداني بروزاك مضاد اكتئاب وليكسوتانيل للقلق,1,7
أشعر و كأنني أواجه أمورًا أكبر من طاقتي منذ فترة,1,10
أشعُر بشيء يُشبه البُكاء لكنني لا أبكي,1,7
عندما يعجز الإنسان عن إخراج مابداخله، يبكي,1,7
طبيعي اني ابكي بدون سبب ولا اقدر اسيطر على دموعي ولا هذا اكتئاب ؟,1,14
كلنا هنمر بمرحلة اكتئاب وانا دلوقتي فيها وربنا يستر,1,9
اكتئاب ما بعد التخرج توهان,1,5
نوبات القلق المتكررة دي مزعجة وبدون سبب,1,7
الدكتور كتبلي لوسترال للاكتئاب,1,4
امر باكتئاب ما بعد الولادة ربنا ينجينا,1,7
صارلي ايام اعاني واحس بتعب وجنت مكتأبة واحس الضغوطات النفسة اتجاوزتني بس اليوم شفت امي فخورة بية وتحجي وعيونها تحجي,1,20
اللهم أبعد عني كل ضيق اشعر به و كل ما يشغل بالي يارب ارح قلبي و فكري و ارزقني سعاده لا تنتهي🤲🏻,1,22
موت الأب ليس توقف نبض فقط بل توقف حياة گاملة توقف سعادة توقف امان رحل فقيدي ولگن مازال في قلبي ينبض ويعيش الله,1,23
يمر علينا بعض الليالي الطويلة المحملة بالألم فتشغلنا كثيرا وتنسينا ليالي جميلة فيها سعادة وأمل,1,15
اشتقت ل شخصيتي القديمة جداً كنت شخص سعيد ونشيط متفائل يرى الجمال في كل شيء حوله عنده أمل ودافع يحب نفسه,1,21
أنا وحشتني شخصيتي القديمة أوي كنت شخص سعيد و نشيط متفائل شايف الجمال في كل حاجه حواليا عنده أمل ودافع بيحب نفسة لكن دلوقتي اكتئاب,1,25
أنا بجد محتاجة إيمان اللي بتحب الحياة وكانت أكتر شخص متفائل ع سطح الكوكب حقيقي محتاجاها 🥺,1,17
ما السبب الذي يحول الإنسان من شخص مرح متفائل إلى كتلة من الصمت والإنعزال,1,14
عارفين لما الواحد يكون متفائل بس حاسس بيأس لدرجة مش طبيعية وحاسس إنه النهاية حلوة بس مش متأكد,1,18
التذكير ب شي يضايقني نفسيا وانا احاول اكون متفائل و مرح كذا انا انعزل افضل و اكون مرح لنفسي فقط 🙂,1,21
ثم تحول الإنسان من شخص متفائل إلى كتلة من الصمت و الانعزال والحزن,1,13
مع كل لحظه وفاه تمرني يتجدد جرح قلبي وكاني فقدتك ب الامس م اعتقد هالقلب له فرصه يعيش لحظه سعيده بدونك 💔,1,22
الاسباب اللي تخليني مالجأ لقتل نفسي هي تخنقني لا اني اموت وارتاح من ذا اليأس ولا اني اعيش باقي حياتي سعيدة,1,21
أما أنا فقد نسيت شكل الأيام وهي سعيدة,1,8
حياتي خاليه من الحب جافه قاسيه بدون اهتمام بدون سوال بدون خوف فارغه من الحنان فراغ كبير وكاني لقيطه وش ينقصني عشان احب,1,23
أنا مش سعيده ولا حزينه أنا تايهه,1,7
يقلقني أن ثمة شيئًا محطمًا في جيلنا ثمة الكثير من العيون الحزينة في وجوه سعيدة,1,15
مستحيل اكون سعيده,1,3
غير صحيح انا مو سعيده ابحث عن زوج,1,8
تعبت اتظاهر اني سعيده,1,4
ليش دايما يلازمني شعور ان ايامي سيئه وممله مهما كانت فيها فعاليات ماقدر اتفاعل مع الي حولي وانبسط ودايما احسني مو سعيدة,1,22
لست حزينه ولست سعيده أنا لا شئ 🖤🖇📃😊💕️,1,8
زي النهارده من سنتين كنت اسعد انسان في الكون كله كنت راجع ببكي من الفرحه زي النهارده من سنتين كانت اخر مره افرح,1,23
لا يوجد سبب منطقى للإنجاب حتى لو وفرت لطفلك حياة سعيدة لن يسلم من الأشياء التى يعيشها جميع البشر الموت المرض,1,21
انت لا تعلم بشاعة ما امر به,1,7
أخاف أن يفنى بنا العمر ونحن نتخيّل الأشياء على أمل أن تحدث ولا تحدث 💛,1,15
خيبة امل,1,2
وكم من لحظة قتلت فينا ألف أمل وألف رغبة وألف ألف حلم گم نحن ضعفاء أمام اللحظات التي لا تمر ب سْلام,1,22
عايش لحظة ملل بكل معانيها حاسس بخيبة أمل واليأس طاويها,1,10
أشعر بالملل ببرودة الأيام فقدت رغبتي بقراءة الكتب بمشاهدة الأفلام والكتابة لا أود التواصل مع أحد ولا أشعر بأي رغبة في الحياة,1,22
كلنا غرقنا في احزان لا امل في زوالها,1,8
لا امل ولا طاقه و لا شغف,1,7
انا لوحدي ومعنتش قادر اسيطر بالكدب ع نفسيتي اني كويس وفرحان وحياتي جميله انا تعبت انا ماستهلش الاذي النفسي ده,1,20
اوحش حاجه بجد انك تبقى لوحدك بتفكر لوحدك بتظبط كل حاجه لوحدك لما بتتعب بتبقى لوحدك و انت فرحان او مضايقك لوحدك,1,22
انا حاسس اني تايه مش كويس ولا مبسوط مبقاش عندي شغف لأي حاجه حاسس ان في حاجه ناقصاني واني حابب اكون لوحدي,1,22
حزينه اني احس ان محد مبسوط لتخرجي💔,1,7
بنام كتير علشان مش مبسوط معاكم ع الكوكب,1,8
إحساس وحش أووي لما يبقي كل حاجه جواك بتصرخ من الوجع و الصداع الداخلي و الزحمه و لازم تبان قدام الكل إنك مبسوط و مفيش فيك أى حاجه,1,28
احساس لما الحاجه الي انت عايزها تحصل بس انت مش مبسوط احساس ملازمني,1,13
اكتشفت اني معنديش حد اروحله وانا مبسوط او حتي اروحله وانا زعلان شكلي كده ماليش حد أصلا وحيد,1,18
انا بقيت حاسس بضغط نفسي من اقل حاجه ومن اقل مجهود ديما نفسي غامه عليا وضربات قلبي سريعه حاسس ان وجودي عل قيد الحياه تقيل,1,25
الواحد بس مش بيدايقه غير انه مبيلحقش يفرح احساس الفرحه الناقصه دايما دا مرهق جدا والله,1,16
كل معالم الفرحه في وطني تم هدمها 😔,1,8
مبقتش حاسس بطعم الفرحه مهما كانت الحاجه اللي بتفرح 💔,1,10
تعبت امثل الفرحة وانا بداخلي حزن تعبت اضحك وانا بداخلي غصه,1,11
سامحوني اذا فارقت الحياه فهذا ماكنت اتمناه يوماً,1,8
احس الحياة صارت متعبة حتى ماصار لي خلق اتفائل ولا اسوي اي شي تعبت,1,14
ايش هذه الحياة البائسة اللي قاعدة اعيشها,1,7
الحياة كل ما أكبر تزيد صعوبة لذلك رغبه أنهي حياتي فكرة لذيذة,1,12
كانت أمي على قيد الحياة وكنتُ أنا على قيدها,1,9
الحياة قاسية والعائلة تقسو والأصدقاء يرحلون ولا يوجد من يُطمئنك أو يُخفف عنك,1,13
عارف اما تحس ان حظك معدوم اسمك مشطوب من الحياه فتبقى عايز تلعن اليوم اللي اتولدت فيه,1,17
لم أكن علىٰ قَيد الحياة في كل الأحوال,1,8
مفروض تعطوني جائزه اوسكار على اكثر انسان منبوذ في الحياه😭😭,1,10
حتى طعامي المفضل لم يعد يسبب لي البهجه ولا المشي تحت المطر ولا سماع اغنيه احبها ولا المشاعر لا شيء يعجبني أريد أن أبكي,1,24
لم تكن أول مرةٍ أبكي فيها ولكنني بكيت بشكل مفرط ولم أستطع التوقف بدت دموعي كأنها لا تنتهي شعرتُ أنني فقدتُ شيئاً,1,22
مؤلم جداً حين ابكي ولا احد يسمع بكائي ابتسم رغم دموعي التي تنهش عيني اواسي من حولي رغم ان بداخلي مدينة مُدمرة,1,22
والله اكتشفت ٢ من صديقاتي يعانين من الاكتئاب من خلال ملامحهم شئ مرعب وجه مطفي حتى في عز الضحك لازلت ارى ملامح باكيه خلف الاقنعه,1,25
عايزة اكون لوحدي,1,3
انا لوحدي اوي,1,3
لا احد يهتم,1,3
لا احد ينتظرني ابدا,1,4
وما الجدوى لا فائدة ابدا,1,5
الذنب ذنبي انا,1,3
انا مكتئب جدا الفترة دي,1,5
اشعر ب اكتئاب شديد,1,4
اشعر بالاكتئاب,1,2
اليومين دول انا مكتئبة اوي,1,5
الجامعة بتخليني مكتئبة,1,3
انا حزينة اوي علي القط بتاعي,1,6
الذنب ذنبي انا حزين فعلا,1,5
انا قلقانة بشكل غير طبيعي نوبات القلق تحاصرني,1,8
انا قلقان بشكل مفرط,1,4
انا بقلق وبتوتر من اقل حاجة,1,6
طبيبي النفسي شخصنب بالاكتئاب واضطراب القلق,1,6
انا عايز اموت تعبت,1,4
الموت هو الحل,1,3
يارب خدني انا زهقت,1,4
يارب خدني انا استنزفت,1,4
خدني يا رب انا مش سعيدة ابدا,1,7
كئيب جدا,1,2
كئيبة جدا,1,2
مكتئبة اوي الفترة دي,1,4
عايز انتحر باي شكل من الاشكال,1,6
ويبقي الانتحار هو الحل,1,4
لا فائدة ابدا فالانتحار هو الحل الاخير لكل هذة الخيبات المتلاحقة,1,11
مضادات الاكتئاب مش جايبة نتيجة,1,5
انا بقيت باخد مضادات اكتئاب وقلق يا جماعة متخيلين,1,9
مضادات القلق بتساعدني علي تخطي النوبات,1,6
مضاد الذهان عامل لي دماغ,1,5
و الحزن مالي العين,1,4
حزينة بشكل غير مسبوق والله,1,5
يائس من الحياة,1,3
انا بقيت يائسة جدا كل حاجة تجيب احباط,1,8
احباط وعزلة و ياس,1,4
انا محبط,1,2
محبطة من امتحان انهاردة,1,4
عايزة اعيط اوي لحد ما انام,1,6
انا بعيط من ساعة ما صحيت من النوم,1,8
مش قادرة ابطل عياط,1,4
كل حاجة بتفشل هعيط,1,4
حتي البكاء لن يجدي,1,4
عايز ابكي بحرقة,1,3
ببكي الان,1,2
هبكي والله,1,2
الاحباط يحاصرني,1,2
عايز انهي حياتي,1,3
عايز انام ما صحاش تاني,1,5
عايز انام ما اقومش,1,4
ياسلام لو الواحد يموت وهو نايم,1,6
مش قادر اقوم من السرير,1,5
انا بقيت طول اليوم في السرير,1,6
بنام كتيير اوي,1,3
بنام اكتر من 12 ساعة,1,5
مش عارف انام ارق,1,4
لما اكون مش قادرة اقوم من السرير بعرف ان في نوبة اكتئاب في الطريق,1,14
خايفة من الوحدة اوي,1,4
لا احد يشعر بي,1,4
محدش حاسس بيا,1,3
نفسي حد يحس بيا,1,4
انا مبقاش عندي اصحاب انا بقيت وحيدة اوي,1,8
وحيد تماما,1,2
اشعر بالضيق,1,2
خيبات الامل تتوالي,1,3
عندي خيبة امل و ياس,1,5
مليش نفس للاكل ووزني بيقل جدا كل دة من القلق و الاكتئاب,1,12
انا وزني زاد من الاكتئاب عماله اكل مش عارفة ابطل اكل,1,11
معنديش طاقة اعمل اي حاجة نهائي,1,6
طاقتي قليلة اوي,1,3
انا مش مهم عند حد,1,5
انا مهملة ومش مهمة,1,4
حزن الفراق,1,2
الفراق مؤلم,1,2
ويُرهقني أنني مليء بِما لا أستطيع وصفُه.,1,7
الألم الذي يبدأ من العائله، لا ينتهي أبدًا.,1,8
الشعور بالوحده رغم الكم الهائل من الناس حولك.,1,8
لستُ بخير، لكني أقاوم,1,4
مُتعب وكانني انتظر شىء والامل مفقود فيه,1,7
أليس مُملًا أن تحزن لنفس السبب يومياً,1,7
لم يحبني احد,1,3
ميت علي قيد الحياة,1,4
إن الاكتئاب هو أبغض تجربة مررت بها على الإطلاق إنه انعدام تصور الشعور بالسعادة مره أخرى وأيضاً غياب الأمل كلياً وإنه الشعور بالموت،و إنه تماماً عن الشعور بالحزن,1,28
انها الواحده بعد منتصف الليل ً بتوقيت العالم. والخيبة اللامنتهية بتوقيت القلب.. إنها الساعة التي نصلُ فيها مثقلين من التعب إلى زنزانة السرير، وأنين الحائط، خالعين فيها جُل أقنعتنا التي اعتريناها في هذا اليوم.,1,34
زعلان ع حالي أكتر ما زعلان على غيري,1,8
الاكتئاب انطفاء للروح بعد الحياة,1,5
معاد فيني قوه اعيش,1,4
مش قادر اعيش,1,3
أتدرون أن الحزن بداخلي قر واستقر أفقدني وهج روحي ولابتسامتي عقر,1,11
اقصي مراحل الحزن انك بتكون ملكش نفس تشتكي مش عايز مساعدة من حد مش عايز تتكلم مع حد ومش مستني حد يكلمك ولا حد فكراك أساساً عندك كلام كتير يتقال بس مش حاسس انك محتاج تقوله عشان عارف انه مش هيفرق و مش هيتفهم كل الي محتاجه انك تفضل ساكت و في حالك وبس…,1,54
لكنني لست سيئ ليصيبني كل هذا الحزن دون شفقه,1,9
"حتى طعامي المُفضل لم يعد يسبب لي البهجة ولا مشاهدة فيلمي المفضل ولا سماع اغنية أحبها ولا المشاعر المؤقته "" لا شيء يعجبني، أريد أن ابكي",1,26
ياريت لو في دواء يغير المزاج و يجيب السعادة لمه يجيني اكتئاب اكره حياتي و افكر بالموت و اسلم امري ل الله,1,22
ببالغ الحزن أم بالحزن أبلغكم ؟!! اني حزين ومن حزني أودعكم,1,11
لا طاقه لي للكلام، ولو كان هُناك ما هو أهدأ من الصمت لفعلته.,1,13
مفيش طاقة للكلام ولا لاي حاجة,1,6
لو كانّ بُكاءّ لبكينا .. لكنهُ أكثَر,1,7
أحياناً يبكي فيك كل شيء إلا عينيك,1,7
حتى العائلة قد تكون سبب اكتئابك ايضاً,1,7
ضاقتُ بِي الحياةً ولا ادرِي الى ايِنُ اذهُب اضلمت طرقاتِي واضللت طريق العوده، واغلقتُ الأبواب في نهايهً طريقِي.,1,18
وكنت أحاول رغم أن محاولاتي تؤذيني حتى باتت كل محاولاتي إنكسارات، قد تظن أنني لا أشعر ولا أبالي للأمر، وأنا في الحقيقة قد هزلت من الصمت,1,26
اخبُروني اين يبُاع النسِيان واين اجدُ ملامحي السابقة وكيف لي ان اعوُد لنفسي؟.,1,13
أضحك وأنا في خاطري الف عبره وأسكت واشيل هموم قلبي لحالي,1,11
أُمِيّ ليس فرداً دُفن ، أُمِيّ عالم قد مات,1,9
شعور بداخلي يعدم رغبه الحياه مابين اني بخير ومابين اني ميته لا اعلم من انا وماذا اريد وهل هذا شي حقيقي ومتى ينتهي,1,23
عندما أُصبتُ بالاكتئابِ ،وتغيَّرتْ نفسيَّتي : قالتْ أمّي : إنّه حسدٌ قال الطّبيب : إنّه مرضٌ قال رجلُ الدّين : إنّه الشّيطان وأنا الوحيدةُ الّتي كنتُ أعلمُ أنّه أنت..!,1,29
في أشد لحظات حزني لم أصرخ، لم تكن مشكلتي في إنني وحيد ولا أحد معي في هذا الحزن، كنت أفكر في أمرٍ واحد، كيف سأقضي ما تبقى من عمري بكل هذا الخراب في قلبي.,1,34
شعرت أَنني وحدي تمامًا، وكأَنني آخر منْ بقي حيًا على الأرض، لا أستطيع وصف شعور الوحدة التامة هذهِ، أردتُ فقط أنْ أتبخر في الجو ولا أفكرَ في أي شيء,1,29
الصامتون موتى بطريقة ما,1,4
لكن الانطفاء هذه المرة كان ابدياً,1,6
ماعاد لي طاقه اتحمل! تعبت من هالحياه وهالبشر!,1,8
الواحد محتاج يشتغل على رسالة الوداع عشان تكون جاهزة. اكتئاب,1,10
بكيت بالأمس كما لم أبكي من قبل، استبدلت صمتي بالدموع،,1,10
"لو أنَّني أعرفُ كلمةً أعمقُ من كلمةِ .. ""انطفأتُ"".. لقلتهآ , أنا لم أشعُر من قبلُ بِانطِفآءِ رُوحي مثلمآ أشعُرُ بهآ الآن",1,22
الامر اشبه ب انتزاع روحي كل ليله.,1,7
أُريد أن أذوب، أن تمتصّني التُربة وأكون للأمم منفى، أو أن أُلقى في محيطٍ وأتحلل وأكون للأمواجِ ملحًا، أريد أن أُوجد بأي هيئةٍ، إلا أن أكون بشرًا تلفظهُ أحشاؤه، ولا ينتمي لا لبلدٍ ولا لدارٍ ولا لقلبٍ، ولا يعرف سوى الغيوم سقفًا,1,42
اتمنى احس بالامان اكتئاب,1,4
في قلبي وجعٌ هادئٌ يحرقُ الروح,1,6
بطريقةٍ ما، كنت أمهد لرحيلي.. ذلك الذي لن أعود منه حتى ينفخ ثلاثًا، لذلك كان حديثي قليل، ذكرياتي قليلة، لم أرد أن أترك أثرًا يؤلم من سيبقى خلفي,1,28
دائمًا ما أتساءل عن حجم الأسى الذي أشعر به على نفسي جراء الخيبات التي خضتها في حياتي إلى الآن، وإلى أي حد من القسوة كانت لتجعلني شخصًا مترددًا هكذا.. لا يخوض المحاولات، لا يشارك بأي معركة، ويتقبل فكرة الخسارة، شخص يجيد ترك كل شيء على حاله.. بفوضوية.. ويهرب!,1,48
فقط أُريد الأبتِعاد عن الجميع,1,5
أنا هادئ، هذا ما يبدو، ولَكِنّي لست كذلك حَقيقةً، مُفرِط في القَلق، أقلَق مِمّا أعرِف، ومِمّا لا أعرِف، وفي رَأسي تَدور ألف فِكرة، ألف سؤال، إلى ما لا نِهاية,1,29
تساقَطَ مِنِّي الرِفاق واَلاَّيام وكُل الاحلام وأنا,1,7
ومدى الألم الذي يسكن في روحي الهشة، وأن لا يرى أحد منهم معنى وحقيقة الوجع، إلا إنني اتألم دائمًا لإنني أحاول كثيرًا ولم تنجح في يومٍ من الأيام كل المحاولات التي قمت بها .,1,34
بالرغم من كل الجراح التي تسكن في قلبي، وفي الجزء الضئيل الذي أشعر به تجاه الذين من حولي، بالرغم من أنني أحاول كثيرًا أن أخرج للعالم بوجه يليق بي، ليس بالوجه الحزين، ولا أظهر لهم مدى هشاشه مشاعري,1,38
هل تعرف ماذا يعني أن يكون الأنسان من الداخل مُكتئبًا ومن الخارج بشوش جدًا،تعلم مدى الأذيه هنا؟,1,17
لا أحد يعرِف عن الحُزن الذي يسكُن قلبك، عن اليأس الذي أجهد روحك، عن خيباتُ أملِك، عن أفكارِك التي لا تتوقف، عن مُعاناتِك، عن قسوة الحياة معُك، لا أحد يعرِفُ عن أيامِك السيئة التي مررت بِها وحدك، عن ذكرياتك التي تكادُ أن تقتُلك، عن شعورك الدائم بِالوحدة. فراغ صمت خوف اكتئاب,1,51
ربّاهُ إنّي مثقلُ وأكادُ أفتقِدُ الشهيق ربّاهُ إنّي ضائِعَ والأرضُ في عيني تضيق,1,13
لن يذكرك الناس كثيراً بعد الموت,1,6
لقد عشت أسوأ اللحظات بمفردي,1,5
حين ستدفنونني اكتب على قبرى: هنا ترقد نفس ميتة!.,1,9
كان الأمر أشبه بشعور طفل أبكم، أغلق الباب على يديه، ولم يستطع الصراخ,1,13
"أمتلك عادة سيئة للغاية، ولكنها تُريحني قليلًا ""الاختفاء المُفاجِئ"" عندما يُزعجني شيئًا أختفي عن الأنظار، بل أنعزل عن كل شيء",1,20
نوبات الإكتئاب بين الحينَ والإخر تحطم نصف محاولاتي في إصلاح نفسي,1,11
فتره مُؤلمه جدًا وقاسيه ، لااعلم ما سبب تلِك الضيقه التي تاتيني دومًا والحُزن الذي سكن قلبي ،لكنّي اشعُر بألم قلبِي يتكرر كُل يوم,1,24
ولأنك تكتم الكلام ، سيتراكم حبره تحت عينيك,1,8
مثل أن تستيقظ في الخامسة فجرًا لتخبر أحدًا بأنك لست على مايرام، لكنك لا تجد من تخبره,1,17
لم تعد الأفلام والمسلسلات مهرب، ولا الأغاني والموسيقى ملجأ، ولا الحديث علاج، ولا العائلة احتواء، ولا الأصحاب حائط اتكئ عليه، لم تعد الكتب تغذية لعقلي، ولا النوم راحة لجسدي، ظلام الليل يستمر حتى في الصباح، المشاعر متقلبة والروتين متكرر وعقارب الساعة منهكة، الحياة لم تعد حياة..,1,46
عجباً لقلب بحجم قبضة اليد ، ويحمل شعوراً كالجبال,1,9
رغبه بالاختفاء وقطع جميع سُبل التعارف,1,6
حَزِين.. أشعُر بحُزن يَعتَصِر قَلبِي، حُزنٌ لَا يُوصَف أَلمُه أي شيء، ولَم يَسبِق لِي الإِحساس بهَذا الشّعور رُغمَ فقدَانِي لكَثيرٍ من الأصدِقاء و الأحِبه، جَسدي يتَداعى مِن شِدّته، شَيء يُحيرني يُقلقني، لقَد افتقدتكَ رُوحِي و أمَاكِني،و أَشعُر بِفرَاغ كَبير فِي قَلبِي,1,41
لماذا لا تعرفون معنى الالم الذي في قلبي,1,8
و الكآبة ، انه عبارة عن سُم قاتل يسري في روحي ، سُم يُعطل قدرتي على التركيز ، أعجز عن التعبير ، أود الدخول في غيبوبة,1,26
أنا مُتعب ولا أستطيع احتمِال أعباء هذا الشعور ، أشعر بثقِل كبير جداً ، يجّثم فوق صدري ، يجّثم فوق ظهري و يصقلني ، أشعر بثقل كبير جداً ، ثقل كئيب و سَاحق و مدمر ، لقد تعِدى مُفهوم الثقل,1,40
الروح أصبحت لا تميل لشي ، أصبحت تميل إلى الابتعاد عن كل شي فقط.,1,14
غرقت عيناني ب الدموع، و جوفي تمزق من الصُراخ، و صدري اصبحَ حُطامً.,1,13
"لأول مرة في حياتي أفهم تماماً تعبير ""يعتصر الألم قلبه"" لأنني أعيشه، استيقظ ليلاً عشر مرات على الأقل أشعر فيها أن قلبي لن يصمد أكثر",1,25
في كُلِ يومٍ أتناولُ وجبةُ مِنَ اليأسِ وأحتسي بالقُربِ مِنها شراباً مِنَ البؤس،و على يساري صحيفةُ الكاَبةِ نصُ موجودً بها يقول:عزيزي القارء، ستموت عما قريب!,1,25
بداخلي جُرح عميق ، لا أعرف مدى كم هو مٌؤلم لدرجه وجعه لا أعرف كيف اٌدوايه ، جُرح يصعُب علاجه,1,20
لقد أهلك الحُزن قلبي,1,4
أرهقتني الوحدة يا الله,1,4
حزني لم ينتهي أنما اشتدّ عليّ الحزن أكثر,1,8
تأقلمت على حزني إلا انه ما زال يبكيني مراراً,1,9
قلبّي يؤلمني هذا فقط ما اشعر بِه,1,7
امراض نفسية اعاني منها ، لايعلم عنها عائلتي الوحدة ، الارق ، البكاء بدون سبب ، التفكير الزائد ، اضطرابات نفسية,1,21
في عزله عن بقية الناس,1,5
ليتني لا أشعر بشيء على الاطلاق,1,6
ودي أختفي حتى عن نفسي,1,5
وجهي من الحزن أصبح لا يُرى,1,6
حتى النوم ماعاد مهربًا ، أصبح هارِبًا ايضاً,1,8
أنا مرهق أريد الابتعاد عن هذا العالم الذي جعلني مُكتئب ، مُتشتت ، حزين ، يائس ، ضائع ، هارب ، منعزل ، تائه ، وحيد ، صعب ، خائف ، منهك ، متعب ، يحتاج ، يريد ، مختنق ، يكره ، يحب ، متناقض ، خراب داخلي ، أعتقد أن لي حق في ذلك,1,56
اعتقد انني لا أشعر بشيء الآن لم يعد لدي اهتمامات أصبحت حياتي شفافة للغاية قلبي امتلئ باليأس ولا اشعر بالحياة على ما يبدو انني اتنفس فقط.,1,26
لم يكن صمتاً ، كان بُكاءً دون صوت,1,8
بلا سبب افتقد طعم الايام التي اعيشها اشعر وكأني اعيش نفس اليوم الف مرة ولا يختلف فيه سوى تاريخه,1,19
لم أستطع أن أبكي ، و لكن روحي كانت تتمزق..,1,10
و الروحُ من فرطِ التعبِ بَهُتتْ,1,6
وكالعادة أفقد كل شيء ثم أعود لزاوية وحدتي وابكي.,1,9
وأدركتُ كم أنّي وحيدة,1,4
وصلت لمرحلة حتى البكاء تراكم عليّ,1,6
ثم إنها مرة أخرى منذ وقت طويل ، بكيت حزنًا على نفسي ، على وجود اللاشيء حولي ، بكيت بالأصح على اللاشعور وعلى نفاذ الحيلة من يدي,1,27
أتمنى ان تَمضي الايام بِخفةٍ،دون ان يَتضح ثِقل قَلبي على وَجهي،دونَ ان يُهلك ذبول روحيّ بشاشة مَلامِحي,1,17
أنا ضائع ، كل ما في الأمر أنني ضائعٌ بين ما أعيشه وما أريد أن أعيشه ، بين واقعي وخيالي ، بيني وبين نفسي حتى ! احتاج من يفهمني من يرى عزلتي وحزني ويأخذ بيدي بعيدًا عن ضجيجِ هذا العالم الكئيب,1,41
بداخلي تعب لا يحكي إنما أشعر به كل ليلة يجعلني شخص أخر ملئ بالإنكسار شخص لا يعرف الفرح يسكنه الحزن دائما,1,21
كُل شئ اصبح مرهق للغايه.,1,5
لا يمكنني تحمل التفكير في أن حياتي تمضي بسرعة وأنا لا أعيشها حقاً,1,13
حتى حزني ؛ لم يكن حُزنًا بالطريقة المعتادة ، لم أبحث عن كتف لأبكي عليه ، ولا أُذن لتسمعني ، كنت أريد من العالم أن يتركني وحدي,1,27
مازلت أعاني من نوبات الحزن التي تأتيني بلا سبب وبلا موعد، مازلت اعاني من تفكيري الزائد الذي يُرهقني، مازلت اعاني من قلبي الذي يؤلمُني دائمًا، مازلت أعاني من الوحده المُفرطه بالرغم من أن حولي الكثير، ومازلت أتقن الصمت والكتمان، علي رغم الحرائق التي أشعُر بها .!,1,46
لقد انطفئ شيء ما بداخلي، لم تعد رغباتي ومشاعري صالحة بعد الآن,1,12
ظننت ان الحُزن لن يدوم و سيرحل كما رحل كل شئ، لكن رحل كل شئ و لم يرحل حُزني,1,19
مُنذ تِلّك اللَيله والبُكَاء يتّكرر داخّلي.,1,6
الحزن أكل روحي,1,3
أتألم بلا إحساس من دون أن يعلم أحد ولا حتى أنا,1,11
اكره نفسي لدرجة أريد ان اقتلها,1,6
ليس حزنا، بل هو شيء اسوأ يجعل قلبي يختنق,1,9
هذا الألم تمكن مني,1,4
لا اعلم كيف سيزول كُل هذا الألم,1,7
اشعر بأني مريضُ من الحُزن,1,5
عدتُ الى ما كنت عليه جسد بلا روح,1,8
ابحث احياناً عن نفسي,1,4
هل كان يجب علي أن أموت ؟,1,7
ممتلئ بالبكاء ، فارغ من الدموع .,1,7
الوحده في هذا الوقت مؤلمة ، اتذكر ان احدهم كان يشاركني وحدتي في هذا الوقت لكنه ذهب و تركني وحيداً.,1,20
انا تلك الروح المحطمه التي تبحث عن من يفهمها انا تلك الغابة الهادئة التي بداخلها كثيراً من الاسرار انا تلك التي تبحث عن اشخاص قد غابو ولم يعودو .,1,29
الإلم يجّعلك وحِيداً جداً,1,4
سيموت قلبي من كثرة تراكم الأيام التي أكتم فيها حزني,1,10
ذهب قلبي ، أنا مُجرد روحٍ فارغة في جسد بشري أفضّل أن أموت ثم أشعر بهذا الألم الذي لا أستطيع تحمله,1,21
حياة تعيسه,1,2
نبدو كالأموات حينَ لا يشعُر بِنا أحد,1,7
احتضن جسدي المشوه المتُألم وأغمض عيني المُحاطه بكُل تلك الهالات السوداء وردد كثيراً سنموت قريباً وينتهي كُل هذا الألم الي أن أنام وأفقد الشعور بذاتي,1,25
يجد البعض حياة في الموت عندما تكون حياته ميتة,1,9
أستطيعُ ملء فراغي وملء وقتي لكن لا شيء يستطيع ملء هذا الخواء في قلبي,1,14
وتظن أنك بحاجة شديدة للإختفاء,1,5
أعتقد بأن الحزن سيدوم للأبد.,1,5
أنا حَزين يا الله، هَل تسمعني؟.. أنا حَزين وحُزني أكبرُ مِن مُجَرَّد عِلاقات اِنتهت رُغماً عَنّي، أو خُذلان لم أتوَقَّعه وحَدث، حَزين وأُُقسِم أن الأمر أعمَق مِن أحلامٍ لم تتحَقَّق أو حَياة باهِتة لم أختارها، .حَزين دون سَبب واضِح ولا أعلَم السَبب الحَقيقي وراء حُزني، رُبّما,1,46
ولقد أسرفتُ بالكتمان حتى تاكلت,1,5
وكانت مأساتي أنني عندما أكون غارقًا في التعاسة والحزن، او حين اقع في مشكلة، أو امرض مرضًا شديدًا، كنت أقوم بما أقوم به عاده الأبتسام والإدعاء أنني بخير ..,1,29
في نهايه اليوم أعود وحيدًا وسط غرفتي التي تحتوي كل ما بداخلي، أشعر بالحزن الشديد، أشعر بأنني أتلاشي بين اللا شيء، عقلي لا يكف عن التفكير في ذكريات لا أستطيع نسيانها، اصبحت أتقن الوحده والإنعزال، صرت لا أثق بمكانتي عند أحد، فهمت مؤخرًا انهم جميعهم مؤقتون، وفي النهايه سأعود وحيدًا.,1,50
وهذه انا لقد مُت من الداخل في نهايه المشوار,1,9
الثانيه فجرا ،وحيداً كالعاده ،قلب مُحطم مثل كل يوم ،لا يوجد شئ جديد سوى الحُزن و الكسره و البكاء، لا يوجد شئ لكي اكمل هَذه الحياه اللعينه ،لاكنني اقاوم و اعلم انني سوف انهار قريباً,1,35
انا لستُ الأنسان المُناسب لأي شيء,1,6
أن حِزني الوحُيد هو أنني عُندما أنهي ما أكتبة ، أكتشِف أنه مجّرد بداية صِغيرة لما أريد قولة,1,18
دفنت رأسي تحت وسادتي حينما أشتد انصهار روحي,1,8
كِانت حيَاتي عُذاباً هائلاً لمُ يعِرفة ولمُ يفِهمة الآخرون,1,9
لقِد قضيت حياتي كِلها أحاول أن أكون أقل حزناً,1,9
أسوء ليلة قد ينام بِها المرء هي تلك الليلة التي يفقد بِها من يُحب من الدنيا ، إنها إنطفاء للروح.,1,20
لمُاذا انا حِزين بهذا الحُد,1,5
بكيت و هل بُكاء القلب يجدي ؟,1,7
لا أُريدُ شيئاً هذة الأيام سوه النجاه من نَفسي؛ أنني في أحزن نُسخة مِني,1,14
أنني أشعُر بحريق في قلبي ، كأنني كُلما أستنشقت الهواء زاد إشتعالاً,1,12
لم أسهر وحدي يومًا ، كان الأرق يرافقني في كل مرة,1,11
حاولت السْيرُ و تَحمُل الألام ولكِن كل شيء بات يَخنُق حُنجرتي اصبح لا شيء يستحُق المحاولةِ ابدًا,1,17
لعل حُزني ينتهي بتوقف دقات قلبي,1,6
حُزن العالم كله في قلبّي.,1,5
لقد هُلكت تمامًا ولكني لا أعرف طريقًا آخر سوى الكِتمانّ,1,10
لقد بكينا كثيراً لماذا لم يهدأ داخلنا؟,1,7
لازلت غارق في اكتئابي وهاذا يولمني,1,6
ها أنا في تعبي وحيد وفي حزني وحيد، لقد تاهَ قلبي,1,11
الأحزان التي تتراكم على صدري أثقل من أنَ تنزلق بتنهيدة واحدة,1,11
مجموعة من الأيام الكئيبة تتراكم فوق بعضها ولا أحد يعرف كيف ستنتهي و متى,1,14
وقد نبكي ولكن البكاء لن يُذيب الحزن,1,7
لم أكن اعرف في تلك اللحظه أن السواد سيغمرني طويلاً بعدها,1,11
الحقيقة انني عُدت مره اخري إلي الصفر ، عدتُ لسكوتي واختياري للعزله ، عدتُ لقله الكلام وعدم الرغبه في التواصل مع الجميع,1,22
وحدي أراقب وحدتي تنمو مثل ليلٍ طويل.,1,7
أبدو هادئ ،ولكني لست كذلك بالحقيقة، أنا أفرط بالقلق وفي رأسي تدور ألف فكرة، ألف سؤال,1,16
أشعر بأن هناك نوعاً من الركود في روحي كل شيء أصبح باهتاً .,1,13
وفي لحظة ما ، أشعر بأني غير مُلائمة لهذا العالم ، فتنتابني رغبة بأن اختفي الى الابد,1,17
مرَّت عليّ أيام تمنيّت فيها أن تنتهي حياتي,1,8
يُمكِنُني البُكاء ولا أُجيدُ الحديث أنا الصامِتةُ الكتومةُ تُميتُني الهمومُ و أدفنُ بالأحزانِ,1,13
شاردة الذهن بادية الاكتئاب,1,4
الحزن جعل ملامح وجهي بارده و بائسه,1,7
اهُلكت نفسيا بكُل ما تعنيه الكلمه,1,6
وحيد و حزين,1,3
الخوف ..الخوف من نفسي الخوف من الجميع فقط اخاف أريد الأختباء,1,11
من السهل أن تبكي ولكن من الصعب تبرر سبب بكائك.,1,10
أتظاهر بالقوة لكن قلبي يبكي كل يَوم.,1,7
ربما حان الوقت لتفكير بأني إنسانة غير قابلة للمعاشرة,1,9
لستُ الأنسانه المُناسبه لأي شيء,1,5
الايام والحياة ثقيله,1,3
ضياع مستمر وحزن مؤبد,1,4
خشيت كثيراً أن أبقى بمُفردي لكنني بقيت.,1,7
كان قلبي يتقطع,1,3
لم تكن مجرد نوبات اكتئاب ، كانت إنطفاء تدريجي يسحب الروح,1,11
دائماً دائماً دائماً اتمنّى أن أختفي .,1,7
إنني أبحث عن موتٍ سريع، لا يُخاصمني اللهُ ولا الشعب ولا العائلة لأجله.,1,13
اقاوم وجع قلبي بشكل مؤلم وسيئ.,1,6
أيام باهتة، شعور منطفىء، أحاديث قليلة، أوقات تسير بتثاقل، انتظار أقل، لامبالاة أكثر، ترّقب خافت لأشياء كانت تأتي في رأسي باستمرار، حياة بأمل يتأرجح، وأنا لست تلك المرأة التي تهب روحها للأشياء حتى تضيء..,1,34
يصل الإنسان أحيانًا إلى مرحلة من الهشاشة النفسية يصبح فيها أى سبب للحزن أو الضيق، ولو كان صغيرًا وتافهًا، جالبًا لكل أسباب الحزن الأخرى، ويتحوّل أصغر حدث يضايقه إلى تذكِرة بكل ما لم يستطع هذا الشخص الحصول عليه في حياته وسببًا في استرجاع كل ما أحزنه في حياته,1,48
انها الواحده ليلا وروحي تشعر بالاكتئاب والخمول وأشعر وكآن جسمي كله يبكي من ثقل هذا الشعور الذي بداخلي ، هذا الشعور لا أعرف كيف اصفه ولكنه يحزن قلبي ويتسبب في مضايقتي دائماً وربما يبكيني في بعض الأحيان.,1,37
يحزن أننا في هذا العمر ونعاني من الاكتئاب.,1,8
أني أحتاجُ إلى العُزله,1,4
احيانًا تُدهشني هشاشتي، كيف يمكن لكلمةٍ أن تجعلني حزينًا,1,9
رغَبتي في الإبتِعاد عن الجَميع تزداد يومَاً بَعد يوم.,1,9
لا أعرفُ السر لكنني أعرف الخوف الذي يُجرد المرء من ذاتِه ويعتليه، يبقى مكومًا بكل هذا الأسى والتفكير الذي يغرقنا بدوّامتِه اللا نهائية,1,23
أنا وحيدٌ وقلبي بات في حَزَنِ في غربةِ الروحِ لا في غربةِ البدنِ,1,13
أظن بأنني ميت,1,3
لأنني مازلت خائفًا ولم أشعر بتلك الطمأنينة بعد. ليس لدي شخصٌ حقيقي كي أثق به، لطالما بقيتُ خائفًا بوجود الجميع,1,20
أنا لا انسى كل ليلة أختنقت فيها همًا ، وانقبض قلبي حزنًا ، ولم أجد أحد حولي ، لم أمُت ، لم ينتهِ العالم ، لكنني أدركت حينها إنني وحيدة وحيدة للحد الذي لاحد له.,1,35
وبكيت في غيابك كما لم أفعل من قبل ، بكيت من كل الحواس ، بکیت كأنني لا أبكي ، بل أذوب دفعة واحدة وأمطر.,1,24
بدأتُ أتمزق,1,2
لقد حاول الانتحار مراراً .. لكنه لم يجد حبلاً قادراً على حمل ثقل احزانه,1,14
"لا جديد, إني أزداد وجعاً كل يوم.",1,7
أحاول أن أُلملم شِتات نفسي,1,5
اصبح الكُتمان يؤذينيّ،لم يعد بِإماكاني ابتلاع المزيد مِن غصاتِ الالم،لم يعد جسدي يقاوم,1,13
صديقي المقرب لا يعرف أن الحزن يمزق قلبي كل ليلة، أن اليأس إمتلك روحي و لم يترك لي أي أمل للنجاة,1,21
جسد بلا روح ، خالي من الداخل ، يتظاهر بالحياه بينما هو يموت الف مره,1,15
شعور هائل بالفراغ لم اعد اشعر برغبه لفعل شيء اصبح الامر غير مستساغ روحي ذبلت لست بحي.,1,17
تفكير مهلك ، نوم بعمق ، أكل معدوم ، وأبتسامه مزيفه ، بكل بساطه سيستمر ألامر هكذا.,1,17
أنني ابكي بشده,1,3
أُريد البكاء إلى أن أُموت,1,5
"و فقدت الأمل في كل شيء , لقد انطفأت روحي بشكل تام هذه المره , لم أعد اقدر على تحمل الصراع الداخلي , في كل محاولات الانتحار السابقه لا اعلم كيف اخرج من الأمر و أعود مرة أخرى إلى الحياة ولكن في كل مرة أعيش اتمنى لو أنني مت , أنا حقاً لم أعد أفهم ما الذي يحصل لي",1,59
"متعبه نفسيا للحد أنني أشعر بالتعب الجسدي ,أود البكاء مثل ما كنت ابكي سابقاً ,أود البكاء بشده و لكنني لست قادره من شدة التعب الذي أشعر به او ژبما بسبب كثرة بكائي سابقة ، أود الصراخ بأعلى صوت في مكان مظلم ، أود حقاً أن اشعر بالطمأنينه و يذهب كل هذا الخوف و القلق الروحي مرهقه بشده",1,57
و الفراغ يسلبني عقلي,1,4
هناك شيء قد أنطفأ في قلبي للأبد,1,7
وتَهوى الانعزال وتَخشى أنْ تَبقى وَحيداً,1,6
أشعر بفراغ في قلبي يُلازمني في الآونة الأخيرة، أشعر أنني افقد جزء من قلبي كل ليلة، وكأنني تركت قلبي في مكان ما ولا اذكر أين هو.,1,26
كل شيء اصبح باهتْ,1,4
هذه الأيام أعامل كل شيء بالهروب يوماً ما سأهرب عن جسدي ، و أنزع رأسي,1,15
أنني حزينه من نفسي و على نفسي,1,7
حزني لا دموع له,1,4
"ينتابني حُزن ألف عام في ليلة واحدة , ينقض علي بلا سبب .. ينبش خلايا قلبي عمداً , فتأتي الذكريات تباعاً .. أصرخ بعالي صوتي لعلك تسمعني , فيعود صدى صوتي حاملاً خيباتي",1,33
لا اريد العيش بعد الان,1,5
"أشعر من فرط الحُزن اني أريد البكاء ولا أبكي , أريد ان أشرح لك مدى حُزني وبؤسي ويأسي وإكتئابي لكنك لا تسمعني , أشعر بأني أريد الهروب من نَفسي ومن افكاري وذكرياتي لكن لاأدري الى أين أفر مني , أشعر بقلبي الذي ينبض حزناً ووجعاً والماً ولا أعلم كيف أحتملني .",1,51
أنني أريد الموت أريد الانتحار افكر كثيراً لا اتوقف عن التفكير الامر اصبح سيء جداً اريد التوقف فقط .,1,19
"أسوأ ما أصابني فى حياتى البائسة .. هو فقدان الشغف تجاه كل شيء , فأصبحت وكأني مجبر على الحياة , وكأني محكوم علي بتكرار أيامي المملة بشكل روتيني بشع",1,29
إن أسوأ ما قد اصابني هذه الأيام هو فُقدان شغفي، ليس حزن ولا إنكسار إنّه إنطفاء لا نورَ له.. فقد افلتُّ يداي من كل ما اردتهُ سابقاً وإن كنتُ لا ازال أريده,1,32
"لم أعد أتمنى العثور على أحدهم , بل أصبحت أتمنى العثور على نفسي التي فقدتها , قلبي الذي أنطفئ , روحي التي تفتت , شغفي الذي تلاشى , احلامي التي تبعثرت , مشاعري التي جفت , أريد أن أنظر في المرآة وأجدني , أرى الذي يقف وأعرفني",1,47
إنني غارق في دوامة من الوجع,1,6
الروح ماتت، حتى وإن الجسد حي,1,6
كيف يتخلص المرء من رغبة الموت بداخله,1,7
الفراغ يكاد يبتلعنُي في عمُقه بالكامل,1,6
بدأت أفكاري تتغير أمس، قبل لحظات النوم نمت واستيقظتُ فإذا بها تصبحُ حادة ولا طاقة لي على فعل الأمور مع وجع رأس رهيب دخلتُ حالة اكتئاب، فتمنّوا لي أن أستيقظ غدًا بصحة جيدة,1,33
مخنوقه واحس بيني وبين الانفجار تكه.,1,6
نفسي مره احس اني حره في اي حاجه في حياتي هموت مخنوقة في الآخر,1,14
مخنوقه لدرجة الموت,1,3
مخنوقه وبنفجر يجماعه قلبي انكسر وماحد حاسس فيني شعور الفراغ و شعور الالم يقتل,1,14
نفس الشعور مخنوقه وربي قلبي يدق ضعف الطبيعي,1,8
دمووعييي خلصصتت ومن اليوم مكتئبه اول مره اكتئب كذا,1,9
أنا طول الوقت بفكر في اني مش عايزة اعيش عايزة حياتي تقف هنا، مش عايزة اعمل اي حاجة في حياتي، شغفي تجاه كل حاجة صفر,1,25
بروزاك ما بين تدميري وما بين إحيائي من جديد,1,9
كل الاكتئاب دا وباخد بروزاك احا,1,6
شكله تأثير بروزاك .. توي أذكر اني مدبلتهم اليوم .. وأنا أقول وش هالشعور الحلو والحين بس أتبوسم وأضحك بدون سبب,1,21
فضلت اخد بروزاك فترة طويلة ، روحت لدكتور القلب كتبلي ديبران,1,11
الجو شبه الجو اللى بدات اخد فيه بروزاك,1,8
معنديش اي طاقه لاي حاجه,1,5
كُل حاجة باظت فـ الوقت إللي أنا معنديش فيه 1% طاقة اصلح أي حاجة.,1,14
معنديش طاقه اعمل حتى ابسط الحاجات الضرورية زى أن أنا انزل اجيب لبس او اكلم حد اساله عليه .. يدوبك شوية الطاقه اللى عندي بعمل بيهم شاي واغسل المواعين.,1,29
يجماعه ادعولي بالموت فا دعوه 40 غريب مستجابه,1,8
انا مرهقة لم يعد لدي طاقة للعيش,1,7
اكتئاب لحد النخاع,1,3
هُدوء غاضب ، أو رُبما إكتئاب هادئ ، أحدهما بي الآن بالتأكيد .,1,13
اكتئاب مابعده اكتئاب,1,3
الملائكه خُلِقت من نور وأنا خُلِقت من إكتئاب,1,8
أحيانًا أشك ان الي فيني اكتئاب مو طبيعي ابد مو طبيعي اف,1,12
مشاعر ملخبطه حزن ع اكتئاب مدري شلون,1,7
الضيقه الي فيني من شهر موب طبيعيه بديت اخاف ان معي اكتئاب معاد اقدر حرفياً,1,15
امر بحالة صعبة جداً اكتئاب وضيقة,1,6
عندي كميه اكتئاب تكفي عالم بحاله,1,6
فسيتي مو اوكيه لسى عندي اكتئاب من اللي صارلي بالتحصيلي,1,10
اتمنى الرب ينجيني من كل هذا لان واضح فيني اكتئاب ومو عارفه اطلع,1,13
فيني كمية اكتئاب مو طبيعيه,1,5
اشعر ان الي فيني اكتئاب,1,5
اليوم حايشني اكتئاب,1,3
حاسة اني فترة اكتئاب هترجعلي تاني…,1,6
دا مش انطفاء دا شكله اكتئاب,1,6
للاسف انا داخل ف دوامه اكتئاب,1,6
بحالة اكتئاب شديده وانهيار ودموع,1,5
طب احس ب اكتئاب,1,4
انا مش عارفه اصحى من النوم ولا عارفه اكمل حاجه وخلاص كده دخلت ف اكتئاب جديد ومش هطلع منه غير بحاجه واحده ومش هتحصل ..,1,25
شامم في الجو ريحه اكتئاب وعزله رهيبه,1,7
هو دور اكتئاب هيجيب اجلي المرادي,1,6
اكتئاب ودموع وحرقه ااه الحمدلله ياررب,1,6
موجه اكتئاب حاده,1,3
حياتي شوي زعلان شوي اكتئاب شوي ابكي بدون سبب,1,9
والله قمت اشك فيني اكتئاب مو معقوله الشغف بالحياه عندي يمشي بالسالب!!,1,12
الجو تحس انه مرشوش فيه خنقه و اكتئاب,1,8
شكلي بديت احس باعراض اكتئاب مابعد التخرج,1,7
أنا قلبي حزين جدًا ، حزين لدرجة اني مش قادر انبسط بأي حاجة وكُل حاجة تقيلة على قلبي.. مش قادر أتخطى ومش قادر أقاوم ومش قادر أواجه..انا محتاج هُدنة من العالم كُله، الأحداث تهدى والوقت يبطأ لحد ما أقدر ألاحقه من تاني.,1,42
"لستُ حزين ولستُ سعيداً أيضاً, أنا في المرحلة الأصعب لا أشعر بشيء",1,12
أنا حزين تماماً، وحيدٌ إلى أقصئ حد,1,7
الليله انا حزين و ذابح قلبي الضيق,1,7
أنا لو اني حزين وخاطري ضايق ملامح الوجه ماتشرح .. لحد يأسي,1,12
ما عُدتُ أنا حتى و إن عُدت ، انا جدًا حزين,1,11
وعن الحال انا حزين,1,4
حزين معاد بيني وبين الموتّ الا شعره,1,7
أنا حزين علي نفسي وعلي صبري وعلي كُل حاجة عملتها ومتقدرتش.,1,11
أنا لستُ حزين ، أنا فارغ ، وذلك أسوء.,1,9
انا على حافة الانهيار,1,4
خايف اوصل للي انا عاوزه وأفضل حزين بردو,1,8
يؤسفني اني اقول ان كلهم بلا استثناء خذلوني و يؤسفني اني اقول انا حزين علي نفسي جدا.,1,17
انا قلبيي حزين وفوق الحزن ضيياع,1,6
انا عمري ما كنت حزين ولقيت حد اروحله ولا اهل ولا حتى صحاب وهذا اسوء,1,15
انا حزين جدآ عشان مفيش حاجة اتمنتها و اتحققت,1,9
أنا وحيده، هذه الحقيقه لن تُغادرني,1,6
انا وحيدة فشخ والله,1,4
نوبات قلق وارق بدون معنى,1,5
عندي نوبات قلق بتيجي ف نص اليوم عادي اتطورت ما شاء الله بقت بتيجي ف اي وقت,1,17
عندي نوبات قلق من المستقبل رهيبة ، لما تجيني احس الدنيا كلها علبعضها ماتسوا ، و اكره انها تجيني و ماحب اجلس لوحدي عشان ماتجيني ، الله ياخذ الانسان ياخي المعقد.,1,31
ببكي جاتني فترة لما تجيني نوبات قلق اقعد اقطع شفايفي ويبقى اثار لها يقهرر,1,14
نوبات هلع -اكتئاب-خوف-قلق- وسواس- تفكير تغكير تفكيررررر,1,7
كلامك صح ١٠٠٪ عندي اضطرابات قلق و نوبات هلع و عندي مشاكل في القولون و اسفل الظهر و الأقدام افراط في التفكير و تشاؤم و عدم ثقة في الآخرين,1,29
ماعاد افرق هي نوبات قلق او هلع,1,7
من دخلت الجامعة وانا صايرة تجييني نوبات قلق وهلع بسببها,1,10
قلق، تفكير بالمستقبل، أرق، الوعي الزائد،نوبات هلع متقطعه,1,8
صارت تجيني نوبات قلق بشكل أسوء من قبل، وهذا اللي ماكنت مخططة له..,1,13
يجيلي فجاه نوبات قلق قويه لدرجه اني ببدأ اقلق من حاجات مستقبليه اووي,1,13
الى الان اعاني نوبات قلق والموضوع له ٤ سنين,1,9
حالياً عندي مشاكل عائلية ومشاكل فالمشاعر ومشاكل دينية ومشاكل دراسية ومشاكل نوم ومشاكل أكل ومشاكل علاقات ومشاكل تحكم فالنفس ومشاكل غضب ومشاكل سيلف هارم ومشاكل دوخات ومشاكل نوبات ومشاكل قلق وتوتر ومشاكل شخصية.,1,33
نوبات قلق وغضب وهلع واضطرابات نوم =لمياء,1,7
وكيف أجعل نفسي مطمئنة دون صراعات أو نوبات قلق,1,9
نوبات قلق متتاليه!,1,3
لا اتحملوا انتوا، أنا مش قادرة بصراحة وعندي نوبات قلق,1,10
مسجون داخل نوبات قلق مستمره ماعندها ياماما ارحميني,1,8
اشياء اعاني منها بحياتي ارق قلق خوف نوبات اكتئاب,1,9
يا جماعة انا عندي نوبات قلق مصطحباها وجع في القفص الصدري و عدم نوم فظيع .... دا الديلاين و لا الشغل الكتير الما عندي ليه زمن,1,26
احس اني اعاني من نوبات قلق,1,6
بجد طول رمضان نفسي كانت هادئة ومطمئنة الي حد كبير ومعانتش من نوبات قلق خالص، النهارده ومن بعد المغرب حرفيًا مش عارفة اتنفس وتقل الدنيا على قلبي، مش عارفه ماليش نفس اعيد يعني! ما نبدأ نوبات قلق وزفت على دماغنا بعد العيد طييييب.,1,43
لم تكن مجرد نوبات اكتئاب، كان إنطفاء تدريجي يسحبُ الروح.,1,10
صحيت على بانيك و نوبات اكتئاب و جلد ذات و اوڤر ثينكينج معرفش فيه ايه,1,15
نوبات اكتئاب حاد و اضطرابات نفسية و شعور بالتعب والخمول الشديد طول الوقت و انعدام التركيز و كل ده لازم اذاكر,1,21
صرلي فترة عم تجيني نوبات اكتئاب وافكار انتحارية وبقيان شي شهرين على كورس الريتان اللعين يا خوفي لما انتهي منه ما تروح,1,22
نوبات اكتئاب تتوالي واحده تلو الأخري,1,6
نوبات اكتئاب متتالية متكررة مؤلمة لا تملك شفقه تجاهي تنهش في ما تبقي من تلك الروح المتهالكة !,1,18
نوبات اكتئاب بين الحينَ والاخر تحطم نصف محاولاتي في إصلاح نفسي,1,11
إحساس اني عايزة انعزل عن العالم ملازمني بقاله كام يوم ، وربنا يستر بجد انا مش حمل نوبات اكتئاب تاني,1,20
الماضي يحاضرني والشعور بالذنب يقتلني,1,5
لا تبخلوا بإسعاد من تحبون فكل المواقف تتلاشى سريعاً من الذاكرة إلا سعادة أهديتها لمن تحب,0,16
الله يسعدكم سعادة الدارين,0,4
الأرواح الجميلة تجبرك على أن تقترب منها و تستعذب حديثها لأنك تدرك أن قربها راحة وملازمتها سعادة الظمأ ليس بالضرورة,0,20
كل سنة وانت طيبة ي مروة ويارب سنينك الجايه ف سعادة يارب يحبيبتي ❤️❤️❤️❤️,0,14
سلامتك ياروحي ماتشوفين شر يارب وجودك سعاده وراحه الله يسعدك يالغلا,0,11
غباء منك أن تكون حزين بسبب شخص يعيش حياته بكل سعادة👌🏻,0,11
اللهم ارزقني فرحا لم أتوقع حدوثه يسع لهذه الدنيا بأكملها اللهم سعادة تروي النفس فرحا وسلاما 🙏❤,0,17
بدعيلك مشعل ومن كل قلبي ياكثر تدعي لنا وماتنساناالله يحفظك ويسعد قلبك,0,12
اللهم بلغنا المتسع واليُسر في جميع أمورنا وتحقيق المنى وحياة الهناء اللهم سعادة القلب وقرّة العين وجميل البشائر وسجدة الفرح العميقة 🤍,0,22
الله يسعدك ياغيث انت وفريق العمل ومن اروع البرنامج الي شوفتها ولا حلقه راحت عليا,0,15
ليست السعادة بالأموال ولا القصور ولكن بسعادة القلب وإن أقرب طريق إلى سعادة القلب أن تدخل السعادة على قلوب الناس,0,20
قال رسول الله ﷺ «أحب الأعمال إلى الله سرور تدخله على مسلم أو تكشف عنه كربة أو تقضي عنه دينًا أو تطرد,0,22
عندما نرى من نحب ينبض القلب باروع آيات الحب و العشق و تلمع العين معلنة سعادة لا حدود لها,0,19
هابيي بيرثداااي🥺😭💙💙 كل عام وانتي بخيررر واحضني بيوم لطيف وجميل مثلك وكوني دايم بخير وسعاده لانك تستحقي كل شي,0,19
اتتتففققق والله تسعده وتحاول تساعده بالشي اللي هو فيه واذا اسعدته تجيك سعاده قويه😢😢❤️,0,14
الله يسعدك يادكتور سعادة الدارين من جيناك وأمي قادرة تنام,0,10
اخويا و حبيبي محمود ❤️ العمر كله سعادة 😍,0,9
تديم سعادة قلبك,0,3
وصلك الله يسعدك سعاده م بعدها شقى ومايحرمك من جنته ويبعد عنك نار جهنم وعذابها الله يكتبلك الخير,0,18
سعاده سفر ومدري🌚,0,3
صباحك سعادة,0,2
حتى احنا والله اكثر سعاده,0,5
اللهم إجعل رمضان نقطة تحول في حياتنا لكل خير يارب إجعله بداية سعادة وهداية وتوفيق واجعلنا فيه من عُتقائك من النار وتقبلهُ منّا,0,23
الله يجبرك جبرا ويسعدك سعاده يارب في الدنيا والآخرة,0,9
اللهم اني استودعتك حياتي ف إجعلها من سعادة إلى سعادة وأحفظ لي من اخشى فقده ولا تحملني مالا طاقة لي به يارب,0,22
اللهم إني استودعتك عام مضىٰ من عمري فأغفر لي ما كان فيه اللهم إنها بداية سنة جديدة من عُمري فأجعل ما بقى من عُمري,0,24
ما أسعدَ العينَ إن فازَت برُؤيَتِهِم ويا سعادةَ قلبٍ فيهِ قد نزَلُوا❤,0,12
صباحك سعاده وراحة البال 🌹 🌹,0,6
ماشاءالله ربنا يحفظه من كل شر و يكملك بالسلامة و تشوفيه بصحة و سعادة و يبقالك فرحة و سند طول العمر ❤️,0,22
مساك سعاده,0,2
من اخطر ما يفسد سعادة الانسان في الحياة هو ان يكون ضعيفا من الداخل يعني أن تكون ثقتك بالله ضعيفة ان تحزن بسرعة,0,23
تُصبِحون على سعادة وبهجة تغمر قُلوبكم ♥️,0,7
ماعدل حياتي الا سورة الملك اقرأها قبل النوم وركعة وتر اخر الليل قبل يأذن الفجر وكل مافضيت استغفر انفتحت لي ابواب م,0,22
كل سنة وانت طيب يا مصطفي وعقبال الف سنه سعاده وهنا يارب🎈🎉🎊🎁💜,0,12
اللهم سعاده تملأ الفؤاد وأمان يعانق الروح وفرحه لم تكن با الحسبان 🤲🏼,0,13
لا تبخلوا بإسعاد من تحبون كل المواقف تتلاشى سريعًا من الذاكرة إلا سعادة أهديتها من تحب,0,16
روووعاتك احمد دائما مميز ب انتقاءك مساك سعادة وعافيه واناقة 🌹🌙🌹,0,11
سعادة القلب وياه 💙,0,4
حضوركم الزاكي سعادة البروف أد إبراهيم سعدت بكم حبيبي الغالي🌹🌺,0,10
السلام عليكم اختي الكريمه الله يحفظك ويسعدك سعادة الدنياء والآخرة يارب ساعدوني بقيمه مواد غذائية او قي,0,17
والله اين مارحت نحن معك والله ان مصدر سعاده كبيره الله يوفقك اين مارحت يالقلب ونحن معك,0,17
والله انك سعاده وا مبروك عليك ننو لايف ❤️,0,9
سوء الظن و الحياء الزايد يقتل فرص كثيره اهمها سعادة نفسك,0,11
كل سنة و أقباط مصر بمسلميهم و مسيحييهم بخير و سعادة و أمان و عيد قيامة مبارك,0,17
اللهم كن معي حين لا احد يفهم ما بداخلي اللهم قوني حين اضعف واجبرني حين انكسر واعفو عني,0,18
هناك أشخاص لا أتمنى لهم السُوء لكني أدعو الله أن يسعدهم ويبعدهم عن أعوذ بالله من تغير القلوب,0,18
مسااك سعاده وراحة البال 🌹 🌹,0,6
اللهم استودعتك مبسم امي قلب امي سعادة امي وعافية امي اللهم استودعتك أغلى ماأملك فاحفظها بعينك التي لا تنام,0,19
اوقاتك سعاده,0,2
وجودك معنا سعاده,0,3
ربي يسعدك سعادة الدارين,0,4
اللهُمَّ يَا مَن تَملِكُ حَوَائِجَ السَّائِلِينَ وَ تَعلَمُ ضَمَائِرَ الصَّامِتِين ارزُقنَا سُروراً,0,12
امتنان اليوم أنا ممتنة لوجود أشخاص ملهمة في حياتي أشخاص ترتمي عندهم لما تنتهي طاقتك ثم ترجع للبيت كلك إلهام و سعادة,0,22
و انت طيب و بخير و صحة و سعادة مع عيلتك كلها يا سولي 😊🙏🙏,0,15
سعادة المملكة و فخرها و عزّها الله يحفظه 🙏,0,9
السلام عليكم ورحمة الله وبركاته كيف حالكم شباب واليد وناصر وعبدالعزيز وفارس وسعد اسلامكم واحد واحد احبكم في الله,0,19
االلهم امين الله يسعدك على قدر سعادة من فاز معك 🌹,0,11
كل سنة و اخواتنا المسيحيين و مصر و جميع ابناء مصر بخير و صحة و سعادة بمناسبة عيد القيامة المجيد,0,20
يارب ان كانت هذه ليلة القدر فافتح لنا ولأهلنا وأحبابنا أبواب السماء وقُل لدعواتنا كوني,0,15
يا عمممممري كل عام وانتي بألف خير عسى ايامك الجاية كلها سعادة ياااارب 🤍🤍🤍,0,14
70٪اسم احلام ذهب ومساءك سعادة,0,5
مساءك سعاده🌺,0,2
طبعاً اكثر سعاده لان الزواج مسئوليه ما تقدر عليه المرأه الكسوله الزواج فيه كرف و طبخ وتنظيف و مواعيد محدده للنوم,0,21
فقط يفهم الزوجين انه التحرر يجعل من حياتهم معا وعلاقتهم الزوجية كلها سعادة ومتعة ولذة يتحررون,0,16
ضحكته تقطر سعاده,0,3
والله سعاده وانا اشوف الناس مبسوطه وتتصور معكم صح مارحت بس مرا عشت اللحظه❤️❤️,0,14
ايمو يا ايمو و انتي طيبة و دائما بخير و سعادة 😊🙏🙏,0,12
والله إنك سعادة,0,3
يازينك سوسو الله يسعدك سعادة الدراين ويوفقك يارب مشكورا😍♥️🌹,0,9
يسعد قلبك صديقي اوقاتك سعادة,0,5
شوفتك سعادة 💙💙💙💙,0,3
السعاده مع شريك الحياه تكون فى سعاده وسلام,0,8
اللهُم سعادة تملأ الفُؤاد وأمان يعانق الروح وفرحة لم تكن بالحُسبان♥️,0,11
‌إذا جعلك شخص ما سعيدًا اجعله أكثر سعادة ومثل ما يقولون اللي يرميك بوردة ردها له بستان,0,17
😂😂😂😂 كل سنة و انت طيب يا بيشوي و الاهل بخير و سعادة و ضحكتني بصوت عالي و الله,0,19
أكثر الناس سعادة من لا ينتظر شيئًا مِن أحد 😌,0,10
ماابى افوز بقدر اطمن انك بخير يالقلب النقى حسك سعاده ومحبه فى الله ربى يسعدك,0,15
قاعده اعيد لايف تشانقي وبموت سعادة,0,6
روحي تشتاق لتلك الابتسامة التي تملأ عالمي سعادة,0,8
الله يسعد كل البنات سعادة تبيّن على بشرتهم وحياتهم,0,9
صباحك سعاده,0,2
سعادة ومسره يارب,0,3
كل عام وانت بخير وسنة سعادة ونجاحات يا رب ❤️,0,10
صحيح اكبر سر من اسرار السعادة هو العطاء عندما تحاول ان تصنع سعادة للغير حتما سياتي من يصنع لك السعادة,0,20
الله يسعد أم فهد وأبو فهد سعادة ما بعدها شقى في الدنيا والآخرة والله يخليهم لبعض ولا يحرمهم من بعض بك,0,21
ما أسعدَ العينَ إن فازَت برُؤيَتِهِم ويا سعادةَ قلبٍ فيهِ قد نزَلُوا,0,12
كل عام وانتم بخير و سعادة اخواتنا واصدقائنا وجيرانا و شركائنا في الوطن الغالي ربنا يديم المحبه والمعروف بيننا,0,19
. برأي احد او وجهة نظر الزواج اما سعادة او فشل مع التجربة اللي رح تعيشها,0,16
الله يسعدك زي ما كنت سبب في سعادة غيرك,0,9
تذكر دائماً إنك تستحق الأفضل لا تبحث عن من تجاهلك أو استرخصك أو قطع حبل المودة بينكم,0,17
بعد تحديده سعاده المرأة بالعمر غسلت يدي,0,7
مساءك سعادة وابتسامة 😊,0,4
وانتى طيبة و بخير و سعادة يارب عيد سعيد على حضرتك و على كل الاسرة 😘🌹,0,16
شكراً لكم بحجم السماء أبدعتوا تألقتوا أسعدتوا برنامج رائع بكل ماتعنيه الكلمه من معنى نقاشات الفقرات والمواضيع,0,17
يارب وفقني لقيام ليلة القدر ويسرّ لي كل أمر وأسعدني سعادة الدارين وأجمع بيني وبين أمنياتي وأجعلها واقعًا بإذنك 💗,0,20
كل عام وانتِ بخير مروج 💕 الله يخلي كل سنواتك سعادة,0,11
الحب هوة شعور جميل يملىء القلب سعادة وتفائل وامل هوة احساس رائع لم يحس به الإنسان من قبل,0,18
عيدك فرحه و سعاده يارب 🌹🌹🌹,0,6
ياخي كلامك سعاده يارب تصير 💙♥️,0,6
سعاده,0,1
مساكم سعادة ورضا من الرحمن 💐,0,6
الله يسعد,0,2
مايتحملون المسؤليه هاذي هي الدراسة الي اثبتت ليش يكونون اكثر سعادة,0,11
يا عمري حبيبتي يارب يسعدك سعادة تملءالكون ومن فيه قادر يا كريم 🌹🌹,0,13
كل سنة وحضرتك والدكتورة بخير وصحة وعقبال سنين كتير فى سعادة وهنا وسرور,0,13
لو خيّروني في الحياةِ سعادةً لاخترتُ أمّي دونَ أيّ تواني الكونُ والدنيا وإن جُمعت لا لنْ تعادلَ ضمَّها بحنانِ,0,19
ربي يحفظه ويخليه لكم مايحتاج تمنشن الوالد والوالدة هم الأساس صراحة ربي يسعدك سعادة الدارين,0,15
دعوت الله ان يفرحك في دنياك واخرتك وان يرزقك سعادة ابدية مثل ماتسعد متابعينك 🌹,0,15
كل عام وانتي بخير ليان جعلها سنة سعاده وخير عليك❤️,0,10
يجعل كل ايام مصر سعادة وأعياد ومناسبات سعيدة يارب كل عام و المصريين بخير وامن وامان وبركة وسلام,0,18
ما شاء الله غير مستغرب هذا الكرم من صاحب الجود و الكرم سعادة عميد السلك الدبلوماسي,0,16
ياخي الله يرزقنا راحه بالك و سعاده قلبك الجميل و كرمك و طيبتك اللهم اجعل الناس ف خير و ارزقنااا,0,20
اللهمَّ اجعل امي لا تشكي هماً ولا تتألم وَجعاً وأسعدها سعادةً لا اكتفاء منها,0,14
جعل ربي يعطيك حتى يرضيك إللهي ويبعد عنك كل ضيق وحزن يارب ويبدلها سعادة وفرح وسرور 🤍🤍🌸,0,17
الحمدلله على ما قد مضى ب حلوه و مُره اللهم إنّي استودعتك عاماً مضى من عُمري ف بارك لي في عامي الجديد,0,22
حبيبتي مثل وجودك سعادة و لطف 😘😘,0,7
اللهم اسعد كل من احب سعاده م لها اول ولا تالي دنياا واخرهه,0,13
لا أعلم ما هي أمنياتكم ولكن أسأل الله أن يرزقكم فوق ما تتمنون سعادة تسع الكون بأكمله,0,17
اللهم سعاده لقلبك,0,3
اللهم دبّر المستقبل الذي نجهله و يسر الغد الذي يُقلقنا و قَرّب الحلم الذي نترقبه و هب لنا أملاً يملؤنا,0,20
كل سنههه وانتي طيبهه يقلبي يارب وعقبال المليون في سعاده♥️♥️,0,10
جمّيل أن ترٌىَ قلباً يُحاوَل إسّعادكَ و يُبعدِ الحُزن عنك دونَ انْ تطلبٌ منہ لأنہٌ يرىَ فيّ إبتسَامتِك سعادةً و فرّحاً گثيَرًٍآ,0,22
هناك الكثير من الجواهر ولكن لكل منا جوهرة خاصة لا بديل ولا ثاني لها أن غابت لا خليف لها ولا طريق,0,21
كل سنة ومصر كلها بخير و سعادة 😍🌹,0,8
🤲اللهم اجعل لنا في دروب الحياة خير وفي دروب التعب راحة وفي دروب الحزن سعادة الله,0,16
اي والله يدخل على قلبي سعاده اجل واحد ينكد علي 🤣,0,11
الله يبارك فيك يارب تم شحن جزاك الله خير الله يسعدك سعاده دنيا واخره يارب,0,15
اللهم أسعد قلبها و استجب لها كل دعاء اللهم وفقهاوحقق لها كل ما تتمناه اللهم أحفظها وأبعد عنها كل ما يؤذي,0,21
سعادة قلبك يارب,0,3
كُل سنة و انتِ طيبة❤️ يارب سنة خير و سعادة لقلبك,0,11
وتبدا العشرة الاخيرة من دا الشهر الفضيل الله يعيننا على قيامها ويبلغنا لليلة القدر وربي يغير احوالنا واقدارنا لاحسن,0,19
ماشاء الله تبارك الله يجعله شاهد لها يوم القيامة ويثقل ميزان حسناتها ويسعدها سعادة ماتنقطع يارب 🤲,0,17
مساك سعاده 🌸,0,3
اللهم ارزقنا سعاده الدنيا والاخره مع العلم لا توجد سعاده بالدنيا فيارب اجعلها بالاخره,0,14
مساك سعاده تغمر قلبك وروحك اللهم امين واسال الله ان يحقق كل ماقلبك تمناه وان يسعدك بتحقيقه,0,17
مساك سعادة و افراح,0,4
سْعادة الإنسْان هي الصبروالإسْتغفاروالحمد أسْأل الله أن يسْعد قلبي وقلوبكم,0,10
ربي زدني ديناً وصلاحاً وتسامحاً 🙌🏻 ربي املأ قلبي سعادة ورضا ♥️,0,12
اللهم إنا نسألك سعادةً وفرجاً من كل هم بالدارين ونسألك رضاك ورحمتك ومغفرتك والجنة ونسألك اللهم رحمة ومغفرة لكل ميت,0,20
إذا أراد الله أن يسعد قلبك💛 جعلك سعادة لقلوب الآخرين,0,10
إجعل من حرارة الوقت خريفاً جميلاً في منزلك وأخلق لهم سعاده وسرور,0,12
صباحك سعادة ووابتسامةٍ طول العمر يارب,0,6
يجمعكم دوم في سعادة وعلى الطاعة حسناء,0,7
تحيا وتدوم بكل سعاده 🤍,0,5
صباحك سعادة لقلبك الطيب يارب 🌿🌹,0,6
النور نورك غلاتي مساكي سعادة وفرح,0,6
الطيبون لا يصدر عنهم إلا الضياء والصفاء والوفاء وهذه بعض خِصالكم الخيّرة رفع الله قدركم وبارك الله في عملكم,0,19
سعادة اشتري صحون تعاسه اغسل صحون,0,6
السعادة لا تحتاج الا لنفس راضية هذا الطفل اخذ قسطا من السعادة في ٣٦ ثانية وببلاش 😃 سعادة,0,18
اللهم سعادة تملئ القلوب وفرحاً يجبر والخواطر ومسرة تسكن الأرواح 🌿,0,11
الله يجعل الأيام الجاية كلها سعادة وخير عليك يارب ويعطيك حتى ترضين تستاهلين والله🥺♥️♥️,0,14
مساء سعاده القلبك راقي ♥️,0,5
ميلاد فراشه ملأت الدنيا فرحةً وسروراً وجميع من حولها احبها لطيبة روحها ونقاء قلبها 🎉 كل الأعوام القادمه وانتِ في سعاده وهناء💐,0,22
سبحان الذي لا تسكن النفوس إلا بحبه ولا تطمئن القلوب إلّا بِذكره ولا يُدرك نجاح إلّا بتوفيقه,0,17
الله يسعدك سعادة أبديه 🙏,0,5
ياخي وش اسوي اذا ربي عوضني بناس مثلك سعاده,0,9
طب كل سنه وًانت طيب ي احمد 😂🖤🖤و ربنا يجعل كل ايامك الجايه سعاده و فرح 🖤,0,17
اللهم في يوم ميلادها اجعل لها في بداية عمرها الجديد أيامًا جميلة بقدر جمالها وجمال روحها ونقاء قلبها,0,18
اللهم جملني بقلب رحيم وعقل حكيم ونفس صبورة يا رب واجعل بسمتي عادة وحديثي عبادة وحياتي سعادة وخاتمتي شهادة,0,19
اللهُم أغسل قلوبنا من أوجاعها وأرزقنا من فيض كرمك سعادةً لا تنْقطع,0,12
اللهم أسعد كل اصحابى سعادة لو وزعت على أهل الأرض لكفتهم واملئ قلبهم راحه دائمة واجعلهم في ودائعك يالله,0,19
لا تحزن كن عميق في إدراكك قنوع فيما لديك ضع ما مررت به على الرف لا تلتفت إليه أبدا أبتسم افرح أحلم وكن متفائل,0,24
حين تثق بأن بعد شقائك سعادة وبعد دموعك ابتسامة وبعد تعبك راحة وبعد دُنياك جنة تكون أدّيت عبادة عظيمة تسمى حسن الظن بالله,0,23
ربنا يجعل ايام العشر الاواخر من رمضان جابر ولائم لقلبك وساتر لعيوبك وماحى وكفارة لسيائتك ومفرج لكربك و,0,18
اللهُم هون علينا الايام و مرارتها و أسألك ربي سعادة ليس بعدها شقاء اللهُم جبرا لقلبي و شفاءا لمرضاك ي حي ي قيوم ♥️,0,24
حتى طيوفه في صباحيّ سعادة يسعد صباح الليّ تحبه عيوني,0,10
209 أنت هدية وهبها الله لي لتملأ أيامي كلها بالسعادة ميلاد مجيد حبيبي عسى أيامك كلها سعاده وتوفيق وعافيه♥️♥️,0,19
الله يسعدها سعآدة الدآرين,0,4
مساگ سعاده الله يسعد قلبگ ويگثر خيرگ يارب,0,8
صفوا قلوبكم وحبوا الخير لبعض عشان رب الخبر يعطيكم سعاده ورضا ويرزقكم,0,12
الله يسعدكم سعاده الدارين اسال الله العلي العظيم في هده الايام المباركه أن يتقبل منا ومنكم صالح الأعمال والقيام,0,19
جعل ربي يعطيك حتى يرضيك إللهي ويبعد عنك كل ضيق وحزن يارب ويبدلها سعادة وفرح وسرور🙏,0,16
كل عام وانتِ سعيدة وجميلة ورقيقه وهلاليه راقيه وسنواتك كلها سعادة لامنتهيه 🤍🎁🎈,0,13
جهز الابتسامة قبل أن تمد يدك للمصافحة مصافحة دون ابتسامة لا تقرب قلباً ولا تمنح سعادة,0,16
كل عاااام وانتي بخييييير وربي يجعلها سنه سعاده ونجاح عليج يا رببب ❤️❤️❤️❤️❤️❤️,0,13
اسال الله في الشهر الفضيل انه يسعدك سعاده تبكي من فرحها ويحقق لك كل ما تتمنى ويرزقك من واسع فضله يارب اللهم امين 💛💙💛💙💛 🌹🌹🌹🌹🌹,0,25
🤍✨ 2021 2 سنة جديدة من عمري اعانقها اليوم استودعتك ربي حياتي فاجعلها من سعادة إلى سعادة و اختر لي ماهو خير,0,22
لا توجد سعادة دائمة ولا حزن باقي كلها فواصل لمراحل جديدة فابتسم لأجملها وتجاهل أتعسها,0,15
مسائك سعاده تملئ حياتك,0,4
اسال الله في الشهر الفضيل انه يسعدك سعاده تبكي من فرحها ويحقق لك كل ما تتمنى ويرزقك من واسع فضله يارب اللهم امين 💛💙💛💙💛 🌹🌹🌹🌹🌹🌹,0,25
الله يجعلها سعادة دايمه ♥️,0,5
اللهم امين مساك سعادة,0,4
رسالة شكر لكل القائمين على البرنامج كنتم معنا في فترة الاختبارات توسعون صدورنا وما زلتوا الله يكتب اجركم ويسعدكم,0,19
والنعم بالله العلي العظيم يسعد صباحك بكل سعاده يارب,0,9
ما أسعدَ العينَ إن فازَت برُؤيَتِهِم ويا سعادةَ قلبٍ فيهِ قد نزَلُوا🤍,0,12
إنني لا أعرف سعادة في الحياة غير سعادة النفس ولا أفهم من المال إلا أنه وسيلة من وسائل تلك السعادة,0,20
شرف وسعادة كبيرة وعظيمة اني اكون في قائمة امتنان يومك الله يجعلك في سعادة ورخاء و راحة بال دايمه💛,0,19
القهوة تعطيني سعادة مو طبيعية لدرجة احس اني مجنونه شوي,0,10
رووووووووعة كلماتك واحساسك استاذنا 🌷🌹مساءك سعادة وهنا ياااااارب 🌷🌹🌺,0,9
ان شاءالله للجميع يارب طبتم وطابت اوقاتكم بكل خير و سعاده🌷,0,11
ربنا يجعل ايام العشر الاواخر من رمضان جابر ولائم لقلبك وساتر لعيوبك وماحى وكفارة لسيائتك,0,15
عندما نرى من نحب ينبض القلب باروع آيات الحب و العشق و تلمع العين معلنة سعادة لا حدود,0,18
لقلبك سعادة وهاك وردة لعيونك,0,5
وجودك مصدر سعادة دايما في أي وقت و مكان يا نور ربنا يسعد أيامك كلها يا رب,0,17
اللهم سعادة لاتفنى وابتسامة لاتغيب,0,5
كل عام و انت بخير رشود الله يجعله عام سعاده عليك,0,11
حبيبتي ما عليج زود يا قلبي ❤️❤️ ربي يجعل كل ايامج سعادة 🌹🌹😘,0,13
عندما تتكاثر المصائب يمحو بعضها بعضًا و تحل بك سعادة جنونية غريبة المذاق و تستطيع أن تضحك من قلب لم يعد يعرف الخوف,0,23
حتى لو اني مختفي اخر فترة الا انك حاطني ياخي شكراً اقسم بالله ياحسن انك سعادة ❤️❤️😩,0,17
ب سعاده عائلتي بالقرب من ربنا وبرؤية الحب والاكتفاء بعيون 💍❤,0,11
ليست السعادة بالأموال ولا القصور ولكن بسعادة القلب وإن أقرب طريق إلى سعادة القلب أن تدخل السعادة على قلوب الناس🙏,0,20
مساءك وصباحك وكل وقتك سعاده وزعامه 🌸🌸🌸🌸✋,0,7
تقرين جعّل ربي يروي عيونك بفرح الحياة ويمطر عليك سعاده ويجعل روحك صافيه من كل شيء ويجعل جنة النعيم بيتك الابدي🥺💛💛💛,0,21
مثلث سعاده ريحة عود وقهوه ووجه أمي♥️,0,7
اللهم سعاده دائمه تسكن قلوبنا,0,5
صباحك سعادة وهناء يارب 🌹 علينا وعليكم يارب,0,8
يارب أغِث أرواحنا سعادة وطمأنينة,0,5
سعادة الانسان تكون بالشكر و الصبر و الاستغفار أسأل الله أن يسعد قلبي وقلوبكم بما نتمنى,0,16
توثيق اهم لحظة وبعد طول انتظار يارب تتم بكل سعادة وبكل خير ان شاء الله دعواتكم لي انا وافنان💙💙,0,19
أنا بحياتي ماشفت ناس أقول الحمدلله انهم موجودين قد عبدالله وعبدالعزيز لانو فعلًا ذولا الاثنين اجو,0,16
سعادة 🤍,0,2
👇🌴👇 كُل سعادة تصنعها لغيرك ستعود إليك😍❤️ 👆🌴👆,0,8
الله يجعل كل ايامك كلها افراح و سعادة ❤️,0,9
اللهُمَ عافية في بدن أمي و طمأنينة في قلب أمي و سعادة في روح أمي,0,15
تلتف المرأة في حديثها كثيرا وأكثر ما تلتف فيه هو قلبها لحزنها إلى سعادة لكي تغيظ خصمها ولا تكسب شفقته,0,20
اللهم بلّغنا المتسع واليسر في كل أمورنا اللهم سعادة القلب ومغفرة الذنب وقرّة العين وجميل البشائر,0,16
اللهم امين ياارب الله يسعدكم سعاده لانهايه لها,0,8
خلصت اللي كنت مخططة ادرسو و لهلء المحاضرات تحت السيطرة و مافي سعادة بتضاهي سعادة الانجاز بالدراسة والله😭😭🥰🥰🥰🥰😌😌,0,18
وربي انك سعاده بجد,0,4
فيودور دوستويفسكي الحياة هدية ثمينة جداً ولا نعرف قيمتها الا عندما نفقدها او تصبح مهددة فعلاً الحياة سعادة,0,18
اللهم ابعثلي طمأنينه و سعاده تغمر حياتي 🕊,0,8
كلمات لطيفة في وقت عشوائي ابتسامة في طريق مُزدحم دعوة في ظهر الغيب كلها أشياء لا تُكلّف شيء لكنها تخلق سعادة,0,21
ويسعدك سعادة الدارييين 😭🤲🏻,0,4
للصباح حكاية ولكل حكاية بداية وأجمل بداية صباحي الذي يحلو بكم فهناك من يطيب لهم الصباح وهناك من يطيب بهم الصباح,0,21
يسلم الراس واهله دمتي اختي الكريمه ودامت سنينك سعادة,0,9
الحب هو أن تُحب سعادة غيرك ❤️,0,7
كل سنة وانت طيب يبدوى وعقبال مليون سنة ف سعادة وخير ❤❤❤,0,12
سعادة الآخرين لن تضرك وغِناهم لن يقلل رزقك عِش نقيًا وتمنى للناس ما تتمنّاه لنفسك,0,15
حباً وكرامة رفقتي من قاع القلب لعنان السماء لدعمكم ومتابعتكم لي سعادة الكون وما حوي لنبض قلوبكم,0,17
حين يسألوني عنكِ سأقول سعادة دخلت حياتي ولا اريد ان تنتهي,0,11
سعادة بطني من سعادتي😂😂,0,4
وانتى طيبة و بخير و سعادة يارب ميرسي جداً حبيبتى 🙏❤️🌹,0,11
اللهم اسعده سعادة لو وزعت على اهل الارض لكفته واملئ قلبه راحه دائمة واجعله في ودائعك يالله دائما🌹,0,18
اصنعي لنفسك من الحزن سعادة,0,5
كل عام وانت بالف خير يا كرم الغالي يجعل كل أيامك سعاده💛,0,12
سعادة الأستاذ سامي الحمدان نقول لك جزاك الله عنا خير الجزاء ما قدمته في هذه الدورة التثقيف,0,17
تمّ الاستلام شكراً على سرعة التحويل الله يسعدك يارب سعادة تلازمك مثل,0,12
عليه أن يحضر لنا كم اعمارهم الذين اجريت عليهم الدراسة فطبيعي أن الشخص الغير متحمل لمسؤوليات وصغير بالعمر اكثر سعادة,0,20
اللهم عوضنا بالأجمل و أرح قلوبنا و أسعدنا سعادة لا تفنى ولا تزول,0,13
ربي أعوذ بك من شتات الأمر ومسّ الضُّر و ضيق الصدر ربي إن كان هناك ذنب يحول بيني وبين تيسير أموري اغفره لي,0,23
معلومة لا تهمك سعادة زيدان اهم من سعادتي,0,8
اللهم كما أمطرت السماء وأسقيت الأرض أمطر قلوبنا بالفرح من حيث لانحتسب وقل لأمنياتنا كن فتكون يارب بعدد قطرات المطر,0,20
الحمدلله سنه من عمري راحت بخيرها وشرها وجتني سنه ثانيه يارب تكون حلوه مليانه ناس طيبه تحبني م تأذيني ولا تزعل مشاعرى,0,22
ماقصرت ربي يسعدك سعاده ملها نهايه يارب,0,7
صباحك سعادة 🌹,0,3
مساءك احلى مساء كله سعادة وهناء,0,6
حبيبي الحلو الي كببببببببررررر 🥺💗💗💗💗💗💗💗💗💗 كل عام و انتِ بخير و سعاده و سنه مُباركه يارب,0,16
حبيبي كُل وانت سعيد عشان الاكل سعادة ✨✨,0,8
سعادة الدنيا كلها بعيونها🎈♥️,0,4
ماشاءالله تبارك الله الله يوفقه ويحفظه ويسعده سعادة الدارين 💐💐💐,0,10
انتي سعادة قلب ليس يسعده إلاكِ ياماضي الأحلام والآتي,0,9
هي ابنتي اميرتي الصغيره هي الحنان و قطعة من الجنة اللهم احفظها هي سر سعادة من حولها كل عام وانتي بخير سارونتي 🎉🎈🌸🥰😘,0,23
الله يوفقك بما تحبي وترضيه ويسعدك سعاده الدارين غاليتي,0,9
ليست السعادة أن لا تمر بالآلام وأن لا تواجه الصِعاب بل السعادة أن تحافظ على رباطة جأشك,0,17
المرأه اللي تتركونها بحالها هي الاكثر سعاده,0,7
19 رمضان 🌸 عيد ميلادي ال 🎂💙 اللهم اني استودعك عاماً مضى من عمري فاغفره لي و بارك لي في عامي الجديد يارب,0,23
كل المواقف تتلاشى سريعا من الذاكرة إلا سعادةً اهديتها من تحب ❤️,0,12
كفو والله اخوي النسرماتقصر يغالي ربي يسعدك سعاده الدارين زي مابتسعد الكثير بكرمك وأخلاقك العاليهالله,0,15
الف الف مبروك اخي الغالي سعادة المهندس علي الغامدي تفوق ابنكم نسأل الله أن يحفظه ويحفظكم ويديم عليكم الأفراح والتقدم العلمي,0,21
كل سنة وكل اخواني و إخواتي المسيحيين بخير وفرح في عيد الفصح المجيد ونلتقي دائمًا في الأعياد على المسرّة,0,19
اي نعم هيك بالزبط ايامك سعاده يارب 🙏🌹,0,8
ويجعل دربك كله سعادة يا رب العالمين,0,7
إيڤي الجميلة كل عام وأنتي بخير الله يمدّ سنواتك وتكون سعاده وفرح وتوفيق ويكونوا أحبابك حولك 🤍🤍🤍🤍,0,17
كل عااام وأنتي بألف خييير حبي وعساها سنه خير عليج كلها سعاده و فرح يارب 🖤🖤,0,16
مساءك سعاده وراحة بال يارب 🌹🌹,0,6
لكم سعادة لاتنتهي,0,3
كل سنه وانت طيبة يا هنزادة يا قمررر عقبال سنين كتير في سعادة وراحة بال 🥺💖💖💖💖💖,0,16
ربي اجعل اليوم أفضل من الأمس وغدًا أفضل من اليوم وارزقني سعادة حلمٍ انتظر تحقيقه 🤍,0,16
اللهم إني استودعتك عاماً مضى من عمري ف بارك لي في عامي الجديد اللهم اجعله عام خير و سعادة يارب 25🤍,0,21
🎙 زيدان لقد عملنا بجد لتحقيق هذا الفوز لقد تحلينا بالصبر ثم سجلنا الأهداف احتفلت بهذا الشكل لأنني سعيد بل,0,20
اللهم سعادة تملأ الفؤاد وأمان يعانق الروح وفرحة لم تكن بالحُسبان🥺🥺,0,11
كل عام و انت بخير و سعادة يا رب 🎈🌹🌿,0,10
ميلاد اخوي اللي جابته امي احبك جعل كل ايامك سعاده والحمدلله انك بحياتي محظوظ فيك🫂💞💗💕💕💕💗💞💗💕💕💘💘💘💕💗💗💞💗💕,0,15
🍂🍃🌹 اللهم جمّلنا بقلب رحيم وعقل حكيم ونفس صبوره يارب إجعل ابتسامتنا عاده وحديثنا عباده وحياتنا سعاده وخاتمتنا ش,0,19
سْعادة الاخرين لن تؤخذ من سْعادتك وغناهم لن ينقص من رزقك وصحتهم لن تسْلبك عافيتك كن نقيا وتمنى لغيرك ما تتمناه لنفسْك,0,22
كل سنه وانت طيب يا حبيب قلبي وعبقال سنين كتير ف سعاده وتحقق اللي بتتمناه ❤️❤️❤️❤️,0,16
جعل أيامك سعاده وفرح غاليتي 🌹,0,6
الله يجعله سنة سعاده وخير عليك♥️ ههههههههههههههههههههههههههههههههههههههههههههههههههههههه,0,7
ويسعدك اختي سعاده لا شفاء بعدها عسى الله يتقبل منا ومنكم صالح الاعمال,0,13
كل عام وانتِ بخير وأكثر سعاده يا أغلى حصه 💘,0,10
٣١ ربيعا 💕 كل عام و انا بخير 💕🙏🏻 اللهم اجعلها سنة خير و سعاده و رزق و انجاز 💕,0,20
هل تعلمون ما هو عشق الروح أن تتنفس عبير الحب وانت بعيد عن الذي تحبه أن تشم رائحة عطره وهو ليس بقربك أن تشعر بدفئ,0,25
كمية سعادة مو طبيعية كذا راح اعيش مبسوط كل حياتي,0,10
صباحك ومساك سعادة طلال🌹,0,4
في بؤس البعض سعادة للآخرين هل هذا هو المنطق,0,9
ودعت من عمري عامًا و ابتدأ ب عمري عام جديد يارب أسألك أن تجعلها سنة تضيف لي فرحًا وإنجازًا و علمًا اللهم بارك لي,0,24
مساءك سعادة 🕊🌸🌸,0,3
لا سعادة تعادل راحة الضمير,0,5
لا تُرهق نفسك بالبحث عن السعادة والتوفيق وأنت بعيد عن الله إنما هي في القرب من الله ومنآجاته بالدعاء,0,19
اللهُم سعادة تملأ الفُؤاد وأمان يعانق الروح وفرحة لم تكن بالحُسبان 💕,0,12
لقلبك سعاده يارب,0,3
مساك سعادة 🌹,0,3
اللهم بلّغنا المتّسع واليسر في كل أمورنا اللهم سعادة القلب ومغفرة الذنب وقرّة العين وجميل البشائر,0,16
دون ملل او كلل تظل جل اهتماماتك وافكارك دائما بمن تحب لانه هو الوحيد دون غيره القادر ان يمنحك سعادة لا مثيل لها,0,23
مساءك سعاده ورضا,0,3
يابلونات قلبي عام كلها سعاده وفرح وقرب من ربك وتحقيق امنيات ♥️♥️,0,12
ميرسي جدا يا صافي و انتي بخير و سعادة دائما,0,10
كل عااام وأنتي بألف خييير ي عمري سنه جديده من عمرك سعاده و فرح يارب 🥺🎈🎊🎁,0,16
والله يجهاد لو اوصفلك كمية سعادة الي انا فيها الحين 😭😭😭❤️❤️الله يعطيهم العافية رجال زيزو ❤️❤️,0,16
كن سبب في سعادة أحدهم😊,0,5
٢٥٢٠٢١ 💙 اللهم اجعلها سنة سعادة عليي يارب اللهم اجعل مابقى من عُمري خيرًا مما مضى🎈,0,16
🎂🎈🎂🎈🎂🎈 العمر كله سنه سعاده وتوفيق في حياتك يارب 🎉✨,0,10
اللهم إني استودعتك عام مضى من عمري فأغفر لي ما كان فيه اللهم إنها بداية سنة جديدَه من عُمري ف إجعل مابقى من عُمري,0,24
ربي يرزقك سعادة بلا حدود 🌺🌹,0,6
اللهم لا تخرجنا من رمضان إلا ونحن طاهرين بغير ذنوب يا الله بحجم صبرنا على همومنا ارزقنا بفرحة تريح قلوبنا وتسعدنا,0,21
الوّتر ركعتين كفيلة بآن تجعل حياتك سعادة,0,7
كل سنة و انتي طيبة يا دينا ان شاء الله العمر كله بهنا و سعادة يارب ♥️♥️🥳,0,17
مساءك سعاده لا تنتهي,0,4
مساك سعاده وهنا,0,3
كل سنه يزداد ججماالككك و الله يجعله عام سعاده يارب و كل عام و انتي بخيرررر💞😭,0,16
وانا بحبك اكتر بتمنالك سعادة ابدية زميلي الاسطورة التويترية💕,0,9
يا رب ويسعدك سعاده لا شقاء بعدها وييسر لك دربك ويحفظك من كل شر,0,14
كل سنة وانتى طيبة ي ريمو عقبال العمر كله ف سعادة وهنا❤❤😘,0,12
الله يسعدك سعادة ما بعدها حزن فوزني,0,7
قد يكون الرِزق أحياناً قلوباً يسوقها الله إليك لِ تسعِدك وتصنع لك سعادةً وحياة رغم كل الجُروح 🍌🍦💗,0,18
كل سنه و انت ي عم راشد و عقبال سنين كتير بصحه وسلامه و سعاده و أشوفك ف نجاح دايما ي رب 🎂🎊🔥❤,0,23
ومساك سعادة,0,2
ما أسعدَ العينَ إن فازَت برُؤيَتِهِم ويا سعادةَ قلبٍ فيهِ قد نزَلُوا♥️,0,12
تسلمي الغالية محيي الله اصلك مساءك سعادة وفرح 🌹,0,9
إذا كنت حريصاً على إسعاد الأخرين فلا تنس نفسك من السعادة حتى تستطيع أن تقدم للحزين سعادة حقيقية,0,18
مساءك سعاده,0,2
سعاده ليك يارب وانت بخير احمد 🥳,0,7
سعاده عظيمه ❤️❤️,0,3
كل عام وانتِ طيبه وياحضي يوم عرفتك جعل سنينك سعاده وبهجه,0,11
كل عام وانتي بخير سنه كلها سعاده وحب😄❤️🎈,0,8
52 اللهم إني استودعتك عام مضى من عمري فأغفر لي ما كان فيه اللهم إنها بداية سنة جديدَه من عُمري ف إجعل مابقى من,0,24
حلوه المحادثه اللي تطلع منها مبتسم وقلبك فيه كميه سعاده ماتوصف بسبب هالشخص🤍🤍,0,13
. برأي احد او وجهة نظر الزواج اما سعادة او فشل مع التجربة اللي رح تعيشها مقدر ا,0,18
رجال الجمارك وقع عليهم ظلم شلون تحسب المكافأة على يومين وايام الراحة لاتحسب وفي الاجازات والمرضيات غصب تحسب أيا,0,19
وأكثر جمال وأكثر هدوء وأكثر سعاده وأكثر راحه وأكثر حريه وحياتك 😄,0,12
مساؤك سعادة و هنا دايما يا رب ان شاء الله تعالى يا دوك,0,13
سعادة زيدان بالأهداف و الثلاث نقاط أكثر شي يهمني 😔♥️♥️♥️,0,10
اللهم امين منا ومنكم صباحك سعادة 🌸🌸,0,7
كل سنة وانتى طيبة و عقبال سنين كتير في صحة و سعادة و تحققى كل اللى بتتمنيه 🎉🎊🥳,0,18
مساءك سعاده وخير,0,3
آمين الله يسعدك سعادة لا تشقى بعدها ابدا,0,8
مساك سعادة وراحة بال,0,4
يكفيني سعادة التفاؤل اليوم وبكرة اجد سبب اخر للسعادة مثل صوت والدتي ❤,0,13
اللهم امين ويا رب سعادة ما بتنتهي الك يا لانا 🙏🏻🖤,0,11
اعذرني فرق التوقيت عندنا مساؤكم سعادة وصباحكم عسل بزيادة,0,9
فوز مدريد سعادة ❤️,0,4
اقسم بالله سعادة عظيمة لما تُنهي مشوارك الجامعي بهذا الشكل الحمدلله حمداً كثيراً ❤️❤️,0,14
سعادة الله وكيلك وربيي,0,4
وأرى أنني من حيث الجوهر أكثر سعادة عندما أكون وحيده وحيده بمعنى أن أكون خالياً من أي تعلق بأي شخص أو أي مجموع,0,23
احلى هجوورة 🥺❤❤ كل سنة وانت طيبة ويارب كل سنينك ف سعادة وهنا بحبك خالص مالص والله ❤❤❤❤❤🥺🥺,0,18
والله سعاده يخوان بعد ضغط ٨٠ دقيقه,0,7
اللّهم بحجم سمائك أرح قلوبنا وأسعدنا سعادة لا تفنى و لا تزول,0,12
سعادة دايمه ياحبيبة قلبي والله💙,0,5
عيدالقيامة المجيد خالص تحياتي الي شخصكم الكريم و كل اسرتك و احبابك بعيد القيامة المجيد,0,15
لكل من يقرأ الأن اسأل اللهَ أن يُبشرَك بفرحة لم تحسب لها حساب وأنْ ينيرَ دربَك ويُسهلَ لك كلَّ أمراً,0,20
😂😂😂😂 قولي أميين ربي يسعدج سعادة مالها حد دنيا وأخره🌹,0,10
سعادة تملأ قلبك ولا تفارقه أبدا,0,6
لقلبك سعادة الحمدالله حسبتك بتزعلي 😂,0,6
قربك سعادة,0,2
اللهم لاتحرمنا مانتمنى واجعل لنا دعوه لاترد واسعدنا سعادة الدارين وييسر لنا امورنا وارزقنا وغير احوالنا الى احسنها,0,18
سعادة المرء تتضاعف إذا رأى من يحب عليها,0,8
صوتك لحاله سعاده عاد كيف لا اجتمع صوتك مع صوت المطر,0,11
😋😋 كل سنة و انتي طيبة و بخير و صحة و سعادة دايما يا رب و ان شاء الله تحققي مل اللي بتتمنيه 🤲🌹💙,0,24
اللهم اجعلها سعيده راضيه اجعل قلبها في راحه واطمئنان اجعل عيناها لاتشكتي حزناً اجعل قلبها ينبض فرحاً واجعل كل مابها,0,20
اللهم اسعدها سعادة لو وزعت على اهل الارض لكفتها واملئ قلبها راحه دائمة واجعلها في ودائعك يالله دائما,0,18
اللهم يسعدك سعادة لا حد لها,0,6
ي سعادة قلبي بسببها ☹️♥️,0,5
ومساك أكثر سعادة وبركة بإذن الله تعالى,0,7
أنشهد سعادة وربي و مبروووووك ياقلبي,0,6
مساك سعاده وسرور لقلبك 🌹❤️🌹,0,5
سعادة كبيرة الله يديمها علينا يا انتريستا ❤️,0,8
انتي بخير وصحه وسلامه وبأحسن حال💜🌹 الله يسعدك يارب وينور قلبك ويجعل كل لحظاتك سعاده وفرح يارب 🌹💜 🌹💜🌹💜,0,19
ربي يوسع رزقك ويسعدك سعادة أبدية يارب🤲 اسيويةاليد23 🤾🏽,0,9
ولقلبكِ سعادةٌ مثلُها 🌸,0,4
ويمضي بنا العمر على رصيف الانتظار منا من ينتظر فرحا ومنا من ينتظر شفاء ومنا من ينتظر غائب ومنا من ينتظر سعادة,0,22
لما تكون سبب سعادة شخص هذي بحد ذاتها سعاده لك🦋💞💞💞💞💞💞,0,10
لا تبخلوا بإسعاد من تحبون كل المواقف تتلاشى سريعاً من الذاكرة إلا سعادة أهديتها من تحب ❤️,0,17
سعادة زيدان تعني سعادتي ♥️,0,5
جعل كل أيامك سعادة,0,4
ويسعدك سعادة الدارين كما انا امزح لحد يصدق😒 😂😂,0,9
مساءكم سعادة وراحة بال 🌺🌺,0,5
سعاده ولا زوينه🙂🚶🏻‍♀️,0,3
ويسعدك سعادة الدارين خيو 🌹,0,5
وجودهم سعاده,0,2
جعل ايامك كلها سعاده,0,4
يالله ترزقه سعادة اضعاف سعادتنا اللي كانت بسببه ❤️,0,9
سعاده لروحك وقلبك ياغاليه,0,4
يسعد قلبك وربي تستاهلي كل سعاده الدنيا ويارب يديم المحبه بينكم 💙,0,12
لاني سعاده,0,2
كل عام وانتم دائما بخير و سعادة,0,7
يخوان سعاده والله 😭😭😭😭🙏🏻❤️❤️❤️❤️❤️,0,4
اللهم سَعاده تصاحِبها كظلها,0,4
يارب زد والدايّ عُمرًا و سعادة,0,6
سعادة قلبك موجودة بضحكة الناس اللي فعلا تهمك برسالة تفتح النفس من الشخص المطلوب بإختيارك انك تحب نفسك وتقدرها,0,19
يا ملك الملوك احفظنا بحفظك من كل سوء واملأ حياتنا سعادة ورضى وطمأنينة,0,13
الله يرزقنا سعادة ورضاء وراحة بال🌼,0,6
عيد قيامه مجيد و كل سنه و اخواتنا و حبايبنا بخير و صحه و سعاده قلب واحد و وطن واحد 💚🙏🏻 عيدالقيامةالمجيد,0,22
فيني كمية طاقة سعاده و حب للحياه يارب آدمها 😌💜💜💜,0,10
مساؤوووك سعادة لا تنتهي 🌸🌼🌻,0,5
هني وعافية سعادة السفير🤍,0,4
ماجاء من الله حيابه جعل الله حياتك سعاده وسرور,0,9
مساؤوووك سعادة لا تنتهي 🌸🌼,0,5
قد يكون الرزق أحياناً قلوب يسوقها الله إليك لِتسعدك ولِتصنَع لك رُغم كل ما تمر به سعادةً و حياة💕,0,19
▪️قال الإمام ابن تيمية رحمه الله الدُّعاء والتوَكُّل مِنْ أعظم الأسباب التي تُنَالُ بِها سعادةُ الدُّنْيا والآخِرة,0,17
صباحك سعاده وسرور,0,3
العمل سعادة وعبادة ربنا يريح بالك وتنتظم ساعتك البيولوجية,0,9
فرحته لحالها سعاده 🥵😭🤍🤍🤍,0,4
طبعا اوافقك جدا 👌 حتى المصلحة في الحب في مقابل سعادة القلب 💕🌹🌹,0,13
يا رب يا رب يا رب أي شخص تطيح عينه على هالتغريدة ان الله يسعده سعادة لا تبور ولا تفنى طعمها كما طعم السكر وأثرها لا,0,26
مساكسعادةتملأقلبكنعومتي,0,1
هذي ضمه ولا جرعه من سعاده,0,6
كل سعادة تصنعها لغيرك ستعود إلى قلبك و لو بعد حين,0,11
العمر كله لكِ💋💙 في سعادة وراحة بال,0,7
الأهل مصدر سعادة ♥️,0,4
انا في نعيم وفي سعاده,0,5
مساء الورد لكل من أحبهم القلب مساؤكم سعادة لقلوبكم,0,9
كل عام و حضرتك طيب و بخير و صحه و سعاده يا عم خميس,0,14
ضحكه في عيون الحبايب سعاده❤️❤️❤️❤️,0,5
سعاده بختصار 💓,0,3
عمري لحلوةةةةةة عسى الاعوامكككك سعادة 🥺🥺🥺♥️♥️,0,6
و حضرتك و الكل بخير و سعاده,0,7
اللهم سعادة تملأ الفؤاد و آمان يعانق الروح🧡,0,8
اي سعادة هذه 😭😂😂💔,0,4
الف مبروووك ومساگ سعادة 🌿,0,5
زي ايش انا اخواني يستغربون اذا قلت البشميل تعطيني سعاده,0,10
ما شاء الله ربي يهنيهم ويجعل كل ايامهم سعاده 😂❤️,0,10
اكثر سعادة في الدوجه وغير المسؤولية,0,6
لما تسعد عيالك رح تكون سعيد مش تزيف من الداخل رح تحس بالرضا والراحه والفرح,0,15
اللهم ارزقنا سعاده وفرح من حيث لا نحتسب💙✨ مساء الخير,0,10
مسائچ سعادة وفرح 🌹,0,4
وقمر تجيب سعاده لروحك,0,4
عملية تحويل حزن أحدهم إلى سعادة بطولة إنسانية 👍💗,0,9
ربي يسعدك بحياتك سعادة دائمة بدون حزن ولا شقاء ❤️,0,10
يا رب هي جنتي و فرحتي و سعادة قلبي طول عمرها في طاعتك و أرزقني برها يارب امي,0,18
😭😭😭 ماعليك ريحي نفسك الهم والتفكير ماراح يغير شيء تفائلي وتحمسي لحياتك الجايه بإذن الله كلها سعادة وفرح,0,18
وربي هالإنسانه يعجز الكلام عن وصفهاماقول غير ربي يفتحها عليك ويسعدك سعاده ماتنتهي ويزيدك من بركاته وفضله العظيم♥️♥️♥️♥️,0,18
• لا تكره أيامك فالحلوة منها أعطتك سعادة والحزينة منها أعطتك خبرة أما القاسية منها فقد أعطتك دروساً,0,18
الله يبارك فيك استاذ يوسف ويسعدك سعادة الابرار 🌺,0,9
اللهمّ سعادة القلب وقرار العين وجميل البشائر وسجدة الفرح العميقة❤️,0,10
صباحاتك سعادة 🌙🌸💜,0,3
مساكم سعاده,0,2
تضحكين ف يتصدر الحي الذي تسكنين فِيَھا قائمة اكثر الاحياء سعادة ❤️,0,12
ياحلو الأطفال البو سنه يجنننون اول مايبدأ يمشي ويطيح ويجي عندك يبلشك بعمره ويطيح في حضنك 😍😍😍ياربي سعاده وربي,0,19
المعني ان الشخص الذي لا يمتلك سعاده يحتاج الي السعاده كي يتبادلها,0,12
وانت وكل المصريين في كل مكان في العالم بصحة وخير و سعادة,0,12
عيش فالدنيا بكل سعادة وتفاؤل ولكن تذكر هذه الكلمات 👇 🍃ﻻتلهيك الدنيآ عن مآينفعك بالآخرة🍃,0,15
دقائق معدوده تفصلنا عن بدء مناقشة بحث التخرج ومتأكد تمامًا بعد انتهاء المناقشة راح تغمرني سعادة لم أحظى بها طيلة حياتي,0,21
الرضى بالنفس سعادة لا تدرك للبعض,0,6
الله يسعدك يارب سعاده الدارين سعاده يتعجب منها اهل السماء والارض 😿,0,12
تشرفت بإشراف سعادة الأستاذ الدكتور الفاضل عبد الله الخليفة على رسالة الدكتوراه وكان نعم الموجه والمشرف,0,16
مسائك سعاده اذا حصلت الوصفه الزينه جيبها صوبي😂😂,0,8
مساؤكم سعادة وراحة بال 🌹🌹,0,5
غير صحيح انا متزوجه واكثر سعاده,0,6
مسأك سعاده,0,2
اللهم فرج همنا ونفس كربنا واقض عنا ديننا واشف مرضانا وارحم موتانا اللهم أبدل حزني فرحاً وهمومي سعادة وضيقي فرجاً,0,20
. برأي احد او وجهة نظر الزواج اما سعادة او فشل مع التجربة اللي رح تعيش,0,16
مساك سعادة 💐,0,3
وعسى حبك لي يصادف سعاده عشق وكل سرورواناظر وجهك الحاني وسعاده حبك الباقي,0,13
مساءك سعادة عزيزتي,0,3
والله صدق هالدراما بالبدايه كلها سعادة وفرح واخر حلقات سوداء بالمعنى الحرفي حزن غير طبيعي,0,15
ولمن أسعدني يوماً اللهُم اذقهُ سعادة لا تنقطع❤️,0,8
يآ رَبّ سَعآده دآئِمة تسكَن قلوُبنآ 🌸 يسعدمساكم,0,8
صباحك سعادة تسگن ورحگك 🌙💜,0,5
انتي سعاده وجبر والله🤍🤍,0,4
مساك سعادة 🌺,0,3
اللهم سعادة تطوف بايامنا وليالينا اللهم اقدارا جميلة هنيئة اللهم امين,0,11
كل سنه وانت طيب وبخير يا هندسه والعمر كله في سعاده وراحة بال ان شاء الله ❤️❤️,0,17
بعض الاحلام سعاده حتى وإن لم تتحقق,0,7
تم الله يسعدك سعاده لامثيل لها,0,6
مساءك سعاده 🌹,0,3
منذ أن عرفنا منهج السلف الصالح ونحن في سعادة لا يعلم بها إلا الله الحمد لله 🌹🌹🌹,0,17
اللهم بحجم جمال جنتك جمل مستقبلي وحياتي ربي حقق لي ما أتمناه يارب ووفقني وسهل أمري وأسعدني سعادة الدنيا والأخرة🤍,0,20
اللهم اني أسألك لطف القدر و حلاوة الأيام و سعادة الروح و راحة البال,0,14
أحلا تحية لعمال بلدنا اللى بيهم مصر بتكبر وبتكبر وبتبقا أحلا واحلا وانت بالف خير,0,15
اللهم يارب اسعدها وحقق أمانيها وأرح قلبها و أبعد عنها كل ضيق اللهم اني استودعتك جمال مبسمها فلا تحزنها,0,19
اللهم نسألك سعادة الدنيا والآخرة يارب العالمين,0,7
سعادة الآخرين لن تضرك وغناهم لن يقلل رزقك عش نقياً وتمنى للناس ما تتمناه لنفسك,0,15
يارب عوض كل ايامنا باليوم كلها سعاده وغفران,0,8
مساك سعاده يارب 😍,0,4
بدعيلج وانتي قولي آمين ربي يسعدج سعادة مالها وصف على قد طيبة قلبج وجمال روحج ربي يبعد عنج كل شر و يبشرج بالخير,0,23
صوت المطر احلى صوت على قلبي وروحي صوت المطر شفاء و عافية و سعادة 🌩️🤲,0,15
مساك سعادة وهناء 🌹,0,4
اللهم فرج هم كل مهموم و اسعد قلب كل حزين و بشر كل من ينتظر فرج قريب اللهم بدل حزنهم سعادة وتوفيق دنيا وآخرة,0,24
يافيدو يا حلو كل سنة و إنت طيب و أطيب خلق الله و الله و عقبال سنين كتير ف رضا و سعادة ❤️,0,23
يارب اجعل بسمتي عاده وحديثي عباده وحياتي سعاده وخاتمتي شهاده 🤍,0,11
كل سنة و اخواتنا المسيحين بخير و سعادة ♥️,0,9
يارب بشرني بشارة فرح اللهم أسعدني سعادة أبكي من جمالها وافتح لي ابواب الخير ولكل من قال آمين يارب العالمين,0,20
كل عام وانت بخخيير وعساه عامم سعادة يارب🤍,0,8
▪️من فوائد كثرة الاستغفار هو المتاع الحَسَن ماهو المتاع الحَسَن بأن يبدّل الله خوفكم أمناً وفقركم غِناً وشقائك,0,18
لا اصبري لين يزيد الشوق وعيديه سعاده مضاعفه,0,8
كل عام وانتِ بخيير وعسى اعوامج اليايه كلها سعاده يارب💙🥺,0,10
سعادة,0,1
القطاوه جابولي سعاده ولا شهور من الانتي دبرشن عطتني اياها,0,10
مساء الخير جميع وربي يسعدك سعادة الدارين الدنيا والآخرة 🥰🥰🥰,0,10
وأرى أنني أكثر سعادة عندما أكون وحيداً وحيداً بمعنى أن أكون خالياً من أي تعلق بأي شخص أو أي مجموعة ودائرة وألاحظ,0,22
اللهم كما أمطرت السماء وأسقيت الأرض أمطر قلوبنا بالفرح من حيث لانحتسب وقل لأمنياتنا كن فتكون يارب بعدد قطرات,0,19
شواقي كلللللللل عاااامم وانتتتيييييي بخير يروحي وعسى عامج مديد واحلى من كبر وجعل ايامج كلها سعاده وانا معاج وانجوي,0,19
😢💔 ولقلبك سعادة دائمة 🙏💙,0,5
قمر ونجمه مضيئه الأطفال هم سعادة الكبار بسعادتهم علموا الكبار ما هي السعادة,0,13
مساكي كله خير و سعادة ♡♡,0,6
دايما فى سعاده,0,3
ومساك سعادة جميلتي 🌹♥️,0,4
علّمتني أمي أن النفوس النقيّة التي تتمنّى الخير للجميع هي الأكثر سعادة وراحة وهناء,0,14
اتمني ببركه الايام دي ربنا يجبر بخاطر صحابي ويعوضهم خير وايامهم الجايه تبقي عباره عن سعاده وراحه بال❤,0,18
بهمل ف حق نفسي أوي عشان شوية سعادة مؤقتة مزيفة,0,10
يارب بعدد قطرات المطر أمطرنا فرحاً لاينتهي وحقق أمنياتنا اللهم اجعل لنا مع كل قطرة مطر سعادة ورزقاً وعافية واستجابة لكل دعوه💙,0,22
قلتش سعاده 2 حلوين مره 💙💙💙,0,6
تحيا سورية ويحيا سعاده وكل عيدوانتم بخير وبالعز دائما,0,9
اللهُمَّ يا من تملك حوائج السائلين و تعلم قلوب الصامتين ارزقنا سروراً لا نرى بهِ حُزناً و سعادةً لا يُعكرها شقاء و عافية لا تزول,0,25
كل سنة وانتي طيبة ي ايثو ي قمر وعقبال سنين كتير ف سعادة ي قلبي ♥️♥️♥️😘😘🎊,0,16
جعل أيامج كلها سعادة ♥️,0,5
انتَ مصدر سعاده حياتيّ❤️,0,4
وأذوقُ في نَجْواكَ طَعمَ سعادةٍ ومَن الذي يَأوِي إليك ويَحزَنُ,0,10
مش بيعدي عليا اوقات بكون فيها اكتر سعاده وفرح وكلها احضان وحنيه وكل معاني الدفا والأمان اد الأوقات والكام ساعه ال بكون فيهم مع اهلي,0,25
انت مصدر سعادة نفسك ❤️,0,5
ربي يكرمك ويسعد قلبك سعادة لا شقاء بعدها,0,8
كل سنة و انت طيب و بكل خير و سعادة يا فيدوووو❤️ عيد سعيد عليك و على حبايبك,0,18
كل سنة و انت طيب و دائمآ في صحة و سعادة 🥰 🌷,0,13
مشكلة الناس الباعوص الي ما تفارق وتضل ناشبة ولا يهمها الا نفسها وسعادتها اكثر من سعادة الشخص الي تحبه كمية الانانية مش طبيعيه ابد💁🏻‍♀️,0,24
كل سنه وانت طيبه ي روحي ويارب دايما ف سعاده وهنا♥♥♥,0,11
عسى الفرح يا أحلام الايام قدام و عسى القدر يكتب سعادة زماني,0,12
العمر كله فى سعادة وفرح يارب,0,6
احس منطقي تكون اكثبر سعادة الى الاربعين لان مافيه دوشة اطفال وبزران وتربية بس بعد الاربعين بتدخل باشد دوامة,0,19
وانا اقول لك الله يرزقك سعادة الدارين ياربي يارحيم وجزاك الله خير,0,12
اكيد افضل مساءك سعادة وهنا 💐,0,6
و انتي يا هدى و حضراتكم جميعا بكل خير و صحه و سعاده,0,13
رحم اللّٰه من بقي حيًا في قلبي أتنفس حُبه با أدعيتي اللهم أرحم أطيب من فقدت في هذه الدنيا اللهم أنر قبر جدي واغفر له,0,25
و انتي بخير و سعاده موني,0,6
مساكي سعاده 🌺🌺,0,3
سعادة المرأة بزوج صالح قادر وكثير من العازبات تتمنى الزوج المثالي الصبور على المرأة المشاكسة,0,15
سعاده دايمه تملأ قلبك ❤️❤️,0,5
وأيامك كلها سعاده يالغالي,0,4
اللهم إني اسألك سعادة لا أشقى بعدها💙,0,7
شكرا على محبتك الكبيرة وكل المصريين بخير و سعادة,0,9
لمن يقرأ قضى الله حاجتك وجبر قلبك وغفر ذنبك ورزقك سعادةً لاتشقى بعدها أبدا,0,14
الحمدلله على تربيتنا لأنفسنا على حُب الخير للناس نقول ما شاء الله لكل جميل نراه أمامنا تنشرح صدورنا,0,18
كل سنة و إنتم طيبين و بخير يا أصدقاء تويتر الأعزاء💐🙏🏼,0,11
ياعمري فديتتنن الضحكهههه يالبيههههههه اقسم بالله ضحكتك تفتح النفس وتنهي الحروب وتقوي الجيوش,0,13
كل سنه وانتي طيبه وبخير وعقبال سنين كتير سعاده,0,9
مساك سعاده ✋🏻🌙,0,3
تذكرني سعادة يوم أغمض وابحر بفكري,0,6
سَعآدَة آﻻنَسٌانَ هَي آلشَكر وآلصَبر وآﻻسَتغفَار لله سبحانه آسَال آللهَ آنَ يسَعد قَلبيْ وَقلوَبكمَ✿ بل خير,0,16
شكرا لدعمكم ومشاعركم النبيلة سعادة السفير,0,6
ومسائك سعادة وهناء ✨🌙,0,4
مساؤؤؤؤ سعادة و هناء,0,4
اللهم امين ومساك سعاده✋🏻🌙,0,4
❤️ مَا أسْعَدَ العَيْنَ إنْ فَازَتْ بِرُؤيَتِهِم,0,7
مساك سعاده 💙🙇‍♂️,0,3
يا هلا وغلا بالغاااالي 🌹 الله يوفقك ويسعدك سعادة الدارين,0,10
هههههههههههه ومساك سعادة ياخو بدوه دام طفشان تعال معي الديره بعد العيد نفلها,0,13
ربنا يجعل ايامك كلها سعاده انين 🌹🙏,0,7
مسائك سعادة,0,2
شوفتك والله سعاده,0,3
و مساءك سعادة و ابتسامة تدوم حبيبتي 🌹♥️🌹,0,8
الصلاة سعاده,0,2
ربي لاأعلم مايوآجه اصدقائي واحبابي من ظروف فأنا أرى ضحكاتهم وأنت ترى دمعاتهم وأرى ظاهرهم وأنت ترى قلق داخله,0,19
سعادة لا تُوصف 💙🔥,0,4
جرعة سعادة,0,2
🍃الله,0,1
احلى مساء مساك سعاده,0,4
اللهم سعادة تملأ الفؤاد وأمان يعانق الروح وفرحة لم تكن بالحسبان,0,11
بوبا الجميله😘🥰 وانتي ف سعاده يارب سنه سعيده بيكي وبوجودك 🥰😘,0,11
لا شئ يضاهي سعاده الامومة عند المراة الله خلقها لهذه المهمة العظيمة فاكيد راح تكون اسعد الناس بها,0,18
حبيبتي انتِ الله يسعد قلبك سعادة لا تشقين بعدها من بعدك يا عيوني 💛,0,14
اللهم آمين آمين الله يبارك فيك وفي آل بيتك ويسعدكم سعادة الدارين ياااارب,0,13
ربنا يجعل أيامك كلها سعادة,0,5
هي الهدف الأول صح بس الزواج ككل سعاده اذا صار فيه توافق روحي وفكري بين الزوجين,0,16
مساج سعاده,0,2
احب نفسي لما أكون سبب في سعادة غيري ♥,0,9
سعاده ماتفارق محياك يارب — امين ياروحي ويااااك ❤️❤️,0,9
يارب إن أمي وأبي أحب النعم إلى قلبي فإسقهم العافية والسعادة والصحه والعافيه بلا مُنتهى وابعد الهم و الحزن عن قلوب,0,21
إجعل من حرارة الوقت خريفا جميلا في منزلك واخلق لهم سعاده وسرور,0,12
احببتك رغم الامي واحزاني وفي غيابك زاد اشتياقي انت الهوى الي انا عايش عليه وانت الدفى الي انا اوله عليه انت,0,21
كانت مستمرة وناجحة لأنها كانت قائمة على التكامل كل واحد عارف شو شغلته في العلاقة من توفير المال و تربية الأبناء و,0,22
احبه و احب ازعله و احب رضاه دفا عمري و ترويق بالي و تفكيره لو اني اذوق المر منه اقول الله عذابٍ معاه ولا سعادهٍ مع غيره,0,27
وديع سعادة 🤍,0,3
ممتنة كثيرًا للطفك ومشاعرك من ذوقك يارب يسعدك سعادةً تسع السماء وآمين لدعواتك الحلوة ويرزقك أضعافه 🌸🍃,0,17
اللهم أرزقنا سعادة أنت منبعها وأنت سرها,0,7
الحمدلله ان الهلال سعادة مستمرة لجميع محبيه💙✔️,0,7
أخوياااا وانت طيب و فى سعاده دايما يا راغب💖,0,9
كل الأوجاع هدايا ربانيه إما تكفير لذنوب و إما سْعاده مؤجله لدار البقاء ف دائما ردد لك الحمد والشكر يا الله,0,21
مساءك سعادة وفرح ماجيستك 🕊🌸🤍,0,5
ربي اني احبه ف اوصيك بقلبه الجميل أسعده بكل ما هو جميل من عندك اللهم اكتب له سعادة دائمه وإبتسامة لاتغيب وقلب لايحزن يارب 🙏🏼🖤,0,25
كن سببًا في سعادة شخص ما,0,6
وانتى طيبه وفى سعاده دايما 🌸,0,6
مسائڪَ سعادة 🌙🌸,0,3
وانتى طيبة وفى سعاده دايما يارب 🌸,0,7
مساءك سعاده وراحه بال 🌸,0,5
الأمير عبدالعزيز بن عبدالله بن الإمام تركي بن عبدالله آل سعود يارب إجعل عبدك تركي آل الشيخ سببًا في سعادة قلبي,0,21
•┈┈•❀۝۝❀•┈┈• أنت اللي وجودك يختصر كلمه سعاده,0,7
مستحيل يرجع الاهلي كما كان الا اذا رجع سعادة النابوده,0,10
مساءك سعادة 🌺,0,3
العفو ممتنة كثيرًا للطفك ومشاعرك من ذوقك الله يسعدك يارب يارب يسعدك سعادةً تسع السماء,0,15
بسم الله نبدأ سعادة جديدة عبارة جميلة تشعرك بالسعادة 🙏 غيث,0,11
مسائك سعاده,0,2
ومسائك سعادة ورضى من الرحمن,0,5
سعادة قلبيييييي 💙💙💙💙💙💙💙,0,3
تتفقون اني سعاده 🌝,0,4
اللهم سعادة تملأ الفؤاد وأمان يعانق الروح وفرحة لم تكُن بالحُسبان🙏,0,11
وانا اثبتت دراساتي ان الرجل الاعزب اكثر سعاده من الرجل المتزوج,0,11
سعاده العالم كامل اعيشه انا حالياً,0,6
لا تربط مستوى سعادة في تحقيق هدف معين🧗🏽‍♂️,0,8
أكثر الناس سعادة من لا ينتظر شيئاً مِن أحد,0,9
لمن أسعدني يوماً اللهُم اذقه سعادة لا تنقطع ♥️,0,9
والحديث مع رُوح تحبها سعاده تُغنيك عن الدنيا بأكملها 💜,0,10
اذا تزوجت شخص مابينهم اي توافق ومابينهم حب اكيد لو عزباء بتكون اكثر سعاده,0,14
تعلمت أنه لايوجد سعاده ولا توفيق ولا عون ولارزق إلا في القرب من الله في جميع الأقوال والأعمال والأفعال,0,19
ربي ان كان هناك حاسد يكره ان يراني سعيدا فارزقه سعادة تنسيه أمرى❤️,0,13
الله يجعلك سعاده للناس,0,4
يارب فرج و سعادة,0,4
كل عام و أصدقائي واخواتي الأقباط بخير و سعادة عيد قيامه مجيد,0,12
سعادة وحماس 👏🏻😍💛,0,3
كل سنه وانت طيب يا دكتور عقبال 10000سنه ف سعاده يارب 🎂 🎂 🎂 🎂,0,15
في مرحلة ما يحتاج الإنسان إلى النظر في علاقاته يحتاج أن يفرزها أن يختار منها أفضلها يختار منها ما يجعله أكثر سعادة,0,22
اللهم أذِق أبي راحةً في الجنة لا تعب يلحقها و سعادةً لا قلق من زوالها,0,15
الا سعاده ونص,0,3
سعادة هذا الفيل الصغير لزيارته للشاطئ اول مره لا مثيل لها 😂❤,0,12
من باث اند بودي ووركس اكثر شمعة ريحتها تمسك بالمكان وتجيب سعادة,0,12
كل سنة وانت طيب ودايما في سعادة وصحة وستر,0,9
سنين كتير جايه كلها سعاده وصحه وهنا لقلبك يارب 🙏🌺,0,10
الحمدلله على سلامتك والله يجعلها آخر الأوجاع ويجعل ايامك الجايه مليانه سعاده واحداث سعيده اهلا برجعتك ❤️❤️🥺,0,17
و انت طيب و بخير و سعادة يا رامح 😊🙏🙏,0,10
هناك دراسات أثبتت أن المرأة العزباء أكثر سعادة من المتزوجة حتى سن الأربعين,0,13
حتى ف العيد اسمها فيها سعادة في واحد يكره السعادة🤣🤣🤣🤣🤣🤣,0,10
الله يسعدك سعاده تبكي فرح منها,0,6
مفيش سعادة من غير فلوس,0,5
مو سعادة ولا شي انا عاقة المواعين للحين بالمجلى ما بنظفهم😂😂,0,11
ولا تمنيّت لنفسي سعادةً في هذه الحياة إلا من أجل سعادتك ولا آثرت البقاء فيها إلا لأعيش بجانبك,0,18
كل عيد و حبايبنا بخير و سعاده يا رب و ربنا يديم علينا نعمه كلها كل عيد و انتم بخير حبايب قلبي هجي اكل معاكم كده ❤️,0,27
والله سعادة و امان 🥲😍,0,5
كلمات لطيفه في وقت عشوائي ابتسامه في طريق مزدحم دعوه في ظهر الغيب كلها اشياء لاتكلف شيئا لكنها تخلق سعادة عظيمه في القلب,0,23
الهموم ما تبدا الا بعد الزواج هم مسؤولية بيت وزوج هم انجاب اطفال هم تربيتهم هم تدريسهم والخوف عليهم,0,19
سعاده لما تكون بين اهلك,0,5
انتِ من الاشياء الحلوة في الحياة الله يسعدك سعاده عظيمه♥️,0,10
في سعاده وبهجه وسرور و فرح,0,6
بعدين لحظه انا طالعه من العزوبيه عشان اكون اكثر سعاده ويجي ذا يقول مافيه سعاده ياعم اسكت,0,17
سعاده لقلبك امل حياتي,0,4
نجرب و نشوف اذا القهوة فعلًا تعطي سعادة و و و و وألخ,0,13
سعادة المرأة هي أن يبحث الرجل الشرقي عن سالفة غيرها,0,10
لا سعاده بدوون مال,0,4
نحن يجب أن لا نجعل مقياس سعادة العامل في عمله هو المكاسب و الفوائد التي تنجم من هذا العمل و إنما رضى الله سبحانه و تعالي,0,26
الله يكتبها من نصيبك متفائل لك,0,6
الحححححمدالله شي مبهج جدا ويخليك متفائل دايم بخير هالبلد وشعبهاا الله يكتب اجرك واجر كل من ساهم اللله يفرجها على كل ضايق يارب ♥️,0,24
نقول يارب متفائل بالمدرب بحول الله,0,6
لست متفائل مع ادارة بن نافل ادارة نظرتها اقتصاديه بحته لا تفهم في الامور الفنيه كما ان استمر,0,18
ما شاء الله مكينة كانت تمشي بالملعب الله يحميه متفائل فيه جداً ينسينا لورينتي,0,14
بالعكس انا كنت متفائل جدا ب ميليتاو وحان الوقت ان نعتمد عليه مكان فاران,0,14
ربِّي إنِّي مُتفائل بكَ حد السماء السابعة فاكتب لي ما تمنَّيت في مستقبلي رزقي توفيقي ديني خاتمتي عائلتي,0,18
خليك متفائل كان ممكن تنسرق🤌🏽,0,5
اللهم إني متفائل بعطائك فأكتب لي ما أتمنى اللهم أسعدني في أبسط تفاصيل حياتي وقرب لي الخير يارب,0,18
خليك متفائل دائما يعني مثلا اذا طحت من الدرج قول کفو نزلت بسرعه 😂😂😂✌🏼,0,14
يونايتد اليوم صراحه ماني متفائل بسبب الاجهاد وان الاعبين ارتاحوا يومين بس عكس ليفربول 💔💔,0,15
مازالت متفائل بالله ثم بك بالفوز معك يابو ناصر 🙏🌹٢٠ الف بانتظاري ان شاءالله 🙏,0,15
انا كنت متفائل ان بنفوز على الهلال بس بعد وديه لا والله ماظنيت,0,13
وايد متفائل ١٠ سنين,0,4
متفائل لطيف,0,2
متفائل جدًا,0,2
متفائل,0,1
اللهم إني متفائل بعطائك🤍,0,4
لا ازال متفائل هناك اشخاص لا يمل الحديث معهم,0,9
العشرlلاواخرمنرمضان اللهم إني متفائل بعطائك فأكتب لي ما أتمنى اللهم أسعدني في أبسط تفاصيل حياتي وقرب لي الخير يارب,0,19
انا متفائل بهاليوم احسه حلو,0,5
متفائل ان شاءالله,0,3
انا متفائل ي هاله 😂✋,0,5
الهلال أمامه عمل كبير أغلب لاعبيه أعمارهم تجاوزت ال٢٨ سنة النظام أعطاك سبعة أجانب ليه ماتستغله وتجلب لاعبين ممتاز,0,19
• يارب فرحني بشيء انتظر حدوثه اللهم إني متفائل بعطائك فأكتب لي ما أتمنى اللهم أسعدني في أبسط تفاصيل حياتي وقرب لي,0,22
عودتنا على انك متفائل و لكن بعد الخميس نحس انك فقدت الامل شيئا ما,0,14
وصول الرئيس عيدروس الزبيدي عدن هل بيغير من واقع المأسة في الجنوب الشعب الجنوبي متفائل خير فيك😍,0,17
يارب أفرحني بشيء انتظر حدوثه اللهم إني متفائل بعطائك فأكتب لي ما شئت,0,13
ههههههههههههههههههههههههههههههههههههههههههههههه متفائل بشكل خارق يارب نفرح,0,6
متفائل والله يرزق الجميع تفاءلو بالخير تجدوه,0,7
بنفوز ابشرك متفائل,0,3
ما هي مشاعركهل انت متفائل بتحقيق الليغا,0,7
😂😂😂😂😂 إن شاء الله فايزين عن نفسي متفائل انا بنوصل النهائي 😊,0,12
من يوم شفته مع العطاء وانا متفائل,0,7
متفائل جدا جدا مع زيدان2,0,5
كل نعم الله علي سببها اني انسان متفائل دائما ولا مكان للتشاؤم و اليأس في حياتي,0,16
اوي اصلي متفائل بطبعي 😂😂😂,0,5
ذا اللاعب تحديداً من اول ظهور له وانا متفائل فيه ان بيكون له مستقبل كبير وبيحجز له مكان أساسي بالفريق وتذكروها 👍🏼,0,22
شيء يقهر بصراحه تكون متفائل وفجأه تخبط بالحيط,0,8
ليلحينك متفائل 😭😭😭,0,3
متفآئل بهذا اللاعب جميل ف نصرةُ للملعب 👏,0,8
مخلص متفائل,0,2
ياحبيبي يا متفائل 😘😘,0,4
صريح متفائل,0,2
الحمد لله متفائل جدا,0,4
متفائل يا حسن,0,3
انا ديما هكي متفائل ح نطلعوا منهم كلهم ماعدا اتلانتا تحمل منهم الاهانة 😂😂,0,14
القائد يحسب حظي حلو و متفائل بحسابي مدري كيف اصارحه ان انا وحظي بينا مشاكل,0,15
يارب أفرحني بشيء أنتظر حدوثه اللهم إني متفائل بعطائك فأكتب لي ما أتمنى اللهم أسعدني في أبسط تفاصيل حياتي وقرب لي الخير,0,22
😂😂😂😂😂 عيب و الله هو حد متفائل غيرى هنا,0,9
يااارب والله انا متفائل 😂🤍🤍🤍🤍🤍,0,5
يعني متفائل ضد اتليتيكو,0,4
مسابقةابوناصر١٩ متفائل خير يارب,0,4
الثلاثاء متفائل باذن الله,0,4
جميل متفائل,0,2
التفاؤل يمنحك النجاح قبل اكتماله والتشاؤم يذيقك مرارة الفشل قبل حدوثه هي أمورنفسية انت من يحسمها فكن متفائل لتنال النجاح,0,20
متفائل ان شاء الله فترة بسيطه وراح ترجع للنسبه المعقوله,0,10
خلك مادام الفريق كامل متفائل حتى بالفوز,0,7
والله متفائل أنا سواء بوجود رحيم او اغويرو باذن لله يسووها باريس ويتاهلون اهم شيء يستغلون الفرص 👌🏻,0,18
بعطي نفسي نص ساعة اشوف فيها جديدكم وبما ان وسائل التواصل تستخدم لمشاركة الانجازات فأنا متفائل إني بشوف أشياء تفرّح,0,20
متفائل ألف انت بس أحب ابشرك كل الي بالتويت مارح يكمل,0,11
ياخي متفائل جدا,0,3
ومع ذالك انا متفائل,0,4
متفائل جدا اخي احمد اغبطك على صبرك وتفاءئلك ما شاء الله الله يرزقنا التفائل والصبر يارب 🌹,0,17
ماعمرني حسيت بالإفتخار بكوني مغربي كثر من هاد ليام اللي فاتو فخور باللي فات و متفائل باللي جاي و لا غالب الا الله,0,23
متفائل بهذا الحكم 🤲,0,4
انا متفائل,0,2
متفائل أن الشهر ما راح يكمل 🤝,0,7
متفائل وجميل,0,2
لا زلت متفائل,0,3
كن متفائل وسوف تنجح,0,4
صدقت متفائل بمستقبل الصحة,0,4
مافزت لكن متفائل بالفوز,0,4
مليتاو قسماً بالله وحششش والله من يوم ما جا و انا متفائل فيه,0,13
كنت متأمل يتعثرون وبعدها بكتب اني متفائل وواثق بالفريق لكن تذكرت ان هذا الموسم اكثر موسم بتاريخ الفريق يلعب فيه أشواط اضافيه 😂,0,23
مليتياو من اول ما اشتراه مدريد و انا متفائل فيه بس انه انظلم بالدكه واصابه راموس كانت نعمه والله,0,19
والله اشوف اغلب الناس مو عاجبها المدرب الجديد وانا والله متفائل فيه 🙂,0,13
متفائل 🚶🏽‍♂️,0,2
متفائل جميل ❤️,0,3
العطاء يارب متفائل,0,3
الواقع انا متفائل غير كذا ما همني 🤨,0,8
متفائل بيها خير ان شاءالله وهترمى خير كتير بإذن الله 🙏,0,11
انا متفائل كثيراً في توخيل👏,0,5
متفائل جداً ولله الحمد والأرزاق بيد الله سبحانه,0,8
باذن الله الفوز من نصيبنا متفائل من الحين,0,8
متفائل جدآ,0,2
ربي إني متفائل بك حد السماء السابعة فاكتب لي ما تمنيت في مستقبلي رزقي توفيقي ديني خاتمتي عائلتي وأعز ما أملك وفي كل شيء❤️,0,24
اكثر مدينه متفائل فيها من ناحية قطاع السياحه,0,8
والله ماني متفائل ابدا,0,4
أكلنا مقلب 💔 متفائل فيه ضد تشلسي,0,7
كون متفائل,0,2
متفائل واثق,0,2
متفائل بالشوط الثاني 💪🏻,0,4
💙💙💙💙💙💙 متفائل فيه جدا جدا جدا,0,6
متفائل بحذر,0,2
خليك دايما متفائل بقيادتك وان لم يحققو شي لك سيأتي الفرج يوما,0,12
متفائل وبعيد عن السوق تعجبني اختياراتك للاسهم,0,7
انا متفائل بإذن الله,0,4
انا متفائل كلنا اوساسونا,0,4
ماعليك أنا دايم متفائل,0,4
والله متفائل فيك,0,3
انا متفائل جداً لان الله معانا باذن الله تسوين العمليه وترجعين لنا وانتي اقوى,0,14
متفائل الرؤيه والمؤتمرات ولقاء ولي العهد يخليك يقول السوق طيب فضب متوجه اتجاه اجابي حتى وان حدث جني ارباح,0,19
أنا متفائل بعودة القيادة للعرب اذا اكتمل الربيع العربي,0,9
خليك متفائل,0,2
ما أفقه في هالامور لكن متفائل بإذن الله,0,8
متفائل بقوه,0,2
على الشهري متفائل,0,3
متفائل بشوفه أهم مدافع بفريقنا بعد سنوات,0,7
متفائل ع الاخر والله,0,4
الثالثه ثابته ي ميلياتو والله اني متفائل,0,7
يا رب أفوز 🤲💜 متفائل رغم الظروف اني رح افوز ان شاء الله💪🏻,0,13
يا رب افوز 🤲💜 متفائل رغم الظروف المكانية والزمانية اني رح أفوز ان شاء الله 💪🏻📿🌙🕋,0,16
اقسم بالله متفائل جداً يارب تمم ♥️♥️ R8,0,8
متفائل قوي انت فيه,0,4
🗣️ماوريسيو بوتشيتينو أنا متفائل أن كيليان مبابي سيكون جاهز للمشاركة أمام مانشستر سيتي يوم الثلاثاء,0,15
متفائل في الإياب أتوقع بيسجل,0,5
انت متفائل,0,2
ريالمدريد هازارد انا متفائل بهازارد,0,5
متفائل انو في يوم بتقول ابشر وسم وتم ☺️,0,9
متفائل ب الشوالي,0,3
صادق بس متفائل في الادارة الجديده,0,6
اليوم متفائل بالفوز 🙏🏼💙,0,4
لا اليوم متفائل الريال بيفوز على التشكيله لو مب انت تتابعها لو ابوي معاك 😂😂😂😂😂,0,15
متفائل لان الخطه هجوميه,0,4
باذن الله خير متفائل و يالله تكتبها من نصيبنا 💙,0,10
مبسوط سعيد فرحان رايق مبتهج متفائل منتعش ضحوك متشقق طاير 💙💙💙💙💙💙,0,11
19 رمضان 1442ه سؤال لماذا انت دائماً متفائل أُجيب أستحي أن أحزن وأمري بيدالله,0,14
مبدأيا كده انا متفائل بعد التويت ده,0,7
اليوم متفائل واحس بتسوون ان شاء الله شيء موطبيعي بالبطوله وحنااا معكم بذاا البطوله وغيرهاا وانتمم قدهاا وقدووود👌🏻💙💙,0,18
صراحه متفائل فيه ولاحظت اللي يتميز فيه انه مستعد ان تُقطع قدمه ولا يستقبل هدف تعبير مجازي,0,17
هازارد متفائل فيه ليله مدري احس راح يحسمها 💓😴,0,9
ياارب دايما متفائل وماتشوف الا كل خير,0,7
متفائل فيه مدري ليه ليوم,0,5
كتير متفائل يا صديقي,0,4
متفائل اليوم انا,0,3
متفائل بنفوز,0,2
متفائل جداً بهذه التشكيله خصوصا مركز هازارد,0,7
متفائل جداً جداً جداً جداً بأظهرة مدريد,0,7
متفائل ان شاء الله 🌝,0,5
متفائل ان هازارد راح يساهم بهدفين,0,6
يمكن وضعي دلوقتي مش أحسن بس أنا لسه متفائل,0,9
ايه متفائل بقوة,0,3
متفائل كثير بهالمسلسل واحسه بينافس ارطغرل من ناحيه الارقام,0,9
ههههههههههه والله العظيم اني كتبت مهدرة الا شعرة بعدين قلت خلني متفائل وخلها مطلقة بلا تقييد,0,16
يا ربّ أفرحني بشيء انتظر حدوثه اللهم إني متفائل بعطائك فاكتب لي ما أتمنى وكل من يقرأ ١٩رمضان١٤٤٢,0,18
هدوئه وركادته قدام الباب وبروده معجبني جدا متفائل فيه الموسم القادم 💙🙏,0,12
للحين لازلت متفائل فيك الجمني يرحم امك,0,7
بوكيتينو أنا متفائل بكيليان أعتقد أنه يستطيع اللعب يوم الثلاثاء,0,10
ايه متفائل والله😂❤️,0,3
متفائل بعودته,0,2
مدري ليه متفائل مع انها بالسان سيرو,0,7
المشكله أني معظم الفريق مصاب اصلا بس انشاء الله هنفوز انا متفائل 😂,0,13
نشوف بالنسبه لي متفائل,0,4
مدرب باريس سان جيرمان أنا متفائل بحالة مبابي أعتقد أنه يستطيع اللعب الثلاثاء,0,13
للحين متفائل بالليغا من نصيب برشلونة,0,6
اجتماع هام ثم ماذا انا متفائل,0,6
مش عارف ليه بس انا دايما بحب اكون شخص متفائل ع واشوف النص المليان وكدا,0,15
ماوريسيو بوتيشينو كيليان مبابي حاضر ضد السيتي أنا متفائل ومتفائل دائمًا سنرى كيف سيتطور الامر غدًا لكنني متفائل,0,18
مع عودة المصابين و الصفقات الجديدة و عودة الجمهور باذن الله الدوري سوف يعود لانفليد❤❤❤ متفائل الصراحة للموسم القادم,0,19
🚨 بوتشيتينو انا متفائل بتواجد مبابي امام السيتي سنرى مايحدث غداً,0,11
مساء الخيرر متفائل بذا اليوم ♥️,0,6
متفائل والله💙,0,2
ما ادري ليش متفائل اليوم❤️💙,0,5
أنا متفائل انتظر قليلاً لا تتعجل هذا يحتاج إلى وقت,0,10
و انا متفائل ب الهلال 🌝,0,6
متفائل به 😭😭🙏🏻,0,3
انت الشئ الجميل الذى يضيف المعانى و يجعلنى متفائل دائما فى اغلب الاحوال⚘🤍🕊🌿☀️😇💫🙏🌹💯🌷🌼,0,13
متفائل فيه,0,2
باذن لله ريمونتادا انا متفائل والله وجاني شعور انو راح يسويها باريس,0,12
لي خلني متفائل ان حلمت ان نتاهل على البايرن وصارت واليوم حلمت ان نتاهل على الستي وكانت النتيجة 6لنا,0,19
متفائل فيه مثل صفقة كاكو,0,5
التأهل للنهائي محسوم يا عبدالله انا متفائل,0,7
افضل متحدث في العالم بليغ مبتسم متفائل مرتب افكاره,0,9
الحمد اللهوالله اني متفائل بالله سبحانه,0,6
مب ذاك الزود بس متفائل فيه,0,6
انا والله كنت متفائل ببولسيتش اكتر منو,0,7
يارب أفرحني بشيء أنتظر حدوثه اللهم إني متفائل بعطائك فاكتب لي ما اتمنى,0,13
متفائل💙🌏🙏🏼✨,0,1
انت الشئ الجميل الذى يضيف المعانى و يجعلنى متفائل دائما فى اغلب الاحوال🙏🤍🕊💯⚘🌷😇☀️🌿💫🌹,0,13
التشكيلة هجوومية انا متفائل 💙,0,5
متفائل قريبا بنسمع اخبار تسر المقبلين على الزواج و ان شاء الله خلال هذا الاسبوع 💚,0,16
ربي إني متفائل بك حد السماء السابعة فاكتب لي ما تمنيت في مستقبلي رزقي توفيقي ديني خاتمتي عائلتي,0,18
متفائل فيه💙,0,2
انا متفائل 😁,0,3
متفائل بس هذا السيناريو محتمل,0,5
اللهم اني متفائل بعطائك فاكتب لي ماتمنى,0,7
يارب الفوز متفائل فقط بسبب السلطان ولا الفريق ما عندي به جرعة تفائل وحدة,0,14
انا متفائل خير في لبنان وقريبا جدا سوف تنتصر الثوره وتسقط كل الطوائف,0,13
خليك متفائل وغير ذلك المنطق يقول فريق الشباب أكمل من الهلال لا ينقص الشباب شيئ حتى يفوز أما التوفيق هذا علمه عند الله,0,23
الأمل يحاربه المتشائمون ب أقوالهم وينشره المتفائلون بأفعالهم كن متفائل ❤️👍,0,11
صادق بس انا متفائل خير,0,5
حاس حالي كثير متفائل بإني معتبرها صغيرة خخ,0,8
انا متفائل بالفوز معاك,0,4
متفائل برجالة إلتشي بس الصبر,0,5
يب يب لذلك متفائل بس انها في الغوديسون 💔,0,9
أهلاً محمد متفائل اليوم,0,4
والله معاك يا مازلت متفائل وسأبقى كذلك ✋,0,8
متفائل جدا,0,2
لاقيت واحد متفائل متلي😅😅,0,4
متفائل بنجاحه بإذن الله خصوصاً انه محقق الدوري مرتين ورا بعض مع فريق تشونبوك الكوري الهلال,0,16
متفائل جدا والله برغم كل الظروف,0,6
كل ألم سيلتأم كل مر سيمر كل حلم سيتحقق كن متفائل فقط,0,12
انا ادري متفائل اني بفوز,0,5
النصر يسير على خطى واضحة مع إداره خبيره وقانونيه متفائل جدآ,0,11
ان شااااااء الله يااااارب انا متفائل جدا بقبول احتجاج السد السد في الامور هذي قوي جدا,0,16
رائعة جداً جداً جداً جداً ما عدا وجود كوريا لانه سيء مع سواريز لكن متفائل توقعي 20 لنا,0,18
هذه المره متفايل بخير,0,4
متفائل بزاف,0,2
متفائل مدري ليه😅,0,3
خليك متفائل 🤣🤣🤣,0,3
متفائل بشهر مايو ويونيو 🥰🥰,0,5
أنا أسامح أحداث الماضي 💚 أنا أتحرر من فشل الخبرات السابقة 💞 أنا حرّ أنا شخص متفائل أنا شخص طموح للأفضل 🌈,0,22
💚🌿متفائل جدا الحمدلله,0,3
يا حج انا متفائل لو الماتش ال جي خلص ع خير,0,11
اقتربنا اكثر من موسم العملات الرقمية و كانت بداية الحلقة انا جدا متفائل بشهر ٥ ان شاء الله 🔥🔥🔥🔥🚀🚀🚀 بتكوين,0,20
لا لا متفائل فيه انا 😂,0,6
51 لا أدري إلى أين يأخذني النص لكني سأستمر في الكتابة لأنني متفائل,0,13
انا متفائل بصاحب اللوك الجميل ذا أنه بيغير من لوك الدوري في مباراة الهلال وبتصير الصدارة شبابيه ان شاءالله,0,19
يارب أفرحني بشيء انتظر حدوثه اللهم إني متفائل بعطائك فأكتب لي ما أتمنى اللهم أسعدني في أبسط تفاصيل,0,18
هتعرف اد ايه واثق في ربنا لما يزيد الابتلاء وانت ديما متفائل وبتفسر دا علي انه تاخير فالعطاء لاختبار قوه الثقه والايمان الحمدلله,0,23
وانا كمان متفائل جدا خصوصا مع موسيماني من اول يوم جه الاهلي وانا بعتبره هيبقي جوزيه ا,0,17
ان شاء الله بتحقق حلمك بأفضل مما تتخيل🥳🥳🥳اي خليك متفائل دووم حتى ليقرألك يتفائل معك,0,15
والله انك صادق لكن انا متفائل جدا اليوم المغرب الانتر ح يكسر الدنيا يفوز يفرح الجمهور المنتظر 😿😿😿😿,0,18
متفائل في مايو,0,3
اي والله صادق متفائل اليوم فوز سهل جدا يارلب💙👏🏻👏🏻,0,9
متفائل بالخير,0,2
كده انا اقدر اكمل يومي وانا متفائل😍😍,0,7
كثير متفائل مبين بس عادي,0,5
متفائل جداً,0,2
انا متفائل الصراحة,0,3
احيانا تشاهد نفسك في اوقات صعبة جدا و انك الوحيد هكذا و لكن عندما ترى مشاكل الأخرين تحمدالله على كل شيء,0,21
لسه الجو ربيع متفائل خير😅,0,5
انا متفائل بك,0,3
لاتبقي ذهنك مشغول بما هو سيئ اجعل تفكيراً اجابياً وحسناً لتبقى متفائل,0,12
العراق متفائل بإنقاذ إيران لمواطنيه من لهيب الصيف وللتفاصيل الجُمان,0,10
للامانة متفائل في المرحلة القادمة,0,5
الله يكثر خيرك اوعدتني اول وانا متفائل وصابر,0,8
تذكر تغرديتك احس الأهلي بيسوي شيء كيير في اسيا وربي كل ما اشوفك متفائل اضحك فريقك مو محزم للأسف,0,19
متفائل انها راح تتسدد,0,4
متفائل جدا جدا,0,3
ربي إني مُتفائل بِك حد السماء السابعة فاكتب لي ما تمنيت في مستقبلي رزقي توفيقي ديني خاتمتي عائلتي,0,18
متفائل فيه وتحس بينجح معنا,0,5
متفائل اصل الواحد تعب و بدأ الحياة بدري اوي وربنا مش هيضيع تعبي ان شاء الله ❤️,0,17
يارب أفرحنّي بشيء أنتظر حدوثه اللّهُم إني متفائل بعطائك فاكتب لي ما أتمنَى💕,0,13
والله اني متفائل اني بفوز معك ❤️,0,7
متفائل وكلي ثقه بفكر الرئيس كني أشوف رمزنا حي ما مات ننتظر متى يجي النصر الونيس أرجع لعشاقك وعوضنا ما فات,0,21
خجول متفائل🌚,0,2
بما اني تابعت لحد الان نصف افلام سلسلة مارفل اقل مايقال عنها رائعه وممتعه طبعًا مو كل الافلام لكن الاغلب يكون ممتع,0,22
متفائل جميل,0,2
والله متفائل جداً جداً,0,4
مش أمام صن داونز فقط أنا ديماً متفائل,0,8
متفائل بنهاية كورونا قريبا,0,4
الخذلان يكون الشخص متفائل وعنده امل كبير وفجاه ينخذل صعب جدآ جدآ يكون هالشي عليه,0,15
ياخي تفاءل بالخير تجده انا متفائل بناخذ العالميه معه,0,9
انا متفائل خير وانما احببت ان اذكرك بانه ليس هناك اي شي في هذه الدنيا ياتي براحة بال فمن يريد شيء يتعنى للوصول له وسيصل بإذن الله,0,27
يارب أفرحني بشيء انتظر حدوثه اللهم إني متفائل بعطائك فأكتب لي ما أتمنى,0,13
معليك خله بس يجي والله متفائل فيه ونجيب مدرب صاحي 👍🏻,0,11
متفائل اوي 😂,0,3
نقول إن شاء الله فيهم الخير وانا متفائل بتصحيح الوضع في الدوري وآسيا,0,13
متفائل خجول,0,2
لا يمكن أن يعرف الانسان ماذا يغلب بطبيعته اليأس أم التفاؤل لان هذه الاشياء تتحكم بها المواقف و الظروف حياتنا,0,20
متفائل باذن الله ولكن تقدّر الامور والتقديرات طيبة مش سيئة,0,10
متفائل دائم بس إذا موضوع مامشى معي مقدر أواصل 😅😅,0,10
لطيف و متفائل وانتِ,0,4
اذا على مستوى ميلان لا متفائل بتعثرات المنافسين,0,8
ياعمي متفائل من زمان وماكل هوا 😂,0,7
خليك 70٪ متفائل,0,3
بحول الله والاهلي متوجه للتحسن والكل متفائل خير والله يوفق الاهلي ويكون النفيعي الريس 💚🙌,0,15
إني احيانا اشعر إن التفاؤل مرتبط بوثيقة تامة مع الفرج وأشعر إن كل متفائل راح يتجاوز أي ازمة يمر فيها,0,20
انا مختلف معاك في العدد 😅 ممكن اكون متفائل شويتين في قلب دفاع جاي بإذن الله مع الارتكاز والجناح,0,19
التفاؤل و لله الحمد حتى ولو اني أسبح بخيالي كثير لكن جميل ان الواحد يكون متفائل عادةً و يلهي نفسه عن التفكير السلبي,0,23
التفائل ولله الحمد والله متفائل كثير بالمستقبل,0,7
بإذن الله متفائل خير يارب,0,5
يآرباني متفائل بعطائك حدالسماء,0,4
متفائل بشكل كبير جداً الحمدلله,0,5
ان شاء الله متفائل لأن نبينا محمد صلى الله عليه وسلم يحب الفأل ♥️,0,14
انا منهم والله متفائل بخير اليوم ولا بعد سنه 😍😍,0,10
متى السحب متفائل انا,0,4
لاا والله متفائل فيه,0,4
دائماً احاول اكون عقلاني ودائماً افشل متفائل بصفة دائمة وتحت اي ظروف,0,12
الان بتروش و اتوقع مع هذا الشي بتزين نفسيتي و بتقلب 270 درجة ان شاء الله مره متفائل فيها,0,19
والله متفائل فيه خير 🤍,0,5
يبتسم دائماً ويذنب دائماً ويستغفر بعد ذنبه فكان متفائل قيل له ما يسعدك وانت تذنب دائماً فقال لهم مايسعدني هو أذنبت,0,21
والله متفائل نفسك يارربب💙,0,4
متفائل فيه حيل انت 😂😂,0,5
والله مثلك متفائل فيه مره,0,5
اتمنى يجينا والله متفائل فيه جداً جداً,0,7
ماشاء الله الحاجة الوحيدة اللي ممكن تغبط إنسان عليها انه يكون متفائل ❤️,0,13
الحمدلله دايم متفائل,0,3
تحكمها ظروف الموقف والفرص لكن غالباً اميل للتفاؤل رغم ان الحياة تدعسني في مواقف كثير لكن لازلت متفائل,0,18
راجعت حساباتي وطلعت متفائل✋🏼,0,4
ناايسس متفائل جدا انكم تكرهونه وتريحوني من الهبد اللي صار الفتره الاخيرة عليه,0,13
يارب والله اني متفائل بزيادة,0,5
كل خير يا احماا ان شاء الله انا متفائل 🌚🌚,0,10
اعتني بمن يعتني بك وقل على البقية السلام متفائل,0,9
بصراحه اقل من شهر بس متفائل خير,0,7
انا متفائل بكلام استاذ ناصر و ان شاءالله شهر ٥ شهر خير 🤲🏻,0,13
متفائل ان سنة شوال تصير شهر هالمرة ويخلص بسرعة,0,9
ان شاء الله لي نصيب متفائل خير 🤲🏻,0,8
بإذن الله الفووووووووووز متفائل,0,4
ربي إني متفائلٌ بك حد السماء السابعه فاكتب لي ما تمنيت في مستقبلي رزقي توفيقي ديني خاتمتي عائلتي و من أحب و كل شيء,0,24
رغم زعلي ساعتها بس كنت متفائل بسببها و قلت هنرجع معرفش كنت جايب الثقة دي منين😂,0,16
بس انا متفائل السنه 😂,0,5
متفائل بهذي السنه,0,3
والله متفائل اني اكسب,0,4
يارب سترك 😭😭😭😭😭😭😭😭😭😭😭😭😭😭😭😭😭😭😭😭😭 لا لا متفائل جدا فيه,0,8
متفائل خير 👌,0,3
لا انا متفائل,0,3
متفائل بفريق لا يُقهر اذا توفقنا في الاجانب والمدرب الجدد,0,10
متفائل خير بحبي ليك❤️,0,4
ثقتي فيهم ما اهتزت ابد وللحين متفائل بالبطولة بكرة ان شاء الله 💙💙,0,13
أنا متفائل بالقادم وأرجو أن لا تكون هناك قرارات أصعب,0,10
متفائل بالعيد ذا,0,3
انا متفائل جدا,0,3
متفائل باللهجة المصرية,0,3
متفائل جدا وباذن الله ما تأجل من ايام الاعياد الوطنية سيحسم ويتم إن شاء الله تعالى هذه الايام,0,18
متفائل جداً جداً بهالنسخه ❤️,0,5
متفائل رغم كل شيء يسد النفس,0,6
متفائل خير,0,2
الهلال في اسوأ موسم له لكن متفائل بالمسقبل القريب,0,9
انا متفائل فيه ويقدر يلعب بكل المراكز بس موضوع اصابته خل الجمهور محبط منه رغم انه ممتاز جدًا,0,18
مستوى الفريق معه كان عادي لكن متفائل ان فترته الثانية بتكون أفضل لو تمت,0,14
دايما متفائل بشهر مايو يارب انه شهر خير,0,8
بعيداً عن طريقتهم لكن متفائل نشوف صيف كبير,0,8
كثير متفائل فيه والله,0,4
فترته الاولى مانجح ولله لكن متفائل بالفتره الثانيه الله يكتب الخير يارب 💙,0,13
الملاحظة الاهم ان الخيل 🐎 الاصيل بيلحق تالي بمشيئة الله 🤍🤍🤍 متفائل جداً,0,13
بالرغم كل ده انا متفائل ان شاء الله,0,8
خليك متفائل وهتوصل 😂😂❤️,0,4
انا متفائل خير,0,3
والله متفائل 😂,0,3
يوسف الشريف دايمٱ متفائل 😂 هنتحول لزومبي 💀,0,8
احب الشخص اللي في عِز الصعاب متفائل ومتوكل على الله اللي دايماً ينطق خير انزعج من الناس ذو الطاقه السلبيه,0,20
والله اني متفائل ي رب لاتخيب ظني,0,7
متفائل بهذا المدرب كبير يحتاج عناصر فقط واراهن عليه الموسم القادم بحول الله,0,13
الفترة الجاية متفائل فيها,0,4
رغم كل شيء ابقى متفائل,0,5
متفائل اليوم والله,0,3
والله اني متفائل كثيييير 💙💙💙,0,5
عندي احساس مباراته ٧ مايو فضلوها متفائل فيه,0,8
مدرب محترم متفائل به,0,4
متفائل بيه جدا جدا,0,4
انا متفائل من بعد هالتاهل,0,5
ياااارب متفائل بشكل الموسم الجاي,0,5
متفائل الحمدلله,0,2
متفائل ان الهلال بيتغير كثير ان شاء الله مستحيل يكون نفس الهلال الحالي,0,13
الحمدلله متفائل بالتصحيح بإذن الله سوف يذكر التاريخ انه من تأهل بتعادل غيره هو من فاز بالبطولة,0,17
متفائل بالأيام الجايه الله يكتب اللي فيه الخير 💙,0,9
الله كريم والله متفائل جداً جداً ❤️❤️,0,7
😂😂😂 بصراحه انا متفائل بهذا التاهل الصعب بتحقيق البطوله,0,9
الحمدلله قلتلكم متفائل الحمدلله والشكر لك يارب امامنا فترة لتعديل الأمور,0,11
أنا شخص حافل بالهزائم مُرهق من الأيام يائس من الطريق ومن بين كل هذا متفائل 🌻😊,0,16
وانا بعد الى الان متفائل فييه وان شاءالله مايخيب الظن,0,10
قاعد وحدي بس مو محبط ابدا متفائل ومرتاح,0,8
متفائل بالتاهل بإذن الله,0,4
خلك دائمآ إيجابي واترك السلبي على جنب خلك متفائل بالخير,0,10
😂😂😂 والله اني متفائل بزيادة,0,5
كن متفائل في جميع الأحوال من التفاؤل يولد الأمل ومن الأمل يولد العمل ومن العمل يولد النجاح🌹👌,0,17
لالا ان شالله فيه امل انا متفائل,0,7
أنا ااه مش طايق جنش و أبو جبل بس مش متفائل بعواد,0,12
انا متفائل 👍 بأذن الله,0,5
انا متفائل بيك والله🤗🤗,0,4
متفائل جدا خبر رائع,0,4
يارب انا متفائل والله,0,4
جميل انك تكون متفائل وتذكر الاشياء الجميله والانجازات الي حصلت في حياتك وتتناسي الاخفاقات والذلات والهزائم,0,16
التفُاؤل هو شي جميل جداً هو انك تكون انسان متفائل و تشوف الحياه بنظره إيجابية مو العكس📮🌈,0,17
😂😂😂😂متفائل اوي,0,2
الحمد لله على كل حال كل واحد هيشوف نصيبه وانا دايما متفائل,0,12
متفائل بتواجده ❤❤❤,0,3
انا متفائل اني راح افوز انشاء الله 😁😍,0,8
متفائل رغم انه كلشي يسد النفس 💔😣,0,7
ربنا يسترها يارقيه وانا متفائل هتقوليلى ازاى اقولك معرفش 😂,0,10
متفائل بالموسم الجاي,0,3
متفائل بالله باذن الله مافي حجر وبنسافر وبتكون اجازة جميلة جدا وباذن الله بتنزال هذي الجائحة,0,16
متفائل الشوط الثاني🤍💙,0,3
الحمد لله رغم كل شي الايمان بالقضاء والقدر يخليك متفائل في كل شي يصير لك 👌,0,16
في احد متفائل زيي,0,4
بحاول أكون متفائل,0,3
متفائل باليوم الجميل هذا,0,4
انا متفائل اليوم 💙,0,4
يارب متفائل بالفوز بحول الله وقوته,0,6
متفائل💙,0,1
متفائل لأن باريس أفضل بكثير,0,5
انا متفائل اليوم ☹️,0,4
حلوه التشكيله ذي متفائل فيها,0,5
لا الحمد لله ما في اي توتر بالعكس متفائل مليون بالمئة,0,11
متعب ومرهق ولكن متمسك بالأمل متفائل رغم كل شي,0,9
متفائل أن قادم الأيام ماله حليّ وأقول يا ماضي الأيام خبرك عتيق و الرزق لا راح منّي او تأخر عليّ قلت ا,0,22
للاسف بس خليك متفائل انا دايما متفائل وعلى يقين ان الله ناصر المظلومين,0,13
خليكي اهلاوي متفائل سيبت ايه للزملكاويه,0,6
كله خير و اديني متفائل اهوة 😂😂 هنشوف اخرتها ايه 😂,0,11
متفائل شوي,0,2
متفائل بالهلال باذن الله💙💙💙,0,4
متفائل فيه اليوم,0,3
متفائل ان راح نفلها بعد العيد 😂,0,7
يا رب انا اليوم متفائل جداً ان شاء الله 🌺,0,10
متفائل جدا الفوز اهلاوي بأذن لله,0,6
متفائل أن قادم الأيام ماله حلي وأقول يا ماضي الأيام خبرك عتيق و الرزق لا راح مني او تأخر علي قلت الله العالم انه جايني ب الطريق,0,27
يا رب ان شاء الله متفائل جدا لان الاهلي موجود وسط الصعوبات,0,12
متفائل بالهلال,0,2
متفائل اتوقع فوز الهلال 41,0,5
الحياة تعطى بيد وتأخذ باليد الأخرى أدرك هذه الحكمة لكن بذهني فقط قلبي متفائلأريد أن أعطي بسخاء أريد أن يفيض الحب,0,21
ولقد بلغتُ من التفاؤل أوْجَه وقلائلٌ من يفعلون قلائلُ حتى تفاعيلَ البحورِ قرأتُها متفائلٌ متفائلٌ متفائلُ,0,16
انا متفائل العاشرة في الاهلي باذن الله يارب,0,8
انا متفائل اليوم,0,3
متفائل لان موسيماني حافظ الفريق ومع ذلك سلاح ذو حدين,0,10
ياكابتن انا متفائل وحاسس ان الاهلي هيعوض خساره ال5 وهنكسبهم 5 وباذن الله تحصل عشان كل واحد يحط جزمه في بوقه ويسكت,0,22
وعسى أن تكرهوا شيئاً وهو خيراً لكم لا زلت متفائل💚,0,10
متفائل في فييتو كثيراً 💙,0,5
متفائل اليوم والله يستر,0,4
مثلك والله متفائل جدا جدا,0,5
متفائل جداً 💚,0,3
انا متفائل جدا في هذا الجزء ان شاء الله يكون قد التوقعات,0,12
خلك متفائل و ان شاء الله تفرح,0,7
متفائل بالتأهل,0,2
الهلالي متفائل بياخذ الدوري,0,4
انا دايما متفائل,0,3
عميق التفكير مُتفائل ومُبعثر,0,4
عموما أنا متفائل خير إن شاء الله اننا هنعدي من صن داونز وهتكون بدايه لتحقيق اللقب العاشر بإذن الله,0,19
مبسوط جدا و َمتفائل ان الاهلي هيحضر للماتشين كويس اوي,0,10
طيب أنا متفائل بالأهلي قدام صن داونز جدًا حتى لو خصم مش سهل بس متفائل مش عارف ليه 🤷🏻‍♂️ حد متفائل,0,21
انا متفائل جداً ❤️,0,4
صن داونز وانا متفائل المره دي 😂,0,7
أمري عجيب يوم متفائل ويوم متشائم اليوم أنا بالمود الإيجابي وحاسس إنو المستقبل مبشر بالخير 🤷‍♂️,0,16
متفائل بدور سانجي بذا الارك,0,5
خلك خفيف ظل وروح خلك متفائل راح تحب الحياه وتحب الناس وتحببهم فيك بعد,0,14
كن متفائل دائما فالحزن لم يأتي بشئ,0,7
انا متفائل بالرؤيه بعد مقابلة سيدي ولي العهد يارب تمم ع خير,0,12
رغم الخسارة أمام غرناطة رونالد كومان ما زال متفائل بحظوظ برشلونة في الفوز باللقب,0,14
متفائل بيوم جميل 🤗 يوم الجمعه,0,6
والله متفائل مرة 🤲,0,4
متفائل اليوم,0,2
صعبة والله ولكن متفائل رغم ان فريقكم مريح الان,0,9
التفاؤل والرضى والطموح من أسباب السعادة لذلك أنا متفائل جداً جدا 😃,0,12
متفائل باوتفيت اليوم انه يكون ازرق 🥺🦋,0,7
ولا مررره فزت ف حياتي ي رب المره هذي متفائل بإذن الله 🥺❤️ ي رب افوز,0,16
صباح الخير اما بعد متفائل اليوم جدًا,0,7
والله خوف بس متفائل انا,0,5
متفائل بالموسم الجاي تفائل قوي,0,5
متفائل بالنصر هالسنة 🙏🏼,0,4
ان شاء الله افوز متفائل,0,5
انا متفائل بكلامك 👍,0,4
دايم احب اكون متفائل حتى لو في اخس الضروف,0,9
بالظبط ذا اللى بتكلم عليه ان شاء الله نعوض انا طبيعتى دايم متفائل بس اللى صار احبط شوى لاكن يارب خير مازال مازال مازال,0,24
فعلا متفائل فيه لاكن اذا لعب اساسي,0,7
داييييمه متفائل,0,2
من كسرقلبك من صباح كون متفائل ابتسم امام الجميع الحياة تمضي بدونهم وتستمر فقط ابتسم الحياة 🤭🕊️🌿💐☺️,0,17
متفائل بالله يارب 🙏🏻,0,4
مش عارف متفائل بالبطولة دى جدا وعندى احساس انها لينا,0,10
سعيد,0,1
كل سنة ومصر طيبة عيد سعيد علينا يل رب,0,9
عامك سعيد 🤍,0,3
كل سنة وأخواتنا وزمايلنا المسيحيين طيبين وبخير وعيد سعيد عليكم جميعا,0,11
عامك سعيد يارب💙,0,3
كل سنه وانتم طيبين وبخير عيد سعيد عليكم,0,8
كل سنه وانتم طيبين وعيد سعيد عليكم وعلى كل اصحابى الغالين عاليا,0,12
كل سنة وانت طيب عيد سعيد,0,6
كل عام وأنتي مني ومن أكثر أشيائي حباً عامك سعيد ياجٌزء مني❤️,0,12
يسعد صباحك نهارك سعيد يا رب 🌹🌹 طمنينا عنك,0,9
كل سنة وانت طيب يا مايكل عيد سعيد عليك وعلى كل العيلة يارب,0,13
سنه وحبيبتي القمر بخير 💜💛💚 عيد سعيد عليكي وعلي كل حبايبك 💗,0,12
٢٠رمضان 🌙 اللهُم شيئًا لطيفًا مُفاجئ سعيد غير مُخطط له يأتي من دون توقع شيء جميل مُفتقد يكسر الروتين و,0,20
كم انا سعيد لم يبقى الا القليل,0,7
عامك سَعيد حلوتي❤️❤️,0,3
صوما مقبولا وافطارا شهيا ربنا يتقبل أن شاء الله عيد سعيد 💐💐💐💐💐💐💐,0,12
📢 نايف سعيد جدًا,0,4
قلبي سعيد وياك ياحياتي,0,4
كل سنه وانتم طيبين يسطا 😍 عيد سعيد عليك و على اخواتنا المسحيين 😍😍😍,0,14
كل الليّالي عذبه في وجودك عامك سعيد ياروحيّ ❤️,0,9
سعيد جدا👆🏻,0,2
الله يهني سعيد ب سعيده,0,5
صباح الخير والسعادة يومكم سعيد وجميل ومشرق بالخير دوما وابدا,0,10
كل عام وانتم بخير وصحة وسعادة وعيد ميلاد سعيد لاخوتنا فى الوطن,0,12
عامك سعيد ياروحي💙💙,0,3
احسك ضايع وابغى احتويك — بالعكس عايش سعيد,0,8
عسى سنين الهَنا ترافق سنينك وعسى عامك سعيد وأيامك هنيّه,0,10
انتظر جين يقول لي عيد سعيد بكل سنه,0,8
عسَى عامج سعيد وأيامج هنيّه يالغلا 🖤,0,7
عامك سعيد ي روحي وكل عام وأنتي بخير💕,0,8
فيك الحياة احلوت عامك سعيد❤️,0,5
إنك ترجع لنفسك وتداريها وتستوعب كمية الجمال الي خلقها الله في نفسك ترى الإنسان شيء عظيم من خلق الله يقدر يكون أفضل,0,22
كل سنه واخواتنا بخير بمناسبة عيد القيامه عيد سعيد عليكم وعلينا كلنا,0,12
إني سعيد لأن العمر يمضي وأصدقاء هذه الروح هم أصدقائي 🤍,0,11
أحد الاشياء التي تجلب السعادة هي أن ترى الأطفال يمرحون بفرح فأنا سمحت للأطفال بالصعود على ظهر هذه السيارة,0,19
أبدد حياتي كلها في ارتكاب حماقات تجعلني سعيد,0,8
عيد سعيد الإخوة والأخوات الأقباط,0,5
🐣 اخوانا المسيحيين عيد فصح سعيد,0,6
أنا سعيد فشخ بمليتاو لكن لسة مش مقتنع به في الوقت الحالي وفي موضوع جاهزيته إنه يكون مدافع أساسي في مدريد,0,21
عيد ميلاد سعيد كل عام وإنتي بألف خير ❤😘,0,9
مرحبًا أيها الليل أعرف أنك تخبئ في أسفل جيبك المهتري قطعًا من الحظ أرجوك أن تعطني واحدة أريد أن أشتري يومًا سعيد,0,22
كلمة بحبك مش شرط تكون مخصصة للمرتبطين بس كلمة بحبك تنفع لشخص انت سعيد بوجوده فحياتك,0,16
اللهم أيامًا معقودة بالفرح تغيثُ أرواحنا وتُنعشها✨,0,7
عامٍ سعيد وايامٍ هنيه 🥳,0,5
كل سنة والاخوة الاقباط بخير وعيد سعيد عليكم وربنا يجعل ايامكم كلها اعياد ووزعوا فلوس جديده على العيال الصغيره,0,19
قلبي سعييييييييييييد سعيد,0,3
عيد قيامه سعيد على كل اخواتي و حبايبي وعلى مصر كلها ❤️,0,12
عيد فصح سعيد للناس الأقباط بالخارج وفقنا الله جميعا,0,9
عايزه افهم حاجة بسيطة بس هي الميني دريسات دي لمين مش عارفه أبطل ضحك علي المقلب اللي اخدته ف 3 دريسات أقصر من بعض,0,24
لا توجد حياة مخمليه فيها كل شيء سعيد المشاكل موجوده وحلها الصبر والتعاون ان أردت أن تكون مرتاح البال و الضمير,0,21
عاامك سعيد يقمر,0,3
بس الواحد سعيد فشخ فسهره رايقه على العيون القمر❤️,0,9
باقي اسبوعين😍على العيد حبيت اكون 👆🏻اول شخص 😊اهنيك بالعيد🎉🎋🎊🎁🎈كل عام وانتم بخير 🎁😘☺😉😍 اتحداك اذا احد مهنيك😇😣😞🎊🎉🎋قبلي,0,17
أربعة وعشرين عام ضاعت وسط الزحام تمنوا لي ميلاد سعيد ولاتنسوا تفجروا البالونات😍🎈,0,13
عام سعيد وامنيات محققة♥️♥️,0,4
ياصديقًا مُرتبط الفؤاد به يارفيقًا باتّ محببًا إلي عامك سّعيد ♥️🎂,0,11
اللهم إنى سعيد وفرحان فيمن نفق من الصهاينة فى الجسر اللهم زد من نفوقهم وزد من مثل هذه الجسور,0,19
كل عام وانت بصحة وعافية وراحة بال 🎈 كل عام وعمرك مديد وتحيا أيامك سعيد💜,0,15
كل سنة وكل مسيحى مصر بخير وصحة وسعادة عيد قيامة مجيد سعيد على بلدنا وأهلها كلهم يارب ❤,0,18
أتمنى من الأيام البهيّه تلازمك بحياتك عامك سعيد♥️,0,8
قريب ولا بعيد ولا حزين ولا سعيد,0,7
يا أثمن وأحب ما أنوجد عامك سعيد ياللي مالك مثيل❤️,0,10
احس قلبي بجنبك من كثر ماهو سعيد ترتسم الضحكات على يمينه و يساره ❤️,0,14
أغلى من كبر وأكثر من أحب كل عام و أنت نور هالأرض ونوري عامك سعيد ياللي الحسن قيدك 💗,0,19
سعيد الحظ من شافه♥️,0,4
كل عام وأنا برفقتك وأنا أتقاسم معك أيامك ؤتنسيني في كل طريق أعبر فيه وأنتي بجانبي تنهين من عمري كل أحزاني,0,21
عايش سعيد❤️❤️❤️❤️,0,2
▣‌سعيد هو الإنسان الذي يستطيع الاستمتاع بالأشياء الصغيرة والمباهج البسيطة والأحداث اليومية العادية,0,13
عندي القناعه التامه ان الشخص اللي احبه مو شرط يكون معي وبقربي عشان يستمر حُبه دامه فِقربي مو بخير عساه في هوى غيري سعيد,0,24
كل سنه وكل اخواتنا فى الوطن طيبين عيد سعيد علينا و عليكم جميعآ 🥳🙏,0,14
فصح سعيد,0,2
أنا اهلاوي بس سعيد جدا للاسماعيلى أنه بدأ يستفيق وإن شاء الله يتخطى المحنه عن قريب,0,16
انا سعيد لانك مدربي❤️,0,4
ميلادي سعيد بوجودك ياعبير القلب والروح💘,0,6
عيد فصح سعيد لكل الاحبة والاصدقاء كل عام وانتم وعائلاتكم بالف خير,0,12
ليلة عيد سعيد يا مسيحيين 😁🌹,0,6
انا لست حزين او سعيد انا بخير 🖤,0,8
كل سنة وانت طيب يا بيتر عيد سعيد عليك وعلي كل حبايبك🌹🌹🙏,0,12
الصديق الذي طالما كان وجوده بين فراغات روحي طمأنينه عامك سعيد❤️,0,11
رغم انه بابا عايدني بس لما شافني مسويه فعاليات في فيس بوك مع اقارب ارسل لي عيد ميلاد سعيد 😭❤ احبه,0,21
النسكافيه نفسه سعيد 😊 😂🌺,0,5
ميلاد الهنا يا نور الأيام و بهجة الخاطر عسى عامك سعيد و أيامك هنيّة 💛,0,15
عام سعيّد لي🥳🎈🎈,0,3
عام سعيد حبيبتي🤍,0,3
أغلى من كبر وأكثر من أحب كل عام و أنتِ نور هالأرض ونوري عامك سعيّد ياللي الحسن قيّدك ❤️🥺🥺,0,19
تحتفل اليوم مريم متولي لاعبة الفريق الأول للكرة الطائرة للسيدات بالنادي الأهلي بعيد ميلادها ال23 عيد ميلاد سعيد,0,18
عامك سعيد ياضيّ الليالي ♥️,0,5
كل سنة وانتوا طيبين يا حلوين عيد قيامة مجيد يا رب عيد سعيد عليكوا وعلى كل حبايبكوا 🐣🐰🐣🐰🐣🐰🐣🐰🐣🐰,0,18
عامكّ سعيد ي الاحب إلى القلب♥️👑,0,6
أفضل شعور يأتي عندما تدرك أنك سعيد تماما دون الناس الذين كنت تعتقد أنك في أمس الحاجة إليهم,0,18
أغلى من كبر وأكثر من أحب كل عام و أنتِ نور هالأرض ونوري عامك سعيّد ياللي الحسن قيّدك ❤️,0,19
ياللي أحس قلبي بجنبك من كثر ماهو سعيد ترتسم الضحكات على يمينه و يساره,0,14
ابها انا سعيد الححظ جداً ب ابهاا ♥️♥️,0,8
عيد سعيد عليكم انتم السابقون ونحن اللاحقون 😂❤️,0,8
فيك الحياة احلوت عامك سعيد 💓,0,6
أبونا اللي قال الكلمة في القداس ده عسل قوي وجه كلمة لأثيوبيا فيما معناه احنا بنحتفل بالعيد وعاوزين حياتنا كلها أعياد,0,21
حفظك الله ياوالدنا الكريم سعيد واعانك وتولى أمرك وسدد خطاك وسهل لك كل صعب وحفظ لك عائلتك واولادك اللهم أمين,0,20
عامك سعيد♡︎,0,2
كل سنه وانت طيب وعيد سعيد عليك بقا,0,8
ياسلام من ملذات الحياه شوفتك سعيد والله♥️,0,7
ربيع قلبي والسحابه اللي هلَّت على حياتي وكأنها اعتذارات السنين اللي تجسدت بهيئة شخص عامك سعيد ياضيّ الليالي 🤍,0,19
كل سنة وكل اقباط مصر بخير عيد قيامة سعيد يعود علي الجميع بالخير والصحة والسعادة يارب 🌷🌷🌷,0,17
تمنوا لي عام سعيد يارِفاق💙,0,5
كل سنه وانتي طيبه عيد سعيد عليكي وعلى أسرتك الجميله ❤️,0,11
سعيد جدا,0,2
أحس قلبي معك من كثر ما هو سعيد ترتسم الضحكات على يمينه ويساره,0,13
عسى سنين الهَنا ترافق سنينك وعسى عامك سعيد وأيامك هنيّه 🎈,0,11
مرحبًا يا قارئ رسالتي قد نكون لا نعرف بعضنا ولكنني أحببت أن تتلقى رسالة من شخص عابر أتمنى لك يوم مليء بالراحة و السعادة,0,24
كل سنه واخواتنا واصدقائنا واحبابنا وجيرانا الاحباب الغالين عشرة العمر اخوات وحبايب واصدقاء كل عيد قيامه سعيد عليكم,0,18
سعيد كأن بقلبي اعياد الدنيا بعد هالصَوت,0,7
سعيد اني قابلت,0,3
راضي لكن لست سعيد,0,4
انا أسعد لأنك أنت سعيد يا قلبي زيدان لدينا لاخوف علينا 🤍,0,12
مفيش صور جمالية صراحة بس سعيد الحمد لله♥️,0,8
أعوام تمتد وتتسع بإبتسامتك عامك سعيد ❤️,0,7
الراحه أساس الأختيار مستحيل تكون سعيد بدون راحه,0,8
اللهم الرضا ثم الرضا ثم الرضا اللهم اجعلني راضيه مرضيه قنوعة و سعيدة ♥️,0,14
أنا لو جبت كلب هبقي سعيدة والله,0,7
كانت فرصه سعيده يوم مقابلتك,0,5
احسني سعيدة مره ❤️❤️❤️,0,4
كذا تكون التعبيرات الخياليه وتتذاخل مع حياتك اليوميه و انا متأكد بل اكيد انك عايشه حياة سعيده مع حبيبك👍👍😍😍,0,19
تخيل تعيش عمرك كله بتتمنى تعيش حياة مريحة و سهلة و سعيدة بس مش عارف ايه الحاجات اللي ممكن توصلك للحياة دي,0,22
اللهم ارزقني حياة سعيدة رفقة صالحة رزق مبارك أدعية مستجابة أمنيات محققة أخبار مفرحة نهاية عمر جميلة حُسن خاتمة وجنة لي ولمن أحب,0,23
احلام سعيدة,0,2
من الناس الطيبة والخلوقة جداً سعيدة بمعرفتك 🌹,0,8
لُيَلُہ سعيَدِہ ۆأحٍلُآم حٍلُۆہ😩,0,4
يارب اجعلني صبورة سعيدة قنوعة موفقة راضية ومنك قريبة يارب سهل الامور التي تقف على عاتقي واجعل فرجها قريباً يا الله,0,21
انا سعيدة جدا انهم مش ناسيينة 😊😊😊 الاختيار٢,0,8
نووووم الهنا وأحلام سعيدة 😁🤭,0,5
كل عام وانت بالف خير وسلامه وسعادة وهنا والأسرة الكريمة كلها وعقبال 86 سنة سعيدة جداً جداً جداً جداً جداً جداً جداً,0,22
يارببب ماتجي ليلة العيد الا وانا سعيدة ومرتاحة البال,0,9
مهما كنت لطيف وكيوت لا تسمح لأي شخص يعاملك معاملة استحقار خذها مني قاعده مثل ما أعطي الشخص قيمة ارجعه لمستواه,0,21
اجازه سعيده ان شاء الله يا اميره,0,7
ان شاءالله حياة كريمة سعيدة لكم 💐,0,7
كل سنه وانتى طيبه يا لولو وسنه سعيده عليكى يا رب وتحققى كل ما تتمنى وفى سعاده والى الله اقرب 🌹🌹🌹🌹,0,21
يا احلى واذكى بنت في الكون احبكككك مره واتمنى لك سنة سعيدة مليانه ب الاشياء الحلوة,0,16
فخورة فيك😭 ومممبببببرررووووكككك لك ياقلبي ويارب نشوفك بأعلى المناصب وتكوني سعيدة بحياتك الجاية💗🥳👏🏽,0,13
اجازة سعيدة,0,2
كل سنة وانت طيب يا كيمو سنة سعيدة عليك يا غالي وتحقق امنياتك بإذن الله,0,15
اليوم يمكن تقولي يا نفسي انك سعيدة❤️,0,7
و انت طيب ي أستاذ ❤️❤️❤️❤️❤️ وسنه سعيدة عليك ❤️🤍,0,10
قلبي سعيد روحي سعيدة كُلّي اتوهج❤,0,6
تلاقي الخير واحلام سعيده,0,4
تحت عنوان لحظة سعيدة,0,4
والحين نقول تصبحون على خير واحلام سعيده لكم واتمنى يومكم بكرة يكون احسن من اليوم🥺♥️,0,15
وراء كل روح سعيدة صديق عظيم ♥️,0,7
كل سنه وانتي طيبه وبألف خير ي حب❤️❤️وان شاء الله تكون سنه سعيده عليكي💖💖,0,14
كل عام وانت بخير والله يرزقك طولة العمر ويجعلها سنة سعيدة عليك ❤️,0,13
كلللل عام وانتي بخيييير سنه سعيده عليك يارب 🥺🥺🥺❤️,0,9
اوكي انا مره سعيده ومحظوظه🥺🥺,0,5
كل عام وأنتِ بخير و صحة و سعادة يا الديم و يا رب كل أعوامك جميلة و سعيدة 💛🌷,0,19
أحب اللي يصورون لي ويشاركوُني رأيهم سعيدة جدًا إني صنعت لكِ هذا العمل وبيرافقك دائمًا🤍,0,15
غداً ستنبت في جبين الأفق نجمات جديدة و غداً ستورق في ليالي الحزن أيام سعيدة,0,15
ليله سعيده عليكي,0,3
عيد قيامة مجيد يا شباب اتمنى ايامنا كلها تبقى اعياد ومناسبات سعيدة علينا كلنا كل سنة وانتم طيبين بجد,0,19
اااااء سعيدة اني اعرفك😭😭😭😭😭💕,0,4
مشغوله بجمالي و تأمل عيناي و مداعبة شعري و النظر إلى جسمي مشغوله بتأمل كمالي و سعيِدة بذلك جداً,0,19
إن كان بإمكانك أن تجعل هذه الليله سعيده لشخص ما بادر أرجوك,0,12
يارب تضلين سعيده دايم🥺♥️,0,4
احس اني سعيده بدون سبب,0,5
نتمني لك كل توفيق في اختيار الزوجه الصالحها وحياه زوجيه سعيده ملئه بالحب والمودة ورحمه,0,15
انتي سعيده ودايم تطالعي بالجزء المليان👌🏽وتجيبي الفرح للي حولك 🥺,0,10
تفائل دائمًا بحدوث أشياء سعيدة في حياتك أخبار جميلة مستقبل أفضل فَ الثقة بالله تجلب لك كل خير🌸,0,18
صوتك جبر خاطر وكلماتك تلملم الشتات — اوه شكرا على الوصف الحلوو وربي ☹️✨🌸سعيدة بذلك حقاً ✨🌻,0,17
إذا كنت تريد أن تعيش حياة سعيدة اربطها بهدف وليس بالناس أو الأشياء ألبرت أينشتاين,0,15
احسني سعيده جداً حلو شعور لما نشوف ناس تدعي وتحكي كلام حلو جداً احس بعدها الحياه حلوه وبها ناس حلوه,0,20
يا اهل المحبه تصافو أثر العمر قصير اليوم على الأرض وبكره ذكرى سعيده,0,13
حمدلله اني كنت جزء من الطالبات الي كانوا يمثلو الكليه وجاوبوا على الاسئله وكل حاجة سعيده انه كنت جزء بسيط من انجاز كبير🥺❤️,0,23
كل سنة وانت طيب يا خويا وربنا يجعلها سنه سعيدة عليك أنشاء الله وتحقق كل اللى تتمناه واشوفك احلى معملجي في الدنيا ❤️,0,23
ليله سعيدة بمرافقة القمر ❤️,0,5
كل سنه وانت طيب يا قلبي وعقبال مليون سنه واحنا صحاب واخوات وربنا يخليك ليا يحبيبي وسنه سعيده عليك كده يا قلبي,0,22
انتي افضل شخص في حياتي احبك و اتمنى تكونين سعيدة دايم — شكرًا مرة 🥺,0,15
سنة سعيدة ❤️❤️❤️,0,3
بسم الله عليك يارب ايامك الجاية سعيدة وتكوني بخير حبيبي,0,10
انا وسريري والجوال والشاحن نشكل عائلة سعيدة و متماسكة ماشاء الله علينا,0,12
روحي سعيده,0,2
كنت بره سعيدة و مبسوطة وانا طالعة البيت لقيت جرو متعور و بيعيط و هقضي الليل بعيط عليه انا كمان,0,20
كل سنة وانتي طيبة وبخير ي نانسي😌❤️❤️❤️ويارب تكون سنة سعيده عليكي ي حبيبي ونتخرج سوا 😘,0,16
خبر جميل أطيب المنى لهما بحياة سعيدة 🕊💕🕊,0,8
القواعد الخمس لحياةٍ سعيدة 🦋💚☀️ افعل الخير لا تؤذي أحداً سامِح دائماً كُن إيجابياً ثق بِنفسك 🦋,0,17
😔😔احب لما اشوفك سعيده,0,4
ليش انا بعيدة عنك ابي اسعدك ماابيك تبقين حزينة 🌧️🍓 — انا سعيده لانك معي هنا وبقلبك😢🤍,0,17
شكراً لطيب حضوركم وتفاعلكم متدرباتي 😍❤️ تمنياتي لكم ولأطفالكم وللجميع إجازة سعيدة مليئة بالإنجازات بالتوفيق يارب,0,16
كل عام وانتِ بخير ياحلوه سنه سعيده لك💙,0,8
سعيده والدُنيا مش سيعاني 🤍💕 اخيراً,0,6
مُمتنة كثيراً لِكل مايجعلني سعيدة,0,5
كل سنة وانت طيب يا مخ و يارب تكون سنة سعيدة عليك و تحقق كل اللي بتتمناه ويارب يكون الاكل عجبك 💜😂,0,22
ييي سعيدة لاجلك,0,3
كل سنه وانت طيب ي حبيبي وسنه سعيده عليك يارب 💙💙,0,11
للأسف اني سعيده واحب اتعب نفسي بشغل 😔,0,8
سعيده بوجودك ياحيوانه 🤍,0,4
بوجودكم كانت حلوه و سعيده 💙,0,6
كل عام وهو بخير عسى ايامه سعيده🌹🌹🌹,0,7
سنة سعيدة على الماما الله يطول بعمرها 💙💙,0,8
وعسى كل أوقاتج سعيدة 🌹,0,5
سنه سعيده عليك ي غالي 🎂🔥,0,6
تكفين كلامك اف بوسط قلبي روقتيني بكلامك ذا وربي احسني مرره سعيده شكراً للايام الي عرفتتي عليك والله يسعدك 😭🥺💓💓,0,20
كل عام وانت بخير حبي ❤️ سنه سعيده عليك والعمر كله 🌹,0,12
احبك شكرًا لمشاركتج و لانج استمتعتي انا سعيده💓,0,8
المرأة دايما سعيده والزواج موب كل شيء عشان الوحده تحط سعادته عليه✌🏻,0,12
😂😂😂😂😂😂😂😂 ليلتك سعيدة بإذن الله ميرا الغاليه,0,7
جالسة اعيش أيام سعيدة,0,4
أحِبوا أيامكم الهادئة ليس بالضرورة أن تكون سعيدة ومليئة بالتفاصيل يكفي الهُدوء والسلام,0,13
سنهه حلوه ونحب نشكر الوالد والوالدة والطاقم الطبي والمستشفى وصاحبها على التحفه الفنيه الي جابها لنا سنوات سعيده يارب🥺♥️♥️♥️,0,19
كل سنة وانتا طيب يا صوفي ويارب تكون سنة سعيدة عليك ان شاء الله ♥️♥️,0,15
صراحةً سعيده لك ويا رب يوفقك ويسعدك على قد ما اسعدتني و نسيتني همومي واشكر الله انه خلاني اعرف شخص زيك,0,21
كل سنه وانتا طيب يحبيبي وسنه سعيده عليك يارب ♥️♥️♥️🥰🥳,0,10
روحيييي اعوامك سعيده قلبي🤍🤍🤍🤍,0,4
جدا سعيدة بانظمامي لهذه الورشة كنت اتمنى لو تمتد لاكثر من ٥ ايام جدا مفيدة ومثرية,0,16
ماتوقعت أني اذا مشيت أكون سعيده كذا ليه محد علمني,0,10
اتمنى تكون سعيدة في جوازها,0,5
دعوة حلوه منكم تسعد قلبي ولا كلمات تخليني ابتسم أيشي يخليني سعيده شوي ما استاهل يعني 🥺🤦🏻‍♀️,0,17
ليس شرط ان تكون الاوقات السعيدة ناتجة عن اشياء ثمينة او اشياء من النادر ان تحدث فقد تأتي لحظة سعيدة بامور بسيطة مثل الابتسامة او كلمة طيبة,0,27
كل سنة وانت طيب يا بودي وسنة سعيدة عليك يارب وتحقق كل النفسك فيه 💞,0,15
بصراحة حقها انا لو مكانها هفضل سعيدة طول عمري مش اسبوع بس,0,12
واليوم يمكن تقولي يانفسي إنك سعيدة,0,6
إذا كنت تريد أن تعيش حياة سعيدة اربطها بهدف وليس بالناس أو الأشياء 🖤🥀,0,14
لكن عاجبني اف اف ما توقعت بيطلع حلو كذا يالله كم انا سعيده,0,13
ثم يعوضك الله عوضا يليق بقلبك كانه يخبرك بأن دروب الامل لا تختفي وأن الخير سيتبعك ويصنع من احزانك مفاجات سعيدة,0,21
فجأة اتذكر واخاف بعدين اسيطر على حالة الخوف واعيش يومي سعيده,0,11
انا سعيدة واخيرا❤✌✌,0,3
أحبُّوا أيَّامكم الهادئة ليس بالضَّرورة أن تكون سعيدة ومليئة بالتَّفاصيل يكفي الهدوء والسَّلام 💛✨ مصطفىالعبندي,0,15
اراهنك الريبلاي دا هيخليها سعيدة يجي اسبوع عالاقل,0,8
مُمتنة لك شاعرتنا الجميلة سعيدة بمرورك العاطر أستاذة مرڤت ودام حضورك ياغالية❤️❤️,0,12
أتمنى نهايتهم سعيدة 😔,0,4
اللهم اكتبلى الخير ف سنين الجايه واخترلى ولا تخيرنى يارب اجعلها بداية سنه سعيده على قلبى وفرحنى ووفقنى ف مستقبلى 🤲❤,0,21
ياربي ما تدرين شكثر احب سوالفك مررره احب وجودك بس استحي اكلمك بس بليز عندي طلب لا تغيبين كثير عن الحساب 😢,0,22
اليوم ممكن تقول يانفس انتي سعيده 🤍,0,7
هاللحظه انا سعيده جداً💖,0,4
يا أهل المحبه تصافوا ترا العمر قصير اليوم على الارض وبكره ذكرى سعيده,0,13
ماخترت أحبك شعور الحب من ربي الله كتب لي غرامك يوم حبيتك ماجيت دربك وقفت أنت في دربي صدفه وكانت سعيده يوم لاقيتك💙,0,23
2 لست سعيدة بأني عَطلت سعيدة اني طويت هالسميستر بأقل الخسائر الممُكنةالحمدلله,0,12
طول ما النهايه مش سعيده إعرف انها مش دي النهايه اعرف انها مش نهايتك انت حتي لو كانت دي نهايه شخص او شئ ف حياتك,0,25
كل سنة وأنتِ طيبة يارب سنة سعيدة ومليئة بالإنجازات🤍,0,9
لا تزعلي ولا توجعي نفسك خليك مبسوطة و سعيدة لانك تستحقيين 💕,0,12
سعيدة على الآخر دلوقتي وشكراً,0,5
مش قادرة أتخيل كمية البحث اللي اتعمل عشان تبان كل التفاصيل الحقيقية دي أنا حقيقي سعيدة إن جاتلنا فرصة نفكر ونتكلم,0,21
نوبات هلع عائلية سعيدة,0,4
اتمنى لك حياة عشرينية سعيدة,0,5
احس اني جدا سعيده,0,4
انا سعيده ❤️❤️,0,3
ياعمري الحلوه اللي كبرت كل سنه وانتي طيبه ويارب سنينك كلها سعيده ♥️,0,13
احس أني مبوسطة وانا اشوفك سعيدة ❤️ — ياروحي أنتِ الله يسعد قلبك قولي امين,0,15
لمن يهمه امرنا سعيدة وجدًا اليوم ♥️,0,7
سعيدة أكثر من أي وقت مضى ❤️❤️❤️❤️,0,7
مسلسل حلو كفكرة جديدة ومحدش تناولها تنفيذ أبطال كلهم متوظفين صح قريب مننا وهتلاقي نفسك فيه بشكل أو بآخر,0,19
يارب حياة كريمة هادئة سعيدة 💕,0,6
أحِبوا ايامكم الهادئة ليس بالضرُورة ان تكون سعيدة ومليئة بالتفَاصيل يكفي الهدوء والسلاام🤎,0,13
روحي سعيده جداً 💙,0,4
بكل الحالات انا بكون سعيده,0,5
لا بد لليل أن ينجلي ولا بد أن يستجيب القدر تفائلو بالخير تجدوه تلاقي الخير وأحلام سعيده وغد أفضل لحضرتك بإذن لله 🤲,0,23
الروح سعيده ومبتهجه وراضيه ومُشعه والسبب صديقي الأحب🖤,0,8
احس اني سعيدة او شي❤️❤️❤️❤️,0,5
آه شكثر انا سعيده ❤️❤️❤️,0,5
اليوم يمكن تقولي يا نفسي أنك سعيدة,0,7
تزوجت عمري ١٦ ماضرني الحمدلله حياة سعيدة وناجحة من فضل ربي 👍🏻 بس الأفضل من ١٩ 👌🏻,0,17
النفس سعيّدة جداً ومُبتهجه 🤍,0,5
عام جديد من عمري تمنو لي سنة سعيدة يارفاق🤍,0,9
اتمنى لي عام سعيده 🥲❤️,0,5
أنا سعيدة اليوم وروحي خفيفة وقلبي رحب بعد شوفة صاحبتي🤎,0,10
ان شاء الله دوم سعيده وواصله هالمرحله من السعاده 🖤,0,10
لمن اكون سبب في ابتسامة احد ماتتصورون قدايش اصبح سعيده😊,0,10
كُل أيامي بوجودك سعيدة,0,4
كل اعوامي بوجودك سعيدة♥️,0,4
ياربي انا سعيده ومبسوطه الحمدلله يالله,0,6
❤️ اليوم من أحب الايام لقلبي كبر حبيبي فيه ويكبر حُبه بقلبي هابي بيرثداي لروحي,0,15
موفقة يارب حياة سعيدة ان شاء الله,0,7
سنة سعيدة يارب ❤️❤️❤️,0,4
كل عام وانت بخييير وسنة سعيدة يارب ❤️❤️,0,8
اليوم انا سعيده بسبب هالحلوه هذي 🥺❤️❤️❤️❤️,0,7
سنه سعيده ياكل اسباب الهنا 🤍,0,6
يالله وش قد فرحانه وسعيدة كثير لصديقتي يارب دايم تكون سعيدة لاني افرح اكثر من فرحتها والله 😔🥺🥺🥺,0,18
أعوام سعيده يا معنى الأيام وضحكات القلب❤️,0,7
❤️والله أنك يا نفسي سعيدة سعيدة جدًا الحمدلله❤️,0,8
وما من نفس ترضى بالقدر إلا باتت سعيدة,0,8
أنا سعيدة جدًا النهاردة,0,4
سعيده وجدا ❤️❤️❤️,0,3
الشخص المفضل ليا ف الدنيا دي كلها قبل كل حد هو انا انا دايما عايزاني سعيده ودايما بفرحني ودايما بحبني وبقدر افرحني,0,22
أحس روحي سعيّدة بكل لحظه تطيح عيني بعينك وأتاملك,0,9
أكثر ما أنا سعيدةٌ بإنجازه في سنواتي الأخيرة الماضية أنني دربتُ نفسي على مهارة مراقبة المشهد دون رغبةٍ في التعليق,0,20
سعيدة ان الكلام خلاكي تريحي ولو شوي ❤🙏,0,8
لقيتي شغل أخيرا 🥺🥺 الف مبرووك يا عمري سعيدة من اجلك 💓💓💓رغم انو يوم مو مناسب لكن اعتبريها هدية,0,19
أنا سَعيده بصحبتكِ دائماً😔♥️,0,4
بالفعل ليس كل جميلة سعيدة ولا كل جميلة محضوظة وفي الغالب بان الجميلات مملات وتافهات ودايما الجميلة صعبة وراسها يابس 🤔🤔🤔,0,21
كل عام وانا أصر على الحياه أصر على أن أعيش سعيدة وضاحكه وممتنه لكل الأشياء التي قد تبدو في عين الكثير بسيطه,0,22
انا سعيدة احبكم يااعظم متابعين ياشبكة اماني احبكم وربي واتمنى لكم السعادة اللي بقلبي,0,14
مره سعيده و اتمنى لو اقدر اعطيكم شعوري حاليًا و نصير كلنا سعيدين😔♥️,0,13
خليتيني سعيده صدق😿😿😿😿😿😿🤍🤍🤍🤍🤍🤍🤍🤍🤍🤍,0,3
سعيده سعيده سعيده سلسلة الروايات المفضله لي توقفت عند المجلد الثامن واليوم لقيت الين المجلد السادس عشر😭,0,17
يابا سنة سعيدة عليك وتحقق اللي بتتمناه من اجدع الناس اللي قابلتها في حياتي ❤❤,0,15
أنا سعيدة جداً 🤍,0,4
تمنو لي سنوات سعيده انا كبرررتتت🙈🙈🙈🙈🙈🙈🙈,0,6
سنة سعيدة عليك ياروحي❤️,0,4
سعيدة جدًّا بمشاركتي ومداخلتي في إذاعة القرآن الكريم بعد حصولي على المركز الأول بمسابقة المهرة ♥️ دقائق أعتزّ بها,0,19
انا للحين عندي بصيص امل ان النهايه بتكون سعيده,0,9
سعيده جداً 🤍,0,3
انا سعيدة اني مش انا لوحدي اللي بحبة 😘,0,9
جالسه افكر لو كبرت وصار عندي وظيفه وحياه واستقلاليه بتزوج او انا بقدر اتقبل شخص معي يشاركني حياتي,0,18
شربت قهوة من يد سوسو اختي وانا الان سعيده جدًا🤍🌝,0,10
سنة سعيدة بإنتظارك 🤍,0,4
ممتنه لكل انسان يستقبل اخبار سعيده في هذا اليوم❤️,0,9
لتبقى صديقتي الأحب سعيده دائماً يا الله,0,7
مواليد رمضان مختلفون ابصروا النور ب زمن لا تتنفس به الشياطين 🤍 كل سنة و نورة سعيدة ومعي ياا رب 🤍,0,21
لا الحب اكتر من كدا سند واهتمام وراحة وسعادة وحب ومشاعر ولحظات حلوة وايام سعيدة وملجأ وتستمدو قوتكم منه,0,19
سعييييدة سعيدة سعيدة أدبلها ثلاث مرات بمعناها المطلق بكل إحتمالات الكلمة بشكلها المجمل,0,13
الحمد لله سعيدة كيف نشعر بطعم السعادة ألا بعد مرارة المشاكل,0,11
سعيدة كون عندي شخص حنون عليا ويحبني كل دا الحب♥️♥️♥️😔,0,10
لو صار هالشي قبل كنت بزعل اما الحين لا سعيده 🥳,0,11
روحِي سعيدة بسبب جمال اليوووم ❤️❤️❤️,0,6
اكثر لحظه سعيده,0,3
اتمنى لك سنة سعيدة كلها حب لك مليئة بكل حاجة تتمنينها😢💕 مبسوطه كثير اني عرفت شخص نفسك وبنفس لطافتك أحب سوالفنا كثير,0,22
سعيدة جداً لاني شريت عطر بخاطري وشوي وتروش فيه 💞,0,10
اليوم ميلاد احلا والطف شخص فحياتي سنه سعيده عليك ياروح اختك و اتمنى تكوني موجوده بكل حياتي يانونو 😣,0,19
اللي تتخذ من الزواج وسيلة للتكسب وتحقيق أحلامها المحرومه منها على حسابك لا يمكن بأي حال من الأحوال أن تبني معك أسرة,0,22
يالله والله اني سعيد ببهجتكم ياا رب دوووم لحظاتكم كذا سعيدة ومباركة وربي يتقبل منا ومنكم وامطار خير على الجميع 🙏🏻🌷,0,21
كل أيامي بوجودكَ سعيّده,0,4
سعيده ببودي وهو اي حد بيكلمه كطفل ويسلم عليه ويبوسه يمنعه ويقوله كدا غلط وبعدين انت مش عارف ان في فيرس,0,21
اكلمك من الديره وعايشة حياه سعيده وطبيعيه الحمدالله 🦦❤️,0,9
تبدأ من صدفه الى لحظات سعيده❤️,0,6
انا سعيده جداً جداً,0,4
ممتنه لكل انسان يستقبل اخبار سعيدة في هذا اليوم❤,0,9
انا جدًا سعيده قصيت شعري😭😭😭,0,5
❤️ اليوم من أحب الايام لقلبي كبر حبيبتي وصحبتي وكل حياتي فيه ويكبر حُبها بقلبي هابي بيرثداي لروحي,0,18
وأن الأيام دول والغدُ لا يُشبه الحاضر وأن الليل إنْ طال واختفى قمرُه فإنّ الصُبح لناظره قريب دامت أعوامي سعيدةً ومليئة بفضل الله ولطفه ❤,0,25
انا مش بس مروقه انا سعيده اليوم❤️❤️❤️,0,7
أعتقد أن وجود الحب في حياتنا داعم كبير لكل جوانب ومسارات الحياه داعم لعيش أيام سعيدة للتصدي عن خيبات الأمل,0,20
الحمدلله في اسعد ايامي وقل لهم يدعون لي يطلع قبولي بالوظيفه عشان اصير سعيده اكثر,0,15
بكره اخر اختبار وتشان روم انا سعيده,0,7
وراء كل روح سعيدة صديق عظيم,0,6
تفائل دائما بحدوث أشياء سعيدة في حياتك أخبار جميلة مستقبل أفضل فالثقة بالله تجلب لك كل خير مساء الورد,0,19
المرأة العزباء سعيدة إذا كانت تملك عائلة تحتويها وتسعدها المرأة المتزوجة سعيدة إذا كانت تملك زوج يحترمها ويسعدها,0,18
اليوم سعيده بحت,0,3
جعل مني روحاً سعيدة ممتنة له جداً,0,7
سعيدة جدًا 💃🏻💃🏻,0,3
هل انتي سعيدة — اي الحمدلله 😭🤍,0,7
وأصبحت أوقاتي سعيدة جعلت في قلبي ربيعاً ياضحكة الشوق في عيني ♥️,0,12
بلاك كوفي مع دونت أصير سعيدة ورايقة ما أبسطك يا إنسان,0,11
سعيدة 🧚🏼‍♀️🧚🏼‍♀️🧚🏼‍♀️,0,2
غير صحيح الزواج نعمه واستقرار نفسي والابناء نتيجه سعيده لهاذه العلاقه فالمرأة لاغنا لها عن الرجل والعكس صحيح وسلامتكم,0,19
انا جداً سعيدة ❤️❤️❤️❤️❤️❤️,0,4
روُحي مبتهجه وقلبي مافيه الا النسيم البارد انا سعيده ومبسوطه جداً♥️♥️♥️♥️♥️♥️🦋,0,11
تفائل بحدوث أشياء جميلة أخبار سعيدة مستقبل أفضل فالثقة بالله تجلب كل خير💙,0,13
يُقال إن النساء السعيدات يجعلن القرية سعيدة,0,7
الحمدالله م ناقصني شي سعيده,0,5
سعيدة قاعده أحس إني أذاكر كويس للتحصيلي☝🏻☝🏻,0,7
أحِبوا أيامكم الهادئة ليس بالضرورة أن تكون سعيدة ومليئة بالتفاصيل يكفيها الهدوء والسلام,0,13
وبشر المؤمنين إن لكم في أفق الغيب أقداراً سعيدة وعطايا جزيلة وأيام سعد وهناء جميلة فما بعد عسر,0,18
جداً سعيدة أني في هذا اليوم احضر اول دوراتي لشيء أنا احبه وان شاء الله بيكون شي كبير يوم من الأيام و وايد واثقة بقدراتي والله يتمم 🙏🏼,0,28
و غدًا ستُورق في ليالي الحزن أيام سعيدة فاروق جويدة,0,10
ما بعُمر السعد مرّ قلبي إلا معك أنا معك جدًا سعيدة💙,0,11
حبيبة قلبي قلقت بس 😘😘😘😘كل سنة و انت دائما سعيده,0,10
أحبك شيماء سعيدة جداً انك موجوده بحياتي 😢❤️❤️❤️❤️❤️❤️❤️❤️,0,8
اف كم مره قلت لكم اني سعيده بس اني سعيده,0,10
سعيدة جداً💞💞💞💞💞💞,0,2
انا سعيده 😭😭😭😭😭,0,3
الواحد اذا ماكان يبي يعيش حياة سعيده وكريمه ومستعد يقدم و يضحي لا يتزوج,0,14
لتظل أمي سعيده دائمآ يا الله❤,0,6
لكي نقترب من السعادة علينا الابتعاد عن مايجعلنا نعتقد إنها غير موجودة افعل مايجعل روحك سعيدة 🌼🍃✅,0,17
قصدي لما تتجوزي هتعرفي انك كنتي سعيده ف فترة السنجله,0,10
سعيدة ♥️ أحبك,0,3
ابشركم ابشركم لقيت الحلقه بالابتوب واحس سعيده سعيده سعيده لحد البكاء😭😭😭😭😭😭😭😭😭😭😭😭😭,0,11
رغم أنف الغياب ورغم بعد المسافات ورغم رغبة الظروف ستظل ذكراك في روحي وعشقك محفور في قلبي,0,17
حتى انا سعيده معاكم🥺💞💕🥺💞💞💞💕💕🥺🥺💞💞💞💞💕💕💕🥺🥺💞💞💞💕💕💕🥺💕💞,0,4
عماله أبعت لنهله صور دوناتس أتمنى ت وتجييلي حجات سعيده وهي راجعه,0,12
تعرفي وقت لي اكون معكم و مع حتي اذا ما نمت ما رح ازعل بلعس اكون سعيده,0,17
سعيدة♥️,0,1
شكرًا للذين يتركون بنا أشياء سعيدة تجعلنا نبتسم حين تبدو الحياة كئيبة🤍,0,12
يبدو أن هناك مجموعة سعيدة الآن💙🖤,0,6
سعيده لان تعلمت البس عدسات من ثاني مره,0,8
سعيدة جدًا ❤️,0,3
الصحبة الصالحة هي التي تجعلك تعيش حياتين هنيئه سعيده هنا واحده والأخرى فالجنة بإذنه جلّ وعلى🤍,0,16
وااو اخيرًا مبروك سعيدة لتخرجك رغم اني عرفتك من فترة قصيرة تستحقي الأفضل انهيتي مرحلة مو سهلة,0,17
سعيدة لأنني أُحبك كل يوم أكثر ❤️,0,7
المرأة راح تكون سعيدة اذا تركتوها بحالها,0,7
ليلة سعيدة,0,2
انا بسيطة لدرجة انه كوب من القهوه يغير نفسيتي 💯وبخليني سعيده❤️,0,11
تصبحي على خير يا امي نوم الهنا احلام سعيدة يا اميرتي الغالية بحبك كتير كتير واشتقتلك كتير كتير يا عمريي,0,20
المبدعة سالي أتمنى أن تنير تصاميمك ديواني الثاني سأكون سعيدة بذلك🌹,0,11
اعياد سعيده علينا كلنا يارب🌹🙏,0,5
وأنا سعيدة الحظ يوم حبيتك 🤍,0,6
واليوم يمكن تقولي يا نفسِي إنك سعيده تشهد على صدق قولي دقات قلبي الجديده❤️,0,14
لمعات في العيون ابتسامة دائمه في المحيا حركات طفولية نبرات سعيدة نوم هادئ على سحابة بيضاء شعوري الحقيقي الصادقة,0,19
قهوة لتغدو الروح سعيدة يملؤها الحبّ ☕️🌸,0,7
ممتن جدًا انه قدر يغير شيء فيك كوني سعيدة 🤍🤍,0,10
الله يسعد قلبگك وآتمنى لگ ليلة سعيدة 🌙💜,0,8
وانا الحق اقولك كل سنة وانتي طيبة يا ايثار عقبال المليون سنة سعيدة ومبسوطة♥️♥️,0,14
تفاءل بحدوث أشياء جميلة وأخبار سعيدة ومستقبل أفضل فالثقة بالله تجلب كل خير,0,13
الحمدلله لأنني أستطيع أن أكون سعيدة بأبسط الأشياء♥️♥️,0,8
احتمال نقعد سعيده سنه كامله لو جتني الباقه هذه 😭♥️,0,10
أُحب ابتسامتي أكثر من أي شيء في هذا العالم أُحب كوني امرأة سعيدة ومغمورة بالطاقة,0,15
العُمر يوماً فلنحياه مُخلداً ذكرى سعيدة,0,6
اسألك ربي التوفيق لأختي واجعلها أسعد خلقك وتمم أُمورها على خير واكتب لها حياة سعيدة يارب 🤲🌻,0,17
البنت في النهايه حتختار اللي يخليها سعيده وحاسه بالأمان حتختار اللي دايماً يختارها 🕊,0,14
طول ما بطني سعيدة أنا كمان هبقى سعيدة,0,8
اخيرا وصلت للهدف كنت اتمنى اوصل له من مره وحده لكن كبداية احس جدا سعيدة,0,15
انا سعيدة اوي علشان اتخرجت,0,5
هالايام سعيدة وقلبي سعيد 🦋🦋🦋🦋,0,5
واليوم يمكن تقولي يانفسي إنك سعيدة❤️,0,6
أنا جدا سعيده آحمدك ي رب 💕,0,7
انا سعيده للغايه🥺❤❤❤❤❤❤,0,3
⠀⠀⠀ « أيامي كلها سعيده بفضلِي 😿 »,0,8
بعض الناس يجعلون حياتك سعيدة,0,5
من يومه الفطور في الجنان كفيل بأنه يخليني يوم كامل سعيدة 🧡🍂,0,12
سعيدة جدًا جدًا الان اقدر اذاكر مرتاحة دعواتكم,0,8
كل سنة وانتي سعيدة ياتيتة 🥰 كل سنة وانتي محققة احلامك ي قلبي ❤,0,14
كاانت أنثى سعيده حتى قالوا لها سمنتي,0,7
عايزة اغمض عيني و افتحها الاقيني سلمت مشروع التخرج و اتخرجت و سعيدة 🐣,0,14
الحمدلله يارب اني اقدر اكون سعيده ب ابسط الاشياء الي تجيني🤍🤍🤍🤍,0,11
افضللل مشهور بالنسبه لي حرفياً غير فيني اشياء واجدد ومرا مبسوطه كونه بذا العمر واشتغل على اشياءء واجد مرا مبسوطه,0,20
كل سنه وانتم طيبين اعياد سعيده,0,6
وبشر المؤمنين إن لكم في أفق الغيب أقداراً سعيدة وعطايا جزيلة وأيام سعد وهناء جميلة فما بعد,0,17
تفاصيل صغيرة سعيدة قهوة ☕️ مشوار بالسيارة 🚘 كلمة حلوة 🥰 اهتمام صادق ♥️,0,14
تحدث عنها قائِلاً هي مثل منزل عائلة سعيدة كان قلبها يُربي طمأنينتي,0,12
العاشرة مساءاً أتناول الحلوى 🍮🍪 وأشاهد نوار 😊 بات رمضان على الأنتهاء آه يالسرعت الأيام مازلتُ سعيدة ببداياته 🌙🌫 ا,0,20
حبيبة قلبيي وروحي❤️❤️❤️ سعيدة سعيدة لك من قلبي وفخورة فيك جدًا شهدت كل الانهيارات والتعب والنجاح,0,16
شوفني يابنات انا سعيدة,0,4
تفاءل بحدوث أشياء جميلة أخبار سَعيدة مُستقبل أفضل فَالثقة بالله تجلِب كل خير 🖤,0,14
اتمنى من الله لكم التوفيق اجازة سعيدة,0,7
ولأنك جعلت منَي روحاً سعيدة أحبك دائماً,0,7
✨🎉 هابي بيرثداي تو يو وكل عام وانتي بخير احبك كوني سعيده دايم 😘💖💖,0,14
بكره بكبر سنه مدري افرح او احزن بس اتمنى تكون سنة سعيده ويصير فيها الي ابي 😔,0,17
الأخطاء مقتبل الحياة خبرات تبني نهايات سعيدة فلا تبتأس من كل خطأ ارتكبته بجهالة,0,14
اعتقد أن موضوع السعادة شي نسبي ولا نستطيع ربط السعادة بالمرأة وحدها فهي انسان احياناً سعيدة واحيانا لا,0,18
الله يشرح صدرك و يزيد من الشغف في حياتك و تبدين حياة جديده سعيده تنسين فيها كل الاتعاب 💕,0,19
في احاسيس الإنسان ما بحسها لا نص الليل لانو الليل بارد حيث الاستكانه وعقل الإنسان يبدأ يفرمط في المعلومات,0,19
و اليوم يمكن تقولي يا نفس إنّك سعيدة ♥️,0,9
سعيده انكم عرفتوه على حقيقته لاني تجاوزت الصدمه من اسبوع,0,10
ريال مدريد يلعب إذاً الكرة الأرضية سعيدة 🤍,0,8
وراء كل إمرأة سعيده ومرحه رجل يدللها,0,7
شفت صحبتي القديمة صديقة الطفوله والمراهقه تشاركنا ايام سيئه و احس انو جداً سعيده يمكن هذا الي احتاجه هالفتره,0,19
وحشتيني ومره احبك يارب تكون سنه سعيده عليك🥺💜 — حبكي تعالي ابوسك🥺🥺🥺🥺♥️♥️♥️,0,12
يا عمري انتِ انا يا نيالي الله اكرمني فيكم احلى واغلى واطيب عالم وباذن الله بشوفك عن قريب يا قلبي,0,20
بحاول اسولف معك كثير عادي😌🦇 — لطيفه مره بكون سعيده بسببك🥺🥺,0,11
أنت صح أنا خطأ فرصة سعيدة,0,6
سعيدة هذه السنة أني تعرفت عليك كان أيام المستشفى لها طعم غير معك بالطاقة الحلوة وحماسك كل الدفعة محظوظة,0,19
الزواج عندهم كأنه بداية لحرب جديده بين اثنين ماهو بدأ عيشه سعيده لأثنين,0,13
كل سنة وانت طيبة وايام سعيدة علينا جميعا 🙏⚘😍,0,9
ينعاد عليكم أعوام طويله سعيده عزيزتي كل عام وانتم وعائلتكم بالف الف خير وسلام كل الحب والود 💓🌹🌹🌹,0,18
نااس بس خلاص انهيت كلشي الحمدلله الحين بعيش سعيدة,0,9
أنا سعيدة جدًا أن ربي منّ علي صلاةً خلف هذا الصوت الشجي الحمدُ لله🤍,0,14
عطلة سعيدة 😘,0,3
والله انت جدع ومحترم وابن اصول سعيده جدا ان عندى اخ زيك ربنا يراضيك,0,14
بدايه شهر سعيده✨✨,0,3
يسعد لى ها المسا جعلك سعيده 🥀✋,0,7
قسم بالله اني أكون سعيدة 10 مرات يوم يكلمني شخص أحبه حتى كلمة كيفك اقراها وانا مبتسمه أبسط الأشياء يصير لها معنى,0,22
السعادة تجي من الرضا والمراة مافيه شي يرضيها الطبيعي انها تكون غير سعيده,0,13
صادق كل الي اعرفهم وتزوجوا تدمروا نفسياً وشكلياً ماعمري بالواقع شفت وحده تزوجت وتطورت او كانت سعيده,0,17
سعيده لان عندي كاندي بحياتي,0,5
مش فاكرة ٱخر مرة فرحت بخبر كدة بس أنا سعيدة بجد الحمد لله الحمد لله,0,15
ما تعبتني بس ابيها تهتم بنفسها مابي تتعب او تحزن او شي ابيها دائما سعيده,0,15
لاحد يصدق ان المراه العزباء سعيده كذب,0,7
اتمنى لك بداية شهر سعيدة والرب يبارك ايامك بالخير والسلام والمحبة عزيزتي 🌱🌷🙏,0,13
اللّهُم اجعل أمِي سَعيدةَ الدارين قَريرةَ العينين لا تشتكي هَمًا ولا حُزنا🖤,0,12
لمن يهمه الأمر انا سعيده جداً والدنيا مُش سايعتني,0,9
مش هحلف بس اكيد انتم بتحسوا ان بنصحكم زى اخت وبخاف عليكم ازاى انا فعلا بتمنى اشوف الناس كلها سعيده سعادتهم مش هتنقصني,0,23
طول العمر سعيده مو بس للاربعين,0,6
مجرد كلمات بسيطه حولت روحي لروح سعيده,0,7
بالهناء يارب 🤗☕️☕️ اتمنى لك بداية شهر سعيدة مليئة بالبهجة والبركات ليالي🌱🌷🙏,0,12
مسائك سعاده وليلتك سعيده والشهر الكريم مبروك عليك وعلي احبتك كل عام وانتم بخير وصحه وسلامه وامن وامان 🌼🌸,0,19
والله اني بكيت من الفرحه بعودت ابا القاسم وعودت ريم جد سعيده اليوم لا تغيبي ريم مهما صار لا تغيبي ❤,0,21
انا مرا سعيده فاينلي طلبت و باكل ايسكريم من بعد مده طويله ما اكلتو 😭,0,15
يا حبيبتي اتمنى ايامك كلها سعيدة وعسل😭😭❤,0,7
ياعيوني ويارب تكونِ سعيده اضعاف سعادتيي❤️❤️,0,6
ما بعُمر السعد مرّ قلبي إلا معك أنا معك جداً سعيدة💛,0,11
الخريجة تبدو سعيدة عسى دوم يا رب🤍,0,7
الله يكثر من الأيام الحلوه اللي حاسه إن روحي سعيده وكل شي حولي يسعدني♥️♥️♥️,0,14
والله محد مخليني سعيده غير خيالي ويارب يصير واقع,0,9
واليوم يمكن تقولي يا نفسِ انك سعيده ♥️ 🎓 👨🏻‍🎓,0,10
ان شاء الله سفرة سعيدة 🥺 قلبي من له عين ما يسامحك 🤍🤍,0,13
نتمنى لكم حياة سعيدة ومنك الفيري ومنه المواعين 😂,0,9
عيد قيامة مجيد وسنة سعيدة عليكم يا مسيحيييييييييييييييييييييييييييين 💚❤💚❤💚❤💚❤💚❤💚,0,9
مبسوطه لاني اشوف ليسا سعيده كذا,0,6
كل عام و انتم بخير اعياد سعيدة علي كل شركاء الوطن شعب واحد و طن واحد,0,16
يأهل المحبّه تصافوا ترا العمر قصير اليوم على الأرض وبكره ذكرى سعيده,0,12
المسائات التي تبدأ بالأشياء التي نُحبها أؤمن بأنها سعيدة جداً🥺♥️,0,10
أيامي سعيده جدًا معك💜,0,4
سعيدةٌ بهذه الكلمات الهاطلة كالهبات من شخصٍ راقٍ يستحق كل الشكر ممتنةٌ لك,0,13
ماشاءالله وانا اقول تأخرت علينا اليوم الله يهنيك وعساها نومه هنيه واحلام سعيده,0,13
حياتي كلها سعاده دامك معي سعادتي بسعادتك كوني سعيدة دايماً — حبيبي انون💗💗💗,0,13
اول مره احلم بنفس الشخصيه اكتر من مره بس انا سعيده بده صراحة 😂😂💙,0,14
سأكون سعيدة جدًا دون أي سبب سوف ابتسم لأني أملك إبتسامه تضيئ المجرة ولا أعتقد أن الحياة قادرة على هزيمتها☁️,0,20
المرأة متزوجه الي تختار شخص الي تحبه عشان تعيش معه بتكون سعيده اما الي متزوجه ب الاسم هاذا شي ثاني دي ميته عاطفياً,0,23
أنا سعيدة جدًا 🥺🎁,0,4
الحمد لله حمداً كثيراً إشعار نتائج بلوك الباطنة وأخيرا لحظة اتخيلها من ثالث اسبوع دوام من هذا الترم,0,18
كفيت ووفيت وحياة سعيدة يارب وبيض الله وجه كل من ساهم فانت تستحق اكثر,0,14
سسععييددههه سعيده سعيده جداً اهخ بس الله يديمكم,0,8
الشئ المؤكد أنك لن تصلح ما أفسده الدهر فبلاش دوشة دماغ ع المسا ليلتكم سعيدة,0,15
اللهم إنا نسألك حياة سعيدة ورفقة صالحة ونهاية عمر جميلة ورزق مبارك وأدعية مستجابة وأمنيات محققة وجنًة لنا ولوالدينا ولمن نحب,0,21
خميس العهد الجمعه العظيمه سبت النور وعيد القيامه المجيد ورمضان كريم وجمعه مباركه والمجد لله فى الاعالى وعلى الارض ا,0,20
مش كل البدايات سعيده وكل النهايات حزينهه💘,0,7
بدأت واحة الغروب و كل ما محمود يتكلم في الرواية بسمع صوت خالد النبوي القمر دا و ببقى سعيدة 🥺♥️,0,20
سيعُوضك الله عوضًا يليقُ بقلبك كأنه يخبرك بأنَّ دروب الأمل لا تندثر و أن الخير سيتبعك و يصنع من احزانك مفاجئات سعيدة 🖤✨,0,23
هفضل سعيدة😔,0,2
انا سعيدة اوي بال دي عشان حاسة اني رجعت تمبلر تاني,0,11
انا سعييييييييييده سعيده ❤️❤️❤️❤️,0,4
تهنئة من الوريد الى الوريد وقبل الزحمة والمواعيد كل عام أنت سعيده وعمر مديد وسنة جديدة بلا دموع,0,18
متى تخلصين من كابوس الفارما 😞 — هانت بكرة خلاص ١٢ الظهر سعيدة ومرتاحة ♥️,0,15
غدًا ستُنبت في جبين الأفق نجماتٌ جديدة وغدًا ستورق في ليالي الحُزن أيامًا سعيدة,0,14
لاتحبسون مشاعركم بالمواقف سواء سعيدة او حزينة دايم خلوها تعبر اهم شيء ماتكونون حبيسين خلوكم دائمًا احرار,0,17
ايه نبي لحظات سعيده ننتعش السعادة شروطها صعبه ومشوارها طويل خليها تجي براحتها ههههههههه,0,14
يارب اجعلني صبورة سعيدة قنوعة موفقة راضية ومنك قريبة يارب سهل الامور التي تقف على عاتقي واجعل فرجها قريباً يا الله 🙏💛💛,0,22
احلا حاجة يسويها خالي في رمضان يتصل وقت الاذان خية بفطر وياكم والله والخير على البركة ويكفي كل شي وقسم سفرة سعيدة تكون,0,23
ما دامت أمي سعيده لا يهمني أي شيءً اخر,0,9
كل سنة وانت طيب يا اخويا وسنة سعيدة عليك 🥰❤️❤️,0,10
إلى صديقتي التي تُحارب تقلباتي الداخليه بصدر رحب انا سعيده لأني أخترتك 🤍,0,13
وراء كل روح سَعيدة عائلة عظيمة🤍,0,6
تفائل دائما بحدوث أشياء سعيدة في حياتك أخبار جميلة مستقبل أفضل فالثقة بالله تجلب لك كل خير مساءالخير,0,18
عسى ما يجي فجر العيد إلا وأنتي سعيدة ومرتاحه وصدرك منشرح وقلبك مطمئن ومبشره بمسرات ما طرت على بال❤️❤️,0,19
يُحكى أن قلباً يسامح البشر كل ليلة فعاش مرتاحاً وأن نفساً ترضى بالأقدار فباتت سعيدة وأن روحاً تُردد الحمد لله فنامت وإستيقظت مبتسمة,0,23
اكيد بدون رجال بتكون سعيده,0,5
الزواج مسؤولية ضخمة بالنسبة للرجل والمرأة اذا ماكان الزوجين قد مسؤولية ما راح يكون في راحه لطرفين ا,0,18
لنعيش معًا يوم يومان او مئة عام لا يهُم لكن لنكُن معًا فيهم عيشي يا حبيبتي لأجلي لأجلنا سويًا كوني بين يداي سعيدةً هنيةً مُعافاة,0,25
اليوم من أحب الايام لقلبي كبر حبيبي فيه ويكبر حُبه بقلبي هابي بيرثداي لروحي يوم ميلادك ميلاد للأيام الحلوه,0,19
يارب نهاية سعيدة نطوي بها كُل هذا القلق💙,0,8
مسامحينك المهم انبسط واجازه سعيده😂😂😂,0,5
دايما و كل يوم و كل م اصحى الصبح اتطلع ع حالي بلمرايا بكون فخورة و راضية و سعيدة,0,19
انوي السماح لنفسي باستقبال الوفره والثراء والارتباط بحبيبي وابو بناتي على خير وسعاده ويسر وان اكون سعيده و,0,18
فكرة ان ممكن يفوزون ويفرحون وانا و اللي صوتوا ممكن يكونون السبب هاذي تخليني سعيده جدآ,0,16
تمادى بحب الأشياء اللي تخلي حياتك سعيدة,0,7
هالتضاحيك قادره تخليني دايم سعيده😢,0,5
بعد وقت ما مبقتش اخاف اخد قرارات وتطلع غلط ماتطلع غلط يعني وارتكب حماقات عادي مهو ده السن اللي بنجرب ونتعلم فيه,0,22
انا اليوم سعيدة رغم الكرف والظروف🥳🤍🤍,0,6
قسما بالله حتى و هي مفلسه ماديا سعيدة 😂,0,9
مشغوله بجمالي و تأمل عيوني و مداعبة شعري و النظر لجسمي مشغوله بتأمل كمالي و سعيِدة بهالشي جدا,0,18
سعيدة ❤❤❤❤❤❤❤,0,2
ما أعرفك بس سعيدة لك كثير واتمنى لك كل التوفيق والتيسير وانتبهي لنفسك ونبي نفرح برجعتك بأخبار حلوة ونفتخر فيك 🙏🏼♥️,0,21
دراستك من كيسك المراة لو تبقى عزباء نسبة سعادتها ٢٠٪ لن تكتمل الا بالرجل وتبقى سعيدة طول عمرها 🌹,0,19
لحياة زوجيه سعيدة لابد من التشارك و تفقد جوانب بعض و تغطية الخلل لبعض لتستمر الحياة الزوجية بنجاح,0,18
انتهى حلمي بطريقة أكثر من مأساوية ولكنني سعيدة ماراح أضطر اني ازعل بعد أفكار دامت لسنوات اذا حان الوقت وما صار حقيقي,0,22
اعتذر انا مالاحظت غيابك 😬لكن سعيده بوجودك نورت 🥰🌸,0,9
لا يمكن للحياه ان تكون بأكملها سعيده هنالك بعض الحزن يلونها لكي نعرف قيمة السعاده حين نحصل عليها,0,18
عاشروا الناس عشره إن غبتم حنوا اليكم وأن فقدتم بكوا عليكم الله يجعل ايامكم سعيدة 🙏🌷🌾,0,16
بالبداية احب اقولك اني جداً سعيدة بمعرفتك والحمدلله عليك انتي صديقة واخت ماتتعوضين ابد أحبك🤍🤍🤍,0,15
طبيعي العزباء بتكون سعيده لا مسؤوليات ولا إلتزامات و خاصه لو كانت موظفه,0,13
الحمدلله باقي هم مادتين و بعدها اقدر اقول اجازه سعيدة ☺💛💛,0,11
سعيده جداً❤️,0,2
سعيده لاني حطيت لي هدف بسيط خلال رمضان والحمدلله قدرت انجزها 💪🏼☺️✅,0,12
كلش كلش سعيدة ب عقلية بناتنا و جيلنا الجديد كفوو و الله فخورة 😌,0,14
اليوم حلو وجذاب صج وايد سعيدة و مشرقة,0,8
اليووووم تقدري تقولي يانفسي انك سعيده ❤️❤️❤️❤️❤️❤️❤️❤️❤️❤️❤️❤️❤️,0,7
صادق المرأه مو بحاجه لرجل حتى تكون سعيده,0,8
اكيد سعيدة لان همها نفسها بس وبدون ضغوط ومسؤلية وكل اعزب مرتاح وهمومه تعتبر صغيرة جداً بالنسبة للمتزوجين,0,18
كل سنه ومصر بخير واعياد سعيده علينا يارب العالمين 🌹 🌹 🌹,0,12
انا سعيده لاني جالسه اشوف رينغوكو في مكان🥺🤍,0,8
زوجة سعيدة حياة سعيدة اعتمدوها وفالكم السعادة 👍🏼,0,8
انتوا بس فكوا المرأة منكم وبتصير سعيدة,0,7
بكل الاحوال اتمنى اعياد قادمه سعيده للعمال والبشريه جمعاء,0,9
لو تزوجت اللي ببالي بكون سعيده جدا خل دراستك لك,0,10
ايامج سعيده وين العيديه,0,4
الحمدلله اني سعيده فعلا وانا عزباء 😉👌👌,0,7
واليوم يمكن تقولي يا نفسي انك سعيدة يشهد على صدق قولي دقات قلبي الفخورة 🤍,0,15
خاطرة مهمة اذا زوجتك سعيدة فستكون حياتك سعيده فلا تبخل على زوجتك بالكلمة الحلوة و بالورده الجميلة و الهدايا,0,19
عزوبيه حياه سعيده الزواج ماوراه الا النكد,0,7
انا سعيده ❤️,0,3
منو انت عشان انزعج في غيابك فرصه سعيده ماخسرنا الجنه,0,10
دخلت النادي وبس دخلت باسبوعين صار الحجر وكملت بس معي بالقروب حماس رياضه ومشي وقطع السكر متخيلين السعاده الي تكونين,0,20
محتاجه خبر وفاة ابوي ذي فتره احس بكون سعيده سنتين قدام,0,11
انا جداً سعيده ان كل متحرش جالس ياخذ جزاته سواء بالسوشال ميديا او الواقع يارب كل واحد قذر زيه ينفضح,0,20
من وجهة نظري السعاده ماله عمر معين اللي يفرق ذكاء المرأة شلون تقدر تكون سعيده وهي متزوجه,0,17
الحب اللي يخليك سعيده يجيك مرا وحده بالحياه😘,0,8
يارب حياة سعيدة ورفقة صالحة ورزق مبارك وادعية مستجابة وامنيات محققه وأخبار مُفرحة وجنة لنا ولمن نحب🤍,0,17
ابحث عن امرأة تعاونك على الصلاح و تكوين اسرة صحية و حياة سعيدة مستحيل تكونها مع وحدة تبيك تجيب لها قمر وتكون سعيد,0,23
نيفر مايندد انا سعيده موت,0,5
زوجة سعيدة حياة سعيدة,0,4
لا توجد نهاية سعيدة إلاواحدة فقط هي من مات وربه راض عنه 🖐🏻,0,13
الزوجة السعيدة لا تُستحدث من العدم لازم تخلقها و تصنعها و توفر لها أدوات السعادة عشان فعلاً تتوفر لك 😁,0,20
أنا سعيده جداً لانك معي❤️,0,5
نفسيآ المرآه عندما تكون سعيده لا تتوقف عن الكلام وعندما تكون حزينه لا تقل كلمه واحدة,0,16
كنت منفسه وصرت سعيده موت😭😭😭😭,0,5
ما بعُمر السعد مرّ قلبي إلا معك أنا معك جداً سعيدة,0,11
ايش رايك في مقولة زوجة سعيدة حياة سعيدة — اتفق,0,10
سعيده لان افضل ناس جزء من حياتي,0,7
عاملتنا تقولي انتي دايم تخليني سعيده,0,6
المال عامل مهم لحياة الناس حياة سعيده وعدم توفره يؤثر سلبا عليهم لحياة سعيدة,0,14
اليوم نزلت درجاتي وكنت سعيدة,0,5
الحياة مثل الرواية وكل يوم صفحة جديدة فأن كانت الصفحة حزينة فالتالية سعيدة لذلك لا تقلق,0,16
سعيدة✋🏻❤️,0,1
قول أن الوقت يعالج كل شيء كان صحيح بمرور الأيام أصبحت أفضل ولكن أحيانًا عندما أكون سعيدة جدًا أخاف أن أتألم مجددًا,0,22
التسامح صفه حميده يتصف بها اصحاب النفوس الزكيه والتي تعيش حياةً سعيده في المجتمع,0,14
فيه ناس سعيده وناس زعلانه هيا طبيعه الحياه هيك اختيار الشخص المناسب هوا اللي يفرق بالعلاقه والنفسيه,0,17
الحمدلله اني سعيده وماخذه فايزر,0,5
لأن التطوع عطاء سعيدة جداً بكوني جزء من لقاحات كورونا 🤍 تجربه حلوه الحمدلله 🙏,0,15
حلم خلاني اقول وييالنفسي انا سعيده ♥️♥️🥺🥺🥺🥺,0,7
انا لولا أصحابي مكنتش اتصورت ولا صورة😂 فانا سعيدة انهم كانوا بياخدوني من ايدي نتصور سوا ❤️❤️❤️,0,17
نتابع اللي نبي ونتجاهل اللي ما يعجبنا والحياة سعيدة,0,9
ثلاث سنوات معاهم سعيده مره اني عرفتهم ودخلو حياتي احبهم ❤️,0,11
سعيدة جدًا 🧡,0,3
والله سعيدة بهذا الأمر 😌,0,5
يومي صار حلو وانا اشوف ضحكتها صدق يارب دايم سعيده اف احبهاا😿,0,12
وصف الحال سعيده كأن بقلبي أعياد الدنيا 🤍,0,8
دعوات ابوي لي اللي تصنع يومي وتخليني سعيده طول اليوم يارب لا تحرمني منه ومن دعواته يارب 😔❤️,0,18
طول ما بطني سعيد أنا كمان هبقى سعيده,0,8
أحبوا أيامكم الهادئة ليس بالضرورة أن تكون سعيدة ومليئة بالتفاصيل يكفي الهدوء والسلام الحمدلله دائماً و أبداً 🖤,0,18
اليوم عمي زارني بالحلم وهذا يُعتبر احلى يوم لاني للأن اذكر صوته والملامح اللي شفتها والابتسامه والحضن اللي حضنته جداً جداً سعيده💕💕💕,0,22
إذا أردت أن تحيا حياة سعيدة توقف عن أخذ الحياة بجدية فالشخص الجدي دائماً يجذب لنفسه حياة صعبة تتوافق مع شخصيتة,0,21
يارب حياة سعيدة رفقة صالحة نهاية عمر جميلة رزق مبارك ادعية مستجابة أمنيات محققة أخبار مفرحة و جنة لي و لمن أحب🤍,0,22
سعيدة والله انكِ منزله شي من تصويري🤍🤍,0,7
ױ إلى الشخص الذي يُحارب تقلباتي الداخليه بصدر رحب انا سعيدة لأني أخترتك ♥️,0,14
احسني سعيده بس عشاني بذرت فلوسي م يهم اهمشي نفسيتي💖,0,10
صدقوني اللي ماعنده قطوه ماعاش حياة سعيده,0,7
وراء كل روح سعيده صديق عظيم,0,6
صحيت لقيت ماما عاملة فطور محشي و ورق عنب وانا سعيدة,0,11
اتفق واكبر غلطه تغلطها البنت انها توافق على اي شخص يتقدم لها وما تسأل وتتقصى عنه من جميع النواحي لأ,0,20
ربي ان كانت أمي تشكي وجع فكن لها العون وان كانت سعيدة فزدها سعادة على سعادتها,0,16
محد ياخذ رايي بشيء بس الصدق اني سعيده بهالشيء✨مااهتم✨,0,9
ازاي اخلي قططي سعيدة,0,4
احس اني سعيده,0,3
إذا أردت أن تؤلم أحدهُم إترك لهُ ذكرى سعيده,0,9
الحين اقدر اقول اجازة سعيدة يا انا🥰,0,7
اللهم ان كانت سعيده فزدها اضعاف الاضعاف وان كانت تحمل بقلبها الماً فأزحه بقدرتك التي وسعت كل شيء❤️❤️,0,18
يارب حياة سعيدة رفقة صالحة نهاية عمر جميلة رزق مُبارك أدعيه مستجابة امنيات محققة,0,14
انا بإذن الله متفائله بالاجازة هذي ان شاء الله تكوون سعيده مليئة بالاشياء الحلوه والممتعه وبعيده عن الحزن والهم يا رب,0,21
ليلة سعيدة ويومٌ جميل💌❤️,0,4
ما عاد صار مهم عندي أن أيامي تكون كلها سعيده جدًا لكني راضيه بأنها تصير عاديه وهاديه طالما أن الخوف والقلق بعيد عني,0,23
— رُوحي بقربك سعيدة❤️,0,4
سعيدة لك وفخورة فيك مره لانك جالسة تتحسنين من الاكتئاب اتمنى لك السعادة والراحة 🤍🤍🤍🤍 — ياربيييي اففف مره كيوت شكرا,0,21
انا سعيده لاني قاعده اسمع لهذا البودكاست,0,7
انا سعيده واهلي مو حارميني من شي الحمدلله لكن اشوف غيري كثير اهلهم حارمينهم اشياء بسيطه,0,16
انا جدًا سعيدة فرصتكم تطلبوا اي شي لان بوافق على طول,0,11
طول ما بطني سعيده أنا كمان هبقى سعيده,0,8
من درجات السلام النفسي إن الإنسان يقتنع إنه مش مضطر يثبت حاجة لحد اللى هو تقبلتني كدة حبيبي متقبلتنيش إشطا ماشي فرصه سعيدة,0,23
احب بدايات شهر مايو دائما تكون سعيدة ♥️,0,8
لكي تعيش يجب أن تكون قويًا والقوة هنا ليست قوة الجسد بل قوة التحمل لكُل أمرٍ سيء وقوة التخلّي عمّن لا يستحق,0,22
إذا كنت تريد أن تحيا حياة سعيدة علقها بهدف ولا تعلقها بأشخاص أو أشياء 💦💦💦,0,15
عندما تشتري ملابس العيد لأولادك وزوجتك لا تنسى من كانت تلبسُك ملابس العيد وأنت صغير وهي سعيدة الأمّ 🕊🦋,0,19
الحمدلله يارب سعيده سعيده جددددداً 😭🤍🤍🤍🤍🤍🤍🤍🤍🤍🤍🤍🤍🤍🤍🤍,0,6
¤¤¤¤¤¤ يارب اجعلني صبورة سعيدة قنوعة موفقة راضية ومنك قريبة يارب سهل الامور التي تقف على عاتقي واجعل فرجها قريباً يا الله 🤲🏻🤲🏻,0,23
روحي سعيدة جداً الان لانو عندنا مطره🤍🤍🤍🤍🤍🤍🤍😔,0,7
وراء كل امرأه سعيدة مصاري كثيربلا راجل بلا زفت,0,9
الرتم السريع ده بيخليني ساعات أقول لنفسي أن أجيال الفترة دي هتكون أكتر أجيال سعيدة لأنها عاشت وشافت اكتر مننا في وقت قليل,0,23
بنعيش لحظات سعيدة مرة ثانية😭😭😭😭,0,5
أحِب أيامي الهادئة ليس بالضرورة أن تكون سعيدة ومليئة بالتفاصيل يكفي الهُدوء والسلام,0,13
مجتمعنا مايقبل العلاقات خارج اطار الزواج ولايقبل ان المرأة تنفصل اربع خمس مرات ولا يضع امامك خيار الا تجربة واحدة,0,20
تو صحيت واحسني سعيده بدون سبب,0,6
سعيدة 🙄,0,2
واليوم يمكن تقولي يا نفسي انك سعيدة 🤍🤍,0,8
おやすみなさい。 ليلة سعيدة,0,3
نسُمات باردة وليلة سعيدة,0,4
جميله انتي يا سحر دايما يارب نشوفك سعيده وقويه 💪✌️,0,10
يا شيخه عسى الله يجبرررر قلبك جبرا يتعجب منه اهل السماء والارض مثل ماجبرتي خاطري بكلامك و ريحتي قلبي شكرا شكرا ❤️,0,22
يارب خليني سعيده يارب كل اللي خاطري فيه يصير,0,9
احب دعوات امي لي تخليني سعيدة وايد الله لايحرمني منها ويطولي بعمرها 🙏🏼🖤,0,13
ريال مدريد يلعب كرة القدم سعيدة,0,6
كنت احسب ما بشوف راكي ابداً وهو يشرف على العيال وقت التسجيل 😭 وربي سعيدة,0,15
الحزن و المشاكل ماخلصوش و مش هيخلصوا بس أنا سعيدة إني لسة بقدر أحس بالجمال و الحب حولي و أقدره و أقدر نِعم ربنا علي,0,25
اخ سعيدة اختي بتعيد معنا الحمد لله ان شاء الله يكون عيد حلو يارب 😔اشتقت لها جدًا,0,17
سعيدة,0,1
يحدث أني صحيت من النوم سعيدة والسبب شوفة شخص واحشني بالحلم💔❤️❤️,0,11
اتمنى نهااية الاسبوع سعيدة لكل جميلات التويتر,0,7
انا سعيده بسببك ❤️,0,4
الآراء والمواقف تتطور وتتغير وفقاً للظروف والمعطيات لكن المباديء تبقى ثابتة لا تتبدل مبارك لكما,0,15
الله الساحل الجميل يارب أجازة سعيدة انشالله ❤️,0,8
ايامك سعيدة يا قلبي ❤🌹,0,5
اذا أردت أن تسرق ضحكات ولحظات سعيدة من الزمن فأجلس مع طفل صغير أو شيخ كبير,0,16
اغلب الوقت متفاعلة و ذا شئ مرة حلو تحب كل حد و لطيفة احسها دائما إيجابية و سعيدة ما شاء الله 🥺🥺 صدق سعيدة اني عرفتك,0,26
كل عام وإنت بألف خير سنة سعيده عليك يارب وربي يحفظك ويطول بعمرك ويخليك لأسرتك الكريمه 🌹🌹,0,17
الحمدالله اقدر اقول اجازه سعيده لياا 😭😭♥️,0,7
ان شاء الله ايام سعيده للجميع تحياتى ريان 🌸🌸,0,9
واليوم يمكن تقولي يا نفس إنك سعيدة👩🏻‍🎓♥️♥️,0,7
بكون سعيده اوي لما اكون بتكلم مع شخص والكلام يخلص والاقيه بيحاول برضه يفتح كلام من الاشيء المهم منسكتش,0,19
٢٠٪ سعيدة بالفوز ٨٠٪ بهدف اغويرو,0,6
عُدت يا صديقي للكتابة لاجلك وساكون كل شيء لاجلك لاجل ان تكون هذهِ الروح سعيده مُبتهجه فلا فرحٌ يذكر بعد حزن الصدي,0,22
١مايو ٢٠٢١ نهاية سَعيده جداً 🎓,0,6
سعيده جدًا ❤️,0,3
توريس وهدف مهم بالنسبة له وفرحته تبين ذلك سعيدة له ومازلت واثقة انه بيكون شي كبير مستقبلا,0,17
اللهُم أدِم علينا الأمن والأمان ديارعامرةأسرة سعيدة العشر الاواخرمن رمضان,0,10
بالتوفيق ان شاء الله يارب رحلة سعيدة وموفقة,0,8
وينتر بير وصلت 70 مليون مشاهدة اخيراً مره سعيدة😭💕💕🦋🦋🦋,0,9
15 يوم ميلادي وكبرت سنةكل سنة وانا طيبة 😂❤ شكرا لخواتي ع المفاجئة الجميلة وانا سعيدة لأنكن في حياتي❤❤ وشكرا واجد,0,21
أحِبوا أيامكم الهادئة ليس بالضرورة أن تكون سعيدة ومليئة بالتفاصيل يكفي الهُدوء والسلام💜,0,13
گل سنه وانتم طيبين ي حبايب قلبى وياارب 2021 تبقاا سنه سعيده عليناا وعليگم ياارب يأخواتي 🤍,0,17
🐺جميعًا أتمنى لكم ليلة سبت سعيدة للغاية لو كان الوقت لديكم هو الصباح فأتمنى لكم يومًا جيدًا أتمنى أن أعطيكم ال,0,21
بنوتاتتتت انا سعيده حلمت ان اهلي ماتوا 😭💞💞💞💞💞💞💞💞💞💞,0,8
هُنا شخص مُحب للجميع ويرجو لكم حياة سعيدة♥️,0,8
أحب ابوي عشانه م يبي يشوف احد افضل مني دايم يبيني اكون سعيده عشانه م يخلي شي بخاطري منجد محظوظه أني بنته🥺❤️❤️,0,22
ويسعدك يا زوزة ويفرح قلبك يا رب وربنا يجعلها ايام سعيدة علينا كلنا 😍🌺🌸🌿,0,14
احلام سعيدة 🐄,0,3
رجعتي للطبخ مخليتني سعيدة جدًا 💞,0,6
اكيد انا مستحيل اقلل من دورة ربة المنزل بس هل اذا المرأة صارت تأخذ راتب مقابل شغل البيت هذا راح يجعلها سعيدة,0,22
خلصت أصعب اختبار و أقرب الناس لي تخرجت و أخوي بقى له أسبوع و يطلع أنا سعيدة جداً🤍 يارب تتسهل الاختبارين الجاية و تكون الدرجات حلوة,0,26
للححظظه احس سعيده و بعتبرها هديه لميلادي🤝,0,7
ولايحرمني من وجودك اللي أحبه💖💖 لك عيوني ياسجى ولا هي طبطبه قد ما فعلاً ابغاك تكونين سعيدة لانك ماتستحقين الا السعادة🥺❤️❤️❤️,0,21
و من أعماق قلبي أقولها اللهم هجرة سعيدة لا عودة بعدها ولا شقاء من غربتها اللهم تركيا وماقربني إليها,0,19
بعض الناس يجعلون حياتك سعيدة فقط بتواجدهم فيها,0,8
الزبده اشتريت باليت ايشدو مره يجنن احس اني بصير سعيده اسبوع بسببه,0,12
كل سنه وانت طيب ي دكتور وسنه سعيده عليك ♥️♥️,0,10
ماشاء الله تبارك الله كسبت الجميع في عملك واليوم تكسب الكل في محبتك ابومتعب دعواتنا لك بالتوفيق وم,0,18
كل عام واخواتي المسيحيين بخير واعياد سعيدة ⚘,0,8
احسني مررره بعيدة عن اهلي ومررره سعيدة ليش ماقلت لهم رمضان كريم ولا بقول لهم كل سنه و انتو طيبين بالعيد تمام ولا,0,23
سعيدة لاني عرفتج منها😂,0,4
اسأل الله أن يبارك لكما عقد القران والزواج وأن يجعل حياتكم سعيدة,0,12
كل عام وحضرتك بخير وصحة وسلامة اتمنى من الله تكون سنه سعيده عليك وعلى الشعب المصري العظيم,0,17
منحرمش ولله بكون سعيده بيكم معيه بحس اني ليه اخوات جنبي ربنا يسعدك كم اسعتني,0,15
حصلت أنا سعيدة,0,3
انا سعيدة ان موضوع الطلاق الشفهي اتفتح 🤝,0,8
انا سعيدة بوجودك 💜,0,4
اعوام سعيدة مباركه للجميع,0,4
النفس تكون سعيده لما تعيش حياة كريمه,0,7
أعياد سعيده عليك يا غالى 😘,0,6
سعيدة وممتنه بالتباشير والمعجزات التي تاتيني من كل اتجاه👏🏻😍,0,9
حقاً قام ايامك سعيدة ديڤيد,0,5
انا سعيده اليوم🥳🥳,0,3
يمكن أن أكون سعيدة مثل الآن💗 دعونا نقضي مايو جيدًا👍 اليوم غدًا أتمنى لكم يومًا سعيدًا أيضًا دايليز❤️,0,18
إذا أردت أن تنعم بالسعادة كوّن أفكاراً سعيدة إعلم أن السعادة إختيار وممارسة,0,13
العوض الذي ياتي من السماء غالبا مايكون الافضل لعيش حياه جميله سعيده خاليه من الالم,0,15
انا هالاسبوع كله بقعد سعيده بسبب هالشيء,0,7
كل سنه وانتى طيبه وسنه سعيده عليكى وعقبال مليون سنه 🎂🎊🎉💙,0,11
يمكن هذا الشيء الي خلاني قويه وهوا إيماني ب ان في نهايه سعيده في نهايه مطمئنه مراح اعيش طول عمري تعيس او مش سعيد,0,24
مفاجأة سعيدة النهاردة 🙏,0,4
رفقاتي عم ينخطبوا يا الله أنا سعيدة سعيدة 😭😭❤❤❤,0,9
١٨ رمضان وبشر المؤمنين إن لكم في أفق الغيب أقداراً سعيدة وعطايا جزيلة وأيام سعد وهناء جميلة فما بعد عسر أيامكم إﻻ يسر,0,23
انا اكثر انسانه سعيده لان اسمري بحياتي,0,7
انا سعيده من اليوم لثلاث ايام القادمهه,0,7
كل أيامي بوجودك سعيدة💜💜,0,4
الحب حقيقي حياة انا سعيدة,0,5
الضحك مفيد يجلب الطاقه الايجابيه ويجعلك سعيده تنتزع منك الامور السيئه وكثيير من الفوائد لماذا لاتريدين الضحك,0,17
لتجعل حياتك سعيدةً وممتعة عليك أن تتعلّم وتُتقن استخدام فن النسيان نسيان الهموم والمشاكل نسيان الأحداث السيئة ن,0,18
سعيده لأنني تبللت بالمطر,0,4
مدري صح ان مالي دخل بس احسني سعيده بشكل لا يوصف😭😭😭😭,0,11
انا سعيدة جداً لأنك اصبحت جزء من قلبي♥️,0,8
توقعت الهدية ان تكون مصحفاً و هي سعيدة وبالنسبة لها اعظم هدية وهي لم تري مصحفاً من قبل ماشاء الله عليها,0,21
سعيده و مبسوط بالاستديو حقه 😭😭كبير وفخم 🥺💖,0,8
حنعيش حياة سعيدة,0,3
تاثير الاحلام الجميله كفيل بانه يخليني سعيده طول اليوم,0,9
تايم لاين مره يجننننننننننن الي قدر و تكلم مع بنات جوس أنا سعيده لهم 🥺,0,15
سعيدة وممتنة إنها راقت لذائقتك 🌷💕,0,6
سعيده,0,1
هي عمود البيت بعد الام حكيمة مدبرة اعتمدت على نفسها وطورتها لانها لم تحظ بمكانة الكبرى ولا دلال الصغر,0,19
الصلاه ترمومتر حياتك بيظبط نفسيتك مش هقولك هتبقي سعيده اويي بس هقولك انك هتستشعري الراحه اللي هتخليكِ قادره تعيشي,0,19
عيد فصح مجيد اصدقائي الأحباء بكل حب وسلام بتمنالكم أوقات سعيدة وهادئة مع عائلتكم واحبائكم عيد سعيد 🌹🙏,0,18
انا اللى سعيده جدا بوجودى وسطكم هنا والله تسلموا على كل كلمه حلوه ربنا يسعدكم دنيا وجنه ♥♥🙏,0,18
يوم مميز انا سعيدة جدا جدا,0,6
القطة بتاعتي بقت كويسة انا سعيدة جدا الحمد لله,0,9
سعيده لك موت,0,3
اجازة سعيدة زين😁,0,3
احنا ليك يا اهلي وانتا جوه عنينا لو في يوم في ازمه بس سيبها 👌👌علينا دوله جوه دوله اهلاويه عريقه اصلو ياما فرح شعبه,0,24
عندمّا ينهار شيء في حيّاتك لاتحزن ربمّا كان يحجب عنك أفاق سعيدة,0,12
وخلص مسلسلي الجميل والنهاية سعيدة 🥰,0,6
عساج يا أميّ في بساتين وانهار في جنة الفردوس روحج سعيدهّ ّ,0,12
مره سعيدة اني ماسويتها ❤️❤️❤️❤️,0,5
كل عام وانا بخير سنة سعيده لي ♥️🥳🎂,0,8
فعلا احلي نهايه سعيده لما تروق المطبخ وتغسل كل المواعين 😂❤❤,0,11
ثم يعوضك الله عوضا يليق بقلبك كأنه يخبرك بأن دروب الأمل لا تندثر وأن الخير سْيتبعك ويصنع من أحزانك أشياء سْعيدة,0,21
اللهم أيام سعيدة وقلوب مطمئنة وأحلام محققة,0,7
لا باقي احب الورد الورد هي الحياة الألوان مفتاح السعادة عندي انا بالبيت لما يكون الورد امامي اكون سعيدة حتى النباتات احبها 😍😍😍😍,0,23
يعم انا بقلك سعيدة يعم,0,5
مهما كانت مشاكلي وهمومي وانهياراتي اذا شفت بشرتي واااو حلوه احس خلاص انا سعيده بحياتي ♥️,0,16
بلطف الله ننجو 🙏🏻💚 سعيدة 💚,0,6
ذا الشخص هو خلاني سعيده ذا الشخص هو الي فتحلنا قلبه ذا الشخص هو الي اخفى مرضه عشان لا يقلقنا,0,20
أسأل الله أن يملأ قلبك الطيب بحبه وأن يجعل حياتك كلها سعيدة وهادئة,0,13
تفاءل بحدوث أشياء جميلة أخبار سْعيدة مسْتقبل أفضل فالثقة بالله تجلب كل خير,0,13
بالعكس انبسطي بكل لحظة بحياتك وبكل نجاحتك ولا تصغريها انتي اجتهدتي وحتى لو شهادتك دبلوم هذا مايعني انك اقل من اي حد,0,22
سعيّدة فَقط لوجود هَذَا الأسم المُهِمّ جداً 💙 ولا تهمنِي بقيّة التفَاصِيل,0,12
أيامي سعيدة فيك و روحي سعيدة للغاية❤️,0,7
افضل ما يهدي المسلم لاخيىه مسلم دعوه بظهر الغيب دعواتى لكم بتمام العافية ونفوس سعيدة,0,15
أحسني سعيدة دخلت على الدكاترة اللي أحبهم وأولهم دكتوره سما وشكرتها ووريتها معدلي مثل هالدكاترة والله الشكر مايووفي,0,18
سعيدة بوجودش فيها♥️,0,3
انا سعيدة بيك يا قاسم جدا فوق ما تتخيل ❤️,0,10
العابرون في حياتنا كُثُر ولكن أصحاب البصمات عملة نادرة الوجود تحية مسائية لكل من ترك بصمةً جميلةً في ذاكرتي و,0,20
سمعت خبر حلو وصرت سعيده يارب مايخرب الموضوع وانبسط قدر المستطاع,0,11
لو فطوري هون بكون سعيدة 😞,0,6
مش حسد عشان اتجوزتي او كده الفكرة انتي بتتحسدي علي انك في نظرهم سعيدة وان انتي عملتي اللي ميتعملش,0,19
موضوع إن يكون فى إنسان بيدعيلك ده جميل و مُبهج جدًا إنك تيجى على بال شخص صُدفة ف يدعيلك أو يكون فاكرك و يقول أسمك,0,25
سعيدٌه لأني أحبك كل يوم أكثر❤️,0,6
إنها مِثل روحٍ أشرَقت من صدفةٍ سَعيدة تَطوف حَولها بَراءةٌ أبَدية لن تتَشوَه أبداً مِثل بَراعم الرب,0,17
لترلي افضل يوم ميلاد جدا سعيدة 😞🤍,0,7
جميلة هذه الرسآئل الإيجابية بإذن الله تكون أيامنا سعيده وجميله متزينه بذكر الله,0,13
اليوم يمكن تقولي يا نفس انك سعيدة وأخيرًا اخر اختبار في حياتي الجامعية 👩🏽‍🎓❤️,0,14
سعيده بكل تجارب الأيام الماضيه بكل قصصها وتفاصيلها ونزولها قبل صعودها ومتطلعه ايضاً ومتفائله للسعاده القادمه ماأكرمك خالقي وفائيات,0,19
حتى انا انبسطت فرصه سعيده ههههههههههههههه,0,6
بس فكره اني موجوده في نفس العالم ونفس العصر مع هذا الشخص تخليني سعيده واه تخيلت لو لو اني قديمه مره او للحين ماولدت,0,24
اشوف صوري القديمه بتركيا واحس كنت مره سعيده فيها بس هنا اخذت يمكن 10 صور بس لنفسي من وقت ماجيت,0,20
سعيده جداً,0,2
علي الرغم ان نسبة البيوت اللي كلها مشاكل كتيرة بس فيه برده ناس سعيدة وحياتها مستقرة و بينهم مودة و رحمة,0,21
تفائل بحدوث أشياء جميلة أخَبار سعيدة مُستقبل أفضل فالثقة بالله تجلب كل خير,0,13
سعيدة وفخورة لأنّي منضبطة جداً وإلى أقصى درجة متوقّعة وما زلت الحمدلله,0,12
كل ماحسيت اني بنهايه المطاف و بأخر مراحل الانهيار دائما اجد والدي خلفي ايقنت تمامًا ان وراء كل روح سعيده أب عظيم❤️,0,22
اي والله بعرف الشوووق لم يدق القلب ربي يرجعك سعيده مبسوطه يارب يا غروب💐🌼💐🌼💛,0,14
خلي حضرتك ملتزم بالكمامة على طول اجازة سعيدة و نورت مصر ام الدنيا,0,13
بكون سعيده ومرتاحه وابتسم كثير ولا اهتم حق احد واكون لنفسي,0,11
ماما صحيت الصبح توزع علينا علاجنا و لا اجدع مشرفة دار مسنين 😂 قد ايه احنا عيلة صغيرة سعيدة ♥️♥️,0,20
حتى باحلامي اشيل هم احلامك اذا سعيده او لا شفت مستوى حبي الى وين وصل 😭💤😭💤😭💤😭💤😭💤😭💤😭💤😭,0,16
انا سعيدة وكأن سعادة الكون كله في قلبي ♥️,0,9
أنا سعيدة مبسوطة والحاضر يعلم الغايب ❤️,0,7
امس كان يوم مرره حلوو رحنا انا والبيست السوق وطهبلنا وشريت اغراض توشكي وتشيمي وتاتا وكافي وجلسنا نلعب مع بعض بالألعاب,0,21
انا سعيده,0,2
بحاول قضَاء أوقات سعيّدة ومُبهجة بظلّ تواجدة هُنا بعيدًا عن الحُزن ودون التفكِير بحجم الأشتِياق المُميت يلي راح أعيشة,0,19
حياتي الله لا يحرمني منك سعيده لأنك بحياتي 💜💜💜,0,9
عندي اعتقاد ان الرجل طفل لو زوجته غفرت له كماتغفر لاولادها سوف تعيش سعيده ودماغها ترتاح,0,16
انا سعيدة سعيدة سعيدة سعيدة🤍🤍🤍🤍🤍,0,5
انتي بالذات مافي أطيب وأحن من قلبك عالكل ❤,0,9
سعيدة بإني كنت سبب في تخفيف هم شخص جاتني مُثقلة وراحت خفيفه🤍🤍🤍🤍,0,12
يارب حياة سعيدة رفقة صالحة نهاية عمر جميلة رزق مبارك ادعية مستجابة أمنيات محققة أخبار مفرحة و جنة لي و لمن أحب,0,22
الدكتور يقول كلام صحيح المعارضة تفتقد الذكاء والحكمة الحكومة سعيدة جدا بعدم انعقاد المجلس,0,14
ما من قلب يسامح إلاعاش مرتاحاً وما من نفس ترضى بالقدر إلا باتت سعيدة,0,14
بسبب كلمة طيبة واحدة حفَّتني طاقة سعيدة طوال يومي يالله ما أبسطك يا إنسان,0,14
مشاعري مختلطة بأني سعيدة ب لايف بيكهيون و أنه كان سعيد ومرتاح وتكلم معانا كثيير وضحكنا كثير وبين أنه آخر لايف ليه,0,22
اشوفه وانا مره سعيده ماكنت ابيه يخلص,0,7
مررررة سعيدة جد جد شكرا بيكهيون متأكدة ايامي الجاية كلها بتكون سعيدة بسببو,0,13
اتمنى تمرون ب ايام سعيده و مريحه و غير متوقعه,0,10
للتوثيق اما مبسوطة وسعيدة كان يوم حلو اوي,0,8
سعيدة ❤️ ❤️,0,3
يلا والحين برجع انام وانا سعيده شكرًا تيمين,0,8
أنا سعيدة جدًا,0,3
أنا سعيده جدا مادامت أيامي مليئه بك,0,7
كل سنه وانتِ طيبه يا قمر يارب تكون سنه سعيده عليكي وتحققي اللي بتتمنيه ♥️,0,15
الروح بعد لقاء الأصحاب سعيدة مُبتهجه تحلق ويخفق القلب بشده ♥️,0,11
ابيك تعرفي ان احد يشوف هالأشياء ويلاحظها وفخور فيها هذا جزء من ڤويس وصلني هذا الصباح وبكذا إيمان سعيدة وجدًا,0,20
سعيده بسببها,0,2
ماتتخيلون كيف صرت سعيده وقعدت اضحك وامسح دموعي بس بكيت مره ثانيه لانهم طالعين حلوين مره😭😭😭😭😭😭😭😭😭😭😭😭😭😭😭😭😭😭😭😭😭😭😭😭😭,0,16
بس ابغاك بجنبي وانا بكون سعيدة جداً,0,7
نورت بلدك الثاني نتمني لك اقامة سعيدة باذن الله,0,9
من كثر ماني سعيده مو قاعده انام,0,7
رسالة إطمئنان وإن ضاقت في عينيك الدُنيا فلك في الاستغفار فرجاً كبيراً🍂,0,12
اكتفينا من أشخاص على هيئة دروس فاللهُم أشخاص على هيئة أطمئنان 🤍,0,12
رسالة إطمئنان ﴿ولسوف يعطيك ربك فترضى﴾,0,6
من فرط حنيته قادر على أن يحول بؤسي إلى أطمئنان,0,10
انتِ شخص مذهل ومارح يتكرر في عالمنا البشري بتاتًا امنياتي تكون لحظاتك وايامك مليانه اطمئنان وراحة وبهجة لا نهائية,0,19
اللهم ارزقنا السند الذي لا نخشى الارتكان عليه وابعد عنّا أذى الخذلان الذي يأتي بعد اطمئنان وثقة,0,17
واصرف عنّا يا الله حمل الليالي وَثقلها واجعل في صدورنَا اطمئنان يشبه هبوب الفجر ♥️,0,15
الحب احساس ❤️✨ الحب اهتمام ❤️✨ الحب مشاعر ❤✨ الحب روح ❤✨ الحب خوف ❤✨ الحب غيره ❤✨,0,18
رسالة اطمئنان تفاءلوا والله ما صعبت إلّا فُرجت وما تعسّرت إلّا تيسّرت وما أغلق باب إلّا فُتح ألف باب,0,19
اللهم ارزقنا السند الذي لا نخشى الارتكان عليه وابعد عنّا أذى الخذلان الذي يأتي بعد اطمئنان وثقة ❤️🌼,0,18
اطمئنان 🌷,0,2
كل م قربت من ربي اكثر اقتنع بحياتي وارضى باللي عندي لو وش م يصير احس بداخلي اطمئنان الحمدلله يارب على هالنعمه,0,22
أزهر بدفء قربك و ب اطمئنان إنك حبيبي❤️,0,8
اللهُمَ إطمئنان النّفس وراحة البال,0,5
الشعور بالاطمئنان من اكبر النعم الحمد لله,0,7
اشعر بالاطمئنان وانا معاه هو دة الحب بقي,0,8
حاسة ب اطمئنان ربنا يخليلي اهلي,0,6
يشعرني ب الاطمئنان احبه,0,4
كل حاجة عندي تهون الا انتِ إذا مو احلى اطمئنان جاني🤍🤍🤍,0,11
احلي اطمئنان ♥️😂😂,0,3
اللهُم راحةُ بال إطمئنان جبّر قلب📿,0,6
اطمئنإن الله سْبحانه حين يتولاك ولايته تهد الجبال تلين الحديد تسْوق إلى قدميك ما كان مسْتحيلاإن الله على كل شيء قدير,0,21
اطمئنان وسكينه,0,2
رسْالة اطمئنان والله ما صعبت إلا فرجت بإذن الله وما تعسْرت إلا تيسْرت وما أغلق باب إلا فتح ألف باب غيره وعد من الله,0,24
مايؤلمك اليوم سيهون غداً بإذن الله فقط ثق بالله ولا تيأس وربك بيعوضُك بشيء أحبُ إليكَ مما فقدت فلا تحزن,0,20
اكتفينا من أشخاص على هيئة دروس فاللهُم أشخاص على هيئة أطمئنان✨ 💛 😴,0,13
اطمئنإن حجب الله عنك شيئا تحبه فلا تحزن ولا تيأسْفإن عطاءه رحمةومنعه حكمة والخير قادم بإذنه اللهم ارزقنا صبرا يصاحبه حسْن ظن بك يا الله,0,25
ازال قلبي يخفق حباً عندما يأتي المطر💧 أستشعر أنهُ رسالةً إطمئنان من الله ليخبرنا أن الحياة لازالت بخير🤍,0,18
طبطبوا على بعض قبل فوات الآوان وحنّوا على بعض الوقت مش في صالح حد طبطبوا قبل ما يجي الوقت اللي ما ينفعش فيه ندم,0,24
أحبك وكأنكِ اطمئنان هذه الأرض كلها,0,6
اللهم ارزقنا السند الذي لا نخشى الارتكان عليهوابعد عنا أذى الخذلان الذي يأتي بعد اطمئنان وثقة🧎🏼‍♀️,0,16
لو جمعت أيام عمري من فرح ما تساوي لحظة من وقتي معك,0,12
لو ناويين تعملوا فرح وليلة العمر وم هتتعوض وبلا بلا بلا فا ده اسمه عك وفشخرة علي الفاضي,0,18
اللهم ارزق كل عقيم ولد اللهم ارزق كل مريض شفاء اللهم ارزق كل مديون قضاء اللهم ارزق كل مهموم من فرح اللهم اغفر لكل مسلم,0,25
وزي إنك بتنبع من فرح جواي❤️,0,6
يااااارب ياكريم فرح قلبي هالليله,0,5
يسّر لي يا الله كل الطرق التي ظننت أنها عسيرة وفرّج لي ما أوهمت نفسي أنه بعيد وقدّر لي يا الله كل فرَح لم أتوقعه,0,25
يييارب فرح قلبي يارب 🤍,0,5
اللهم تنهيدة فَرح من شيء استصعبنا حدوثه وبفضلك حَدث🤍✨,0,9
شعوري ب الفرح اليوم لا يوصف,0,6
اشعر ب الفرح,0,3
انا فرحانة اوي,0,3
يارب افوز الله فرح قلبي كتبها من نصيبي❤️,0,8
وأشعرُ أن في الأيامِ شيئًا سوف ألقاهُ وأشعر أنّه فرَحٌ كما قلبي تمنّاهُ,0,13
ليلة 20 رمضان 🌙 اللهم أستودعك نفسي من ذُل الحياة ومن ضجيج التفكيرعوضني عن كل شيء أحببته فخسرته طابت له نفسي ف,0,22
فرح محمد جعفر محمد قاسم عمرين,0,6
تممم ي رب فرح قلبي,0,5
انتظر صباحك فرح حتى لو يزيدنى فى بعدك آهات هو الأمل انك فى حياتى ملكت القلب كله,0,17
اللهم فرح قلب امي,0,4
صوتك يخلق من شقا همي فرح الله يا صوتك كيف ينسيني العناء,0,12
سيرزقنا الله فرح تجبر به الخواطر 🤍,0,7
هحضر بس فرح اخويا ودوس عليا براحتك بعدها,0,8
معلش كدا ي جماعه بس انا عوزا فرح 😂🤷🏻‍♀️,0,9
أضيئوا عتمة الليل بنور الوتر لعل ركعة واحدة تكون نهاية حُزن ثقيل وبداية فرح مقيم🌒🌴,0,15
ربي يسعد قلبك ويجعل أيامك كلها فرح وسعاده ☺️,0,9
رسالة فرح سيأتي يوم وتصرخ من شدة الفرح وتقول كنت أعلم يا الله أنك لن تخذلني ففي الوقت المناسب ستأتي الافراح,0,21
اللهٌم فرح يُرضي قلوبِنا,0,4
يوم ميلادك و الدنيا بعيوني عيد كبرت ب الدنيا سنه و في قلبي سنين الله يجعل كل اسنينك فرح يا فرحت الدنيا و ما فيه,0,25
أضيئوا عتمة الليل بنور الوتر لعل ركعة واحدة تكون نهاية حُزن ثقيل وبداية فرح مُقيم,0,15
ربنا يجعل كل لحظاتك فرح,0,5
20 رمضان 🌙 رمضآن على عتباتِ الخِتَام جمّلوا عثراتكم وسُدّوا منافذ الخلل يغفر لكم الله ما مضى وليكن الخِتَام مِ,0,20
يارب فرح قلبي 😭💔,0,4
فرح وبس❤️,0,2
ابتسم فَكم ابتسامَة مَسحَت هَماً وكَم تفاؤلٍ أبعَد غَمًا وكم عُسرٍ معهُ يُسرًا وكم صبرٍ بَعدهُ فرجًا بإذن الله,0,19
صباحك تفاؤل,0,2
السعادة ليست حلم وَلا وھٓم و لا بأمر مُحال بل ھي تفاؤل و حسن ظن وثقة بالله وَ صبر بلا إستعجال,0,21
بداية جديدة تفاؤل أمل مشروعي احلامي اقدر ابدأ,0,8
الإصرار على التَّفاؤل يصنع ما كان مُستحيلاً 💙 صَباحكُمْ أَمَلْ و تَفاؤُل وَ,0,13
عندي تفاؤل في غير محله للاختبار لكن ثقتي بالله وعجائب قدرته 🙏,0,12
صباحك تفاؤل وسعادة,0,3
سبحآن الله الرازق العظيم وهو على كل شيء قدير تفاؤل,0,10
تفاول خير طيب ان شاء الله بنتأهل 😢,0,8
صباح تفاؤل,0,2
رسالة تفاؤل افتح النافذة ثمة ضوء اخفض الإضاءة تأمّل السماء استقبل الصباح بحُب حصّن نفسك أعِد لنفسك كوباً من القهوة,0,20
رسالة تفاؤل ليكم كده ع الصبح وانتوا صاحيين بدري,0,9
صباحك تفاؤل وأمل متجدد 🌹🌹,0,5
اللهم آميييين و صباحك ابتسامة و تفاؤل و خير وفير,0,10
أمان ﴿ لا تحزَنْ إِنّ اللهَ معَنَا ﴾ طمأنينة ﴿فَسَيَكْفِيكَهُمُ الله ﴾ توكُّل ﴿ وأفوّض أمري إلى الله ﴾,0,19
في تفاؤل ليوم صباحووو 🧡,0,5
السعادة ليست حلماً ولا وهماً بل هي تفاؤل وحُسن ظن بالله وصبر بغيِر استعجال وثق دائما بأن اليد المُمتدة إلى الله لاتعود فارغة أبدًا,0,24
صباحكم تفاؤل 😍💪🏻,0,3
تفاؤل,0,1
السعاده ليست حلم وَلا وھٓم و لا بأمر مُحال بل ھي تفاؤل و حسن ظن وثقة بالله وَ صبر بغير إستعجال السعاده,0,22
صباحك تفاؤل 🖼,0,3
آمين يارب ويااك صبااح تفاؤل,0,5
قنبلة تفاؤل,0,2
انتوا متفائلين ولا ماش تفاؤل يعني تتوقعون النتيجة تكون فوز خسارة تعادل 🤔🤔🤔🤔🤔,0,13
السعاده ليست حلم وَلا وھٓم و لا بأمر مُحال بل ھي تفاؤل و حسن ظن وثقة بالله وَ صبر بغير إستعجال,0,21
صباحك بنظرة تفاؤل 🌸,0,4
جرعة تفاؤل اذكر بالسوبر قلت بنلقم تاريخية وفزنا بتاريخية 🙏🏻,0,10
العقول النيرة إذا اجتمعت ماشاء الله كلامه جداً فيه تفاؤل ❤️للحياة,0,11
خلي عندك تفاؤل والله بتفوزين يوم من الايام اكييد,0,9
قنبلة تفاؤل صباحية,0,3
تفاؤل الفجرالجديد,0,2
تفاؤل جميل يارب,0,3
القليل من التفاؤل غير المعتاد لن يضر,0,7
فيني تفاؤل مو طبيعي يارب الجاي كله خير,0,8
صباح جديد يٌهدينا أمل يمحي خيبات الأمس صباح جديد يرسم على ثغرنا أبتسامة تفاؤل تملئ أعماقنا فرح صباح الورد💛,0,19
لقاء كله تفاؤل وطمأنه للشعب 🇸🇦💚,0,6
فيني تفاؤل مو طبيعي يارب الجاي كله خير♥️♥️,0,8
صباح هادئ وانفاس تحمل تفاؤل ويقين بأن كل ماسيكتبه الله لنا فى كل خير صباحكم رضاء وطمأنينة ومحبه من الله 🕊,0,21
سنبقى على تفاؤل رغم الظلام و الألم,0,7
نظرة تفاؤل وابتسامة واثقة الحلم والتحدي أصبح حقيقة,0,8
توي صليت ودعيت والله احس دخل ف قلبي تفاؤل قد الدنيا ي رب,0,13
لا يضِلَّ قلبٌ توكل على الله فهو دائماً بين تفاؤلٍ وحسن ظنٍ بالله,0,13
لا تفسد فرحتك بالقلق ولا تفسد عقلك بتشاؤم ولا تفسد نجاحك بالغرور ولا تفسد تفاؤل الآخرين بإحباطهم ولا تفسد يومك بالنظر إلى الأمس,0,23
السعادة ھي ١ تفاؤل ٢ حسن ظن ٣ ثقة بالله ٤ صبر بلا إستعجال,0,14
تفاؤل وأمل 😐,0,3
الحمد لله فى نظره تفاؤل,0,5
اليوم نفسيتكم افضل من امس طاقة تفاؤل وشعور بالرضا والسعادة 😊وهذه الطاقة ستجلب لكم اخبار وبشاير خلال الاسبوع المقبل,0,19
اجاني تفاؤل غرييب بكرا مارح انام من فرحتي بالتاهل,0,9
كمية تفاؤل رهيبة مش قادر اقولك 😂,0,7
فوتوا خدوا جرعة تفاؤل و نشاط من هالاعلان الرائع جدا جدا ♥️,0,12
طب حلو تفاؤل اهو 😂💜,0,5
↯↯✍️ السعادة ليست حلماً و لا وهماً بل هي تفاؤل و حسن ظن بالله و صبر بغيِر استعجال و ثق دائما بأن اليد المُمت,0,24
عندي احساس و تفاؤل ميلان بيفوز ب كل المبارياات و يوفي يمكن يطيح الخامس 🤌🏻,0,15
بطريقة ما سيصلح الله كل شيء تفاؤل,0,7
تسألوني عن رِفاقِ قلبي أخبركم ان في جلستهم أملٌ وحياة وفي ضحكتهم تفاؤل وسعادة وفي احاديثهم مُتعةٌ بنكهةِ حب,0,19
شوية تفاؤل 👌,0,3
مينونة تفاؤل,0,2
تفاول خير ان شاء الله تعالى النصر قدها وبيجيبها,0,9
السعادة ليست حلماً ولا وهماً بل هي تفاؤل وحسن ظن بالله وصبر بغيِر استعجال وثق دائما بأن اليد المُمتدة إلى الله لاتعود فارغة أبدًا,0,24
لا تيأس مهما حصل لك في هذه الحياة ولا تغلق جميع الأبواب لظرف أو حدث مر بك فعليك أن تتيقّن أنّ الحياة كلها تجارب,0,24
تفاؤل لكل عابس الأن ابتسم فليست هذه الحياة التي خُلقنا مِن أجلها هناك حياة أخرى بإنتظارنا,0,16
اسأل الله ان يوفقهم ويكتب لنا الافراح معاهم كلي تفاؤل باذن الله ان القادم جميل 🙏🏼💚,0,16
تفاؤل بس ✋😂,0,3
بص هو انت لازم يكون عندك شوية تفاؤل مش علشان مستقبل مشرق والكلام ده علشان تعرف تعدي يومك خفيف وهادي بس,0,21
تفاؤل مليون😂,0,2
جميلةٌ هي الحياة حين تكون قصتها كلها أمَلٌ و تفاؤلٌ و نيةٌ صَادقةٌ عنوانها إلَهي وكلْتكَ أمرِي فكُن لِي خيرَ وكِيلْ,0,21
مساؤؤك تفاؤل,0,2
جرعة تفاؤل,0,2
ابدأ يومك بابتسامه امل و نظره تفاؤل,0,7
ابتسم فكم من ابتسامة مسحت هماً وكم من تفاؤل أبعد غماً وأحسن الظن بالله وتوكل عليه فإن بعد العسر يسرا 🌾,0,21
لإنسانُ لا يحتاج لِ الحُبِّ بِ قدر احتياجه لِ قلوبٍ تحبه بِ صدقٍ لِ أرواح تبعثُ الأملَ في حنايا,0,19
السعاده وراحه البال ليست حلم وَلا وھٓم و لا بأمر مُحال بل ھي تفاؤل و حسن ظن وثقة بالله وَ صبر بغير إستعجال,0,23
انا على قدر كبير الحمدلله من الطاقه الايجابية ونظرتي دائماً تفاؤل الحمد لله,0,13
طموح فخر تفاؤل حفظك الله لشعبك 🤍,0,7
تفاؤل صباحي,0,2
صباح جديد يرسم علينا أبتسامة تفاؤل 🌤,0,7
يوم جديد وصباح جديد مليء بالآمال والأحلام والتحديات فلا ترهقوا صباحكم بكثرة الهموم وتوكلوا على من بيده الأمور,0,18
بك تسمو آمالنا وننظر للمستقبل الواعد بكل تفاؤل,0,8
اسعد الله قلبك صباحك طهر ونقاء تفاؤل ورجاء ✨💞,0,9
نظرته كلها تفاؤل وكلامه عبارة عن دروس وأفعاله نهضة وطن وابتسامته مستقبل مشرق إنه الملهم وحبيب الشعب,0,17
من أعظم مفاتيح تغيير النفس وتطويرها النظرة الإيجابية إلى الحياة نظرة تفاؤل وأمل وإشراق فكن جميلاً ترى الوجود جميلة️,0,19
صباحك كله تفاؤل,0,3
لسه في أمل,0,3
تدري كثر ماني من البعد مخنوق عندي أمل ترجع لي وأرجع لدنياك,0,12
وأحس إن ضحكات وجهك أمل في عز يأسي💙,0,8
الحب أحلى قدر لو دام الحب أغلى أمل,0,8
هنزرع شويه أمل ونرويهم طموح ونريحلنا شويه,0,7
الحب حياة الحياة امل ورفاهيه الرجل سند المرأة نور ولطف وحب وحياة العلاقات مكمله للمتعه وبهارات الحياة,0,17
في أمل إن شاء الله 🥰,0,6
مدام يوسف و عاليا اتجوزوا يبقى في امل,0,8
لسى في امل يارب,0,4
آمل,0,1
عندي أمل مثل الندى فوق الغصون اليابسة,0,7
ننام على أمل نقوم على شي يسرنا,0,7
يارب كُلّي أمل وثقةً بك يارب لا تخيّبني يارب تيسييرك,0,10
على امل,0,2
ان شاء الله ماينتهي رمضان الا قد فزت بمسابقه باقي عندي امل ❤️,0,13
سلاماً لمن لا يتغيرون علينا مهما تغيرت الظروف للذين لا يجيئون الا بلسماً للذين حضورهم مبهج وكلامهم غير مزعج,0,19
والله إن ضحكات وجهك أمل في عز يأسي,0,8
غدا سْتكون الأمور على ما يرام فنحن نحيا على أمل عظيم مادام الله أعظم,0,14
سأكتفي بأن ألتزم الصمت على أمل أن يكون صمتي أبلغ من كل بلاغة,0,13
اللهم عامًا دون ذنب ودون فقد و دون خيبة أمل اللهم أيامًا مستبشرة بلا كسرة قلب وفرحة لم تكن فى الحسبان يارب 💜,0,23
على أمل أن تمُر هذه الأيام بسلام,0,7
بس هذا الإيديت الوحيد اللي مَ أمّل منه بكُل مرا اشوفه استانس ععليه وع حركاته اللطيفه اللِي بالايديت😔♥️♥️✨,0,18
أمل,0,1
من كتر حبي في كتابة شعر امل دنقل للناس بقيت اكتر بوست علي الفيس وتويته علي تويتر علشان الناس متزهقش 😅,0,21
على امل نرجع حبايب,0,4
جرعة امل 😂,0,3
على امل ترجع ايام الوصل و يبين شوقه ويمطر عليّ وتمطره كلّي رجا وخاطري ما طاب لين امّا يفرّ,0,19
طالما نملك الافضل بالعالم ميسي دايما يوجد امل 🙏🏻♥️,0,9
عندي امل اظافري بتطول قبل العيد,0,6
على امل نبني دولة سوا,0,5
أنت دفعة أمل لوّلا وجودك ما قوى حيلي,0,8
حلو يعني فيه أمل,0,4
في امل في امل,0,4
يااااااااااااااااارب أرزقني وانت خير الرازقين يااااااااااااااااارب فرحه من عندك ياكريم ياااااااااااااااا,0,11
خلي الوداع من غير قُبل عشان يكون عندي أمل,0,9
وأحس إن ضحكات وجهك أمل في عز يأسي💛,0,8
عندي امل اذا غاب بيعود,0,5
خمس سنين وولا مره فزت وعندي أمل 😂😂😂😂😂😫,0,8
الامل بس مستمد من وجودك رغم ان وجودك نفسه ملوش امل حاجه تصدقك ف الوقت اللي انت اصلا مش مصدق نفسك حاجه تنور كل خطوة,0,25
يعني اشوفها جميلة بس جذابه اكثر فهمتي ملامحها تجذب انا امل من الجميلات الي بدون جاذبيه,0,16
جرب أن تربط شيئًا تتمناه بالأستغفار على أمل بأن يتحقق لك قال ابن كثير رحمه الله من اتصف بصفة الاستغفار ❶,0,21
امل,0,1
لم أطلق عليه غيابٱ لم أنسي الذكريات علي أمل أن نلتقي,0,11
ًعلىٌ أملَ أن تمرُ هذهِ الأيام بسلامٌ,0,7
على أمل إن السنين بتضحك بوجهي اليوم بكره بعده بتضحك بتضحك,0,11
عندي أمل الموسم الجاي أفضل,0,5
فقط انتظر على أمل انها تمطر,0,6
كويس في امل 😀,0,4
وأحس إن ضحكات وجهك أمل في عز يأسي,0,8
انا ماقد فزت واتنمى افوز وعندي امل انو افوز ياااااااااااااارب بس,0,11
اَنا الحاجة الوحيِدة اللِي مدِياني اَمل فِي الحَياة إنك موجُود ❤️🌼,0,11
لأنك الله قلبي كله أمل لأنك الله روحي ملؤها الألقُ🤍,0,10
الأمل وبي أملٌ يأتي ويذهب لكن لن أودّعَهُ,0,8
اي والله عندي امل افوز قبل العيد رغم اني متفاعله ولامره فزت 😭😔💔,0,13
على أمل أن تحدث معجزه,0,5
اي ككككلي امل ف ربي 😴♥️♥️♥️♥️♥️,0,6
أحآديثكْ بالمختصر هيَ سعآدتيَ هيّ أُوكسجينيَ الذيَ لآ أملّ من تنفسھا 💕,0,12
قاعدة بمشّي أيّامي بإرادتي على أمل تمشي أسرع من هيك وأوقّف عند الأيام اللي بتستناني,0,15
لحظات أنكسْار عندما اشعر أن الكل خذلك وانحنى لأذيتك ليسْ هناك أمل الا بالله فلا شىء يسْتحق,0,17
يارب ياحبيبي الفوز للعطاء فيه امل,0,6
على امل تشرق على العين شمسي,0,6
واهرب من قلبي اروح على فين ليالينا الحلوة فى كل مكان مليناها حب احنا الأثنينوملينا الدنيا امل,0,17
هيه اصبروا باقي انا ماعندي امل,0,6
نحن نسمة امل,0,3
بس معناها جميل وكلها امل,0,5
اللهم اجعل هذا الصباح تفريجاً لكل هم وتحقيقاً لگل أمل وأستجابة لكل دعوة ورحمة لگل ميت وشفاء لكل مرييض,0,19
لاتجعل نفسك وصياً على أنثى كُن لها وطنّكُن لها أمل فأنثاك قد تسكنك أبداً أن احتويتها وقد تهرب منك أن أنت حاصرتها,0,22
كن ذا أمل بالله وطمأنينةً في ظلًه وثقةً,0,8
هل مكتوب علينا نتدهن بالمرطبات يوميا طول عمرنا أو فيه أمل انه بعد كم من سنة نحصل مرطب بشرة يسد نتدهن فيه مرة واحدة بس,0,25
جدول تشيلسي صعب وجدولنا سهل فيه امل,0,7
عارف لما كل شيء يوحي لك بأنه لن يحدث بس أنت فيك بصيص أمل مش راضي ينطفي,0,17
أديش هلأ السما تعبت أدعية وأسرار وامنيات آلله لا يخيب امل حدا 💜🙌💜,0,13
أتمنى قلبى مايتعشمش بحاجة مش مكتوباله ولا ربنا يزرع جوايا أمل لحاجة مش هتكون من نصيبى أتمنى متجيليش الحاجة بعد فوات الاوان,0,22
عندي امل 😭,0,3
عندي امل ان زوجة اخوي ثقيلة الدم والمختله بتتعدل,0,9
ًيارب سخرني عشان اكون ضحكة بوقت كدر بسمة امل بوقت يأس يا رب صيرني نور بقلوب من احب,0,18
وتمر الأيام على مهل على ملل على أمل,0,8
يابنات تبون الصدق جاء لي امل بسيط بالاول,0,8
وأحس إن ضحكات وجهك أمل في عز يأسي♥️,0,8
أحب نفسي على أمل أن تكون الفكرة التي احتفظ بها عني هي الصحيحة,0,13
كل إنسان يعيش على بقعة أمل وأنا والله بقعة أملي هي وجود الله,0,13
نتمسك بآخر نقطة امل😂❤❤,0,4
م شاء الله مبروك الله يبارك لك برزقكك 😭🤲عقبالي عندي امل اني بفوز ونشتري ملابس للعيد,0,16
كُلي امل ان الوضع يتغيير نحو الافضل حتى ماني وصلاح يتغيروا الا اشك في فرمينيو البرازيلي يحتاج له برنامج خاص,0,20
كل إنسان يعيش على بقعة أمل وأنا والله بقعة أملي هي وجود أمي بحياتي,0,14
لو تحطم لك أمل إعرف أن الله يحبك وابتسم ولا تقول الحظ عمره ما كمل لكن قل أني حاولت ولكن الله ما قسم,0,23
ويغيث ويفرج ويريح ويعطيك امل,0,5
عشان يقول للناس انه مهما كانت ظروفهم صعبه في امل بالنجاح احسنو النوايا,0,13
فرحه نحتاجها يارب تكرارها ماهي ثقه ولا تفائل لكن متمسك في اخر امل,0,13
ماقدرش أنكر إني محتاج أتطمن ومحتاج أحس أن اللي جاي من عمري هيختلف عن اللي فات مش مضطر أقول إني استحملت كتير ولا لا,0,24
الي الحين عندي أمل انكم راح تفوووزو ان شاء الله 😭,0,11
وأحس إن ضحكات وجهك أمل في عز يأسي ♥️,0,9
اصل ايه لازمة الدنيا لو معندكش امل ان كل حاجه هتبقي احسن حتي لو هي مش احسن حاجة,0,18
باقي امل,0,2
وَبي أمل يأتي ويذهب لكن لن أودّعُه,0,7
على امل ان تمر هذه الايام و الشوق ينتهي بشوفتك 🧡,0,11
الحب أحلى قدر لو دام الحب أغلى أمل يُرسم,0,9
في امل يبقى🥺🥺🥺,0,3
اهو بيجبر الخاطر ويعيشك علي امل,0,6
في أمل كثّف الدعاء,0,4
انت الوحيد الي عندك امل انه يجيب الثالث اما الواقع يقول انه بيدحدر زياده,0,14
الأمل أن تحرق ورقة التشاؤم حيث الحياة هناك امل إنّ الغروب لا يحول دون شروق جديد الثقة بالله أزكى أمل,0,20
باقي عندي أمل ترجع,0,4
ولنا أمل,0,2
الدُعاء أمل لا يعرف الإنتهاء,0,5
الحين الواحد يلعب ضد تشيلسي وهو مرتاح اقل شي لو صار شي بدوري الابطال فيه امل نعوض بالليجا,0,18
ما دام هناك حياة فهناك أمل,0,6
الرجاء خير امل وحلم,0,4
الحمدلله باقي امل,0,3
الحريص على وصالك سيبادرك بالعتاب ويواجهك ليتمسك بك والحريص على قطيعتك سيتهرب منك على أمل أن تفهم وتبتعد بنفسك,0,19
لحظات جميلة من السعادة تتسلل إلى دواخلنا بين الحين والآخر كتلك التي تجمعنا بأشخاص نحبهم,0,15
إن لم تجد بحياتك سوى كلمة ألم فاقلب اخر حرفين وإجعله امل,0,12
على أمل أن نكون بأجسادنا وأرواحنا في الأيام المقبلة بين ربوع الأقصى 🙏,0,13
سأعيش على امل ان كل شيء سيصبح ❤💭 جميلا مادام لنا🙏 رب يقول كن فيكون😊❤,0,15
عندي أمل و ثقة أن بالعشر الأواخر هذه بتستجاب دعواتي,0,10
كنت أعتني بالأشياء و أصُب لها كامل صدقي على أمل البقاء بينما الآن ينبغي للأشياء التي تريد البقاء أن تعتني بي أولًا,0,22
بصيص امل 🌸,0,3
مافي امل بس بحاووول 🤦‍♀️🤦‍♀️🤦‍♀️,0,5
هو اه الامتحان كمان ٣ ايام بس برضو عندي امل انه يكون اونلاين ومنزلش 😭,0,15
وتبقى الاشياء مستحيلة حتى تتوكل على الله حق توكله فيلين لك صلب الحديد 💪 شوية أمل,0,16
الله يبارك فييك الحين فيه أمل لو نفوز بكل مبارياتنا وبرشا يفوز على اتلتي الدوري لنا باذن الله,0,18
تأمل قوله تعالى ﴿فنادى في الظلمات﴾ حتى في بطن الحوت كان هناك أمل ونحن نفقد الأمل في أبسْط الأمور علق قلبك بالله ولن تخيب بإذن الله,0,26
سيصْدُقُ الغَيمُ لا تعجَل بشارتَهُ وإن تأخّرَ عن ميعادهِ المطرُ ويفتَحُ اللهُ أبواباً مُغلّقَةً كم بِتّ تطرُقُها,0,17
جرعة فكر جرعة امل جرعة شغف جرعة وصال,0,8
عندي أمل ترجع لي وأرجع لِدنياك,0,6
كام باب أمل مقفول بيتوارب مع الايام,0,7
أي حد بيعترف بغلطه فهو انسان عظيم,0,7
جاور من يشبهك وحاور من يحترمك وشاور من يحبك 🖤,0,10
اخيرا في امل اول مره اشوف الاسماعيلي الاعيبه بتتحرك من غير كوره,0,12
أغنية إليسا الجديدة ياعم سلامتك جميلة مليئة بالطاقة الإيجابية دعما لأطفال السرطان ولكل مريض في زمن الوباء البشع,0,18
عندي أمل لا تحطميني💔,0,4
عندي أمل يارب ياربببببببب,0,4
طمنتنا الله يطمئنك فيه امل😊,0,5
التفاؤل هو الإيمان الذي يؤدي إلى الإنجاز فلا شيء يمكن أن يتم دون الأمل والثقة بالله لأن الثقة أزكى أمل والتوكل عليه,0,22
لازال عندك أمل في الليغا,0,5
في امل❤️,0,2
وعسى الله يسخرك وتسعدني مثل ما استعدتهم الفرق الوحيد ان عندي امل وان شاء الله مايخيب🙏🏻♥️♥️♥️,0,16
كلي امل في قدرة ربي يارب سهل لي امري وحقق مرادي❤️❤️,0,11
كان ينتظر بِشغف و امل ولا زال ينتظر رغم انهُ قد عاد مُقيد بالانتظار,0,14
كل انسحاب يحفظ كرامتك انتصار,0,5
اللهم طاقة صبر جديدة و أمل متجدد و فرج قريب و عوض عن ما فات,0,15
كان عندي بصيص آمل حيال هذا الأسبوع 💔💔,0,8
في علم النفس قاعدة بتقول ماتمارسه يومياً سوف تتقنه بكفاءة اللي بيتمارض هيمرض اللي بيتذلل لغيره هيتذل,0,17
جُرعة أمل ﴿لا تدري لعل الله يحدث بعد ذلك أمرًا﴾,0,10
دائماً هنالك أمل بأن يكون لنا في الغيب شيء جميل يستحق منا الإنتظار ❤️,0,14
ليس كل من يواسيك خالياً من الجراح ولا كل من يعطيك يملك أكثر منك الإيثار ليس إيثار متاع ومال فحسب,0,20
عندي امل ان شاالله,0,4
٣ سنين ولا زال عندي امل افوز 😭😭💔,0,8
أنت دفعة أمل لوّلا وجودك ما قوى حيلي — ♥️,0,10
ان شاء الله على امل,0,5
دكتورة عندي بكرا مطعوم سينوفارم بتنصحيني اخذه ولا الغي موعدي واستنى موعد جديد على أمل يكون فايزر,0,17
كم أتمنى رضاك يا إلهي يا خالقي ومولاي وكلي أمل برضاك وحبك,0,12
في امل كبير,0,3
لا خيب الله لكم أمل,0,5
خلي عندك أمل صدقينى الحلو جاى وبسرعه كمان بإذن الله 💙💙💙,0,11
رسْالة اطمئنان دائما هناك أمل جديد يلوح من بعيد فلا تيأسْ وانتظر فرج عظيم من الله سْيأتيك قريبا إن الله على كل شيء قدير,0,24
سأعيش على أمل ان كل شيء سيصبح جميلا مادام لنا رب يقول كن فيكن💛🕯,0,14
قديه السما اليوم رح تتعبى أدعية واسرار وامنيات الله لا يخيب امل حدا 🤲 آمين,0,15
مبهج رائع مليان أمل,0,4
مزال عندي امل😢😢,0,3
الواحد بيبقي عنده امل صغير جداً إن كل حاجه هتبقي أحسن و ياريت تبقي أحسن ☹️,0,16
في أمل الليلة أسمع صوتك,0,5
انا اقول فية أمل😅,0,4
الأم هي ذاك البدر المنير الذي يضيء لنا السماء ونستمد من ضيائه أمل الحياة,0,14
💫عندك امل تشوف في كونسرت وانت تكون موجود فيه,0,9
عندي امل😭,0,2
عندي امل اننا نتأهلو,0,4
على امل ان يجمعنا ضوء نجمة ذات يوم 🤍,0,9
ساعات لا هو معظم الوقت كُل اللي بنحتاجه شوية أمل وقتها نقدر نفوت في الحديد,0,15
على أمِل إن تمُر هذهِ الإيام بِسلام🖤,0,7
أمل و الأجر على الله😂😅🤪,0,5
في داخل كلّ منا طفل يلعب الغمّيضة وحيدًا على أمل أن يعثر عليه أحد,0,14
احزن ان عندي امل انها بتتعدل من وانا صغيرة ولحد الان مافقدت الامل مع اني عارفه ماراح تتعدل بس مستمرين,0,20
ايوااا ببقا كتير فرحان ودموعي جواااا عنيااا,0,7
قلبي فرحان بالتيشيرت دا اكتر من اي حاجه تانيه 💗 🐻💗,0,11
فرحان جدا ان بعد ١٠ ايام هتنتهي مرحلة احنا فريش وفرافيش عشان من اول رمضان بسمعها في الشغل والبيت والشارع وامي بستقبلني بيها ع الباب 🙄,0,26
😂😂 عادي مفيش حد زعلان بالعكس فرحان بقي عندكم اثار وكدا,0,11
وكنت راضى بأى كليه لان ساعتها كان كله بيقول ان طب من ٩٩ و٩٩ونص وانا اما جبت الدرجات رسمى طلعت 9854 وكنت ناوى اسنان,0,24
كيوت فرحان,0,2
كل سنه وانت فرحان ومبسوط فوق 🥺💙,0,7
الواحد لما بيكون فرحان بيبقا اهبل اوووي والله ❤❤❤😂😂,0,9
اذا متضايق بتاكل واذا فرحان بتاكل واذا زعلان بتاكل الاكل هو سر الحياه,0,13
لمن تشوف نفسك فرحان عشان غيرك هني تحس إنك إنك انسان شبعان وقلبك نظيف,0,14
كل سنه وانت طيب وكل سنه وقلبك فرحان وتتخرج علي خير يارب♥🥳,0,12
اه فرحان 😂,0,3
فرحان بالتخرج,0,2
فرحان ومبسوط,0,2
الله يجعل هالقلب الحلو دايمًا فرحان وسعيد لأنه مايستاهل الا السعادة💘♥️,0,11
المهم فرحان لأنها دقت علي واحس صدق بطني فراشاتتت🦋🦋🦋🦋,0,9
سنك في البطاقة غير سنك في المرايا غير سنك مع حد بتحبه غير سنك وأنت فرحان غير سنك وأنت زعلان جوا عمرك عمر ثاني,0,24
نصيب بس هي دلوقتي كويسه و انا فرحان أن هي من بعدي قدرة تعدي بكل حاجه صعب و هي دلوقتي في احسن حال ربنا يحميه 😊❤️,0,26
أنا بنصح أي حد سواء ولد او بنت أنه يروح جيم مش عشان شكل جسمك و ده مش عيب عشان نفسيتك و عشان تبقي فرحان,0,25
انا فرحان الحقيقة إن ڤاران ماشي مدافع كبير بس ميليتاو لا يستحق يكون دكة ابدا ومع زيدان مستحيل يلعب اساسي علي ڤاران إلا بالاضطرار,0,24
والله لما شفتك فرحان راح تنقل انا فرحت 🤍 والله يسعدك زي ما اسعتنا بهاذا الخبر و باي شي سويته 🤍,0,21
كويس والله اني فرحان أكثر منك والله يعطي خير إلي دعموك والله فرحان 😭🤗🤗,0,14
عاد الي الامل اليوم واحس فرحان هههههههههههههههههههههههههههههههههههههههههههههههههههههههههههههههههههههههههههههههههههه,0,7
والله اني فرحان يا دربه الله يوفقك,0,7
والله فرحان مره الله يوفقك ونشوف افضل يتيوبر في العالم العربي,0,11
ولله اني فرحان انك رحت,0,5
مفيش حاجه أسمها الحب للحبيب الأول الحب للانسان المناسب اللى يبعد عنك التعب النفسي والضغوطات اللى بتاكل فيك كل يوم,0,20
مفيش حاجه اسمها الحب للحبيب الاول ولا التاني ولا العاشر للحب الانسان المناسب اللي ها تقدر تعيش معاه حياه سليمه,0,20
انا فرحان انا اسعد واحد في الدنيا♥️♥️♥️,0,7
إقتنعت ١٠٠٪ إن الحاجة اللى بتبقى فرحان بيها وحكيت لحد عليها حتى لو لأقرب الناس ليك بتخسرها بعد ظرف يومين من يوم ما حكيت,0,24
الله يذوقكم الطمأنينة و الرحابه اللي لما تحس أن احد فرحان لك زي ما أنت فرحان لنفسك و أكثر🤍,0,19
معاك كني طفل بيوم عيد فرحان وابي المزيد ولا اشبع ❤️,0,11
وربي فرحانن لانه شخص احبه فرحان😭🖤🖤,0,6
هل فعلًا البط يقوم فرحان من النوم يغطس و يعوم و هات يا لعب,0,14
لمن تشوف احد فرحان في شي وجايك لا تكسر فرحته ولا تكسره,0,12
الكلام مبالغ فيه شويتين بس فرحان للدراويش والله,0,8
فرحان قوي لفوز الدراويش ونشوف الإنتاج في الممتاز السنة اللي بعد الجاية,0,12
يا أخي زيدان دا الإنسان بيحب يشوفه فرحان,0,8
ايوالله فرحان 🤣 😂😂,0,4
الانسان بيكون فرحان بعمايل الكحك والبسكوت وكل حاجه بس انا مش حاسه بايدي 😭😭😭😭,0,14
انا فرحان اوى 😁😁😁,0,4
الواحد فرحان إن ماتش عن ماتش ميلتاو بيقدم مستوى حلو اووى,0,11
ربنا يشفيك ويعافيك سياده المستشار مرتضى منصور وبقول لكل واحد فرحان مفيش شماته في المرض وهيفضل مرتضى منصور في القلب,0,20
بكون فرحان بيني وبينك,0,4
اخخخ وربي فرحان شكراً ميليتاو 😭😭😭❤️❤️❤️❤️❤️❤️❤️❤️,0,6
فرحان علشان كلمتك مش انتي مريم,0,6
انا فرحان انا برتاح من غير ما اشوفه 😂😂😂,0,9
فرحان اننا بنلعب كدة والله 💙💛,0,6
انا مش فرحان بالانتصار قد ما انا فرحان ببلانكو وميغيل واريباس الكانتيرا 😍😍😍,0,13
والله قلبي بيتنطط مكانه اما اشوف زيزو فرحان وبيضحك 🙈😍🥺,0,10
و الله انا فرحان فشخ عشان فاران اتصاب عشان ميلتاو يلعب ماتش تشيلسي,0,13
انا فرحان لميليتاو اوي انه ابتدى ياخد ثقة والناس ابتدت تديله حقه,0,12
انا فرحان جدااااا,0,3
فرحان,0,1
بس فرحان بأن اليوڤي ريح السنادي والانتر داق طعم الفرحه 🥰🥰🥰,0,11
بحس البط دايمًا عبيط وطيب وفي حاله بجد يستاهل يقوم فرحان من النوم يغطس ويعوم وهات يا لعب كده دايمًا🥺🥺,0,20
اقسم بالله لما اشوف فرحان كذا اني فرحتي تتضاعف اااه احبه ♥️♥️,0,12
الواحد فرحان فرح السنين دلوقتي هلا مدريييييييد ❤️,0,8
أنا إقتنعت إن الحاجة اللي بتبقى فرحان بيها وحكيت لحد عليها بتخسرها ف ظرف يومين👍🏼,0,15
مع اني مش بطيق حسام حسن لكن فرحان ان الاتحاد متفوق علي سموحه,0,13
اتوقع الكل فرحان ان المعتوه الاسباني بيغيب عن مباراة اليوفي,0,10
بحب اشوفه فرحان اوووي💖💖,0,4
ياسطا والله فرحان 😂,0,4
فرحان ياهوووه,0,2
المطر يخلي كل حد فرحان ونفسيته حلوه,0,7
وقلبي فرحان لگ ي عيني 🌚,0,6
انا فرحان قوي,0,3
واحس فرحان اكثر منهم,0,4
القلب اذا كان فرحان حتى الملامح تصير حلوة,0,8
اما وانا فرحان 😭😭,0,4
عظمة عظمة عظمة ❤️🤍 فرحان جدا بوجودهم مع بعض 😌,0,10
انا فرحان جدا برد فعل الناس على دور عم حسن فى المسلسل خطفت قلوبنا بالاداء السهل والضحكة الحلوة يا قبطان,0,20
ممكن اكون باين فرحان من برا بس من جوايا نفسي في بيتزا,0,12
فعلا يازهرة انا فرحان وقوي كمان,0,6
قلبي فرحان من فكرة اني رايحه اعتمر,0,7
ببقي فرحان جدا لما بقابل حد و لاقيه بيدعيلي بدون مقدمات ولا مصلحه ولا حوارت,0,15
انا فرحان من امبارح 😂💃🏽💃🏽💃🏽,0,5
اه والله فرحان فشخ 😂😂😂,0,5
فرحان اوي,0,2
ومفيش فرحان قدى دلوقتى علشان شوفت عنتر المهزق مذلوول 😂😂,0,10
اكثر انسان فرحان ف عمان تو مبروك ع المطر حبي 😂😂😂♥️,0,11
لما تشوف نفسك فرحان لغيرك إعرف انت شبعان وقلبك نظيف وتربيتك أحسن تربيه ♥️,0,14
😂😂😂 اني فرحان كلش,0,4
بجد انا فرحان بحرقه دمك من استاد الاهلى الجديد يارب دايما,0,11
من يعب في خلق الله فهو يعيب الخالق وانا فرحان بنفسي وبهيأتي وربنا سواني كده,0,15
انا م متابعه و فرحان برضه,0,6
بحب اشوفك فرحان ومبسوط ومبحبش اشوفك زعلان ويارب اشوفك فرحان عالطول وربنا يسعدك ويكرمك ويوفقك ف حياتك وشغلك — اللهم,0,20
فرحان واجد,0,2
بموت يا اصدقاء فرحان 😔💙,0,5
فرحان لجمهور الانتر على اقترابهم من الدوري بس جداً محبط اني اشوف نادي مثل الانتر مر بظروف ماليه وابتعاد عن البطولات,0,21
فرحتي لاتوصف🤍 ابارك لاخواني المهندسين تخرجهم اليوم نايف باجعفر ابراهيم السمين راشد المري فرحان الخالدي وليد,0,16
فرحان من قلبي لروح قلبي,0,5
فرحان عشان العراب,0,3
والشخص اللي ينورك ويخليك فرحان من قلبك مش مطفي وحزين الحب للإنسان اللي قابلته وانت تعبان ومتبهدل وتقبلك بكل حالات,0,20
اخخ فرحان لهم فريقي الثاني اوروبياً ❤️,0,7
ياجماعه حد يعرفني اي ال حصل لليهود انا فرحان ب ان ف حاجه وحشه حصلت ليهم بس عاوز اعرف اي هي 😂,0,22
الحمد للّٰه بس انا فرحان قاعد احتفل 🙂إلى الآن 😂😂,0,10
وانا عصوم اشتريت عطره وكنت فرحان فيه 😭,0,8
انا فرحان لي اكثر من يوم عشان بتبلكني وللحين ما بلكت🥺,0,11
اتلغي و انا فرحان الحمد للّٰه لك يارب,0,8
بالمناسبه زينة رمضان اللي كنت فرحان بيها كلها اتقطعت وطارت والشارع رجع بضان من غير الوان كتير كانت محسساني ب,0,20
وانت فرحان متفرحش لوحدك خلي فيها لله برده فرح حد معااك ب ابسط حااجة حتي لو بكلمه حلوه تخليك تشوف ضحكه ع وشه,0,23
ف ناس تتعرف عليها كدا تحسها بقت جزء لا يتجزأ من حياتك ولا ينفع يمشوا خاااالص وتعرف عنك كل حاجه كأن معاها مفتاح دماغك,0,24
أحب أركز على تفصيل الشخص اللي أحبه اللي هو ممكن مايكون واخذ باله أن فيه أحد ممكن يكون مركز معاه بذا الشكل,0,22
فرحان من شان تقابلني ☺️,0,5
امتي هنفرح بيك بقا والله انا كل يوم فرحان بنفسي شوفوا انتو فاضين امتي وتعالوا افرحوا معايا,0,17
هنو☺️كل سنة و انت فرحان و متهني دي اسمك كده يا رب 🥰دايما يا رب ما نتحرم من لمتنا ابدا,0,20
كان همه الوحيد أن جمهور الهلال يكون فرحان 😞😞😞😞😞💙💙💔,0,9
في حياة كل حد فينا شخص إستثنائي طول ما هو فرحان احنا بخير محدش يقدر يملى مكانه أقل حاجه من الشخص دا بتسعدنا,0,23
حاليا انا فرحان ومبسوط اللي يبي شي لا يستحي يطلب,0,10
فرحان اني بعد ما كنت احبطت اوي ابويا وامي كلموني يشجعوني تشجيع كبير وقالولي دا درس اوعى تزعل او تعترض على ربنا,0,22
التويتة دي في حب كوباية الشاي بنعناع إلى ممكن تشربها ف اي وقت قبل السحور أو بعد الفطار أو حتى وانت مضايق أو انت فرحان,0,25
سوبيا وعنااااب حاسس اني فرحان سيكا,0,6
فرحان اوي يجدعان والله باعلان منير ❤️❤️,0,7
لمن تلاقي نفسك فرحان لغيرك اعرف ان قلبك نظيف وتربيت كويس,0,11
يبارك فيك للمره الثالثه اظاهر اكثر واحد فرحان انت,0,9
كل سنة و انت طيب و فرحان يا سي دوني😂🥰,0,10
احس اني فرحان مره,0,4
قلبي فرحان مره 😭♥️♥️♥️,0,4
بصراحة كده محدش فرحان قديي 😂😂❤❤❤,0,6
بالله فرحان بالتأهل من منصة فرجت ههههههههههههههههههه ههههههههههههههههههه ههههههههههههههههههه,0,9
امها دي انا فرحان فيها فشخ والله ماتختلفش كتير عن جوزها,0,11
انا كل ما انزل بروچيكت جديد ببقي فرحان بيه فرحة العيل الصغير وبدخل اتفرج عليه كل شويه ♥️ ومتحمس جدًا إني اشيره بليل 🥳🥳,0,24
انا فرحان انها مدخلتش الريال يتعثر الاول واتليتكو فريق عبيط اصلا,0,11
فرحان وكذا,0,2
تالت يوم علي التوالي اكل فيه مكرونه و ده سبب كفايه يخليني فرحان بالاجازه ديه,0,15
وما اخفيكم بأني فرحان له من كل قلبي ليس لأني مؤمن بموهبته فقط لأن حتى على الصعيد الشخصي انسان محترم جدًا ومؤدب الله يوفقه,0,24
اليوم حلمت بس انو كلمه اتقالت ليا من الشخص الي اتمناه يقولها وصحيت فرحان ومبسوط كيف لو قالها منجد,0,19
مفيش اجمل من ان ال يبقى كسول و يفضل يختلق اعذار عشان يشتغل من البيت وانت تبين انك مضايق بس من جواك فرحان بيه 🦦,0,25
لا الحمد الله انا فرحان جدا بفوز اتلتيكو,0,8
تكفون انا الوحيده اللي مو مقتنعه فيه ماني مرتاحه للاعب ذا شوف كيف جمهور بورتوا فرحان بخروجه 💔,0,18
انا فرحان جدا انه بيلعب في فريق محد يعرفه لانه اصلا لاعب اقل من عادي انشهر بسبب مشاكله,0,18
يتحرق الاتنين بجاز وسخ أنا كنت دخلت عمارة كان زماني عمال أغني و فرحان,0,14
انا فرحان جدا ل حوريه فرغلي ❤️,0,7
فرحان 😂😂😂 شو طلعلك عيدية 🤔,0,6
اني حيييل فرحان بعد صراع وي كورونا تعافيت منها ❤️,0,10
مبسوط وجدًا واحس نفسيتي احسن واحلى وكمان فرحان لك,0,9
فرحان بعودة السياحة مع وصول أول طائرة تحمل ١٨٠ سائحاً من بلغاريا للعقبة السؤال اللي راح يشلني شو جايين يشوفو,0,20
والله كل يوم الواحد بيتعلم درس احسن م الي قبله وانا فرحان جدا اني بقيت بتعلم,0,16
عارف لما تتصور وتعمل ايديت لنفسك بربع جنيه وتروح توريهم لصحبك ويطبلك حتى لو هما زي الخرا بس عشان انت فرحان بيهم بس,0,23
أنا كمواطن مصري فرحان بالحادثة ويا رب كل يوم فرحة زي دي🥳🎉,0,12
اول عيد ميلاد يجي وابقي حاسس ان انا فرحان فيه بوجود ناس معينة كده جمبي و معايا ربنا يديم وجودهم ❤❤❤❤❤,0,21
لما نشوف حد نحبه فرحان نفرح اكثر منه,0,8
الواحد وهو بياخد نتيجة الكويزات اللى فاتت انهارده كان فرحان وهو لاقى مستواه بيعلى ف كل كويز عن اللى قبلو,0,20
احس فرحان او شي,0,4
انا في شخص ف حياتي بجد بحمد ربنا كل يوم ان الشخص دا موجود شخص بيحاول دايما يشوفني فرحان شخص ممكن يجي ع نفسو عشاني,0,25
وَلَقَدْ نَعْلَمُ أَنَّكَ يَضِيقُ صَدْرُكَ بِمَا يَقُولُونَ فَسَبِّحْ بِحَمْدِ رَبِّكَ وَكُن مِّنَ ٱلسَّٰجِدِينَ,0,13
جماعه اليوم متعب جدااا بس الواحد فرحان فرحه متتوصفش🥺💙💙💙💙,0,9
قلبيييييييي فرحان والله فرحان ❤️❤️❤️❤️❤️❤️❤️❤️❤️,0,5
ياسلام الله يا اخى فرحان جدا,0,6
الانسان فرحان 😂♥️♥️♥️,0,3
طول ما انتي فراحانه يا اختي انا فرحان ♥️,0,9
أنا فرحان,0,2
الواحد بيتمني فيوم من الايام يبقي فرحان نفس الفرحه دي ان لقي بني ادم واحد بس شبهه واحد بس مش طالبه اكتر من واحد,0,24
كلاينت اتصل بيا فضل يتكلم ساعة ونص بظبطله كامبين وفي الاخر بيقولي حاسس اني بوظتلك الاجازة لا يا باشمهندس متقولش كدة,0,21
ايوه كدا وانا بقول قلبي فرحان كدا ليه 😂 ربنا يحفظك,0,11
انا فرحان اوى وانا بشوف الاهلي بيحط حجر الأساس للاستاد بتاعنا انا فخور بجد بانتمائي للكيان دا ❤️🦅,0,18
فرحان😭😭😭😭😭,0,1
هتفهم بعدين انه ضحكتك وانك لازم تبقا فرحان ومبسوط فأى مكان انت فيه دى أهم أولويه وتحديدا وسط كل الل احنا فيه دلوقتى💙,0,23
بلاش أي فستان يطلع موضة أو لون تخلوه تريند ف التريقة ممكن حد يبقي جايبة وفرحان بيه ومن كتر التريقة يتكسف ينزل بيه,0,23
في ناس مينفعش تزعل عليهم ولمفروض تبقي فرحان انهم مبقوش ف حياتك,0,12
افتكرت دلوقت لما بعد ثانويه عامه كنت فرحان اني مخترتش هندسه رغم ان مجموعي كان يجيبها عشان كنت عارف ان دكاترتها معقدين,0,22
لو محسيتش ان قلبك فرحان برغم الهموم يبقى فيك حاجة غلط المسيح قام حقاً حقاً قام ✨💙,0,17
و الله من اسعد لحظات حياتى لما بنجبر خاطر اى حد سواء جبر معنوى او مادى بكون فرحان اكتر منهم جبر الخواطر من أعظم الامور بجد,0,26
الواحد فرحان اوي و الله🥺,0,5
الشعور الحلوو لما طفل يدخل العياده يصيح و يخرج فرحان هنا تحس بالإنجاز🤝,0,13
بنام وانا فرحان,0,3
😂😂😂😂 فرحان بالهدف لاتقتل المتعه يامسلم,0,6
والله أنا فرحان وقلبى بيرفر من الفرحه اللهم ذد,0,9
انا فرحان جدا واتمني يحصلهم كارثة كل يوم,0,8
انا مبسوط عشان نضيف من جوة مبسوط عشان بدي من قلبي ومن غير مقابل مبسوط عشان مش حقودي مبسوط عشان قلبي ابيض,0,22
صحيح ما قدرنا نسوى كل الأهداف بس مبسوطة أنة مبسوط واتمنا نامجون يكون مبسوط وفخور بالأغنية ❤️,0,17
الكيف رايق على الاخر مبسوط والليل يغريني,0,7
أنا مبسوط اوي,0,3
حد بيعيش باليومين مبسوط علشان حلم والا انا بس,0,9
تسحرت وانا مبسوط,0,3
ايووووة و برشلونة مغلوب امبارح و مبسوط اكتر 😅🤣😂😂,0,9
اكثر واحد مبسوط,0,3
مبسوط ان الناس بدأت تعتمد سمار البشرة كمعيار مهم للجمال ♥️,0,11
في لحظه بيشرُد فيها ذهنك كده وسط مكان مليان دوشه في اللحظه دي عينك بتيجي علي الناس اللي معاك وبتبقي من جواك مبسوط ا,0,24
بس انا لما اشوف لوي مبسوط يهون علي كل شي بحياتي,0,11
بكره تصحى تلاقى ربنا باعتلك ناس عندها إستعداد تعمل أي حاجه عشان تشوفك مبسوط وبس💛✋,0,15
القلب اذا كان مبسوط حتى الملامح تصير حلوه,0,8
هو الانسان كده لما يبقي مبسوط بيقعد يعمل حاجات غريبه 😂😂😂,0,11
الحمدالله مبسوط على الاخر عسى أن تكرهوا شيءً فهوا خيرٌ لكم وربنا يعطي الانسان على قد صبروا,0,17
كل سنة وانت طيب يا مصريكا يا رايق وان شاء الله تبقي مبسوط دايما يا حبيبي مش بكره بس💖,0,19
لطيف وبريءوكان مبسوط مره يجنن يجنن😭😭💗💓💖,0,6
مو معقول حياتي بتقعد دايم كذا احس بتنفتح لي ابواب رزق مستقبًلا وبعيش مبسوط ودايم الامل بالله كبير,0,18
متبهدل بقالي يومين بس مبسوط,0,5
عارف لما تكون مبسوط اووي بس خايف فرحتك دي تنقطع💔🥺,0,10
ما تضيعش اي فرصة ممكن تخليك مبسوط الايام مش هتكرر تاني,0,11
لا شعوريًا يبتسم قلبي إذا شفته مبسوط ❤️,0,8
مبسوط جداً من فكره التعايش مع كل ظروف حياتي لواحدي🤝😍,0,10
أنا مبسوط,0,2
والله اني مبسوط ببرود اعصابي ولا اضيع صيامي على تفاهة,0,10
القلب اذا كان مبسوط حتى الملامح تصير حلوة,0,8
انا مبسوط,0,2
كل سنه وانت طيب يحبيبي وعقبال مليون سنه واشوفك مبسوط وتحقق اللي نفسك فيه وأن شاء الله مكملين سوا يخويا ♥️♥️♥️♥️♥️♥️♥️♥️♥️♥️🥺,0,21
بجد محدش مبسوط قدي🥺🥺🥺🥺🤍,0,4
الحمدلله مبسوط♥️♥️,0,2
مروق و مبسوط,0,3
الحمد لله مبسوط 😊😌😂😂,0,4
الواحد محسش انه مبسوط و قضي وقت حلو من زمان اوي و الله ♥,0,14
مبسوط قوي بنتايج الإختبار دا من إمبارح أول مرة أحس انها بتمثلني,0,12
انا فخور و مبسوط من نفسي شديد إني ما تابعت ولا مسلسل في رمضان,0,14
انت مبسوط الاان,0,3
الحمد لله انا مبسوط اوي ربنا يديمها نعمه,0,8
اكثر شي حلو في يومي اني سمعت صوتها واحس مبسوط مره🙋🏽‍♂️,0,11
مبسوط من نفسى جدا وصلت لمرحلة محدش بقى يهمنى زى الاول ولا بقيت اشيل هم حد لقيت كلام منك هرد عليك مفيش كلام صدقنى مش هجيلك ولا هكلمك,0,28
وبجد انا محظوظه اوى انها فى حياتي وانها صاحبتي تخيل يبقي عندك حد بالجمال دا تقدر تروحله فى اى وقت وهيقعد يسمعك,0,22
بصي انا مش فاهم حاجة بس مبسوط,0,7
مبسوط قد الدنيا 😭😭😭😭😭,0,4
والله اني مبسوط بشوفتكم❤️,0,4
قد ايش حلو شعور انك تكون مبسوط من الشخص اللي حطيت فيه كل ثقتك وكل شي,0,16
أه مبسوط و أنا بتفرج على الفرقة رجعت تلعب كورة قدم محترمه حديثة زي باقي الفرق بس الفرقة فيها نواقص,0,20
انا بحب كل صحابي على تويتر و مبسوط جدا اني عرفتهم,0,11
مليش غير أني أذاكر علشان أمشي أو حتى أوصل لمرحلة أني أبقى مبسوط بإللي وصلتله و أستريح مِش أكتر,0,19
اول حاجة جت ع بالي اني اكلم اخويا فيديو كول واشوفه وهو مبسوط بيا واني حققتله حلمه وحلم بابا 😭♥️♥️♥️♥️♥️,0,20
بشرح لاصحابي الطريقه علشان طلعت حلوه فشخ و انا من ساعة ما كلتها و انا مبسوط,0,16
احب لما احد يشاركني اغانيه المفضله احس انو يحبني لدرجه يعطيني كيف يحس وايش يخليه مبسوط 😿😿,0,17
مبسوط بالتخرج,0,2
متسحرة شواية الخليج والمود مبسوط,0,5
دا انا فطرت ونمت ولسه قايم اول مره احس اني مبسوط كدا عكس قبل ما انام,0,16
مبسوط مبسوط,0,2
مبسوط والحمدالله 😂,0,3
مبسوط اوى بالشباب الصغير بتوع الريال و الله ربنا يباركلنا فيهم,0,11
مبسوط اوووي مبسوط جدا😊☺️,0,4
عمري ماعملت حاجه واستخف بيها او قلل منها بالعكس كان بيبقي مبسوط بيها اكتر مني وكان دايما فخور باى حاجه بسيطه عملتها,0,22
مبسوط قوي يهبل 😂,0,4
مبسوط من نفسى علشان بقيت اقدر استغنى عن حاجات مُكنتش متخيل انى اقدر اعيش من غيرها,0,16
طب جرب تاكل جزر وانت اوت اوف مود كدا اتحداك لو مبقتش مبسوط ومُقبل على الحياة بعدها👈👉,0,17
انا مبسوط لميليتاو يستاهل ❤,0,5
كنت نازلة اقعد لوحدى فهدوء فستارباكس لقيتو زحمة واقبال رهيب بعد الفطار قمت دخلت اولاد رجب جبت طلبات وخلصت فلوسى ووهروح مبسوط,0,22
متضيعش أي فرصه ممكن تخليك مبسوط الأيام مُش هتتكرر تاني,0,10
ترا مو حلو تكسر شخص وهو يحاول يخليك مبسوط صدق,0,10
مبسوط جدا,0,2
لو الدنيا جت عليك جامد خش العب ببجي مع واحده خليجية صدقني هتطلع مبسوط❤️😂😂,0,14
ناقصني كثير لاكن والله اني مبسوط نصيحه الرضاء التام عن ما يحدث لك يجعلك في غايه السعاده والله,0,18
مبسوط,0,1
الحمدلله دوم يارب مبسوط,0,4
مبسوط اني اتخرجت اخيرا,0,4
انا مبسوط ومتفائل ربنا مش بيضيع مجهود حد الحمد لله,0,10
اهلي سبب سعادتي انا مبسوط انهم في حياتي,0,8
انا مبسوط اوي بنفسي 💖💖💖💖💖,0,5
مبسوط اني سمعت صوتها,0,4
اهم شيء اشوفه مبسوط,0,4
والمصري مبسوط بحضارة الجثث الفرعونيه وعع,0,6
النوم ده اكتر حاجه حلوه في الكوكب بتروح ترمي همومك في النوم وتصحي فريش علشان تواجه يوم جديد تريح اعصابك وجسمك,0,21
قواعد العمل الثلاثة١ عمرك ما هتروح الشغل فايق مهما نمت٢ محدش مبسوط في شغله حتى لو في الملاهي٣ مرتبك مش هيكفيك,0,21
مفتقدك أكتر والله يا صاحبي ربنا يجمعنا على خير قريب ويارب تكون مبسوط وبخير,0,14
و الله الواحد مبسوط انه عاصر فنان زي الكينج منير ربنا يديك الصحة و يخربيت العظمة اللي بيتقدمها دي 💖👌🎶,0,20
لا انا بجد مبسوط 💛💛💛💛💛💛,0,5
انا قلبي مبسوط حبيبه روحي تخرجت الله يحقق لك ماتتمنين وتوصلين لكل ماتتمنينه وييسر لك كل عسير خريجهه قلبي والله للافيو جدا😔💘💘💘💘,0,22
سهران مبسوط زي كل يوم 😆😂😆😂😆 😂😆😂😆😂😆😂😆😂😆😂😆😂😆😂😆😂😆😂😆😂😆😂😆😂😆😂😆😂😆😂😆😂😆😂😆😂😆😂😆😂😆😂😆😂😆😂😆😂😆😂😆😂😆😂😆😂😆😂😆😂😆😂😆😂😆😂😆😂😆😂😆😂😆😂😆😂😆😂😆😂😆😂😆😂😆😂😆😂😆😂😆😂😆😂😆😂😆😂😆😂😆😂😆😂😆😂,0,7
محمد مبسوط 👍♥️,0,3
متحكيش اى حاجه مبسوط بيها بتعملها او لسه هتعملها لاى حد مش شرط هتتحسد بس شغفك وحماسك كله هيروح او هيقل بشكل مبالغ فيه,0,24
أنا مبسوط جدا إني بقيت سايب كل حاجه علي ربنا وراضي بأي حاجه بتحصل عكس قبل كدا كنت بتضايق جدا,0,20
مبسوط ❤️,0,2
ابوي مبسوط جدا,0,3
مبسوط لقيت اسكريممم😭😭😭,0,3
قلبي مبسوط فيك ومعك,0,4
الإنسان بيدخل بعلاقات بحياته عشان يكون مبسوط مش عشان يبكي عالمخدة بالليل قبل ما ينام,0,15
خلينا متفقين أنه الحياة صعبة حقيقة اتنين ما بختلفوا عليها بس الشئ الوحيد الي بخليك تحسها حلوة هو خفة روحك,0,20
احسني مبسوط,0,2
انا مبسوط ليك شديد و ان شاءالله دايماً كدا يارب ♥️,0,11
القلبَ بس يكون مبسوط كل الملامح تحلى,0,7
مش عارف استوعب بس انا مبسوط اني قضيت يوم اجتماعي زيادة عن العادي قعدت مع ناس مشوفتهاش من زمان من غير م اتوتر,0,23
مبسوط وبهزر مع كله ومفيش حاجه حصلت مره واحده,0,9
بما اني مبسوط انهارده ❤❤,0,5
اتبسط اوي بتمثيلية القيامة السنة دي و قشعرت اكتر من اي سنة و عيني دمعت و حسيت اني مبسوط جداً جداً,0,21
لأول مره من فترة طويلة أجلس ٥ ايام متواصله بدون حتى لا امسك كنترولر البلايستيشن ماعرف ليه بس مبسوط بهالشيء,0,20
الحمدلله مبسوط مره بالدرجات,0,4
انا مبسوط ودي حاجه غريبه,0,5
انا مبسوط جدا بصحابي اللي وقفو جمبي وحقيقي انا بحبهم فشخ واي حد عرض عليا انه يساعدني بشكل قانوني او اللي دعمني نفسيا,0,23
أنا مبسوط 😍,0,3
مبسوط لفوز الاسماعيلى على الانتاج وابتعاده عن ثلاثى فرق الهبوط بنقطه,0,11
مبسوط فيهم اوي🥺♥️♥️,0,3
اوكي مبسوط ومبسوط جداً جداً🗿💞,0,5
فكر شويه ف حياتك ف سعادتك انت فكر انك تستحق تكون مبسوط وسعيد متربطش سعادتك بشخص اربطها بعلاقتك بربنا هتكون سعيد دايما,0,22
انا شخص حساس لأبعد مدى تتوقعه حساسة لدرجة الاشياء الي تشوفها ماتزعل تزعلني والاشياء اللي تشوفها عادية وماتخليك مبسوط تسعدني بشكل كبير,0,22
شعور عظيم جداً جداً لم تشوف احد مبسوط بسببك🖤,0,9
صار شي كنت انتظره من زمان واحسس مبسوط موت 😭😭😭😭😭😭😭😭,0,10
مبسوط وراضي ارضى رضى,0,4
كل ثانيه فولو من حد جديد ف الدفعه والانسان مبسوط بجد😂♥️,0,11
زيدان مبسوط اذا انا اسعد انسان حاليا,0,7
مبسوطين لِلشتاء عشان عندهم حبايب وأنا مبسوط عشان ساعات الليل تصير اطول واشبع نوم,0,14
أحلى شعور لما فجأه تحس إنك مبسوط من غير أي مُحفزات كونيه مجرد شعور والسلام,0,15
عاش انا مبسوط منك اعمليلي بقي شاي وهاتي اي حلويات حلوه من بتاعه ماما داخل ع طمع,0,17
انا حالياً رايق و مبسوط بدون اي سبب,0,8
مبسوط من نفسي لاني صرت أعرف كيف اصبر وأنا مخبي كلام كبير بقلبي ولا احتاج أحد يسمعني,0,17
القلب اذا كان مبسوط حتى الملامح تصير حلوه ❤️,0,9
برغم الكورونا وجو العيد اللى مبقاش موجود زى زمان بس مبسوط نفس فرحة كل سنة ويمكن اكتر ♥️🥰,0,18
دكاترة الامتياز الشهرين اللي فاتوا كلهم جدعان و شاطرين بجد و الواحد مبسوط انه اشتغل معهم و هونوا علينا كثير,0,20
أعلي درجات الحب بالنسبالي هي إن الشخص اللي انت بتحبه يخليك تحب نفسك مش إنك تحبه هو وخلاص يخليك تتقبل نفسك,0,21
انا مبسوط 🥺❤️❤️❤️❤️❤️,0,3
مش مهم ومش ضروري اي حد واي حاجة طول ما انتا مبسوط ومزاجك حلو ورايق,0,15
يارب تكون مبسوط ومرتاح لان هالشيء يهمني كثير,0,8
انا مبسوط اوي إن مودريتش وكروس ريحوا إنهارده عندنا مدعكة كروية يوم الأربعاء,0,13
أنا مبسوط ان الميم بتاعي انتشر 🥰,0,7
مبسوط جداً بلفوز 💪💪💪❤❤,0,4
انا مبسوط اوى اوى اوى اوى اوى اوى,0,8
قلبي مبسوط ❤️❤️,0,3
ياجعلني ما اشوفك الا مبسوط ومرتاح وفرحان 💙,0,8
مبسوط بعلاقة زيزي وتيتو فشخ كأني اعرفهم 😂♥️♥️,0,8
انا مبسوط اوي 😭😭🥳♥️♥️♥️🤍🤍🤍🤍🤍🏳🏳🏳🏳🏳,0,4
اشتقت لصوتها الي يخليني مبسوط,0,5
سعادته من سعادتي يارب دايم مبسوط❤️❤️,0,6
بغض النظر عن الليجا العرة دي بس انا مبسوط,0,9
انشهد هذا المدرب مبسوط اذاً انا مبسوط و مدريد مبسوطه🤍🤍🤍🤍🤍🤍🤍🤍🤍🤍🤍,0,10
مبسوط اه,0,2
زيدان مبسوط انا مبسوط مليون مرة❤️❤️❤️❤️❤️❤️❤️❤️,0,6
بكون مبسوط اوي لما ريال مدريد يكسب ماتش معقد واسمع من اخر القهوة صوت بيشتم ريال مدريد من مشجع جحشلوني ♥️♥️,0,21
مبسوط فشخ بجد عشان كان حرام اللعيبة والمدرب يتبضنوا ومجهودهم كله يضيع فى ماتش زى دا,0,16
عشان تبقى مبسوط لازم تبقى حر,0,6
زيزو مبسوط اذن انا مبسوط😂❤,0,5
انا مبسوط من بلانكو بصراحة خامة لاعب واعد جدا جدا,0,10
لية كدا احنا بنحبة وعاجبنا طريقتة جدا والكل في مصر مبسوط منة ومعاة اخرج انتا منها وسيبنا نعيش مع بعض حبايب واخوات,0,22
والله دنا معرفهاش و مبسوط بيها جدا 😂 الاكل شكله مبهج جدا بصراحه,0,13
وانا مبسوط,0,2
انا مبسوط ابي سعادتك,0,4
حتا أنا مبسوط 😭😭😭,0,4
وشلون ما ابتسم وانا اشوف زيدان مبسوط ♥️,0,8
أنا مبسوط إن ميلتاو مخذلنيش مبسوط إني كنت شايف إنه مدافع كبير والحمدلله الواد نصفني 😭😭💖💖,0,16
انا مبسوط ان اريكسن هيكسب حاجة اخيرا,0,7
مفيش حاجه بتخليني مبسوط قد ريال مدريد 💖🥰,0,8
المبسوط مبسوط بأبسط حاجة والنكدي نكدي لو عنده كل حاجة,0,10
مبسوط انه فيديوهاتي بتنتشر 😅😂,0,5
أنا مبسوط إن محدش بقى يفرق معايا,0,7
مبسوط بشوف حبي🥺,0,3
الريال وميلان فاايزين وانا جداً مبسوط ❤️❤️❤️❤️,0,7
الحمدلله هنام مبسوط,0,3
وانا مبسوط انك صاحبي 😍,0,5
انا مبسوط اني اتولدت 😍🤸‍♂️,0,5
ببقي مبسوط أوي وأنا بشتري هدوم أكتر حاجه بتبسط لما اعملها وادفع فيها فلوس هي والأكل 😂❤️,0,17
مبسوط جداً ضحكتك كثير,0,4
وربييي مبسوط ماشريت منهم,0,4
والله انا مبسوط منى جداً وراضي بالي انا بعمله بلاش بقا رائيك اللي مش هيغير شئ ولا ليه لازمه,0,19
روحت اتبرعت بالدم النهاردة وكان بقالى اكتر من سنتين متبرعتش مثلا وحاسس انى مبسوط 😌,0,15
الانسان مبسوط و خايف في ذات الوقت,0,7
اي والله ليت كان انا الحين مبسوط ومروق طول وقتي,0,10
ياخي رسالة وحدة كافية تخليك مبسوط أسبوع 🥺🖤,0,8
انا للحين مبسوط من الدوري حق قبل العام 😂,0,9
انا مشيت ٥ كيلو وحاسس اني مبسوط جدا,0,8
انا مبسوط من نفسي و الله قبل رمضان و عارف ايه المسلسلات اللي هتنجح بس قلشت مني في القاهرة كابول,0,20
ميدو مبسوط ❤❤,0,3
احس مبسوط,0,2
احب اقولك للراجل اللي رباني احسن تربيه بمشي سرته بترفع راسي لفوق اني عايش عشان ابويا وعشان الضحكه الجميله دي,0,20
يزداد جمال الجو لما تكون مبسوط💕,0,6
احلي شعور ممكن تحسه انك تتحب زي مابتحب لما يكون فيه شخص مهتم بيك وبتفاصيلك ولما يحس انك زعلان يزعل ع زعلك,0,22
بصوا ياجدعان استحملوا وجودى الساعتين دول عشان حاسس اني مبسوط سيكا 😂,0,12
مبسوط من نفسي فشخ ف النقطه ديه و الموضوع ده ريحني واتمني استمر ع كده و دايما لما احس بالضيق اعد نعم ربنا ع الواحد الي لا تعد ولا تحصي فعلاً,0,31
واحساس حلو اوي لما يكون الحد دا مطمنك من كل حاجة حواليك وشايل رهبة الخوف منك مطمنك بوجوده معاك ف كل خطوة بتاخدها في حياتك,0,25
أنا محتاج علبة كشري و كوباية شاي و سيجارة و هبقا مبسوط اوي,0,13
مبسوط والله 😭,0,3
مبسوط والله ان بقى فيه زمايل كتير حاطني في كاتجوري تأهيل الاعصاب و بيرشحوني للحالات كحد متخصص و نتايجه كويسة,0,20
أنا مبسوط جداً بتطور مستوى أودريوزولا بصراحة الولد هجومياً واعد جداً ودفاعياً بيحسن من نفسه,0,15
الحمدلله دوم مبسوط,0,3
انا شخصيا مبسوط ان زيدان بيلعبه وانشاء الله هيكون ليه مستقبل حلو معانا 😂❤️,0,14
ان شاء الله انك مبسوط على طول يا كشكول,0,9
مبسوط على مستوى هازارد اليوم بدا يتحرك,0,7
مبسوط بعد,0,2
اليوم أنا جداً مبسوط قفلنا معكم حالتين حالة ب منصة شفاء ساهمتم فيها بأن طفل يكمل علاجه من الكيماوي حالة ب منصة احسان,0,23
أكثر شيء مبسوط منه معد فيه حلطمة جامعة 🤣🤣,0,9
الشيخ احمد شيخي اللي ختمت معاه الختمه التانيه مبسوط اوي اني صليت وراه وشوفته بعد 10سنين,0,16
عارف لما تبق مبسوط بسبب شخص في حياتك علاقتك بيه جميله ولطيفه,0,12
الحقيقة ان الواحد مبسوط ان جه حظه ف الاسبشيالات مع رامي ونسرين وسارة حتي ف التروبيكال والشغل تقيل النواب كانوا محترمين,0,21
لا والله مرا مبسوط بابا 😍,0,6
الأغاني والشِعر قدروا يخلوني مبسوط ورايق النهارده كالعادة بعد ما قمت م النوم بألم وضيق صدر وقلة مزاج معتاد نتيجة القلق والأرق,0,22
قلّل توقعَاتك تعيش مبسوُط,0,4
لقيت دانكن بلخط واحسني مبسوط يخوان,0,6
انا مبسوط بالهدوء اللي هنا ده فشخ,0,7
ههههههههههه أنا مبسوط كده😂😂😂🤸🤗,0,4
شعور لايضاهيه اي شعور تحسين الشعر مبسوط اكثر منك,0,9
قلبي مبسوط بحضن حبيبتي وريحة حبيبتي🦋🤍,0,6
والله ي رجالة ال بيحب واحدة وعاوزها بجد وعرف معني الحب الحقيقي معاها ما هيبص لأي أرقام انشالله لو طلبوا بمليون جنيه,0,22
قلبي مبسوط وهيا قدامي ❤️,0,5
امنيتي ان صوتي يكون حلو في الغناء وامس واحد أعطاني الأمل اني أحقق امنيتي وذحين مره مبسوط ومتحمس🔥🔥,0,18
خف العشم وزود شاورما هتعيش مبسوط جدا 😌,0,8
والله مبسوط😭😭😭,0,2
أنا مبسوط إن محدش بقى يفرق معايا 🤷🏽‍♀️,0,8
مبسوط أوي جداً جداً جبت معدل كنت أحلم فيه وبكذا ضمنت ادخل التخصص الي ابغاه 😭😭😭🤞❤️,0,16
أنا بجد مبسوط أوي بكل عزومات و خروجات رمضان,0,9
لا انا مبسوط اوي بجد🥺,0,5
مبسوط اني اسوي الاشياء اللي ابيها وما اهتم حق كلام احد,0,11
أول ما تحس إنك مش مبسوط إمشي لا الدنيا مستاهله ولا أنت ناقص وجع قلب 🦦,0,16
مبسوط جدا يا جدعان والله ❤,0,6
جماعه بجد ربنا ما يوريكوا شر الرغي بتاعي لما بكون مبسوط وفرحان,0,12
بعزك حقيقي انتي حد نضيف جدا وفحالك كده وتستاهلي كل خير مبسوط اني عرفت حد كده,0,16
بيني جايب اي بلس مبسوط اقوى شي كان انا الي جايبتها,0,11
و مين قال إن الواحد يعيش مديوكر رايق و مبسوط ده مش نجاح ده احلى نجاح منها لله احلام الرأسمالية,0,20
الحمد لله دائماً و ابداً الواحد مبسوط انه مش هيلبس الكمامة في البيت خلاص يارب متورنيش اي حاجة وحشة في اهلي,0,21
مبسوط جداً انه زيدان صار يعتمد على بلانكو اكثر من ايسكو,0,11
يا صديقي التويتري انا مبسوط فشخ انك موجود فحياتي ❤️,0,10
حقيقي الواحد مبسوط انه في حياته ناس قمر كده وذوق❤❤❤❤❤❤❤❤,0,10
القلب اذا كان مبسوط حتى الملامح تكون حلوة ف اسعدوا الناس اللي حولكم ❤️,0,14
الحمدلله ياربي أحس قلبي مبسوط للحين قربت للخطوات الأخيره هاانت ياقمّر ❤️,0,12
الواحد كل يوم يقينه بيزيد وبيتأكد اكتر ان الدنيا دى صغيره اوى ومش مستاهله التعب والتفكير دا كله عشان اى حاجه فيها,0,22
حاسس اني مبسوط وخايف عشان ديما الفرحه مش بتكمل 👌🚶🏻‍♂️,0,10
أنا مبسوط إن محدش بقي بيفرق معايا,0,7
الحب مش سبب كافي لإننا نكمل الحب مش سبب كافي لأي حاجة يافرحتي لما تبقي بتحبني بس مش فاهمني بتحبني بس,0,21
أمسك في حد بيسأل عليك من غير مصلحة حد بيقف جنبك من غير ما تطلب حد بتروحله متضايق و بترجع مبسوط,0,21
شكرا اليسا مبسوط اني بسمع صوتك في رمضااان ديما خليكي معانا يا عم سلامتك,0,14
الصدق مبسوط,0,2
أنا مبسوط إن مفيش إيسكو في التشكيلة,0,7
طب برضو انا مبسوط اني ماني متزوج مو بس هما,0,10
مبسوط اوي,0,2
جدا مبسوط على الانتر اتمنى للنادي ذا المزيد من البطولات 💙,0,11
مش هتحس إنك مبسوط إلا لما تكون مع ناس شبهك,0,10
ازاي قطعه من الشكل المثلثي المحشي بالجبن قادره انها تخلي الانسان مبسوط كده,0,13
أنا مبسوط جدا إني بقيت سايب كل حاجه علي ربنا و راضي باي حاجه بتحصل عكس قبل كده كنت بضايق جدا,0,21
أنا أكاد أكون دايمًا مبسوط كان نفسي نبقى اصحاب 😞,0,10
الصورة وحشة بس كنت مبسوط اوي 😂😂😂💔,0,7
احس مبسوط يوم ميلادي قرب😁,0,5
ليه محد مبسوط بمعدلي غيري😭,0,5
هالايام مبسوط جدا,0,3
امبارح كان احسن يوم حرفياً وانام وانا مبسوط واصحى وانا مبسوط بسبب اليوم اللي عيشته حرفيا,0,16
لمّا اشوف جدّي مبسوط بجمعتنا انسى الدنيا ومافيها بضحكة منه ♥️,0,11
انا مبسوط جدا,0,3
فطرت كبدة و سلطة و على الله كرشي يكون مبسوط من اللي بيعمله فيا ده,0,15
هاليومين احس اني مبسوط الحمد لله 🥺❤️,0,7
المستشفي جميله والشغل فيها مريح والناس عساسيل وانا مبسوط جداً ليه بتقول عني كدا 😂💔,0,15
والله الواحد مبسوط من نفسه انه مبقاش يفرق معاه حد ولا يشغله مين موجود ومين مشي,0,16
من دخلت تويتر مااهتميت ب العدد قد اهتمامي ب الناس و المعرفه جداً اهتم اكثر علاقاتي واكون علاقات سطحية واسولف مع الكل عشان كذا مبسوط غالباً,0,26
كنت مبسوطه كل اخواتي بيرحون السوق واجلس بالبيت لحالي❤️ شافوني مبسوط قرروا ياخذوني معاهم💀,0,14
بغض النظر عن اي حاجة بس انا مبسوط ان التايم لاين مبشوفش فيه محمد رمضان او رامز,0,17
زي كل يوم مبسوط😊,0,4
هدف واسيست انا مبسوط,0,4
ابوي مبسوط بالتشيزكيك اللي سويته اكثر مني بس عشان اول مره اسوي شيء كذا 😭,0,15
مبسوط جدًا جدًا,0,3
كابتن اوبر اداني تمر افطر عليه ونزل جابلي مايه من السوبر ماركت وحقيقي انا مبسوط اوي عشان الناس اللطيفه دي هي اللي بتهون اليوم,0,24
لما تحلم حلم جميل و تقوم من النوم مبسوط عشانه,0,10
انا مبسوط 🥺,0,3
رجعت مبسوط 🔥,0,3
صديق الطفوله تخرج انا وايد مبسوط الف مبروك تخرجك ياروحي 😔💙💙💙,0,11
انا ممكن اعمل اي حاجة اي حاجة عشان اشوف اللي قدامي بس مبسوط,0,13
حُلوين اللي يشترو رضاك بعيونهم ويهمّهم إنك تكون مبسوط حُلوين قد الدنيا والله,0,13
مبفكرش اني اخس انا مبسوط اني تخين,0,7
كل حاجه ممكن تحصل مافيش حاجه مستحيله اه صعبه ومرهقه بس مش مستحيله حاول عدلها فيك وهتكون مبسوط اكتر,0,19
مساء الخير الانسان مبسوط😂🤭♥️♥️♥️♥️♥️♥️♥️♥️,0,4
الانسااااان مبسوط جداااا🗣🙈♥️♥️♥️,0,3
الإنسان هيبقي مبسوط ب بيج ماك تستي وكولا لارج وفرايزز كتير الصراحه ♥️,0,13
البنات كلها متضايقين من تريند الميني دريس عشان بتبين جزء من الرجلين والواحد مبسوط الصراحة إنه هيلاقي دريسات طوله من غير ما يحتاج يقص نصها🤸🖤,0,25
يا رب لك الحمد يا رب لك الحمد باقي ماده يوم الاثنين واخلص خلاص ويا رب الحمدلله مبسوط مره,0,19
عارف لم تبقي مبسوط من حاجة بس هي مش منطقيه إنك تكون مبسوط بسببها,0,14
انا جداً عظيم وافتخر بشخصيتي وطيبة قلبي و الأجمل انك تكون سعادة للناس اللي جمبك وانك تنذكر بالخير في حضورك وغيابك,0,21
النوم ده اكتر حاجه حلوه في الكوكب بتروح ترمي همومك في النوم وتصحي فريش علشان تواجه يوم جديد تريح اعصابك وجسمك وتفك,0,22
بكون مبسوط جداً لما اخلي الناس تشك فيا و انا اصلاً معملتش حاجه,0,13
امبارح ناس كتير قالت ليا خسيت كنت مبسوط جدا,0,9
مريح شعور طمأنينية هذه الايام تحس نفسك مبسوط ومرتاح م يزعلك شي ولا تبي تزعل أحد ♥️,0,17
مبسوط بالمطره معايا🥺😂 🐥♥️,0,4
سألني صديقي الزملكاوي وقال لي هو انت مبسوط كده ليه فقلت له علشان اهلاوي ياسيدي علشان اهلاوي ياعم جرب مره,0,20
ماظنش إني كنت مبسوط قبل كده زي النهاردة الحمدلله ❤️,0,10
احححس انا مبسوط 😭,0,4
البيت كله مبسوط كانو ينتظرون معي ولادة صديقتي😫,0,8
عامل الناس بحدود هتعيش مبسوط واللي يقدرك اوعاك تفرط فيه واللي يبيعك اعتبره مش موجود🤞✋,0,15
شعور جبار جداً و انت تشوف أعظم و أكبر أحلامك تتحقق تشوفي أبوك مبسوط أكثر منك و يبيك تتخرجي بأسرع وقت,0,21
فيه شخص بيجي في حياتنا مرة واحدة مرة في العمر بيبقا كل همو يخليك مبسوط ويطلعك برا اللي انت فيه ويخليك احسن,0,22
مبسوط مبسوووط💙💙💙💙💙💙,0,2
عشان تعيش حياتك مبسوط لا ترفع سقف طموحاتك بالاشخاص دايما توقع الاقل,0,12
محد مبسوط من المطر قدي 🤍🤍🤍,0,6
اني ارتب البيت دا بيحسن مودي من ٥ مبسوط ل ٢٠ و مع غسل الصحون و الشفط بيوصله ٥٠,0,19
جميل اوي احساس انك تسيب الكل يتفلق المهم انت تبقى مبسوط و عامل اللي على هواك احساس رائع فشخ,0,19
او لما بجيب حاجه لحد بحبه عامة بكون مبسوط اوي,0,10
مش عارف بس ببقا مبسوط لما بشتري اي حاجه ليا عامة,0,11
أنا مبسوطة لأن صديقي مبسوط وفرحان وسعيد ومرتاح❤️,0,8
يعني الدنيا ضيقة على سعادتي يعني انا مبسوط بشكل كبير جدا,0,11
الانسان مبسوط ب نفسه اووووي ان هو اهلاوي ❤❤❤❤❤,0,9
الانسان مبسوط فشخ وربنا يكتر من اجازات الحكومه 🙈,0,9
مبسوط جدا بفطار امبارح اني شوفت ناس و قعدت و ضحكنا و اتلمينا بعد سنتين مثلا,0,16
والله محد مبسوط كثري الحين,0,5
انا طبعي صعب وعصبي بس عمري م تخيلت ان ممكن واحده تيجي تغير ده فيا واكون بغيره وانا مبسوط مش مضايق,0,21
البني ادم بيبقي مبسوط لما يشوف حد كان واحشه اوي 🥺♥️♥️,0,11
فعلاً فعلاً كنت وحشني جدآ ❤️ وعلشان كده الصدفة جمعتنا 😍 مبسوط جدا اني شوفتك والله ❤️❤️😍,0,17
الواحد مبسوط وفخور بنفسه والله,0,5
احس اني مبسوط,0,3
كنت مبسوط ان التايم لاين جيد,0,6
انا مبسوط بالنزول عشان التخفيضات,0,5
اوكي وصلتني هديه حلوه جدًا وانا مبسوط بالمناسبه,0,8
طبعا ماراح نسمع منك غير الكذب ياحيوان هنيه على تواصل مع فيلق القدس الارهابي الايراني يعني غزه لحقت,0,18
اخيراً والله مبسوط,0,3
أقاوم كل مشاعر السعادة التي تعتريني في هذه اللحظة وتمنع كلماتي من التدفق لأكتب لكِم عن مشاعر الفرح والسرور,0,19
في لحظات الفرح نتذكّر من نحب وفي لحظات الحزن نتذكّر من يحبّنا,0,12
التفاؤل هو ان تعيش لحضات الفرح بكل مشاعرك وتجعل لحضات الحزن تمر مروراً عابراً كأن لم تكن,0,17
اللهم أجعل أيام الفرح قريبه قادمة دائمة🤲🏻,0,7
ان شاء الله الفرح الجاي ابقي انا العروسه 😂♥️♥️🔥,0,9
سَيأتي الفَرحُ تِباعًا فالخير كُله بيدِ الله,0,7
كحك الفرح علياا😂😂😂🙂,0,3
الفرح شوفة معاليكم و أبتسامتكم و ضحكاتكم❤️,0,7
اللهم أجعل أيام الفرح قريبه قادمة دائمة,0,7
غير من نفسك حتى يتغير كل شيء حولك لا تدخل في نقاشات سخيفه لا تجادل في امورك الخاصة لا تتفاعل مع الغيبة والنميمة,0,23
يا سعدنا الآن الفرحُ يلقانا على شكل عيد 🥳❤️,0,9
مساء الفرح والسرور 🌷🌷🌷🌷🌷🌷,0,4
الفرح يلقانا على شكل عيدد ترا قاعده اسمعها,0,8
وأعطني الرضا كأنني أملك كل ما أتمنى وأرزقني الفرح كأنني لم أحزن أبدًا ياربّ,0,14
اول مرة اشعر ب الفرح كدة,0,6
علي سبيل السعادة انا شوفت انهارده اكتر شخص كان واحشني❤❤❤❤❤❤,0,10
السعاده لا تكتمل الا في وجود اللي انت بتحبهم السعاده مش انك تبقى سعيد لوحدك عمرك ما تبقي سعيد لوحدك تشارك سعادتك,0,22
قَد نَسينا أنَّ السعادة ليسَت بالحصول على ما لا نَملك بل هي أن نَفهَم ونُدرِك قيمة ما نَملك,0,18
تتحدث مع الناس كثيراً فلا يتغير أي شيء وتتحدث مع الله قليلاً فيتغير كل شي,0,15
لان الله خلق بني ادم وجعل سعادته وراحته وطمأنينته بقربه منه لذلك كلما قتربت من الله قتربت لك السعاده رغما عنها,0,21
السعادة صوتك ثم حديثك ثم انت,0,6
انا الي اكل بروحي بمكان عام و اكون بقمه السعاده لان محد ياخذ من اكلي,0,15
مسساء السعاده,0,2
انا في قمه السعاده حرفياً يارب بس يكمل علي خير😂💙,0,10
الحمدالله على السعاده 💙,0,4
اللهُم قِطافاً من السعادة وثِماراً من المسرّة وخيراً يُلازم أيامنا ولُطفاً يضمُ جوانب أرواحنا💓,0,14
تدوم السعادة لقلبك وحياتك 🌹🌹😂,0,5
ثق بالله وسوف ترى السعادة,0,5
السعاده بعض الأحيان يكون شخص ♥️,0,6
الف مبروك تتربى بعزك والله يجعلها من مواليد السعاده,0,9
إن السعادة تكمن في متعة الإنجاز ونشوة المجهود المبدع,0,9
الناس الجيدون يعطونك السعادة والناس السيئون يعطونك التجربة,0,8
ليست السعادة أن تمتلك كل شيء إنما السعادة أن يسعدك الله بما أعطاك و يرضيك بما أتاك,0,17
احد عناصر السعادة ان تحب من حولك,0,7
طبيعي فيه أشخاص مكالمتهم تخلي الروح تضحك من قوة السعادة,0,10
شوفتك أعتبرها السعاده بأكملها,0,4
وجود أمي وابوية بحياتي هي هاي السعادة بأكملها ومن دونهم ماكو سعادة ❤️🥰,0,13
انا وحبيبي وتالتنا السعاده💙,0,4
السعادة لا ترحل مع أحد تعلم كيف تكتفي بذاتك 💜,0,10
انوي ان استقبل السعاده بكافة اشكالها,0,6
شفت السعاده يوم عيني شافتك 🦋❤️❤️,0,6
سًر السعًأدهً أنً تشعر أنْ اللهً راضي عنٌك فلاَ تنسًىً ذكًر اللًه لاً إلًهً إلّا أنًتْ سًبًحًانًكً,0,17
هاليوم حرفياً ما أبيه يخلص ياكميّييييييه السعادة♥️♥️♥️♥️♥️♥️♥️♥️♥️♥️♥️♥️♥️♥️♥️♥️♥️♥️♥️♥️♥️♥️♥️♥️,0,7
الفضفضة تجلب السعادة أحياناً,0,4
بعدين الشمس فيها فوايد اولها فتامين السعاده دل😍😍☺️☺️☺️,0,8
طَريق السعَاده سَهل جَدا فقط ابتَعد عنّ اَلذي لا يعرف قيمتك,0,11
الراحة النفسية جزء كبير من الراحة النفسية تجدها في المصالحة مع نفسك أن تتقبّل وضعكَ أياً كان,0,17
اول مرة اشعر بالسعادة كدة انا حقيقي مبسوطة اوي الحمد لله ❤️,0,12
السعادة جداً بسيطة نجدها بفنجان قهوة ☕️♥️,0,7
عيناكَ موعدٍ اكاد لا التقِي السعادة إلا بهما قلبكَ منفى لا اتقُن اﻵبتعاد عنه,0,14
السّعادة هي أن يكونَ لديك شخصٌ يخشى عليگ من الألمِ ويجعلك في أول اهتماماته ويصَغر حجم مشاكلك ويخبرك بِأنّ كلّ‌ شيءٍ لاَ يستحقّ حزنك,0,24
السعادة الحقيقيه هي وجود أصدقاء حقيقين في زمن الزيف♥️♥️♥️,0,9
اللحظة الحقيقية اللي بيحس فيها الشخص ب السعادة لمّا يكون مرغوب فيه وأُموره مهمة بالنسبة لشخص بيحسسك بوجودك وإنك شخص مُميز وبتنحب 😐,0,23
الإنسان قضى يوم في غاية السعادة ❤,0,7
ما حسيت بذي السعاده الا وانا معك❤️,0,7
هو السعادة أصلا,0,3
وجودك يطغى عل كل الأشياء من حولي و السعادة معك توازي الفرح السائد في هذا العالم♥️,0,16
السعادة ممكن تجيلك من أشخاص وفي أماكن ما كنت تتوقعها أبداً,0,11
مساء السعاده والهنا والسرور الابتسامه الجميلة,0,6
إذا ذكرك الله جل شأنه فمن ذا الذي يضرك🤲 آية تلخص لك كل أسباب السعادة والطمأنينة والسكينة,0,17
اللهم في هذا اليوم اكتب لي السعادة و الرزق وأبعد عني كُل مايضرني اللهم أنت أعلم ونحن لا نعلم اللهم يسر امري,0,22
من اكثر الاشياء اللي تسعدني حيل لا دق علي شخص عزيز علي يتطمن علي وفي نهاية المكالمه يدعي لي دعوه,0,20
اوووه اشياء كتيير احبها ببساطة كل تفاصيل حياتي احبها وممتنة لها احب كل شي يتقدم لي واحب اقدم لغيري كل شئ,0,21
مساء السعادة,0,2
مساء السعادة والجمال عليكي ياقمر,0,5
في قمت السعاده فيصل,0,4
مَسآءٌ آلسَعآدةِ آلدَائمة لِقَلبك🌹,0,4
مساء السعادة والسرور ارحب اخوي سعود 🌼🌼🌼,0,7
لو ما يكون العقل مرتاح ما يرسل السعادة للقلب العقل للتفكير والقلب للتنفيذ,0,13
لا العقل ولا القلب مسؤل عن السعاده المسؤل هو البطن طول ما نتا جعان مش هتعرف تفكر فالسعاده وبطنك هتمغص وقلبك هيوجعك من الجوع,0,24
مساء السعاده والهناء لقلبك مغرده,0,5
من فرط حبي لها احس قلبي يبغى يعطيها كل السعاده الموجوده ف العالم,0,13
لك النصف من ميراث السعادة إن لم تحسد أحدًا ولك تمامُه إن كنتَ تود الخير لغيرك♥️,0,16
الله كما خلق الحزن خلق السعاده فاللي متاكد منه بعد العسر يسر باذن الله 🤍,0,15
فديت قلبك يا وسن لروحك السعاده طول العمر,0,8
السعادة لقلبك وحياتك يارب,0,4
يا مالك الملك وكلتك أمري واستودعتك همي فبشرني بما يفتح مداخل السعادة إلى قلبي,0,14
العطاء دون طلب يكون أعظم والمحبة دون تردد تكون أروع والصداقة دون مصالح تكون أصدق🙏🏻 مساء السعادة 🌹❤️🌹,0,18
مساء السعادة والتفاؤل والجمال,0,4
السعادة الدائمة لقلبك الطيب,0,4
انا و حبيبي و ثالثنا السعاده 💙💙💙,0,7
مساء السعادة لقلبكي يالغالية 😍❤️,0,5
إن المرأة والزهرة توأمان يضفيان السعادة والبهجة على الكون بأكمله🤍💙,0,10
مساء السعاده والورد وراحه البال لقلبك ونبضه🌹🌹🌹,0,7
السّعادةۃ هي أن يكونَ لديك شخصٌ يخشى عليگ من الألمِ ويجعلك في أول اهتماماته ويصَغر حجم مشاكلك,0,17
وانتي من اهل السعاده,0,4
الصبر مفتاح السعاده ولتكن في سجاده انفض كل من عليها وفيها وسترحل بلا عوده 👌🏻,0,15
رؤيةُ أمكَ سعيدة تكفيكَ لترى كُل مَعاني السَعادة 💖💗,0,9
اللهم افتح لمن ساهم في السداد باب رزقٍ لايُسد وبارك له في ماله وعياله ومد في عمره وافتح له باب السعاده وراحة البال,0,23
هنالك من يجيد اختيار الوقت ليرسل كلمات تنتشلني إلى الابتسامة وخفة في روحي ❤️ الحمدلله على نعمة الأشخاص الذين يبثون السعاده في أرواحنا,0,23
الله يديم السعاده في حياتك,0,5
اللهُم اجعل قادم الأيام عوضًا عما فات يحمل لنا الخير في كل ما قُدّر لنا أيامًا تحفها السعادة والبركات♥️,0,19
مساء السعاده لقلبك 💐,0,4
ربي اوصيك بقلبها اللطيف فاسعدها بكل ماهو جميل من عندك اللهم اكتب لها السعاده الدائمه وابتسامه لا تغيب وقلب لا يحزن,0,21
❦ اتريد ✺السعادة تبحث عنها لم ✵تجدها انت تبحث في الطريق ↜الخطأ انت ❀تبحث عنها في متاع الدن,0,18
من أسباب السعادة أن يكون لديك عيناً ترى الأجمل وقلباً يغفر الأسوأ وعقلاً يفكر بالأفضل وروحاً يملأها الأمل ✨♥️,0,19
نفسي احضن اهل غزة حضن كبير واجيبهم واحميهم واطمنهم واخليهم مطمنين ومرتاحين بأرضهم نفسي اعطيكم كل السعادة والراحة,0,18
السعاده شعور لكن بعض الاحيان شخص💙,0,6
السعادة لقلبك وحياتك,0,3
انا لا انكر اننا نمر بازمة فد تكون وجودية انما الامل والايمان بالله يبقيان هم الدافع لتحمل هذه الازمات,0,19
الخير كُله بيد الله عش الأمل وتفاءل واحلم بغدٍ مشرق,0,10
عندما تصيبنا نوائب الدهر وتكسر مجاديف الأمل فينا فإننا نهرب إليك لأنك الأب الذي لا نشعر بالأمان إلا بذكره,0,19
افتح شبابيك الامل وطرد إلياس وضحك ترى سر الحياه إبتسامه,0,10
كن مع الثورة لانها الامل الوحيد للخلاص,0,7
المقاومة الفلسطينية أعادت الأمل لشعوب كانت محبطة غزة تنتصرللقدس,0,9
قال الله تعالى فما ظنكم برب العالمين هنا الأمل الأمان العطاء الرحمة الحب السلام سيجبر الكسور,0,16
انت الورد يا إبني وانت الأمل و المستقبل,0,8
فلسطين حره ولو بعد حين لن نفقد الأمل,0,8
لا تفقد الأمل ابدا ستأتي الاشياء الجميله قريبا🤍,0,8
الحياة ماتمشي بدون الأمل الكثير مننا يعيش في هذه الحياة وهو لديه أمل ويسعى إلى تحقيقه,0,16
دائما هناك امل,0,3
لا يزال هناك امل,0,4
لدينا امل وهوا شرف المحاوله,0,5
ماذا أهديكى غير قلبي الذي أحبك أأُهديك عيوناً أنتى ساكنها أم أهبك روحاً أنتى مالكها هل يكفيكى ماتبقى من عمري,0,20
ابتسم فربما تجد من يرى في ابتسامتك امل لكي يكمل وينهض على قدميه من جديد فالابتسام قد يكون دواء للالم,0,20
انا نصراويه ومشاركه معك كثير بس م قد حالفني الحظ 💔 ع امل ان ربي يوفقني هالمره 🙏🏻,0,18
إنْ مَسنَا الضُّرُ أو ضاقت بِنا الحِيّلُ فَلنْ يَخيبَ لنا في رَبنَا أمَلُ وإنْ أَناخَت بِنا البلويٰ فإنَّ لنا رباً,0,20
في امل,0,2
كمية أمل و طمأنينة كبيرة والله♥️♥️,0,6
عندي أمل,0,2
ما في اشي بريح النفسية والروح الا القرآن وهاد رأيي انا,0,11
أخلُق لنفسِك أمل لا تترك أي وجع يتغلب عليك وينتزع الفرحه مِن ملامحك الجميل أخلق في نفسُك القوه التي تجعلك تواجه كُل الصعاب,0,23
قدامي شهر ع الامتحانات وخلاص الكل لم منهجه وانا لسه بكتشف الكميا وع امل ان حاجه تتلغي,0,17
لا لسا فيه امل اني اكمل دراسه معليككك 😭😭😭😭😭😭😭,0,9
دائما هناك أمل للغد ان شاء الله يكون لنا نصيب,0,10
وعلى خبرك تمل النّاس من هالناس وأنا ما أملّ وأنتظرك,0,10
عالعموم ما زال هناك امل,0,5
في طلتها بصيص أمل تضئ به نفق مهجور ملئ بالجحور فحيح الأفاعى وهى تغضب وتثور صوت عذب يبحر في نفق العجائز,0,21
قمراً أطلَّ على الزمانِ كأنه أمل الحزين وبسمة المتأملِ 🖤,0,10
ع امل انة ينفع,0,4
تصبحون على أمل و حب و سعادة و أقداراً جميلة 🧡😴,0,11
طموح شغف أمل حياة وسوف تصل,0,6
للحين عندي امل تنقلب وتصير لنا اففف يالشعور لو تصير😩,0,10
كويس لسا في امل ☹️💙,0,5
انت امل اطفال غزّة يا جبران🍊,0,6
ع امل انه يكون بكرة يوم سمح,0,7
دَآئِماً هُنَآكَ أَملٌ يَهمِسُ لَنآ أَنْ فِي الْغَيّبْ شَيءٌ جَمِيلْ,0,10
لا فيه امل,0,3
دائماً هناك أمل وإن أُغلقت كل الأبواب في وجهك لا تنطفىء من خيبة أو عثرة ستفرج وإن طال انتظارك ستفرج وترى أحلامك واقعاً أمامك 🙏🙏🙏,0,25
لعل من كل هذا الألم يولد أمل لعلها خيرة,0,9
كلي امل فيك,0,3
وانا يا أمي وإن ملّوا من دعاءهم لكِ انا لن أمّل وسأبقى بنتكِ التي توصلك بدعائها دائمًا 🕊,0,18
لسا في امل,0,3
ثق بأن الله ألطف من أن يحزن قلبك ثم ينساه وأكرم من أن يعطيك حزن طويل لا يعقبه فرح الله أعظم من أن يزرع في قلبك حزن,0,27
يا رب و انت بتوزع العوض وجبر الخواطر على عبادك وزع علينا فرحة وراحة بال تشبه كرمك ❤,0,18
عيونك فيها فرحة ✨,0,4
انقضى مُعظم الدرب وأصبحت فرحة التخرج أقرب,0,7
الواحد يبقا قاعد ف الأوڤر ثينكنج العميق فا يجيله رسالة حلوة من ناس حلوة فيها كلام حلو فا يفرح فرحة مكانش عامل حسابها,0,23
فرحة الكأس ان شاء الله 🤲😍,0,6
ربنا يراضي قلبك ويجبر بخاطرك دايما ويفرحك فرحه حلوه زيك كدة ❤️😘,0,12
كل عيد وانتي عيدي انتي فرحة الدنيا يا ساكنه بِوريدي احضني قلبي بين ضلوعك واستوصي به خيراً وزيدي ♥️,0,19
اللهم فرحة ردّة فعلها سجدة,0,5
جابك الله في زحام العمُر فرحه 🤍,0,7
يارب فرحه بالذهب,0,3
اللهم فرحه لم تكُن فِي الحُسبَان بحجم كرمك و لطفك,0,10
يااارب فرحه ياكريم,0,3
يارب لاتكسر لنا فرحه اللهم الهمني الامل الهمني القوه لاجل العوض,0,11
يارب فرحه يارب تجبر الخاطر يارب توفيقك يارب ارزقني من حيث لا احتسب يارب يارررب,0,15
اللهُمَّ فرحة يعجزُ القلبُ عن وصفَهاَ 💛,0,7
ياااارب فرحه وجبر خاطر ياااكريم,0,5
في هذا العيد غزة منحت العيدية لكل الشعب العربي ✌🏻❤ عاشت المقاومة لا للسلام ✌🏻 فرحةالعيد,0,16
‌ت✿◕‿◕✿م ･ ﾟ｡･ﾟ✿｡❥ اللهم فرحة لم تكن بالحسبان ♥️♥️,0,9
يارب ارزقنا فرحة,0,3
يارب أيقضني على فرحة لم تكُن بالحُسبان وتحقيق أمنيات ظننت أنها مستحيلة,0,12
اللهم أرزقني الخبر المفاجئ الذي أسجد فيه سجود شكر أبكي فيه من سعادتي يارب حقق لي ما ارجوه,0,18
يارب فرحه يارب,0,3
لو في ايدك تفرح شخص فرحه لو في ايدك تعمل حاجه تفرحه اعملها حتي لو كلمه دي الكلمه الطيبه صدقه,0,20
مفيش احلي من انك خلاص وصلت لحاجه كنت عايزها فرحه النجاح بنفسك مفيش احلي منها والله,0,16
جت وكنها فرحة العمر السعيد تكبر و يكبر غلاها والله حق🤍🤍,0,11
والعيد فرحه هيهيهيهه💔,0,3
لا تخلي فرحة العيد تنسيك الدوام بكره 🙃,0,8
يا فرحة قلبي والله بالخبر الجميل الحمدلله 🥺😢🤍🤍🤍,0,8
فرحان انى خلصت ماده,0,4
احس بطيييييييييييييييييير من الفرحه يارب يارب يارب,0,7
قلوبنا بسيطه جداً لو زارتها الفرحه ننسى كل لحظه سيئه إستوطنتها♥️,0,11
يوم السعد لعايلتنا أول حفيد وصل لنا شعور الفرحه المنتظره وأخيراً صرت خاله للمرة الاولى الحمدلله على ماوهب ل أختي,0,20
اذا كانت الفرحه في قلوب الاخرين تُسعدك فأنت انسان,0,9
مثل الورد تسُعد القلب وتزرع الفرحّه 🤍,0,7
تعرفوا معنى الفرحة مش سيعاني ❤️❤️ الحمدلله الحمدلله يارب ❤️❤️❤️,0,10
الفرحه موطبيعيه 💚💚💚,0,3
ايوالله طاير من الفرحة 😭😭😭😭,0,5
انا جاني عشرين لايكات مانمت من الفرحه,0,7
الفرحة مش سيعاااااني 😭😭😭♥️♥️♥️♥️♥️♥️♥️,0,4
الفرحه مش سيعاني,0,3
انعزمت على عرسهم يناااسس عرسهم اهخ الفرحه مش سيعاني,0,9
انتي فاكره انك لمه تعمليلي لايك هفرح لا طبعا دا انا هموت من الفرحه,0,14
الفرحه الي تجيني إذا ضحّكت أمي وأبوي ماتقدّر بثمن,0,9
الفرحه مُش سيعتني والله,0,4
ان ربنا بيبعت لنا اشخاص جميله تفرحنا من غير اي شعور او توقع دى حاجه جميله نحمد ربنا عليهاحتي لو الفرحه دى بسيطه جدا💙💙💙,0,24
قلبى نط م الفرحه ان شاء الله عما قريب بأذن الله,0,11
من كثر شعور الفرحه لزوز غرت عليها ياربي خلصت دموعي يحق لي اقول لها نيالك انتصر الحب اخيراً 💗💗💗💗,0,19
شكراً للصديق المجهول قلبي طاير من الفرحة وأخيراً كتاب وصل لعندي❤️❤️❤️❤️❤️❤️❤️❤️,0,11
معك تملاني الفرحه وتسبقني الضحكات🤍,0,5
عن الفرحه الي بقلبي,0,4
احسني بطير من الفرحه اخيرااا,0,5
مش قادره أوصف كم الفرحه والفخر اللى أنا فيهم بجد😭❤️❤️❤️❤️,0,10
عوّد نفسك على الفرحة حتى تعتاد هي عليك أشعر نفسك بِالأمل حتى تجد الدنيا بين يديك أفرح بما لديك حتى يأتيك أكثر مما تتخيل,0,24
مش عارفه ليه اما بشوف حد بحبه جسمي بيترعش من الفرحه,0,11
منو الفرحة ما سايعته مثلي لأن رح ترجع الثورة😁 أحس رح يجي العيد لازم نحضر ملابس التظاهر,0,17
الفرحة عظيمة🥵🥵,0,2
طاير من الفرحة طاير,0,4
في هذي اللحظه أحس أن الدنيا مُش سيعاااااااااني من الفرحه😭😭🤍🤍🤍,0,10
من كثر الفرحة ضغطت على اللايك مرتين 😂,0,8
الله ع الفرحة اللي انا فيها 🥺🥺,0,7
طيب عايزه اعيط من الفرحه,0,5
جانا العيد و حمدنا الله على الفرحة تجدد كل امانينا💖,0,10
ياه علي الفرحة دي اللي أنا فيها يوم بالدنيا دي ولياليها,0,11
الفرحه حلوه يولاد والله,0,4
الفرحه مُش سيعاني والله🤍🤍🤍🤍,0,4
الفرحه مش سيعاني مبسوطه جدا جدا جدا الحمد لله ❤️❤️❤️,0,10
من الفرحه عورني قلبي 💃🏻💃🏻💃🏻,0,5
فرحة العيد جميلة تتصافى فيها القلوب وتتجدد فيها الحياة وتكثر فيها الزيارات ويتجمع فيها الاخوان والأخوات والابناء,0,17
أنا من الفرحة عاوزه اقوم اكسر كل حاجه 😭💗💗💗💗,0,9
من الفرحة كل شويه اسوي سبيد تيست,0,7
وايد وايد متحمسه اني بروح اعتمر بعد عشر ايام احس الفرحه مب واسعتنييييي وبجهز دعاوي لا تعد ولا تحصى حق الفلسطينيين و اهلي,0,23
تستاهلون الفرحة,0,2
طاير من الفرحه طاير وقلبي على نار ناطر ❤️,0,9
هي مش اول مرة انزل المستشفي بس المرادي بما أنه سكشن جراحه وكدا حاسه اني متحمسه زي اول يوم كليه وطايرة من الفرحه,0,23
الحمد لله على العافية وعلى الفرحة التي نستشعرها على العائلة والمحبة والألفة على الأصدقاء,0,14
الحمدلله ان شعور الفرحة في ايام العيد ثابت مهما كبرت تبقى بنفس اللذة كل شيء فيها يسرّ القلب من لمّة الأهل لين ريحة العود,0,24
طبيعي اني دمعت من الفرحه الله يسعدهم,0,7
اول مره احس بذي الفرحه من مكالمه,0,7
احساس حلو بالنسبالي لما بغير علي حد بحبه بجد ببقي بعدها مبسوطه برغم اني ف وقتها ممكن اهد الدنيا بس نظره الفرحه اللي في عينه بتبسطني,0,26
برجعتك الفرحة استوطنت قلبي,0,4
مش حكون متخيل كمية الفرحة ازا كان كل غزة هدووء الليلة,0,11
بقربك أعيش الفرحه بدون حدود و أحبك حب أكبر من مدى ظنك❤️,0,12
ماما حكتلي هلأ انها مخبييتلي مصاري الجامعة وهاد يعني انها موافقة اسافر لانه المبلغ الي خبته هو المبلغ الي بدها اياه فرحة,0,22
و الفرحه اللي انا حاسس بيها دي كلها ليك😂😂♥️♥️♥️,0,9
هدف بيل الدبل من كثر الفرحه والله ماكنت قادره استوعب اذا الي شفته صدق ولا اتوهم,0,16
والله توني قايم قعدت اكتب ويدي ترجف من الفرحه 😭💛💛,0,10
كل حاجه منك حلوه عالقلب عندي حتى التفاصيل البسيطه كبيره الا غيابك يقلب الفرحه ضدي ويخلي هالدنيا في عيني صغيره,0,20
الفرحه فرحتنا 💅🏼,0,3
لم كنت ف عمر 12سنه قابلت الكابتن محمد ابو تريكه والكابتن محمد بركات ف التتش ف سألته ع محبتي الجماهير له عشان لم اسير لاعب مشهور اعمل زيه قالي خد لكره رساله والملعب ميدان الرساله بتاعتك وقبل ده كله اجعل الفرحه صدقه لله,0,43
اخاف إذا تزوجت تجيني رعشه واطيح بجنبها من الفرحه 😂😂😂😂😂,0,10
الفرحه مش سيعاني وعامل ميوت😂😂😂😂,0,5
الفرحه الحاليه ما تُقدر بثمن😔♥️♥️ الحمدلله,0,6
الف مبروك عالبطولة تستاهل الفرحة ❤👑💚,0,6
من قلبه طالعه الفرحة ههههه,0,5
رزقك من الله قبل لا تجمع وتطرح مقسوم دامك سعيت ومتّكل بالله مهما تضايقت ب يجي يوم لك تفرح الفرحه اللي تنسّيك التعب كلّه,0,24
تحييني برنة شوق من الفرحه تزلزلني ❤️❤️❤️,0,7
قمة الفرحة انه اول مره كانت نشوف فيها صورة جدي الاكبر خليل في كتاب للغة العربيه للصف الخامس او السادس,0,20
الله يديم العلاقات ويبعد عنا الحاسدين وتكمل الفرحه بزيارتي لدوحه,0,10
على طول بسافر فيها الكويت وتصير الفرحة فرحتين ☹️❤️❤️❤️,0,9
ياليل عدو الفرحه,0,3
صوتُك يحررُ قلبي من أغلال الحزن ويُقيد الفرحة بداخلي ♥️,0,10
الفرحه فرحتين عيد ميلادي وفتح السفريات,0,6
ربنا يبعد الحزن عن قلبك و يشرح صدرك ويرزقك الفرحة والخير,0,11
ليلي قمّري الفرحه اللي ف عُمري ♡︎,0,7
الفرحة لفرحة غيرك شعورها غييييير 💛,0,6
والله اني ابكي من الفرحه واصلي ١٠٠ ركعه لله,0,9
كل حاجه منك حلوه على القلب عندي حتى التفاصيل البسيطة كبيره الا غيابك يقلب الفرحة ضدي ويخلي هالدنيا في عيني صغيره,0,21
من فرحتي فرحتي تهت مع الفرحه,0,6
هموت من الفرحه عشان علولو,0,5
اليوم من الفرحة شكلي ما أنام في الليل 😍🥺🥺💛,0,9
احلى هدية وصلتني اليوم من الجنوب 🇱🇧 الفرحة 🤩,0,9
البوم وصلللل و احسس بموت من الفرحه ما صدقت راح يجي بدري كذا 🥺🥺🥺💞💞💞💞🥺🥺💞💞,0,14
طاير من الفرحه طاير ❤️,0,5
و الله أنا زغردت من الفرحة,0,6
اممممم مع الفرحة نسيت 😔 اليوم فيه اخبار طيبة ان شاء الله,0,12
شعوري حاليا مثل شعور أم كلثوم لما قالت من فرحتي تهت مع الفرحة من فرحتي لا بنام ولا بصحى😭❤️❤️❤️❤️,0,19
ططاااقه ايجججابيه ما تتخيلونها يارب تكمل الفرحه❤️❤️🙌🏻,0,7
😭❤️😭❤️😭❤️😭❤️😭❤️😭❤️😭❤️😭❤️😭❤️😭❤️😭❤️😭😭 الفرحه مش سيعاني,0,4
انت الفرحة ياخي🤍,0,3
مبروكين وان شاء الفرحه ف اللعبه الشعبيه كرة القدم⚽️,0,9
كنت فرحانه عشان وصلت 85 الله يكسر يدك يلي سويت انفولو ياعدو الفرحه,0,13
بعض الاحيان الفرحه ماتكون خاصه لنا تكون ع شكل صاحبي ابتسم فرحته فرحتي,0,13
طاير من الفرحه طاير💜,0,4
ولكِ موعد قريب مع الفرحة التي تنتظرينها❤️,0,7
سويت حاجة حلوه جدًا وانا سعيده بهاللحظة وحسيت لو يدري ابوي بس بيدمع معاي من الفرحة,0,16
صارت الفرحة احلى,0,3
الف مبروك يا صاحبي ربنا يتمملكوا على خير عقبال الفرحة الكبيرة ♥️♥️,0,12
دمعت من الفرحة تخيلوا نمت من ساعه ١١ الصباح وتوى اصحى بدون بندول نايت بعد😭❤️,0,15
ما تعرفوا كيف متحمسه اني باخذ اللقاح😂😂😂🥺🤍 احس ودي اسوي بارتي من الفرحه😂😂,0,13
في هذي اللحظه وهذي الدقيقه أحس أن الدنيا مُش سيعاني من الفرحة 🥺😭🤍🤍🤍,0,13
الفرحة مش سيعاني دا حبيبي جاني💙💙,0,6
ان شاءالله الفرحه تكمل معك,0,5
لي اربع ايام انام 7 اليوم من الفرحة نسيت النوم اعتقد حان وقته استمروا بالفرح طول الليل شيفت الصباح ازهلوه عندي💛,0,21
عمري ما حسيت الاحساس ده ومعرفش ليه قعد اعيط اول ما شفتها وشلتها وبجد وكأنها بنتي مش بنت اختي كميه الفرحة والسعادة,0,22
فديو التخرج مالتنا صار جاهز واني حطير من الفرحة😭♥️,0,9
والقادم افضل باذن الله الان ندعم فريقنا الدوري بمشيئة الله يكمل الفرحه,0,12
الأجابه المنطقيه لاى حاجه 😄😄اللي ينور وش اى حد ويخلي عيونه تلمع كدهون من الفرحه الفلوس 😄,0,17
تأتي الفرحة عندما نؤمن أنها سوف تأتي📮,0,7
بس اهم حاجه علولو في القائمه هموت من الفرحه 😊😊😊,0,10
الحقيقة تجلب الفرحة والهدوء,0,4
تعبنا والله عايزين نشوف ثمرة مجهودنا يارب النصر من عندك الفرحه اللي منتظرينها,0,13
علولو في القائمه يا جدعان هموت من الفرحه,0,8
الفرحة مُش سايعااانيييي,0,3
شعور هالليلة طاير من الفرحه طاييير ❤️ خطوبة اخوي بتؤام قللبي ❤️❤️❤️,0,12
نطيت من الفرحة لما شوفت علي معلول مسافر مع الأسكواد ولا يوار نورمال,0,13
تسلمي لي يا بت عمي❤️ خلصنا عليهم الفرحة مش سايعاني يا بت عمي😭😭♥️,0,13
خلتني اطيح على وجهي من الفرحه 😭,0,7
بمناسبة أعاده فتح جسر المحبه بعد غياب طويل اللهم ادم هذه الفرحه,0,12
بعد الفرحه الكبيره وتحليلها حان وقت النوم تصبحون على خير يا اصدقاء💛,0,12
من الفرحه طاير,0,3
خل عندك يقين وايمان قوي بربك ان راح يستجيب دعائك وربي راح يستجيب ويعطيك اكثر من الي تتوقعه💗 يارب كل مسلم يسجد باكيا من الفرحه,0,25
قعدت اعيط من الفرحة واغنى اغانى الاهلي بصوت عالي واتنطط كانت احلي ليلة😍😍😍😍❤❤❤,0,13
الله يطمن قلبك والله يرزقك الفرحة,0,6
الحمدالله على شعور الفرحه صرت خاله للمره الثالثه ومافيه احلى من هالشعور🥺🤍🤍🤍,0,12
طلع امتحاني ب ٢١ الشهر بحس رح ابكي من الفرحة,0,10
الحمدلله على الفرحه 😍😍,0,4
الحمدلله الذي بنعمته تتم الصالحات مافيش دوام ذا الاسبوع الفرحة ↗️↗️↗️,0,11
الحمدلله ايماً أنس أسامه هو مفتاح الفرحه الزمالكاويه,0,8
لو تمت صفقة الشناوي للنصر قسم ممكن تصيبني هيستيريا من قوة الفرحه يخوان قسم بالله افضل حارس عربي,0,18
طاير من الفرحة طااااير 🕊,0,5
💓الفرحة مش سيعاني ياجماعة,0,4
الحمدلله على شعور الفرحة المُنتظرة سلمت روحٌ أنجبت و سلمت روحٌ على الدُّنيَا أقبلت صرت خاله لأحلى مولود 💙💙,0,19
ياااه الفرحة دي اللي انا فيها 🫀💙💙,0,7
مثل الورد تسُعد القلب وتزرع الفرحّه❤️,0,6
طلته القمر وضحكته قادره تخليك طاير من الفرحه بلا سبب😊,0,10
ههههههههههههههههههه 😭😭 حتى أنا فرحانة بس الفرحة ناقصها تواجده,0,9
طايره من الفرحه حالياً❤️❤️❤️❤️❤️,0,4
دووووم الفرحة يارب 💜💜,0,4
اوف ي الفرحه,0,3
ان شاء الله سبعوضك العوض الجميل وستأتى الفرحة التى تبكى عينيك فرحا ❤❤ ان مع العسر يسرا المهم نورتى يا قمر 🌹🌹❤,0,22
وربي اكثر صفقة مت من الفرحة والضحك فيها,0,8
احساس الفرحة الي حسيته و انا داخله الجيم النهارده مفتقداه بقالي حبه 😍 الحمد لله الذي يسر لنا هذا بلا حول منا و لا قوه ❤️,0,26
ذكرى ما انساها ابدا كانت وحده من عماتي الله يرحمها تعايدنا كل عيد ب ٢٠٠ ريال وحنا اربع خوات كل وحده ٥٠ كانت الفرحه,0,24
انا طار النوم من راسي والله من الفرحه احس كاننا ماخذين بطوله 💛💛الله يسعدك يابو فهد مثل مااسعدت كل العالميين,0,20
حتى العرسان خرجوا في يوم عرسهم لنصرة فلسطين لتكون الفرحه فرحتان,0,11
معك تملاني الفرحه وتسبقني الضحكات,0,5
من قوة المباركة دمعت عيونه من الفرحه😔♥️,0,7
ولأول مرة ابكي من الفرحة 😭😭😭♥️♥️♥️♥️♥️♥️♥️♥️,0,6
قلبي من الفرحه بيطيير🥺🤍🤍,0,4
صدق الفرحه مُش سايعتني و قلبي مبسووط لابعد حد الحمدلله❤️❤️,0,10
الفرحه مش سيعاننننني 🤍🤍🤍,0,4
الله يبارك فيك 💙💛 الفرحه مش سيعانا,0,7
ياررررررب كمل الفرحه فرحتين ياررررب,0,5
ما أبالغ لو قلت ان الفرحة مو سايعتني,0,8
كُنت مستنية الفرحة دِي من زمان♥️,0,6
هالفتره جالسه ابحث عن الاميره ديانا كثير ماعرف ليش ورحت شيكت على برجها طلع نفس برجي واحس اني بموت من الفرحه,0,21
من الفرحة خرفت,0,3
والله توي صاحي من النوم وافتح ستوري عكاز في الانستا واطير من الفرحه 😂😂😂😂😂,0,14
الفرحه مش سايعااااني 💖,0,4
ما قدرت اتجاوز كمية الفرحه 😊,0,6
مع العيد الفرحة العيد الواحد يتمنى انه كل يووم عييد,0,10
تستاهلون الفرحة بالتوفيق,0,3
طاير من الفرحه طاييير 🤍,0,5
الدنيا مش سايعتني يا أصحاب أنا طايره من الحب وبحس الارض مش شايلتني من الفرحه ❤️,0,16
كل يوم الفرحة بتزيد بيك يا احمد لأنك مخلص لعملك ومهتم بأتقانه رغم الظروف السيئة المحيطة بينا مبروك الكتاب الجديد,0,20
الله يبارك فيكم الفرحة مليون واخيراً فزت😍😍😍😍😍🎉🎉🎉🤩🤩🤩🤩,0,7
والله من الفرحه طيرت النوووم,0,5
اخخخخ وربي قلبي يرقققع من الفرحه💔💔💙,0,6
بحسه مصدر الفرحة بتفائل به 😂😂,0,6
وتأتي الفرحه عندما نؤمن أنها سوف تأتي,0,7
حاسس ان قلبكوا هيقف من الفرحه و هتموتوا مش هتلحقوا الاجازه دي,0,12
احس الفرحه مش سيعاني,0,4
اللهُم الطمأنينة اللهم البشرى اللهم الفرحة الغامرة والرّضا التام واليقين الدائم اللهم أطيب الأشياء وأثمن اللحظات وكلّ الأمل😍,0,18
الله يبشرك بكل ماهو يسعدك دكتور ونسأل الله تعالى أن يديم علينا وعليكم الفرحة 🌹🌹🌹🌹,0,15
انهاردة فرحي وانا هموت من الفرحة,0,6
اليُوم يُوم الفرحه 💔💔❤️❤️❤️❤️❤️,0,4
اضحك للدنيا الفرحه هتيجي في غامضة عين,0,7
عوّد نفسك على الفرحة حتى تعتاد هي عليك وأشعر نفسك بالأمل حتى تجد الدنيا بين يديك,0,16
الفرحه المنتظره 🔥♥️,0,3
كأنك بابا نويل الي يمشي وينشر الفرحه على اوجه الاطفال,0,10
ماتتخيلوش الفرحه اللي ببقي فيها لما الاقيها عملت سين للفليتس بتاعتي ياولاد😂😂❤️❤️❤️,0,12
يالله بموت من الفرحه أخيراً والله إشتقت لهم,0,8
انا فرحي قرب وإن شاء الله الفرحه تبقى فرحتين الفرحه الأولى رجوعنا والفرحه التانيه يعملوا حظر علشان اوفر تمن القاعة,0,20
اي والله يحق لكم وتستحقون الفرحه😞,0,6
تم يارب اجعل لي نصيب من الفرحة وارزقني,0,8
ههههههههههههههههههههههههههههههههههههههههههههههههههههههههههههههههه ضحكت من الفرحة,0,4
والله الدنيا مو شايلتني من كثر الفرحة😭,0,7
أحس الراحَة لي في قلبي والفرحَة اللي من غير سبب محلّتني وايد 🥲♥️ الله يديم الفرحة و يرزقنا أضعافها يارب,0,20
بطيررررر من الفرحة اخيراً,0,4
يارجال من قوة الخبر قمت اشرب لبن من الفرحه,0,9
طاير من الفرحه طايرر,0,4
الفرحة مُش سايعاني وربنا 🥺🤍,0,5
معك تملاني الفرحه و تسبقني الضحكات,0,6
بغيت اطير ولا اقع من الفرحه طاير من الفرح طايررررر 💃🏿💃🏿💃🏿💃🏿💃🏿💃🏿💃🏿💃🏿💃🏿💃🏿💃🏿💃🏿💃🏿💪💪💪💪💪💪💪💪💪👏👏👏👏👏👏👏👏👏👏👏👏👏👏الحمد لله,0,12
نقزت من الفرحه 😍,0,4
من الفرحة ودي أولع نفسي و أرقص عند الجيران 👍💙💛,0,10
طاير من الفرحه طاير 💛,0,5
ياشعور الفرحه💙💙💙💙💙💙,0,2
😂😂😂😂😂 ونا توي اقوم من النوم يرجل من الفرحه قمت اتغدا ونا متغدي اصلا😂,0,14
محتاجه نجار ينشر الفرحه جوايا,0,5
طااااااير من الفرحه طاير 🧚🏻‍♀️,0,5
أتابعه ب صمت وأخشى غيابه وتغمرني الفرحه لا شفته يغرد,0,10
رغم الفرحه لكن النوم موجود💔,0,5
يا هو شعُور الفرحة اللي ب قلبي أحس الدنيا مُش سيعَاني❤️❤️,0,11
😂😂😂😂😂😂😂😂😂يخربيت الفرحه,0,2
احس ببكي من الفرحه يارب تقول عادي,0,7
اقسم بالله اقوى من فرحه صفقة موسى مبروكين نصراويستا تستاهلون الفرحه,0,11
من قوة الفرحة انا للآن مش مصدق ومش مستوعب 🤣🤣🤣😂😂,0,10
ياه على الفرحة دي اللي أنا فيها🥺,0,7
الفرحه مافي مثلها,0,3
الفرحه مش سيعاني وانا مخلصه حجري و طالعهه,0,8
من الفرحه لخبطت الدنيا,0,4
ولكِ اشباهٌ بالحياة ثلاث الفرحَه والغِيم والوّرد,0,7
اكتملت الفرحه 😂,0,3
اللَّهم الطمأنينة اللَّهم البشرى اللَّهم الفرحة الغامرة والرّضا التام واليقين الدائم اللَّهم أطيب الأشياء وأثمن اللحظات وكّل الأمل,0,18
من الفرحه بروح اعيدها من البدايه🫀💘,0,6
قد تكون الفرحه ليست جائزه فكلمة جبر خاطر او ابتسامه منك لشخص ضاقت فيه الحياه فالحياه تريد منك الكفاح,0,19
تستاهل الفرحة,0,2
لا تسعني الفرحة,0,3
طاير من الفرحه طااااير قلبي على نار ناطر❤️,0,8
من الفرحة مو عارف وش يكتب 😂😂😂😂,0,7
كُل الفرح مُختصر بكونك خَريجتنا الحُلوه فخوره وجداً فيكِ يارب أجعل الفرحة تُحضن قلب خَريجتي للأبد,0,16
قلوبنا بسيطه جداً لو زارتها الفرحه ننسى كل لحظه سيئه استوطنتها♥️🕊 امي,0,12
وإن كتبتَ لي الفرحه يااللٌه فاُقسمها بيني وبين من آحُب♥️,0,10
جعل الفرحة عامرة في داركم في كل الأيام وعساكم بخير كل ساعة وكل عام وللعيد سعادة وفرحة,0,17
والله مافيه احد اسعد مني الان والله مافيه ياعيال قاعد اركض بالبيت من الفرحه💛😂💛💛💛💛💛💛,0,14
الفرحه مُش سيعاني 😭😭😭😭💛💛,0,4
بموت من الفرحه اقسم بالله 😭😭😭,0,6
شكرا يا رب علي الفرحه دي بجد ❤️❤️❤️❤️❤️,0,8
نكبر على كل شيء الا الالعاب والمرح وما تكمل الفرحة الا بها فرحةالعيد مع ملاهي فنجيت الرياض 🌈🚖🎮💕🎈,0,18
احس اني بطير من الفرحه 🥺🥺🥺🥺💛,0,6
مش لازم تحب شخص أو شخص يحبك عشان تبقي مبسوط ف حياتك وتحس بالكمال ممكن تلاقي الفرحه ف حاجات كتير ف رياضه ف هوايه أو حتى ف شغلانه بتحبها,0,29
صحيت ع خبر الصفقه من الفرحه ودي اكمل النومه 🚶🏻‍♀️😂😂,0,10
عقبال الفرحة بالدوري,0,3
انا جالى دول هدية و حقيقى يعنى انا طايرة بيهم من الفرحة و مش عرفة اشكر صاحب الهدية ازاى والله ❤️❤️,0,21
بعد طول إنتظار جاء قرار الفتح الجزئي للحدود ليظفي شيئا من البهجة والأمل للجالية الجزائرية المنتشرة في كل بقاع العالم,0,20
انا من كثر الفرحه لو مت الحين انا راضيه❤️,0,9
الله يجزاها الجنه حسيت بشعور الفرحه ونا مالي علاقه بس منجد موقف يقتدى فيه🤍,0,14
تدوم الفرحه في قلبك يا قمرايه,0,6
كل ذا الفرحه اخرتها حتى نص نهائي دوري أبطال آسيا ماتشمونه,0,11
يعطيك الصحة و الفرحة,0,4
صانع الفرحه,0,2
من الفرحه مش قادره اعبر,0,5
الله يوفقكم ويسعدكم زي ما اسعدتونا والله يوفق النصر وعقبال الفرحة الأعظم بالبطولات الله يوفقكم,0,15
بين قمة الوجع و عمق الفرحة تتضارب الكلمات فتأتي على هيئة حضن عميق للأحباب هو أسمى صور الأمان في الواقع ❤️,0,21
والله عكستها من الفرحه لا تلومني😭😂,0,6
ولله ماني مستعوب شي من الفرحه😍😍😭😭🔥🔥🔥,0,6
من الرائع ان تقدم الفرحة لغيرك مع أنك أكثر من يحتاجها 🤍,0,12
وتحييني برنة شوق من الفرحه تزلزلني,0,6
قاعد ابكي من الفرحه تصدقين,0,5
من الفرحة ماني مصدق والله 💔💔💔😭😭😭😭,0,6
ياخي من الفرحه مدري وش اقووول,0,6
اخخخخ والله الفرحة ما تنوصف ههههههههههههههههههههههههههههههههههههههههههههههههه,0,6
م حصللت ايموجيي يمثلل الفرحه ههههههههههههههههههههههههههههههههههههههههههههههههه,0,6
قلبي شوي ويطلع من مكانه من الفرحة😭,0,7
اووووووف يالقوه صحوني من النوم من الفرحه طرت 😭,0,9
بطير من الفرحه,0,3
من الفرحة امشي في المنشنات واكتب 😭,0,7
حبكي من الفرحه 😭 🙏🏻🙏🏻🙏🏻,0,5
في عيُونك شفت من الفرحه كثير وفي غرامك ضاع قلبي وأكتفى ♥️,0,12
مبسوطه حيل والدنيا مب شيلتني من الفرحه😍💃,0,7
ههههههههههههههههههههههههههههههههههههههههه ياطعم الفرحه القوي 😍😍💛💛💛💛,0,5
تكفون ودي ابكي من قوه الفرحه 😭😭😭,0,7
والله ارججفففف من الفرحة تكفون😭😭😭😭😭😭😭,0,5
الارض مو واسعتني من الفرحه,0,5
يوووووه يووووه يا اخوان الفرحة مليوون خلوني استوعععب شوي,0,9
انتي هديتي من الله انتي الفرحه الدائمه في قلبي🖤,0,9
أنا توّي دريت إن الحياه ب كبرها تنحب وجودك يستحق أقول فيه الفرحه الكُبرى❤️,0,14
أسماء مش سيعاها الفرحة سريري مخدتي غرفتي بيتنا هو صحيح احنا التقينا❤️❤️,0,12
مبروك يا عزيب الفرحة فرحتين لك و للصفقة 💛💙,0,9
احب التعاقدات اللي تجي وماحد يعرف عنها شيء تحس بطعم الفرحه 💛,0,12
تحس ان صلاح هو اللى سجل الفرحه حلوه,0,8
ياعيووني 🥺😭😭 والله الفرحة أعظم إذا فرحت لي صديقاتي ربي يحفظكِ ويسعدكِ 💗💗🌹,0,13
بقربك أعيش الفرحه بدون حدود و أحبك حب أكبر من مدى ظنك♥️,0,12
كنت انبسط بس حدا من فلسطين يعملي فولو هون وهسا الفرحة مضاعفة لما حدا من هناك يعملي فولو او يعلق عندي بحس بشعور حلوو,0,24
الفرحة ↗️↗️↗️↗️↗️↗️,0,2
مجرد ما تخيلت متت من الفرحه يسعد دينو ابو عبيده 😍,0,11
الف مبروك زواج ابنة اخيكم والتيسير مطلوب تبقى الفرحه هي الفرحه نسأل الله ان يرفع عنا وعن جميع المسلمين هذا الوباء,0,21
عاجل وأخيرًا الفرحة تعم الجميع بعد ما تم استخدام قدائف الهاون من العيار الثقيل في قصف موقع يفتاح عن طريق كتائب القسام,0,22
أهم شيء الفرحة في وقتها و الطفل مُستحيل ينسى كل من كان سبب في سعادته و إن شاء الله ربِ يخليك ليهم ويونسك بِوجودهم 💜,0,25
اوفففف بطير من الفرحه,0,4
ألف عافية تستوطن قلبي اذا لمحت الفرحة بكلامك❤ رائد ابو صخر♥,0,11
الف الف مبرووك لك دكتور وتستاهل الفرحة ♥️,0,8
كنت اشوفك قلبي يطير من الفرحه انا غني ♥,0,9
على فكرة بيفتحو فرع ستاربكس في الحي حقنا وبموت من الفرحه باقي تيم هورتنز وخلاص ما بخرج من حيينا,0,19
اللهم اجعل الصحة خير صاحب لأجسادنا والسعادة خير رفيق لقلوبنا و الفرحة خير نور لعيوننا والتوفيق الدائم في دروبنا إنك على كل شي قدير ♥️,0,25
مشاعر الفرحة و السعاده لاتوصف والله العظيم احساااس رااائع 🤗 عيدكم مبارك العيد عيديات فرحة العيد السعودية,0,17
حد محتاج حاجة فى مقدرتى أعملهاله من باب إدخال الفرحه على قلب البنات بس,0,14
قلبي عم يرقص من الفرحة بشكرالاعلام بشكرك عالخبرية ناطرة اسمعها من زمان الفرحة اكبر مني ومنك,0,16
بقربك أعيش الفرحه بدون حدود و أحبك حب أكبر من مدى ظنك🫀,0,12
اليوم بنام كذا من الفرحة,0,5
قلبي طاير من الفرحه يا هو شعور الفرحة اللي بقلبي احس الدنيا مُش سيعاني الحمدلله لك يارب❤️❤️,0,17
جايبين للمصري كرتون آيفون بداخله لمبة في عيد ميلاده 😂😂😂😂 والمشكله من الفرحة قبل ما يعرف كسر جهازه القديم 😭😭😂😂😂😂😂,0,20
ما شاء الله الحفيد يجدد الحياة و يعيد الفرحة للبيت الله يحميه,0,12
كنت عند الدكتور النهارده وسألني بدرس اي قولتله كلية صيدله وقعد يكلمني ويقولي يدكتورة وانا مروحه رجعلي حق الكشف فرحت اوي,0,21
ياشعور الفرحه واخيرًا بعد طول الأنتظار بنت الخاله شرفت للحياه💙,0,10
الحضن اعاده الفرحه للحياه,0,4
الله يزيد الفرحة,0,3
احس مو قادره انام من الفرحه 😭🤍,0,7
الفرحه مُش سيعاااني نوني الليله عروس 😭💍♥️,0,7
مباركين والله يديم الفرحة لقلبك والسعادة للعروسين,0,7
افضل شي الفرحه توجد بين العروسين واهليهم المقربين وليس بكثرة الناس ألف مبروك لكما,0,14
يارب أرنا الفرحة في تحقيق وعدك بنصرة عبادك الموحّدين في كلّ مكان 🙏💙,0,13
ولعل الفرحة التي سوف تدمع عيناك علي مشارف الوصوول ♥️♥️,0,10
الشوبينج لحد بتحبه وتشوف الفرحة في عيونه وهو سعيد باللي اشتريته ليه ان يكون لك احباب تعيش وتعمل من أجل سعادتهم,0,21
ياكبر الفرحة اللي كانت موجود بوقت ما كتبتها الحمدلله دائما وابدا🤍🤍🤍🤍🤍🤍🤍🤍,0,11
ربي يدوم شعور الفرحه اللي اعيشها هالفتره 🕊♥️♥️♥️♥️♥️♥️♥️♥️,0,8
صرت ما اضحك واستانس الا معهم الصداقة شيء حلو خصوصا مع اشخاص يفهمونك وتفهمهم واحلى شيء ان بينكم ذكريات حلوة ومواقف,0,21
يا سبب الفرحة واللهفة الواضحه على وجهي ♥️,0,8
الفرحة حلوة والله 💖,0,4
يماا جسمي قشعر هذيك الفرحة لاهله ماتتعوض الحمدلله,0,8
علي سبيل الفرحة غداً حفل خطوبة أول غالي في الشلة وفي أسيوط كمان عُقبالنا كلنا ان شاء الله ❤️🤲,0,19
عود نفسْك على الفرحة حتى تعتاد هي عليك أشعر نفسْك بالأمل حتى تجد الدنيا بين يديك أفرح بما لديك حتى يأتيك أكثر مما تتخَيل,0,24
انا بجد نفسي افهم الارتباط الوثيق بين الفرحة والدوشة الي عند المصريين ده ليه عشان افرح لازم اخلي وداني تجيب دم,0,21
من الفرحه قلبي واقف ناسي انو يدق ♥️♥️,0,8
قصيتي شعرك ومن الفرحه مش قادره تنامين هههه,0,8
انا طاير من الفرحه طاااير,0,5
الله لا يغيب الفرحه عنك ومن تحب,0,7
مثل الورد تسعد القلب و تزرع الفرحه💕,0,7
مسافره لعند اخوي حبيب قلبي🥺💕و اول زيارة لي لبيته الفرحه مش سيعاه اخوي😍😭💕,0,13
في عيُونك شفت من الفرحه كثير وفي غرامك ضاع قلبي وأكتفى❤️,0,11
ميت من الفرحة,0,3
شعور الفرحه مُعدي لما يكون الشخص يستاهل وتفرح معاه الدنيا كلها ❤️,0,12
وانا راجعة اغصب نفسي انام مع انه من الفرحة ما يكون فيني نوم بس ابي اقصر مدة الرحلة ♥️♥️♥️♥️,0,19
الفرحة مش سيعاني😭😭😭🤍🤍,0,3
الفرحه ما تنوصف بكيت سجود شكر من الفرح,0,8
الفرحة مش سيعاني الحمدلله ✨,0,5
الفرحه مش سيعاني ♥️,0,4
قلبي بيطرطع من الفرحه,0,4
الفرحة مش سيعاني😭💙💙💙💙💙 الحمدلله,0,4
الفرحة السعادة لكل من عرفني 😌,0,6
مثل الورد تسُعد القلب وتزرع الفرحه,0,6
من اكثر الاشياء الي تفرحني من اطلع اشتري ملابس واجيب لبابا ويايه ع ذوقي واضل متلهفه ارجع حتى يقيسهم ويطلعون ع كده,0,22
من كثر الفرحة اغرد واحذف الشي الوحيد الي اقدر اقوله الله لا يحرمني من ماما وبابا 😔🎓💜,0,17
حتى تدخل الفرحة على نفسك عليك أولًا بزرعها فيمن حولك فشعورك بالسرور لا يُضاهى عندما تكون السبب فيه لغيرك تمّت,0,20
اللهم اجعل الصحة خير صاحب لأجسادنا والسعادة خير رفيق لقلوبنا و الفرحة خير نور لعيوننا والتوفيق الدائم في دروبنا إنك على كل شي قدير,0,24
انا طاير من الفرحه,0,4
شعور الفرحه الي تسرق النوم من عينك ♥️,0,8
الفرحة مش سيعااااااااااانيّ😩,0,3
انت الفرحة اللي فيا عارف العيد والعيدية 🥳😊🎵🎈 صباحالخير,0,9
اللهم صباحًا مليء بإحسانك وكرمك وعطفك ولطفك الخفي علينا صباح الفرحة ♥️🥰✨,0,12
الفرحه والسعادة اللي بحس بيها معاهم اقوي من اي ندم ❤❤,0,11
سافر ولا تخبر أحد عش قصه حب صادقة ولا تخبر أحد عش سعيداً ولا تخبر أحد الناس يفسدون الأشياء الجميلة,0,20
تحس بي الانبساط و السرور الفرحه,0,6
اتأكدت إن أكتر حاجه تستاهل ان الإنسان يفضل يدور عليها ويحارب عشانها طول عمرو هيا الراحه مو السعاده إحساس السلام,0,20
الفرحه هذي توضح لنا قد ايش الفريق يعاني نفسيا وذهنيا والهدف ذا جاء بوقته عقبال ما نتاهل يا رب,0,19
الطفل الأول🐣 أو الفرحة الأولى إللي يغير كل شكل حياتنا ويأخذ اهتمام كبير من الأهل خاصة أن معظم الآباء والأمهات,0,20
مش قادره انام من الفرحه,0,5
توزيعات العيد❤️❤️ لا شيء يمنح السعادة أكثر من أن ترسم الفرحة على وجوه الآخرين😍😍 عيدمبارك,0,15
اعلقها بجبهتي من الفرحه,0,4
الفرحة اللي انا فيها دي كلها ترجع ليك❤️,0,8
مافيه نوم الى الان والله من الفرحة طار النوم وفي الاخير طلع ماهو انا جابر ثاني 😂😂😂,0,17
طيب انا ليه اتخيلت مستقبلي وبكيت من الفرحة,0,8
ولك موتتني لهلأ بضحك😂 حكيت لماما وضحكت وعمت الفرحة في ارجاء المنزل,0,12
يارب تكمل الفرحه وامي ماتتذكر انوا كان عندي فلوس😘,0,9
ياخي الحماس و الفرحة اللي فيني أكبر من أني أوصفها بتويته💛,0,11
وربي ابكي من الفرحة 😭😭😭😭😭😭😭😭😭😭😭😭😭😭😭😭😭,0,5
لما تلاقي حد بيكلمك وعينيه كلها حماس ونبرة صوته فيها الفرحة فارجوك اديله رد فعل مناسب ومتموتش فرحته ولا حماسه❤️,0,20
الفرحه مش سيعاني🥺,0,3
الله يديم الفرحة في كل ايامكم يارب🙏🏻♥️,0,7
مرررره مبسوووطه وانا بنام بذي الفرحه احس قلبي بيطير من الفرحه😭💖,0,11
مادري بس انا اول بنت له اكيد انا الفرحه,0,9
اليوم اللي أكون موعده فيه بشوفة أصدقائي ما أنام قلبي يصير طاير من الفرحة,0,14
الفرحه مو سيعاني🥺🥺,0,3
احا على الفرحة و البهجة قسما بالله افشخ ساعتين في حياتي,0,11
صباح الخير و السعادة و الفرحه لقلبك نونه بنت عمي⚘⚘,0,10
اطير من الفرحه 🤍,0,4
انا من الفرحه رجعت اقرأ رسالته للمره الالف مدري وش العلاقه 😭😭😭😭🙏🏻,0,12
جانا العيد وهنينا وارسلنا تهانينا حمدنا الله على الفرحه تجدد كل امانينا🤲🌸,0,12
صدقوني الفرحة مش سيعانييي😭😭😭😭,0,4
الفرحة حلوة أبومكه سجل هدف وأتعادل مع كين الفرحة فرحتين ما بالك هم في أرضية الملعب وكسبوا بهدف 90,0,19
ب اللحظة ذي وهذي الدقيقه أحس أن الدنيا مُش سيعاني من الفرحه 🤍🤍🤍,0,13
والله ثم والله ثم والله لتاخذين الشيك طايره من الفرحه,0,10
الفرحه مش سايعاني,0,3
تستاهل الفرحه بذلت مجهود خرافي,0,5
يدوم عليكى الفرحه,0,3
في هذي اللحظه وهذي الدقيقه أحس أن الدنيا مُش سيعاني من الفرحه❤️❤️❤️❤️❤️❤️❤️❤️❤️❤️,0,12
النجاح مش في الوصول للحاجه الي انته عاوزها النجاح في الطريق في التفاصيل في كلمه حلوه تطمن بيها حد بحاجه تعملها,0,21
ببكي من الفرحة اول هههههههههههههههه,0,5
احس بطيييييير من الفرحه 😭🤍,0,5
انا لو متقدمليش واحد هيطير من الفرحه انو جى يقرا فتحتى زى عمر انا مش هتجوز 🙂,0,17
وانت الفرحة اللي بعيش بيها عمري معاك,0,7
مفيش احسن من انك تساعد حد يتعلم حاجة جديدة ويكون طاير من الفرحة بسبب حاجة عادية أصلا بالنسبالك,0,18
اخخخخ وربي النوم طار من الفرحه💔💔💔,0,6
♥️ معك تملاني الفرحه و تسبقني الضحكات,0,7
احس لو يمثلو مع بعض يمكن امووت من الفرحه,0,9
الحياة حلوه لا تجعل همومها تقتل الفرحه وابتعد عن ما يؤذيك,0,11
دموعي ياجماعه😭😭😭😭😭😭😭😭😭😭😭😭😭😭😭 جدتي خلصت كيماوي والحمدالله اللهم لك الحمد الفرحه الي بقلبي😭😭😭😭😭❤❤❤❤❤❤❤❤❤❤❤❤❤❤❤❤❤❤❤,0,12
قسم بالله من زمان ما شاهقت من الفرحه,0,8
مش عارف انام من الفرحه والله❤️❤️❤️❤️🥺,0,6
الفرحه المنتظره 🔥🖤,0,3
أسرق الفرحه من ورا الحزن وقابل الضحكه وخدها بالحضن صباح الخير😍💙,0,11
من تشوف احد فرحان على شغلة بحياته عمرك لا تحاول تسخفها او تقلل منها او تسرق شعور الفرحة هاي او تحسسه انها عادية,0,23
الله يطول بعمره ويحفظه لكم والله يجعل الفرحه ماتفارقه 🙏🏻 💕💕,0,11
الله يبعد عنك كل ضيقه ويديم لك الفرحه والسعادة وراحة البال🤍,0,11
الفرحه مش سيعانيييي🥺❤️,0,3
في عيُونك شفت من الفرحه كثير وفي غرامك ضاع قلبي وأكتفى💙,0,11
أحححب الفرحه اللي بصوتك,0,4
شابوه لأي رجل لسه بيخرج مراته بعد الجواز جزيت الفردوس 😂💚 ده انت بتاخد ثواب إدخال الفرحه ع قلب مؤمن والله يجدع,0,22
ييوه الفرحه مو سسسسايعتني بسبب كلامهم الحلو🥺💙💙💙,0,7
إنها الفرحة الوحيدة 📖 📚,0,5
الله يسعدك اللي ادخلتي الفرحة على محياه الله يطولكم بعمره ويرزقك بره,0,12
لا واللّٰه بالعكس أنا طاير من الفرحه لأن الأقنعة تساقطت وعرفنا مين ال خونة😂,0,14
اللهم لك الحمد جدًا مبسوطة من النتايج صحيح التكميم نعمة نزول الوزن,0,12
و تأتي الفرحة عندما نُؤمن أنها سوف تأتي 🤍🕊,0,9
الله يديم عليك الفرحه ي حبي ♥️♥️,0,7
انا قاعده انهار حرفيا من الفرحة مو مستوعبه اللي يصير 😭😭😭😭😭,0,11
طاييير من الفرحه طايير وقلبي على نار ناطرر 🥺🥺🥺🥺,0,9
طاير من الفرحه ☺️,0,4
وكنت اتعمد النظرة عشان احظى بنظراتك واتشقق من الفرحة اذا مريت من جنبي💔,0,13
الحمُدلله على شعُور الفرحه المُنتظره أخُويا وحبيب قلبي صار أب وانا صرّت عمة💙👶🏻,0,13
ممممو عععارفه كيف اعبر عن الفرحه الي فيني🥺🥺🥺🥺,0,8
ما تتخيلوا كمية الفرحة او الاطمئنان لما يطلع النهار و احنا لسا بخير,0,13
وربي الفرحة 😭😭😭😭😭😭,0,3
الفرحه خذت قلبي🥺🥺🥺🥺🤍🤍🤍🤍,0,3
ليلة مستحيل تنوصف اصلا الفرحه اسبوع قدام,0,7
بغيت اصيح من الفرحه طبيعي هههههههههههههههههههههههههههههههههههههههههههههههههههههههههههههههههههههههههههههههههههههههه,0,6
انا ف قمه الفرحه ❤️❤️❤️❤️❤️,0,5
الفرحه حلوه,0,2
بكيت بكيت بكيييييت من الفرحه والله العظيم حسيت بسعادة ما حسيتها من زمااان كثير هذا النوع من السعادة اللي يشبهني,0,20
قلبيي يررقصص من الفرحة 💃🏻💃🏻,0,5
الاهلى معودنا على الفرحة دايما ♥️,0,6
الفرحة والبهجة يحفُّون البيت وقت لمّة الأخوات,0,7
احلي فرحه في الدنيا فرحه حبايب قلبي 💙 اقسم بالله فرحتي النهاردة ما تتوصف ولسه الليله الكبيرة الفرحه الأكبر,0,19
اه الحمدلله حمداً طيب الفرحه قد الدنيا الى فقلبي هنيئًا 😭😭♥️♥️♥️♥️♥️,0,11
و الفرحة ب عيوني,0,4
الفرحه حاليا↗️↗️↗️,0,2
سعيد جداً شكراً للاعبين والجهاز الفني والاداري على المجهود الحمدلله على هذه الفرحة❤️,0,13
الفرحه مو سايعتني لجازمن 😭😭,0,5
الفرحه اللي انا حاسس فيها مش قادر اقولها ولا احكيها😭💃🏻💃🏻💃🏻💃🏻😭😭,0,10
تجي الفرحة على شكل رسالة من شخص ما❤️,0,8
الفرحه مش سيعاني بشوفها😭💓,0,4
التفاؤل ف القران ف الصلاه,0,5
صباح التفاؤل,0,2
التفاؤل وقت الفشل ذكاء والثقة في النفس وقت اليأس قوة والإصرار برغم المعوقات نجاح في حد ذاته مساء الخير والأمل🌹,0,20
التفاؤل جميل بالخير,0,3
مساء السعاده و التفاؤل,0,4
التفاؤل طريق الوصول لكل مستحيل☺️,0,5
رائع جدا ⚘😊 مساك الله بالخير والسرور و السعادة و الابتسامة و التفاؤل 🌹⚘😊❤,0,14
التفاؤل والأمل سبيلك لحياة سعيدة,0,5
حبيت التفاؤل 🤣🤣,0,3
مسساء التفاؤل والامل باوقات حلوه 🌹🌹,0,6
والله زاد التفاؤل جججججججداً بعد الصفقه يارب مايصير مثل السنه اللي فاتت,0,12
التفاؤل هو الإيمان الذي يؤدي إلى الإنجاز لا يمكن فعل شيء من دون أمل👌🏼,0,14
اجعل التفاؤل أساس طريقك في الحياة وإن تشوهت أيامك ونفذت طاقتك تفائل بإن هُناك,0,14
تزهر السعادة في نفوسنا ويتجلى التفاؤل حينما نردد كلمات إيجابية على مسامع أنفسنا قل شكراً الحمدلله,0,16
التفاؤل زين,0,2
تبشرين بالخير و التفاؤل زين,0,5
التفاؤل↗️↗️↗️,0,1
التفاؤل فن تصنعه النفوس الواثقة بالله 👌,0,7
مساء التفاؤل والأمل🌹,0,3
طاقة ايجابية وثقة بالله عز وجل حب الذات التفاؤل والحمدالله على كل حال ❤,0,14
رَبَّناجدِّد فينا رُوح التفاؤل والأمل ولآ تجعلنا ضُعفاء أمام ظروف الحياةاللهم ازرع فينا الطاقة الدائمة,0,15
صباح الامل و التفاؤل,0,4
مساء التفاؤل 🤍,0,3
عبارة تبعث التفاؤل ما أراده ﷲ لن يوقفه بشر,0,9
✍🏼 بعين التفاؤل نرى كل شيء جميل 🕊,0,8
أحلى شي التفاهم ☺️ صباح التفاؤل و التفاهم,0,8
صباح التفاؤل والطمأنينة,0,3
قليلاً من التفاؤل والأمل قد يصنع ألف طريقا للسعادة,0,9
صباح الخير🌞💖 لمن استيقظ و كانت حبات القهوة ☕🤎أولى اهتماماته ليصنع فنجانا من السعادة و الحب و التفاؤل⚘💕🌻✌🎶,0,18
يا رب جدد فينا روح التفاؤل والأمل ولا تجعلنا ضعفاء أمام ظروف الحياة ازرع فينا الطاقة الدائمة وحبب لنا أيامنا كيفما كانت يارب العالمين,0,24
تبتسم الحياة فرحا لقلوب فهمت معنى التفاؤل فما دام في السماء كريم يجيب فلا تحزن صباح التفاؤل,0,17
رؤية العصافير صباحاً والاستماع لها في بداية يومك يبعث التفاؤل والسعادة والبهجة,0,12
☘️ التفاؤل وقود الروح وهي حالة إيجابية تجعل صاحبها يرى الفرص المتاحة بدلًا من الفرص الضائعة وينظر إلى ما يملكه,0,20
صباح التفاؤل والابتسامة 🌹,0,4
🕊🌿 في الصباح فتشوا عن رائحة الأمل ورسائل التفاؤل وعناوين الفرح ستجدون الصباح حافلاً بكل جميل🌼🕊️,0,16
الحياة جميلة أعطوها حقها من التفاؤل كي تعطيكم حقكم من السعادة,0,11
انظر للحياة بجانب مشرق وسعيد اقنع نفسك وردد أنك سعيد وأنك تمتلك أسباب السعادة اكسر اليأس بكلمات التفاؤل والفرح,0,19
متمسك بهذا الامل,0,3
انا هعيش ع الامل دا من انهارده علشان العيد دا انا مستنياه من اول امبارح اصلا😂,0,16
الحب أن أجدك دون أن أضطر للنداء تأتي قبل أن ألوّح الحب أن يسبق سؤالك دمعي وصوتك حاجتي,0,18
الطمأنينة والاحترام قبل الحب دائما,0,5
وذقت الحب صدق وطحت كلي,0,5
لم يكن الحُب حبًا إلا معك,0,6
لا يقاس الحب بالايام فاحدهم اخذ قلبي في ليله,0,9
اجعل الحب الذي في قلبك 💚 اكثر من الاساءه التي تأتيك,0,11
كلمة واحدة تحررنا من كل أثقال الحياة وآلامها ألا وهي الحب سوفوكليس دررالكلام,0,13
لا يمُوتت الحُب فَي قلللِب المُحب ولّا يمُوت ﺎلشُوقق لؤِ طَإلل الغيييإب,0,12
الحب كالزمن لا ينقسم ولا يقاس,0,6
أعلى درجات الحب هي إن الشخص إللي معاك يخليك تحب نفسك مش إنك تحبه هو وخلاص يخليك تتقبل نفسك بكل حاجة فيك,0,22
وما الحب إلا للحبيب الاولي 😂😂❤,0,6
في الحب نارٌ كمثلِ الثّلجِ في كبدي بردًا كنارِ خليلِ اللهِ تلطفُ بي,0,13
الحب جميل ودقة القلب معاه ليها طعم تانى انا بحبك,0,10
الحب ❤,0,2
جماعه هو الحب محتاج ايه عشان يستمر,0,7
من قوة الحب تتمنى ان تملك من تحب,0,8
آه من الحُب يخوان,0,4
الحب جمييبييل,0,2
أحيانًا نبحث عن الطمأنينة أكثر من الحب نبحث عن الشعور بالامان عن الإحترام والتقديرعن الإهتمام,0,15
انتي الحب 😍,0,3
تفآصيِل الإهتمَآم تغلبْ الحُبْ أحيَآناً ⚘,0,6
الله علي الحب,0,3
تستمر الحياة رغم كل ما يحدث سواء كنت سعيد أو حزين فلا تحمل نفسك فوق طاقتك هون عليك وابتسم,0,19
الحياة مستمرة سواء ضحكت أم بكيت لاتحمل نفسك هموماً لن تستفيد منها القلق لا يمنع ألم الغد ولكنه يسرق متعة اليوم,0,21
الحياة بقى لونها بمبي💗,0,4
تبتهج الحياة لمَن لا يبالي,0,5
جمال الشي شعور بداخلك يتجدد بكل صفاء وصدق ومحبة لاقرب الناس اليك هي الحياة مع الوجود,0,16
كان سر صموده الدائم أنه يعرف أن الحياة شيء لا يحدث إلا مرة واحدة,0,14
يارب اجعل لي حظاً عالياً و إختر لي من أقدار الدنيا خيرها اللهم أرنِي الفرح في كُل ما أُريد يارب العوض الجميل,0,22
كل ما يهمه هو صوتها الذي يعشقه حتى يستطيع البقاء على قيد الحياه,0,13
لن تتعلم شيئٱ من الحياة إن كنت تعتقد بأنك دائما على حق,0,12
كلٌ منَّا مُبتلى في شيء لم تصفو الحياة لأحد فاللهم أعن كل ذي وجعٍ على وجعه♥️,0,16
عيد سعيد لقلبك ولروحك النقية وكل عام والفرحة بعمرك دايمه وكل عام يااجمل انسان بدنيا ربي أسعد قلبه الطيب واستجب له,0,21
الحياة السعيده تتلخص ب شيئين قلب قانع بالعطااء و نفس مطمئنة بالقضاء,0,12
السواح والأجانب في الإمارات هم بس السعداء عندهم إقامات ذهبيه وكل شيء محرم مباح فيها,0,15
الحياة ماتمشي بدون نوم 😴,0,5
مرة تاني خليك عارف ان كلماتك هي مراية اعماقك وخليك عارف كده زي ما المشاعر صوت الفكر كمان الكلمات هي صوت المشاعر,0,22
لا تخجل عش الشعور الذي يُولد فيك بعفوية لا يهم ما يكون أو ما سيقال عنك المهم أن تكون حقيقيًا الحياة ليست للدُمى,0,23
علمتني الحياة انه ليس من الحكمة إظهار قناعاتك الفكرية ل ناس متعددي القناعات والثقافات,0,14
إنني أؤمن بحقي في الحرية وحق بلادي في الحياة وهذا الإيمان أقوى من كل سلاح عمرالمختار,0,16
اللهم إني أسألك جبراً يعيد لقلوبنا الحياة والأمل وراحة تنشر السكينة والطمأنينة في صدورنا,0,14
وأنت الطرَف الرَقيق مِن الحَياة وجوُدك بجانِبي يعادل الفَ طمأنينة 🤍,0,11
ياربّ أرواحَنا بين يديك مدّها بسُبل الفرح وحلو الحظّ وتباشير الحياة وحُسن الخِتام ولا تكِلنا إلى ما دونَ ذلك ياالله💛🌼,0,20
ويِظل ‌كلامُك ‌مصِدر كُل ‌فرح ‌لِ قلبي💙💙 أنا حروفي تقصدك من أولك لأخرك💙💙 أبصِرت بك حُلو الحياة💙💙 أنت حُياتي,0,19
الحياة بخير مادمت تشاهد ابتسامة امك❤️,0,6
العمر أنتَ ومعنى الحياه قربك أنت فيني وأنت مني وأنت لي 💙,0,12
يا أرق ما في حياتي و يا فرحي يالجميع بداخلي يا أثمن الأشياء الي نلتها من الحياة كل عام وأنتي أملي❤️,0,21
کلنا نندم على اول حب بعدين يجينا واحد يكفينا ويخلينا نحب الحياة,0,12
الراقِيينْ أخْلاقاً هُمْ أكْثَرُ النَّآسِ مُعَآنَآةً فِي هَذِه الحيَآة فَ لآ أحَد يَعرِفُ لُغَتهُمْ,0,14
لا يأس مع الحياه ولا حياه بلا أمل 🙏🏾🤨,0,9
اللهُم أرِنا مشارق الأمل وأنفال الرضى ومباهج السُرور وسنابل الصبر كيفما سيرتنا الحَياة,0,13
إياك ان تلوم احداً في الحياة الناس الطيبة تمنحك السعادة والناس السيئة تعلمك دروس وأفضل الناس تمنحك أفضل الذكريات,0,19
عندما تكون عائلتي في سرور تكون الحياة في إتزانها الحقيقي 🎶🤍 الخبر,0,12
التسامح والمغفرة يجعل قلوبكم بيضاء وتذكروا ذات يوم لن نكون في هذه الحياة,0,13
مهما تعددت خيارات الحياه اختر راحة بالك أولاً,0,8
من رطب قلبه بذكر الله❤️ لن يتعب من جفاف الحياة 🤲🏻,0,11
على هذا الارض ما يستحق الحياة ✌️🇵🇸✌️,0,7
إن أردت أن تسعد لا تقف عند كل محطة لا تجعل من كل موقف معركة ولا تدقق على من حولك ولا تنبش ما غطّي,0,24
الحياة لا تعطي دروسًا مجانية لأحد فحين أقول أنَّ الحياة علمتني تأكد أني دفعت الثمن — نجيب محفوظ,0,18
والمهم هو أن يلقى الإنسان حياته باسمًا لها لا عابسًا وجادا فيها لا لاعبا وأن يحمل نصيبه من أثقالها,0,19
لا تستمر الحياة إلا بالتجاوزات لذلك يجب أن تتعلم كيف تتجاوز ندمك هزيمتك وان تتجاوز بعض الأشخاص أيضاً ✌🏻,0,19
يا رب امنحني الطمأنينة في غمرة خوفي والرضا في أعزّ مواجعي والصبر في أشد أيامي أسألك يارب أن تمكّنني من الحياة ما حييت,0,23
سترضى عن أقدارك السيئة عندما تكتشف لاحقًا أنها كانت طريقًا لنصيبك الجميل من الحياة,0,14
دائماً الأراء العقليه تدمر لذة الحياة ومتعتها لذلك اجعل قلب فرصة لكي يقول رأيه,0,14
عَلَى هَذِهِ الأرْضِ مَا يَسْتَحِقُّ الحَيَاةْ,0,6
لاتجعل للأشياء الجميلة في حياتك نهاية افعل ماتحب فعله تمسك بالأمور التي تجعلك تعيش الحياة بشكل افضل,0,17
اللهم إني أسألك جبراً يعيد لقلوبنا الحياة والأمل وراحة تنشر السكينة والطمأنينة في صدورنا 💚,0,15
شرنوبي بيغني لعفروتو على الحياه الحمرا,0,6
حب اللي يخليك تحب الحياة معاه,0,6
انت لاتعلم انك سعاده لقلبي والقوه لعقلي انت لاتشبه الا فرح الحياة الوان الربيع وجمل الورد,0,16
العمر أنت ومعنى الحياة قُربك💛,0,5
اما بتعامل مع حد و يطلع أوڤر أكتيڤ بلاقي نفسي تلقائي بتجنبه الي هو احنا مش قد اقبالك علي الحياه ده يعم,0,22
يا رب حُسن الحياة وحُسن الرحيل وحُسن الأثر🤍,0,8
آلعمر أنت ومعنى الحياة قُربگ ♥️,0,6
اللهم عائلتي دائمًا و أبدًا اكفهم شر خلقك وحُزن الحياة ❤️,0,11
افضل انتقام ف الحياه هو نجاح ساحق,0,7
العمر أنت و معنى الحياة قُربك🤍,0,6
الحياة حلوة😍😂,0,2
جو بايدن اللي يعتبر أكتر رئيس أمريكي مؤيد للشذوذ تحت اسم إنها حقوق مدنية هو نفسه اللي وافق على صفقة سلاح ب ٧٣٥ مل,0,24
أنت فقط تحتاجُ مِن الحياة لشخصٍ واحِد يفهمُك شخص أيًا كان ما سيحدُث فهو سيتجاوزه معك يواجه العالم و الأيام الصعبة,0,21
ياللى بتسأل عن الحياه خدها كده زى ماهى,0,8
انا نفسي حد ياخدني يدلعني يومين كده ويرجعني تاني اواجة الحياة عشان اللي بيحصل كتير,0,15
الحياة تبدأ بعد قبلتكِ,0,4
لا تتوقف الحياة على أحد,0,5
عندما تعطيك الحياة مائة سبب لتنهار وتبكى 🥀🍂 أظهر للحياة أنك تمتلك ألف سبب لتبتسم وتضحك 🐎 إبق قويا,0,19
أنت سببًا لأبتسم بوجه الحياه كل يوم سببًا لأضع الجميع على الرف وألتفت إليك,0,14
إياك أن تيأس فالأشياء العظيمة قد تستغرق وقتاً طويلاً وقد تُبتلى بالتأخير في أشدّ ما تتمنّاه فإن صبرت أعطاك الله من حيث لا تدري,0,24
احياناً تُهديك الحَياة كُل جمالَها في شخص🤍,0,7
الأم هي الحياة,0,3
أنت كلي كل قلبي كل الحياة❤️,0,6
والله إن الأهل أكبر نعمة في هذي الحياة🌿🤎,0,8
لا العنف نعم الحياة بالسلام,0,5
بالإستغفار تطيب الحياة أستغفر الله العظيم وأتوب اليه,0,8
نفسي نلغي السوشيال ميديا من الحياه والناس ترجع تتعامل مع بعض ف الحقيقه ويتقابلوا ويتكلموا فون دايما هتلاقي سبب خساره اي حد للتاني هو الشات,0,25
الحياة ليست معنىً إنها رغبةٌ غريزة إمَّا أن تحبَّها أو تكرهُهّا لكن لا تتَجرأ على فهمِها,0,16
انت كل الأماكن الدافئة انت الطرف الرقِيق من الحياة💞💞,0,9
الحياه تجربه,0,2
في الحياة ستدرك أن هناك دور لكل شخص تقابله البعض سيختبرك والبعض سيحبك والبعض سيعلمك طابت ليلة الجميع 💯,0,19
ههههههه الإنسان في الحياه مسير ليس مخير,0,7
تفاصيل صغيرة قد تصنع لنا الحياة,0,6
اللهم عائلتي دائمًا و أبدًا اكفهم شر خلقك وحُزن الحياة ♥️,0,11
حلمي أن أخرج من الحياة بنفس النقاء الذي جئت به إليها اللهم نسألك حسن الخاتمة,0,15
لا يوجد سبب مُقنع بأن تيأس من الحياة إن كان حُزناً فكُن من الصابرين وإن كان فِراق فكُلنا راحِلون 💛,0,20
بس حتى ولو تبقى البشرة البيضاء هي صاحبة الغلبة والسلطة عبر التاريخ وهذي سنة الحياة,0,15
الحياه افضل عندما لا تهتم,0,5
انتِ كل الأماكن الدافئة انتِ الطرف الرقِيق من الحياة,0,9
من جمال الحياة أن الله يبعث في طريقك ما يُوقظك بين الحين والآخر أنت الذي ظننت لوقت طويل أنّك مستيقظ تماماً,0,21
تُعجبني مصاحبة الناس البسيطة الذين لا يفتخرون بشيء في هذه الحياة سوى أخلاقهم ولا يهمهم من هذه الدنيا سوى الابتسامة والتواضع ️,0,22
مش محتاجين حد كامل احنا محتاجين حد مريح لأن الحياة بقت مرهقة,0,12
واحدة من أهم المهارات الأساسية في الحياة أن تعرف ما يجب إهماله صامويل بتلر,0,14
البكتريا لها فوائد مثل المناعة والتغذي على الجراثيم وكل ااحشرات لها فوائد ودورة الحياة تكتمل مع بعض,0,17
اللهم فرحة تزيل الهموم وتبكي العيون وتمحي ما مضى من غموم الحياة اللهُمَ إلهمني إبتسامة لا تغيب وصبراً لا ينفذ,0,20
تلك هي الحياة كل يؤدي دوره ويغادر,0,7
وإن شعرت بأنّ الحياة تزيد من اختِناقك فاختبئ عنها و أعتزل الخلق وخُذ نفسك في رحلة إلى السَماء حيث الدُعاء ✨🤍,0,21
اشك ان اليوم ٢٤ساعة مو طبيعي نمت وصحيت ونمت اكلت تفرجت وسويت كل فعاليات الحياة ولسا دوبها ١٢,0,18
كن خفيف النفس لا خفيفا العقل وكن ثقيل الأخلاق لا ثقيل الدم هكذا هي الحياة ماأجمل أن نتحدث بثقة ونمزح بذوق,0,21
اللهم اخرج من الاجساد كل مرض وكل سم وكل عين وكل سحر وكل هم وكل حزن وكل ضيق وابدله بالسعادة والصحه والفرج مدى الحياه,0,24
ثم إني رأيت ضوء الحياه من خلال أمي و أبي اللهم اجعله ضوءاً ابدياً,0,14
لا تستمر الحياة إلا بالتجاوزات يجب أن تتجاوز خوفك وندمك وهزيمتك وفي كثير من الأحيان يجب أن تتجاوز بعض الأشخاص أيضاً,0,21
صوتك اللي يعطي النفس دافع ل الحياه له مكااااانٍ وسط قلبي محد يقدر يجيهَ و الله انّك طب قلبي و غااااايته,0,21
كل مسّرات الحياة ترافِقني لأن ميلاد احب شخص بحياتي🥺🕯ꨄ,0,9
دع القلق وابدا الحياة 🤣🤣,0,5
المكان المقدس الوحيد فوق البسيطة هو الوطن الذي وهبك فرصة الحياة,0,11
اهيا الحياه بالنسبه لي اهيا الحياه بحلوها و مرها محتاج لها 💙,0,12
🌿وقفة بسيطه عن مشاغل الحياة و اذكروا الله سُبحان الله الحمدلله الله أكبّر أستغفر الله لا ا,0,17
من أكثر الاشياء الي أكرهه في الحياة الاستغفال,0,8
الحياه ماراح تستمر الا بالتجاوزات لازم تتجاوز ندمك وانهزامك وحزنك وتتجاوز بعض الاشخاص احياناً✅👌,0,14
سُنَّة الحياة أن يهرم فيها كلُّ شيءٍ إلَّا النَّوايا الطيِّبة تَظلُّ غَضَّة بديعة زاهية ويبقى لصاحبها وسامة الأثر 🌹,0,19
الحياة عموما مبتدكش فرص كتير فا لما تضيع فرصة عمرك زي الخول متقعدش تعيط و قوم حفرك كده و خبط و هات الفرصة الجية بسنانك,0,25
لو هتسألني ايه اكتر حاجه بكرها في الحياة ونفسي اتخلص منها انا والبشر ف هي الكمامة,0,16
٢٣ عام🎈 عامُ جديد للكفاح في هذه الحياة تمنوا لي يا أصدقاء عامًا محفوفًا بلطف الله مليئا بالرضى والمسرة وتحقيق الأمنيات ❤️,0,22
دائماً اسأل الله أن لا يختبر صبري في أحب الناس إلى قلبي أخاف الحياة دونهم,0,15
العائلة اولا قبل كل شي فاللهم احفظ لي عائلتي جميعا فأنهم سندي الاقوى في هذي الحياة 🥺🥺❤️,0,17
انا ممكن العب أي شيء في الحياة الا فورتنايت مستحيل يا برو,0,12
دلعي عمرك و انبسط الحياه مره بس عيشه و فله,0,10
تمنى من الله ثلاثاً حُسن الحياة وحُسن الرحيل وحُسن الأثر,0,10
ماخذ البال وراعية البال وقلبّها💙💙💙💙 أنت أساس الحياة أنت فرحتي والعُمر💙💙💙💙 حكيّك يصُنع مِن جوف الحزن فرحه💙💙💙💙,0,17
أحذر أن يستولي عليك الإحباط فتُصبح صفراً فَ الحياة أصبر وقاوم وتحمل فالعثره التي تُسقطك أحياناً تُنعشك أزماناً 🥐🍇,0,19
على المرء أن يبقى يحرس الجزء الرقيق بداخله مهما حاولت الحياة انتزاعه أن يعيش أيامه مستشعرًا الحنان المنبعث من صدره,0,20
وَمِنَ النَّاسِ مَن يُعْجِبُكَ قَوْلُهُ فِي الْحَيَاةِ الدُّنْيَا وَيُشْهِدُ اللَّهَ عَلَىٰ مَا فِي قَلْبِهِ وَهُوَ أَلَدُّ الْخِصَامِ,0,17
صباح الخير اعزّائي تاقلموا على الرضا بكل الاشياء المهم تمشي الحياه معنى ما تمشي علينا,0,15
دعنا نمشي هُنا في الثالثة فجرًا ونتحدث عن الحياة🖤 3🌚,0,10
باختصار عش الحياة لا أكثر أي عشها دون أن تلتفت هنا أو هناك,0,13
أُحبك يالله ولأني اُحبك أحببتها ولأني أُحبكما أحببت الحياة ولأني عملت في الحياة أحببتُ نفسي,0,15
كنت ابتسم بالأمس وأنا ابتسم اليوم وسوف ابتسم بالغد لأنه وبكل بساطة الحياة قصيرة جداً للبكاء على أي شيء🤍,0,19
الزمالك هوا الحياه لملايين المشجعين,0,5
شتسوين بعد الحياة الجامعية تبي جذي😂😂😂💔,0,6
بالأخلاص تكتمل اركان الحياه💞 🕊,0,5
الحياة جداً قصيرة فلا تعيشها مع ناس ينكدون عليك,0,9
تلاوة عذبة 🍃 بخور و عود🌴 هدوء و خشوع🌱 معراج روحي 🌿 خلوة ☘ بعيدا عن ضجيج الحياة بعيدا عن المشقة و الصعاب بعيدا,0,24
يكفيني من الحياة إنك لي🤍,0,5
أنتي حُب قلبّي المُنفرد وأنتي حٌلو الحياة,0,7
اللهم سخر له أهل الخير من عبادك الصالحين اللهم اسعد كل من ساهم بسدادها ونشرها واصرف عنه شرور الحياة,0,19
أعظم النعم في الحياة راحة البال إن شعرت بها فأنت تملك كل شيء ❤️🍃🕊,0,14
ابيات رائعه فعلا يجب ان يكون اليأس خارج حساباتنا في هذه الحياه اتمنى لك يوم سعيد وجيد,0,17
بكل ثقه اقدر اقول انا انسانه عظيمه مرت علي صواديف الحياه ومر علي شي فوق طاقتي لاكني تجاوزته بفضل الله,0,20
ꨄ واسقنا حلو الحياة يا اللّٰه ꨄ,0,7
الحياة ايش رأيكم الأيام هذي طعمها غير وألوانها مختلفة,0,9
جمال الحياه بجمال من حولك ومن يسكنون قلبك وجودهم اضافة,0,10
عندما تتراخى قبضتك عن مصحفك تشتد قبضة الحياة حول عنقك💙,0,10
ف الفترة من الحياة لما تحس انك مضغوط وكل شي ع راسك والواقع انت فاضي😟,0,15
الأدب قوة والحِلم قوة والصبر قوة واهمٌ من يظن عكس ذلك قُبلة حب وتقدير على رأس كل خلوق ودود لطيف في هذه الحياة,0,23
الحمدُلله في الكسر وفي الجبر الحمدُلله في الضيق وفي الاتساع الحمدُلله في الكدر وفي الفرج الحمدُلله حمداً تستطابُ فيه الحياة,0,20
هل شعرت يوم بأن الله منحك طمأنينة عميقة لدرجة أن الأحداث السيئة لم تعد مجدية لتحزنك إذا تَعلمت فَن التجاهل,0,20
لا نحتاج أن نقف طويلًا على كل كبيرة وصغيرة في هذه الحياة فهي أن طال عمرها سيقصر وأن طالت أحوالها ستتغير,0,21
ولا تخاف من الحياه انا معك ان ماقدرت اعيش لك بموت فيك,0,12
مُختصر الحياة ﴿ ثم إليهِ ترجعون ﴾️,0,7
الحياه ما تمشي بدون تجاهل ✨,0,6
كن في الحياة كعابر سبيل لاتجرح ولاتؤلم كن شئ جميلا في القلوب,0,12
🕊️♡ عثرات الحياة ليست ضدك بل هي لأجلك لتعي ما هي الحياة لتفهم مواقف لم تكن تفهمها لترى أشياء لم تكن تراها,0,22
الحياة أقصر من أنك تستهلك خلايا مخك في النقاش مع واحد مقتنع إنه دايماً صح,0,15
راضتني الحياة عندما اهدتني شخص مثلك❤️,0,6
وتطيب الحياة لمن لا يبالي,0,5
ترند الفراشات بين لنا ان الشعب السعودي كله عنده نفس الحياه,0,11
الحياة جميلة تستحق أن نعيشها بسعادة وسلام لبنان فلسطين حره,0,10
إن الإنسان إذا ظل علي ذكر الله صغرت أمامه مشكلات الحياه,0,11
ان لم تحاول فعل شيء فلن تفشل أبداً يتطلب الأمر شجاعة حقيقية لتعيش الحياة التي تريدها ريتشارد ييتس,0,18
والله ان وجّهك مثل وجه الحياه الحلوه,0,7
الحياة اللي يتكلمون عنها في تويتر مو نفسها الواقع,0,9
تروق لك الحياه,0,3
التجارب مفيده و الحياه امتحان وقسوة الوقت ما تمنع طموح العنيد والذكي يدري ان الحظ ماله امان,0,17
هنزل أواجه الحياة الجامعية بكرا ازاي وأنا مبنزلهاش بقالي ٣ أسابيع لأ أنا اتعودت ع بيتنا خلاص لأأأأ,0,18
نعيش الحياة كما تريد الحياة,0,5
سؤال محيرني من زمان ليه كتير من الناس معتبرة الصداقة علاقة رومانسية وأي فيها بيعاملوه كإنه انفصال أو طلاق,0,19
عودة الحياه لهذا البلد العظيم,0,5
كُل حاجه بتعدى الحلو والوحش والحزن والفرح والكسره ورد الروح كُلها حاجات بتعلمنا وبتغيرنا وبتخلينا أقوى وبتطمنا,0,17
أنتِ كُلي كل قلبّي كل الحَياة 💙,0,7
إن الله معنا و إن الحياة بكل مجرياتها ستهون🕊,0,9
زواج مسيارجازان العمر٣٢ الوزن٦٠ الطول١٦٢ المؤهل متوسط لون البشره بيضاء الحاله منفصله بدون اطفال,0,14
الحياة ليست صراع ليس من الضروري أن تنتصر المُهم أن تجد السلام هو دا,0,14
أحس كل انسان في الحياة لازم يكون عنده صديق واحد مصري على الأقل,0,13
الحياه لو بيك او من غيرك دي هتمشي,0,8
السلام عليكم نصيحة من يرى كلامي لاتترك صلاتك فهناك من الملايين في القبور يتمنون لو تعود بهم الحياه ليسجدو,0,19
الحياة صارت أسهل يوم فتح قريب مني فرع ماكدونالدز 247,0,10
الحياة حركة,0,2
الله يا زين الحياة وانت فيها ❤️,0,7
الحمدلله على حلو الحياة و نعيم الأهل و الصُحبه و الناس الطيبه الحمدلله حمدًا تستطيب به الحياة🤎,0,17
سلاماً لكل من يتركون بنا أشياء جميلة تجعلنا نبتسم حين نتذكرهم في زحمة الحياة🌸💗,0,14
انتي الان تعطيني امل ان الحياه باقي فيها ناس حلوه 😩😩😩❤️❤️❤️❤️❤️❤️❤️❤️😩,0,11
كلٌ منَّا مُبتلى في شيء لم تصفو الحياة لأحد فاللهم أعن كل ذي وجعٍ على وجعه🙏🏻,0,16
جميل هو التأمل الايجابي الجميل مع الحياة تظل مطمئنا سعيدا بكل اللحظات,0,12
سوف تلهو بنا الحياه ف تعالى أحبك الآن أكثر 🎵 من روائع الست,0,13
الطف مسرات الحياة مطر الليل,0,5
الحرية هي الحياة ولكن لا حرية بلا فضيلة,0,8
اكثر شيء يضحكني فهذي الحياة الخرافات الي العجايز لسى مؤمنين بيها,0,11
ما خلق الله هذا الكون عبث كل كائن وذره لها دور في الحياه سبحان الله وبحمده عدد خلقه ورضا نفسه وزنة عرشه ومداد كلماته,0,24
كنتِ وما زلتِ الصديقة التي أُباهي بها الحياة ونفسي,0,9
مواقيت الصلاة لليوم الثلاثاء بمدينة الرياض الفجر340 ص الظهر1150 ص العصر314 م المغرب631 م العشاء801,0,15
جاور خفيفين الظل الأشخاص الذين تستريح من جدية الحياة بالحديث معهم,0,11
البهجة كلها بكوب قهوه,0,4
نسأل الله لنا وله حسن الختام فنان أعطى الكثير وأدخل البهجه على قلوبنا بخفة ظله وعفويته وبساطته المتناهيه,0,18
اللهم اجعلني البهجة التي تُجلي الهمَّ العتيق والضحكة التي تجعل العبوس ينجلي والفرح يفيق اللهم حُضورًا طيّبًا وقلبًا طيبًا وروحًا طيبه🤍,0,21
حبيبتي همسه واحده منك تكفيني لتنزع ما بدخلي من الاشواق وتعم البهجة في اوصالي ويبدا كرنفال السعادة,0,17
اهلين بنور العين مساء البهجة❤,0,5
البهجة تطرُق قلبي وتفيض على روحيّ السعادة 💙💙💙💙💙💙💙💙💙💙💙✨,0,8
أتمنى أن لا تغادرنا البهجة أن نمشي دائمًا في طرقات الأيام السعيدة 💛,0,13
صانع البهجه والابتسامه 💚,0,4
بعض الرسائل اللطيفة التي تمر بنا وتبدو وكأنها عابرة قد تعيد السلام لأرواحنا وتبعث فيها البهجة,0,16
🌯 احسك نونو و احبك و حيويه و لطيفه و تنشرين البهجه في كل مكان😭🤍😭🤍,0,15
مسَاء البهّجة لأحلى و أرق ليلة🕯️,0,6
وعلي سبيل البهجة والفخر نزلت ع شغلي صنع في مصر 🇪🇬❤️,0,11
البهجة كلها بكوب قهوه 💛☕️,0,5
اللهم اجعلني البهجة التي تُجلي الهمَّ العتيق والضحكة التي تجعل العبوس ينجلي والفرح يفيق اللهم حُضورًا طيّبًا وقلبًا طيبًا وروحًا طيبه ♥️♥️,0,22
مهما كانت بسَاطة الأشياء التي تُمكنك من رؤية البهجة فِي عيون الآخرين لا تتأخر عن تقديمها,0,16
ياربّ هبنا أيام دافئة تحفّها البهجة من كل الجهات,0,9
اخبار تدخل البهجة ع الانسان بجد❤❤❤❤,0,6
اصنع لنفسك محافل البهجة وزوايا الانس,0,6
الطبيعة تُدخل لأي شىء البهجة والدفء,0,6
مساء البهجة😍,0,2
يا رب البهجه وانشراح الصدر والخفه من حيث لا احتسب,0,10
دائماً كنت أحاول أن أجد البهجه في تفاصيل الصغيره و كنت انجح بها دائماً هذا انتصاري علي الحياة و تعاستها,0,20
رسم البهجة على وجوه الجميع مفوضية الأمم المتحدة للاجئين تحتفي بميلاد عادل إمام,0,13
الميزان معظمهم يتكلم بطريقة فكاهية يضيفون المرح للمكان الذي يتواجدون به يتشاركون الحديث مع الجميع,0,15
تنثرين البهجة في كُلِّ مكان انتِ فرحًا صافيًا سخيًّا خلابًا♥️,0,10
اللهم نسألك الطمأنينة السعادة الرضا السلام السكينة الإيمان الحب البهجة الثقة الراحة,0,12
ليش انا دائما سعيدة ويلأني شعور البهجة,0,7
مساء الحُب لصناع البهجة واللحظات الرقيقة❤️,0,6
الكلام دا عظيم جدا احنا عايزين نعمم الفكرة دي وننشر البهجة دي 😅,0,13
وردةالجزائرية أنسنا صوتك العذب النقي طيلة السنوات الماضية منذ أكثر من ستون عامٍ وأنتِ تبعثين البهجة والسرور,0,17
قدومك هو البهجه وحضورك الراقي سلام,0,6
مساء الأشياء المُشرقة واللّحظات التي تخلق فينا روح البهجة مساء كرائحةِ القهوة وألوان الورود المُزهرة وعطور الماجد المبهرة 🌿🕊,0,19
اغرس الخير و لو كنت في الرمق الأخير و اجتهد لبذر البهجة على هذه الأرض ما استطعت سبيلاً🌱,0,18
الفيس بقا كله كدا وحاجه ف منتهى البهجه❤ ❤❤🇵🇸,0,9
ليس في الدنيا من البهجة والسرور مقدار ما تحس الأم بنجاح ولدها,0,12
انا استحق الافضل انا استحق الاجمل انا استحق كل ما يضيف لحياتي البهجة والسعادة وسأضع حد لكل من يخلخل قانون الاستحقاق لذاتي,0,22
كلما كان القلب باسماً كلما تألقت الروح وكلما تخلت عن العناد والكبر وكلما سمت وعلت ذاك القلب الذي ينثر الجمال,0,20
لأنك تفتح البهجة والسرور ف الناس🥰🥰,0,6
😍 الاعتراض على ان الصيف عندنا يزرع البهجة فينا يكون أفضل ايامنا واجملها فكيف لك ان تصنفه من فئه التذمر 😊,0,21
اللهم اجعلني البهجة التي تُجلي الهمَّ العتيق والضحكة التي تجعل العبوس ينجلي والفرح يفيق اللهم حُضورًا طيّبًا وقلبًا طيبًا وروحًا طيبه 💛,0,22
ربّ ارزقني بر أمي ربّي ادمها لي نعمةً ومدها بالصحة والعافية وأدخل البهجة على قلبها وارحمها في الدنيا والآخرة واجعلها من أصحاب الجنة,0,23
ينتصر دائماً صانِعي البَهجة لأنفسهم لا مُنتظريها,0,7
وكأن السحاب و القهوة وسيلة لصنع البهجة 🖤✨,0,8
أشعر بالأمتنان لكل شخص رائع في هذه الحياة لا يملكون الوقت لإيذاء غيره و المنشغلون بذاتهم لمن يزرعون البهجة و الفرح,0,21
من رحابة الشعور ومن كثر ما أنا على قيد البهجة ودي أقول لدنيا كلها مساء الخير❤️,0,16
أنا من الأشخاص اللي أحب امدح كل شيء حلو قدامي وأعلم الشخص أن هالشيء عاجبني فيه وأحب اقوله كلمتين تعدل مزاجه وتزرع البهجة,0,23
ليلة حنونه دافية تحفّها البهجة من كل الجهات ♡,0,9
اللهم أدم علينا البهجة بقرب من نُحب,0,7
البهجة كلها بكوب قهوة 🤍,0,5
مساء الأشياء المشرقة واللّحظات التي تخلق فينا روح البهجة مساء كرائحةِ القهوة وألوان الورود المزهرة 🦋🌷,0,16
أخَلق لنفسْي البهجة بدون أن أنتظر حصول معجزة ما,0,9
صديقٌ يرمِّم خراب روحي يستعيد ضحكاتي المنسيَّة تتخلَّلني البهجة دومًا لأنه هُنا معي ولأجلي,0,14
ياربّ هبنا أيامًا تحفها البهجة من كُل الجهات,0,8
أياماً في غاية البهجة 🤍,0,5
إنني أحب هذه البهّجه التي يخلقها وجودك,0,7
اللهم اجعلني البهجة التي تُجلي الهمَّ العتيق والضحكة التي تجعل العبوس ينجلي والفرح يفيق اللهم حُضورًا طيّبًا وقلبًا طيبًا وروحًا طيبه,0,21
الحمدلله الذي رزقنا نعمة استشعار الحياة وأكرمنا أن نعيشها بكل الرضا و البهجة 🤍,0,14
عيد ميلاد صانع البهجة وأسطورة السينما المصرية عادل امام,0,9
مساء البهجه و السعادة و الفرح لقلبك 💛,0,8
يا رب احفظ لي جدتي ربي ادمها لي نعمه و مدها بالصحه و العافيه و ادخل البهجه على قلبها 🤍,0,20
دائما كلماتك تسعد من حولك وتبعث البهجه لدي الجميع تحياتي يادكتوره,0,11
اللهم اجعلني البهجة التي تُجلي الهمَّ العتيق,0,7
يَارب شَرع لنا أَبواب البهجة والفرح,0,6
قلبي مليء بالحب و البهجة,0,5
ليش أنا دائماً سعيدة ويملأني شعور البهجة😍,0,7
😂😂😂😂😂البهجه عند الناس اللى بتقضى الصيف فى الساحل الشمالى,0,9
كل سنة وأنتي البهجة واغانيكي مرافقتنا بكل خطواتنا 💙💙 ❤,0,10
وبيقولوا ع الشتاء فصل الكآبة حوش ياخويا البهجة اللي غرقانين فيها دلوقت 😂😂🤦🏻‍♀️,0,13
كيف يمكن للسعادة كلها أن تختزل في إنسان واحد ما أن تراه أو يُذكر اسمه أو يزورك طيفه حتى تهبط عليك البهجة من كل اتجاه,0,25
ياربّ هبنا أياماً تحفها البهجة من كُل الجهات,0,8
أتمنى أن لا تُغادرني البهجة أن أمضي دائماً في طرقات الأيام السعيدة أنا وعائلتي وأحبتي يارب❤,0,16
يا الله على الجمال و البهجه 🤍🤍🤍🤍🤍🤍,0,7
إنَّ البهجة التي يخلقها وجودك تجعلني أتحمّلُ أيّ شيء ♥️🦋,0,10
عندما تعيش لتُسعد الأخرين سيبعث الله لك من يسعدك فمن سار بين الناس جابر للخواطر أدركه الله في جوف المخاطر طوبى,0,21
أحُب هذه البَهجة التي تحملها ايام العيد,0,7
أحب تويتر على قد التقدير والفرحة اللي محسسني فيها وهو ينشر البهجة في حسابي بالبالونات🤍🤍🤍🤍🤍🤍✨🙏🏻,0,15
لبنان الجمال لبنان البهجه لبنان السعاده مين مايحب زيارتها,0,9
لقد عودنا دائمًا أن يرسم البهجة على وجوه الجميع وأن يدعم القضايا الإنسانية بكل جهُد وحب كان ومازال يُساند قضايا,0,20
صانع البهجه هوا وسمير غانم الله يرحمه,0,7
الحزن يرحل بسْجدة و البهجة تأتي بدعوة و الصلاة تجعلك أنقى و أطهر و أكثر فرحا,0,16
هرم مصر الرابع صانع البهجة كل سنة وانت طيب عادل امام,0,11
البهجة ❤️🔥,0,2
عادل امام البهجة المواقف ناجى عطا لله السفارة فى العمارة مأمون وشركاه صاحب السعادة دموع فى عيون وقحة النوم فى العسل,0,21
✨ إن مفتاح البهجة هو في كونك لطيفا عطوفا دون قيد او شرط ومع الكل بمن في ذلك انت نفسك هذا ما يسمى بالعاطفة و,0,25
اللهم اجعلني البهجة التي تُجلي الهمَّ العتيق والضحكة التي تجعل العبوس ينجلي والفرح يفيق اللهم حُضورًا طيّبًا وقلبًا طيبًا وروحًا طيبه 🌷,0,22
لو كنت لون بأختار البنفسجي لو كنت كلمة بأختار البحر لو كنت شعور بأختار البهجة,0,15
صدقتي فعلاااا النساء تصنع البهجه🌹🌺🌹,0,5
عادل امام عيد ميلاد اكتر حد بيرسم ع وشنا البهجة والضحك اكتر حد ضحكنا♥️♥️ ربنا يطول ف عمره♥️ عادل إمام,0,20
أستمتٍع بأي شيءٍ تجد فيه متعة مهما كان بسيط طالما أنه يُسعدك و يُدخل البهجة الى قلبك ✨❤️,0,18
انتِ للعيد عيد كل عام وانتي ومن تحبي بخير وصحة وسلامة 🤍🎈 — شكرًا يا لطيفة أنتِ العيد السعيد لأحبابكِ,0,20
البهجة هي الانعكاس الحقيقي للحياة المعاناة ليست انعكاساً للحياة بل للأفكار,0,11
انت البهجة🌸,0,2
اللهم البهجه لأرواحنا جميعا 🤍,0,5
ليست البهجة في الأشياء بل فينا نحن,0,7
من العادات الجميلة في العيد المعايدة على الجيران الاجتماع مع الاهل والاقارب توزيع العيديات,0,14
فقط حين تفعل ما تُمليه عليك روحك ستشعُر بهذا النهر العذب يتدفّق داخلك إنها البهجة الخالصة,0,16
ربنا هبنا أياماً دافئة تحفها البهجة من كل الجهات🌸🌸,0,9
أُحاول دائماً أن أجد البهجة في التفاصيل الصغيرة هذه إنتصاراتي على الحياة وتعاستها,0,13
لا أحد يستطيع أن يمنحني كل تلك الألفه و البهجه التي تنبعث مني سواكِ,0,14
الاجواء الجميلة دائماً ترسم البهجة في النفس ⛅️,0,8
ع سبيل البهجة انا صحيت ع التيكيست مورنينج دي❤️,0,9
اتمنى أن لا تغادرك البهجة أن تمشين دائماً في طرقات الأيام السعيدة🌟❤️,0,12
مبهجات الصباح صباح البهجة 😍☕,0,5
صباح البهاء و البهجة 🤍 نزلت قصة بصوتي في السناب من بين نباتات جدتي 🌿,0,15
فعلا الله يحميك وينصرك انت في عيون كل زمالكاوي انت الرئيس الشريف انت صانع البهجه في عيون الزمالك,0,18
هالصباح احس روحي حولها فراشات من فرط البهجة 🤍🦋,0,9
انا مبطلتش فرجه ع فيديوهات الفرح وكميه البهجه الي فيها 😍😍♥️,0,11
صُوتك كفيل بأنه يخلق البهجه لرُوحي ♥️,0,7
كل شي يولد مع الصباح الفرح الأمل البهجة حتى الحياة لمجرد رؤيتك لتباشير الصباح تشعر بأنك الأفضل,0,17
الحمدلله دائمًا وأبدًا على نعمة العائلة نعمة الحب نعمة الفرح نعمة الهدايا نعمة البهجة نعمة الضحكة نعمة الرضا الذي يغمر قلبي الآن♥️,0,22
جدتي هي البهجه والفرح لحياتي ❤,0,6
أُحاول دائمًا أن أجد البهجة في التفاصيل الصغيرة ☕️🤍,0,9
جرب ادخل الحمام وقول نكتة وشد السيفون وتخيل صوت السيفون جمهور بيضحك وبيسقفلك جماعة البهجة حوالينا بجد بس احنا ال مش بندور,0,22
اضحكي وانشري البهجة ولا تهتمي بكلام أحد يارب يديمها عليك 🌹🙏🏻,0,11
صباح الخير فيه وااااااجد وأنا مغمورة بالحُب والدفء والحُنُوّ مُنغمسة بالكامل في البهجة وفي عز الآمان والإستقرار,0,17
الإبتسامة صدقة فلا تبخل بها على أحد😍,0,7
دايمه الإبتسامه يارب,0,3
دوم ان شاء الله الابتسامة يارب أنت السكر والعسل 🌹🌹🌹🌹,0,10
الابتسامه كلمه طيبه بغير حروف,0,5
الإبتسامة حديث طيب بدون كلمات,0,5
أصدق الأشخاص من يحاول رسم الإبتسامة على وجوهنا دون مناسبة و بعفوية صادقة شٌكرًا لكل من حاول أسعادي يوما 🤍🤍🤍,0,20
اليوم عيد ميلاد صانع الإبتسامة صاحب السعادة رئيس جمهورية الضحك الفنان الكبيرالزعيم عادل إمام ♥️,0,15
مُدمِنات الماكياج بدلاً من رسمِ تِلك الخرائط على وُجوهِكن فقط ارسُمن الإبتِسامة على شِفاهِكن,0,14
إبتَسم تَكسب أجراً وَرُبمَا أجراً وقلباً ❤فَسُبحَان من جَعلَ الابتسَامة فِي ديننَا عِبَادة وَعليهَا نُؤجَر,0,15
الابتسامة هي وجهك المنير ف ابتسم و انير الحياه ب ابتسامتك ❤️,0,12
الطاقه الايجابيه وتوزيع الابتسامه,0,4
ما شاء الله على الابتسامة من القلب👇🙇🙇🙇🙇🙇🙇🙇👇👇👇👇👇,0,7
الإبتسامة شاقة وجهي,0,3
رائعة هي الابتسامة التي تقول للحزن لن تغلبني وتلك المحاولة التي تقول للفشل لن تتمكن منّي,0,16
الإبتسامه,0,1
مساء الإبتسامة,0,2
الابتسامة أفضل وسيلة لتحقيق المكاسب,0,5
الحياة ماتمشي بدون الابتسامة لأنها تقود إلى الإيجابية والإيجابية تفتح أبواب النجاح والأمل والعزيمة,0,14
ابتسم و دع كل من حولك يبتسم لأجلك ابتسم ف إ في الابتسامة راحة و صحة ابتسم و دع الحياة تشرق لك بألوانها الزاهية,0,24
الابتسامه الجميله,0,2
يسعدلي مساءك بالخير والسرور والورد المنثور و الابتسامة 🌹⚘🌿❤😊,0,9
سأفعل كل ما يجعلني أرى الإبتسامه على وجهك 🙏,0,9
السعادة في إسعاد من حولك وهذا مبدأ من مبادئ الإسلام متمثلاً في الابتسامة في الكلمة الطيبة في الهدية في الإعانة,0,20
النظره الابتسامه لمسه يديهم كميه مشاعر تفيض,0,7
مساء الخير و السعادة و الطمأنينه لقلبك و الابتسامة و الإحساس 😁🌹⚘🌿❤,0,12
ما أعظم أن يواسيك أحدهم بكلامه وقلبه ويحاول جاهدًا بكل ما أوتي من فرح أن يزرع بداخلك الإبتسامة,0,18
رحم الله والده الإبتسامة في الصورة الأخيرة تتحدَّث و تصِفْ مشاعر صاحبها 💔 جبر الله كسره,0,16
حتى الابتسامه بيها صدقة 🤷🏻‍♂️,0,5
مساء الابتسامة واللطافة,0,3
الابتسامة من أهم العلامات التي تدل بإنّ الفتاة واقعة في الحب ويُمكن للحبيب أنّ يدرك ذلك من خلال الابتسام له,0,20
دايماً في ناس معينة تخطر على بالك فجأة وتجبركَ على الابتسامة مهما كان مزاجك,0,14
إذا لم يكن لديك شيئاً تعطيه للآخرين فتصدق بالكلمة الطيبة و الابتسامة الصادقة و خالق الناس بخلق حسن,0,18
اللهم امين يارب مساك الله بالخير والسرور و السعادة و الابتسامة ❤☕🌿😊⚘,0,12
ابتسم فسبحآنْ منْ جعَل آلآبتسآمة فيَ دّيَنْنْآ عَبآدّة وعَليَهآ نْؤجر مساء الابتسامه❤,0,12
الابتسامه صدقه وتزيد جسم الانسان طاقه ايجابيه تساعد على الحفاظ بالصحه,0,11
مساء الابتسامه الجميله,0,3
أنتَ وحدك سبّب كُل هَذه الإبتسامة العَالقة على أطراف وجهي 🦋,0,11
الابتسامة لها مفعول قوي في العلاقات وغالبًا هي من مؤشرات قوّة الشخصية فابتسامتك لمن تُحبه ستُشعرهُ بحبك له,0,18
الإبتسامة لا تشتري لك خبزا لكنها تشتري لك أرواحا فسبحان من جعل الابتسامة في ديننا عبادة نؤجر عليها,0,18
لتكون الحياه بسيطه فهي تحتاج لأمرين الإبتسامه والصبر,0,8
مساء الورد والياسمين و السعادة و الابتسامة 🌹😊⚘❤,0,8
الابتسامة هى المفتاح السحري الذي يفتح لك كل القلوب المغلقة ابدأ يومك بابتسامة أمل تُرضي بها ربك وتبهج بها غيرك وتسعد بها نفسك,0,23
إن الابتسامه لا تكلف شيئاً 🤠و لكنها تعني الكثير,0,9
تاتى دعوات الحب من العين ام الابتسامه,0,7
تصدق أتذكرك وابتسم يا جعل الابتسامة ما تكون إلا على ذكراك,0,11
تعجبني مصاحبة الناس البسيطة الذين لا يفتخرون بشيء في هذه الحياة سوى أخلاقهم ولا يهمهم من هذه الدنيا سوى الابتسامة والتواضع,0,21
الإبتسامة وقت شُرود الذهن لقاء من نوع آخر ♡,0,9
اليوم عيد ميلاد صانع الإبتسامة الفنان الكبير الزعيم عادل إمام ♥️,0,11
استمتع بكل لحظه من حياتك واجعل الابتسامه اسلوب حياتك,0,9
الابتسامه تسعد الروح,0,3
الابتسامة نصف الحياة,0,3
الابتسامة في وجه اخيك صدقة 🤍🤍,0,6
عنده الحق مفعول الابتسامة خارق 😅😅,0,6
🌹🍃 الحياة هى الإبتسامة والأمل هى الوفاء والصدق والإخلاص إزرع الإبتسامة الصادقة في وجهك والصدق في حديثك,0,17
ابتسم ففي الابتسامة حياة للقلب وسرور لمن حولك جميلة دائما,0,10
إن لم تستيقظ على هذه الابتسامه فلا داعي للزواج 🙈😍,0,10
الابتسامة صدقة فلا تبخل بها على احد مساءالخير ❤️,0,9
الابتسامة لغة مترجة لكل الغات و تتجاوز كل العادات و الثقافات و تكسر كل الحواجز و تتخطاها و تصل الى قلوبنا مباشرة,0,22
الابتسامه شاقه وجهي شق,0,4
حماك الله حبيبتي و ادام هذه الابتسامة الجميلة على وجه غزة الصامدة ❤❤🇹🇳🇵🇸🇹🇳🇵🇸,0,13
وبالرغم مّن قساوة هذه الحياة مّا زلنا نجيد الأبتسامة,0,9
الابتسامه صدقه 💕,0,3
نلتقي دائمًا بابتسامة لأن الابتسامة هي بداية الحب,0,8
صلاح ليس لاعب كرة متميز فقط بل أيقونة عالمية للفرحة دامت الإبتسامة ابو مكة و الباقي سكة,0,17
أبسط أنواع العطاء أنْ نعيدَ الابتسامة على شفاه مَنْ فقدها,0,10
روحي متوهجه من فرط السرور والسبب سماع صوتك 🤍🤍,0,9
واجلب لنفسك السرور ما استطعت لا تكن أنتَ والزمانُ عليها,0,10
أيامي معك فيها من السُرور الكثير 🤍,0,7
مساء النور و السرور,0,4
الحمدلله على كل ما يضفي للنفس السرور💕,0,7
والروُح من فرط السُرور توهَجت❤️,0,5
مساء السرور❤️❤️❤️❤️🌿,0,2
آه من السرور إللي مستحلّني من عرفتك ليومنا هذا,0,9
يصيبني السُرور معك بطريقة مُفرطه ♥️,0,6
مساء النور و السرور 🌹🌹,0,5
وَعَرَفْتُ أيامَ السرور فلم أجدْ كرجوعِ مُشْتاقٍ إِلى مُشْتاقِ 💘,0,10
🌹صباح النور 🌹 🌹صباح السرور 🌹 🌹 صباح الرضا 🌹 🌹 صباح السعادة🌹,0,13
اسم معلول ادخل السرور على قلبي والله,0,7
الحمدُلله على كُل مايضفيِ للنفس السرور,0,6
عريسنا يابدرِ بادي دامت لياليك السرور 💍🤍🤍,0,7
والروح من فُرط السرور توّهجت🤍🤍,0,5
لقلبك النور ولأيامك السرور💛,0,4
قال أكثم بن صيفي رحمه الله السرور في التغافل بهجة المجالس ٦٦٤,0,12
إلهي كل فرح بغيرك زائل وكل شغل بسواك باطل والسرور بك هو السرور والسرور بغيرك هو الزور والغرور,0,18
السعادة قد تكون كلمة جميله لا تكلفك شيئا تدخل بها السرور للآخر,0,12
كن عنوآنا للجمآل بإبتسآمتك وآخلآقك ومعآملتك كن كالورود بوجودك يحل السرور وبغيآبك تشتآق لك القلوب,0,15
لازلت أحتفظ بقصائدك التي تُعني لي الكثير أدخلت إلى قلبي السرور في مشاعرك نور,0,14
قادم أيامنا يحمل لنا من الخير والفرح فوق ما نأمل ‌اللهم صُب السرور في قلوبنا صبًا,0,16
واجلب لنفسك السرور ما أستطعت ولا تكن أنت والزمان عليها,0,10
لم أكن قبل لقياك ادري أن في الأرض كُل هذا السرور,0,11
السرور انته كله وربي يحميك من كل شر و عله و يرزقك ما في خاطرك كله,0,16
الله يسعد كل واحد يدخل السرور على أخيه المؤمن ويفتح عليه أبواب الرزق,0,13
هذا المساء يحمل الكثير من الحُب و الرّقة أنا في أعلى مراحل السرور 💜,0,14
اللهم السلامة و السلام و السلوان و السلوى و السعادة و السرور و السكينة و السُكنى❤️,0,16
يصيبني السرور معك بطريقة مُفرطه,0,5
مساء السرور لكي جميلتي💅🏻♥️😌,0,4
من احب الاعمال الى الله ادخال السرور على مسلم 💗,0,10
هل بقي من ملذّات الدنيا بعد مناجاة الله غير لذّة إدخال السرور على قلوب عباده,0,15
لا طبعا لايجوز ولا يصح وبعدين 33 مش عجوز دي تعتبر في ريعان الشباب ولو عاوز يدخل عليها السرور يشفلها عريس 😂,0,22
لم أكُن قبل لُقياكَ أدري أنَّ في الأرضِ كلّ هذا السُرور,0,11
يا صديقاً يساوي كل السرور والسّعة🤍,0,6
ستظل انت الانسان الوحيد اللي سكن قلبي وروحي انت الوحيد اللي ادخل السرور والسعادة ف قلبي وروحي وقلبي ماعشق ولا حب غيرررررك 💗,0,23
هجَم السُرور على قلبي🤍,0,4
إبتسم لي لجل ترجع لي سنيني❤️,0,6
ابتسم لناس وتصدق بها عل فيها خير لك,0,8
جالسه أبتسم بكل حب 🥺,0,5
أدركَت أنني أحبكَ منذ أن أصبحتّ أبتسم لحديثكَ دون أن تراني❤️,0,11
لا تنتظر السعاده ل تبتسم ابتسم لترى السعادة,0,8
أبتسم وارسم حلمك واتعب لكي تحققه فلا نجاح بلا تعب اهتم بنفسك ولأبتسامتك 🤍,0,14
هذا أنا أحترم نفسي وأعتز بكرامتي لا احب ان افرض نفسي علي احد أنسحب بهدوء عندما أشعر أنه لم يعد لي مكان يمتلكني,0,23
ابتسم ودع حزنك لمن تمناه لك 🤍💕,0,7
أبتسم دائماً فهناك من يريدك أن تكون بخير,0,8
م ودي اقول اني اذاكر وانا ابتسم مع نفسي🚶🏽‍♂️,0,9
إبتسم فليس هناك ما تخسره فربك موجود ورزقك مكتوب وعمرك محدود كن جميلاً كي ترى الجمال حولك دائمً🖤,0,18
ابتسم لي لجل ترجع لي سنيني🤍,0,6
لا تُضايق قلبك الجميل يوما ًفكل شيء مكتوب حافِظ على نفسك أينما كُنت و إبتسم دوماً وكُن بخير ♥️,0,19
ابتسم مهما حصل,0,3
ابتسم فأنت في زحام من النعم قدرها واشكر الله الكريم عليها☘️,0,11
يزينك لو تعلمني محل البرقر بس تخليني ابتسم 😘,0,9
إبتسم حين يضيق عليك الأمر واستبشر فربُ الخير لا يأتي إلا بالخير و دائماً في الغيب شيء جميل يستحق الصبر🌹🕊,0,20
ابتسم فانت قدساوي😂😂😂😂😂,0,3
ابتسم لأنك بصحة وعافية فهناك من المرضى من يتمنى أن يشتريها بأغلى الأثمان,0,13
إبتسم حين يضيق عليك الأمر واستبشر فربُ الخير لا يأتي إلا بالخير و دائماً في الغيب شيء جميل يستحق الصبر,0,20
إذا رآيت من تحب💖 فابتسم وسيشعر بحبك❤ وإذا رآيت عدوك ابتسم وسيشعر بقوّتك 🌹 وإذا رأيت 🌹من تركك ابتسم 🌹وسيشعر بالندم🖤,0,21
تأسرني نظرة عينيه فكيف إذا ابتسم 👌,0,7
احب اسمي احب الشخص اللي ينطقه بطريقة حنونه بالطريقة اللي تحسسني بعظمة مشاعره تجاهي,0,14
لاتدور سعادتي وهي في مبسمك ابتسم انت ويبتسم قلبي معاك ♥️,0,11
ابتسم فالحياة جميلة حين يخذلك شخص سيقوم بإسعادك شخص آخر حين تخسر فرصة ستأتي لك فرص أكثروحين تعمل خيراً سيعوضك,0,20
إبتسم,0,1
قَلبْ أبْيَض و نوايا طاهرة أُمنيات جَميِلهْ و أحلامْ تشُبِه حديقة مثمرة ما زلتُ أبِتسم و ما زالْ قَلبِيْ ينبض تلك هِيْ أعَظِمُ النِعمْ💛,0,24
أبتسم فالحزن يأخذ منك اشياء كثيرة و لا يأتي بشيء فرُبّ بشرى غير متوقعة تعيد لنا بهجة الحياة,0,18
ابتسم لحياتك وابتسم لكل ما هو حولك وفكر في كُل ما يبهجك ولا تفكر في ما يقلقك فالأمل دواء والقلق عناء والتفاؤل رجاء ️,0,24
ابتسامتك أمان لك وفرح لغيرك ابتسم واجعل من حولك يرون اشراق الدنيا بها ليتغير حالهم بسببك لأفضل حال,0,18
الطيبون عندما يتالمون يصمتون الطيبون لا تتغير صفاتهم حتى ولو تغيرت أحوالهم الكريم يظل كريما حتى ولو أفتقر,0,18
ابتسم وارسم حلمك واتعب لكي تحققه فلا نجاح بلا تعب اهتم بنفسك ولأبتسامتك✨🦋,0,13
تمرني طيوفك و ابتسم شلون لو تمرني و اشوفك♥️,0,9
قبل أن ألتقيك لم أكن اعرف ماذا يعني أن أنظر طويلاً الى شخص و ابتسم بعُمق دون سبب 💙,0,19
عندما تتعثر وتبتسم لك الحياة ابتسم لها فخلف ابتسامتها قبلة قد تكون هي قبلة الحياة ♥️,0,16
من بغى قربك يسوى المستحيل ومن يشوف انك خساره اخسره لا تنادي من بغى درب الرحيل ابتسم له وفي رحيله اشكره 👌,0,22
كل ما اشوفك ابتسم من دون ما أشعر ✨,0,9
قربّ لي يا الله من يحبني بفعله لا بقوله ويراني بقلبه لا بعينه ومن يعمل جاهداً ليراني أبتسم,0,18
صرت ابتسم لرسايلك ياتُرى هل انا حبيتك,0,7
التفّكير فِيك يجبرني ابتسم❤️,0,4
أبتسم ولو على سبيل إصلاح ما تبقى من اليوم,0,9
أبتسم للرد البارد اضحك للكلام القاسي وأنسى أن لك قلب اصلاً,0,11
حراره زكمه عيوني ملتهبه رغم ذلك ابتسم واذاكر تحصيلي الله يقويني ما شاء الله,0,14
أبتسم مادام لك رب كريم,0,5
ابتسم لأنها مرت على بالي فمابالكم عاد إن مرت أمامي,0,10
في أشياء كثيره بعد🌼 كلمه حلوه🌧صلة رحم يومية ولو مكالمة أو حتى رسالة عاده صحيّه جديده أول ما أصحى ابتسم😄,0,20
لا تخبر الناس كم تحفظ وكم تقرأ من القرآن بل دعهم يرون فيك قرآنا أطعم جائعاً إكس عارياً ساعد محتاجاً,0,20
المح عيونگ من بعيد و ابتسم و احلف لقلبي مآ بعّد عينگ احد ✋✋,0,14
تأكد لو فقدت ما فقدت لو كسّر الحرمان أضلاعك ستجتاز هذه الحياة كما يجتازها كل احد فاختر الرضى يهُن عليك العبور,0,21
مَهْمَا كَانَتْ حَالَتِك الْآن اِبْتَسَم وَقُل الْحَمدﷲ اِبْتَسَم فَإِنَّ النُّورَ يَأْتِي بإبتسامتِك,0,12
بموت من الضحك😭😭😭😭😭😭,0,3
كنت محتاجة نضحك الضحك هذا ثانكيووووو 🤣🤣🤣🤣🤣🤣🤣🤣🤣🤣🤣🤣🤣🤣🤣🤣,0,7
يديني ع الضحك😂,0,3
عظيمين اللي مايخلون عيونك تدمع الا من الضحك,0,8
بس الاحلى الضحك ذا والله ما يوقف,0,7
اساسا انا متفرج ع مسرحياته بس لكن الضحك خفة دمه تحسها مصطنعة مش نفس سعيد صالح,0,16
كل ما افتكر اني جبت كتلة القمر الصناعي بالسالب بموت من الضحك,0,12
يقلع ابو الضحك يا ناس وشذا العقول,0,7
يا حلو الضحك مع العائلة اللي كله دموع الله يديمها علينا يارب ❤️,0,13
الحمدلله على كسرة الخبز وشربة الماء الحمدلله على المأوى والسكن والأمان الحمدلله على قدرة التنفيس عن الشعور,0,17
ماعندي هدف بالحياة غير الضحك وقلة الأدب 😂,0,8
الضحك والله اذا فازوا علينا البزارين 😭,0,7
🤣🤣 انا قاعد ميت من الضحك من الميم,0,8
اهم اشي ما يغيروا اللي يكتب عشان يكون الضحك مضاعف,0,10
كنت هحط رقمى هنا صباح الضحك😂 هخش ابعتهولك,0,8
تعبت من الضحك,0,3
ايه الضحك ده😂😂😂😂😂,0,3
خلاص صدعت من الضحك الى اللقاء,0,6
يتعافى المرء بالضحك مافي شي ثاني يخليه يتعافى لا نكذب على بعض الضحك هو الحل الوحيد,0,16
اخ يا الضحك,0,3
😂😂😂😂😂😂😂😂😂😂😂 همووووت م الضحك,0,4
ههههههههههههههههههههههههههههههههههههههههههههههههههههههههههههههههههههههههههههههه تعبت م الضحك😭😭😭,0,4
الضحك شمسٌ تزيل الشقاء عن وجه الإنسان,0,7
هموت من الضحك المثل في محله تمام 😂😂😂😂,0,8
فاتك الضحك ده ف رمضان امال لو شفتي لؤلؤه 🙈🙈🙈🙈 محمد سامي عامل تحفه تانيه منه وحسبي الله من ده ابداع 😂😂😂😂,0,22
اه يانى على الضحك😂😂😂😂😂😂😂😂😂😂,0,4
ساعة من الضحك المتواصل مع الكبير اوي و بدايات حزلقوم الشقي اوي 😂الكبير ا,0,14
في لقطه ف آخر حلقه كان غفران داخل عشان يقتله كان قاعد حاطط رجل ع رجل وبشرب شيشه ومتهزش من مكانه اللقطه دي موتتني من الضحك,0,26
انتي صدقتي ازاي يخربيتك اي الضحك دا 😂,0,8
متت من الضحك 😂😂😂😂,0,4
نانسي عجرم دي عليها حبه اغاني تموت الواحد م الضحك😹,0,10
الكليه بدأت الضحك بدرى,0,4
استمرى فى الضحك لانه لايوجد من يستحق أن يرى الحزن فى عينيك ووجهك الجميل نواسى انفسنا بأنفسنا والله المستعان,0,19
بطني تألمني من الضحك اه لو تشوفون طيحه اختي على وجهها 😭😭😭😭😭,0,12
الحلقة هذي كمية الضحك فيها غريبه😂😂😂,0,6
يلعنم الضحك وريته امي وقالت وجهك دايم نفس الي عند عماتك😐😭😐😭😐😭,0,11
بحب اللي بيهزر وبحب اللي دمه خفيف وبحب اي حد بيحب حد دمه خفيف الضحك جميل وملوش علاقه بالتربيه😂😂 يمجتمع بيقولو عالقطه بسه🤦🏾‍♂️,0,23
بموتتت من كثر الضحك,0,4
الآن على قناة مصر 2 قمة الضحك,0,7
قاعده اصرخ من الضحك هذا ايش,0,6
شوفوا بنت خالتي وش ترسل لي جاتني الجلطه من الضحك😭😭😭😭😭😭,0,10
😂🤣😂🤣😂 ويلي بموت من الضحك,0,5
متتتت من الضحك اي خدعةٍ هذه 😂😂😂ع ز غ ة😂😂,0,10
ميتة من الضحك علي اللي معاها 😬😁😁,0,7
الضحك مع الأصدقاء وممارسة اليوجا وتناول الشوكولاتة الداكنة إليك 6 طرق فعالة لرفع مستوى الإندورفين في جسمك,0,17
الضحك وقت المرض بيفيدك أضحكي وأنسي الهلال ماغير يجيب وجع الراس الله يمدك ب الصحة والعافية 😘🌹,0,17
أنا كل م افتكر اليوم دا أموت م الضحك 😂😂,0,10
ربنا يديم الضحك ويرزقنا فرحه النصر والتحرير🤲💪🇵🇸,0,7
تعرفوا الضحك الهستيري اللي يجيكم بدون سبب لدرجة دمعوا ذحين جالسة اعاني منه وأمي شويتين وتطردني من البيت وتخليني انام بالشارع,0,21
أنا أول مرة استنى الدوري الإيطالي مش عشان الكورة او بشبح لمورينهو بس عايز اتفرج على الضحك لي هيتعمل بينه,0,20
حرفيًا انصرعت من الضحك بسببهم 😭😭♥️,0,6
😂😂😂😂انا مت من الضحك لما سمعت الفويس,0,7
يالهوي علي الضحك 😂😂😂😂😂😂😂😂🤣🤣🤣😂😂😂😂😂😂😂😂😂😂😂😂😂😂😂😂😂😂😂😂😂😂😂,0,4
😂😂😂😂😂😂😂😂😂😂😂😂😂😂😂😂😂😂😂😂😂😂صدعت من الضحك,0,3
مافي احلى من الضحك اللي من قوته تتكلم بالاشاره🏃🏻‍♀️,0,9
يناس راسي عورني من الضحك,0,5
يخرببت الضحك ه😭🤸🏻‍♂️ هه😭🤸🏻‍♂️ ههه😭🤸🏻‍♂️ هههه😭🤸🏻‍♂️ ههههه😭🤸🏻‍♂️ هههههه😭🤸🏻‍♂️ ههههههه😭🤸🏻‍♂️ ههههه,0,10
تشقلبت عالارض من الضحك😭😭😭😭😭😭😭😭😭😭😭😭😭😭😭😭😭😭😭😭😭😭😭😭😭😭😭😭😭😭😭😭😭😭😭😭😭😭😭😭😭😭😭😭😭😭😭😭😭😭,0,4
ما شاء الله دم امك عسل هتموتى حد فينا من الضحك فى مرة,0,13
يقال ان الضحك يزيد من نسبة الجمال 90 يعني اذا حدا صار حلوو فجأه السبب رسائلي 🌚 😂😂😂😂😂 امزح امزح 😂,0,21
وربي مختنقه من الضحك 😭😭😭😭😭😭,0,5
😂 انا مسخسخه م الضحك😂😂😂😂,0,5
الضحك يدق الابواب ف اي وقت😂😂😂😂😂💔,0,6
فصلتيني ضحك كلو عمال يعملي ريبلاي ع الاستورى م الضحك😂فضحتك ونا عندي كتير ع الواتس🤭😂,0,15
ما ابيك ولا ابيهم ابغى الفله و الضحك,0,8
الضحك المصري 😂😂,0,3
فاينل ايه الي كمان اسبوعين ايه الضحك ده,0,8
والله العظيم اناا من امبارح بضحك حاسه اتهبلت يعني الضحك كان كتير اووي امبارح والنهارده تحس ف نكد هيهل قريب😂,0,20
هندي يقلد سوداني تموت من الضحك متابعة ليصلك كل الجديد,0,10
الفيديوهات اللي المصريين عاملينها ع اغنيه انا دمي فلسطيني تموت م الضحك 😂😂,0,13
فاضية شويه نشرب قهوة في حتة بعيدة نتفاوض علي نكتة جديدة وخلي حساب الضحك عليا,0,15
جد وجهي عورني من الضحك😭😭😭😭😭😭,0,5
عظيمين اللي مايخلون عيونك تدمع الا من الضحك💗 نحبه نحبه نحبه نحبه💗,0,12
😂😂😂😂😂😂😂😂😂😂😂😂😂😂😂😂😂😂😂😂😂😂😂😂😂😂😂😂😂😂😂😂😂😂😂😂😂😂 بس شفت الكومنت أغمى عليا من الضحك يقطع شرك 💔😂😂😂,0,11
الله يستر من الضحك الي ضحكته اليوم 😭😭😭😭😭😭😭,0,8
شعب ظريف بطبعه .,0,4
احتمال تمطر النهارده فى سحب كتير من الصبح .يارب تمطر .,0,11
ربنا يحفظكم جميعا . رحلة سعيدة .,0,7
ليكن من أعظم أهدافك في الحياة أن ينادي الله جبريل عليه السلام فيقول له إني أحب فلان فأحبه .,0,19
صباح الخير من القلب الى القلب . كل جمعة وانت الى الرحمن اقرب . كل جمعة وصحائف اعمالك بالحسنات اثقل .,0,21
اشوفكم فى صلاة العيد بقى .,0,6
الجنة وطن الاشياء الحقيقية. الجنة أمنيتنا الخالدة والشوق الذي يكبر فينا كل يوم .,0,14
تقربوا الى الله ولو بركعه واحده.,0,6
اوتروا وتذوقوا جنة الدنيا.,0,4
قال احد الحكماء كن مستمعا جيدا واياك والاستنتاج المبكر للاحداث .,0,11
منظر يفتح النفس على الصبح والله .,0,7
يلا كلنا نفتح المصحف دلوقتى ونقرا سورة الكهف .,0,9
لازم يا جماعه نحترم شوية حكومتنا واصحاب المناصب والقرارات .,0,10
سوريا ارض الثقافة والجمال والادب .,0,6
إخوتي لا تنسوا سنن الجمعة : الغسل والطيب والسواك ولبس الجميل والتبكير لصلاة الجمعة وقراءة سورة الكهف وكثرة الصلاة علي رسولنا الكريم .,0,23
يلا كله يجهز نفسه للماتش هيبدأ كمان ساعه .,0,9
اتعلم ما هى الثقة الكبرى فى قوله تعآلى ولسوف يعطيك ربك فترضى . هو لن يعطيك فقط هو ايضا وعدك بالرضا .,0,22
الحمد لك يا الله . فبالشكر تدوم النعم.,0,8
ربنا يسمع منك يارب.,0,4
تشبهيين أيام أوقات الخريف و تمطرين أحيان . إحساسك زهور .,0,11
كلها يومين ويجى العيد .,0,5
صباح صافى ونقى .,0,4
قال صلى الله عليه من قرأ سورة الكهف في يوم الجمعة أضاء له من النور ما بين الجمعتين . لا تنسوا سورة الكهف ربنا يبارك فيكم .,0,27
يا ذا الجلال والإكرام ارفع عن خالتي التعب وعن كل مسلم مريض .,0,13
معجزة بناء فندق في ساعة بالصين .,0,7
قال النبي صلى الله عليه وسلم من صلى علي صلاة واحد صلى الله عليه بها عشرا .رواه مسلم .اللهم صلي وسلم على اكمل خلقك محمد بن عبد الله.,0,28
اللهم عجل لنا الفرح والخير انا وكل من قال امين . امين يارب العالمين .,0,15
صباحكم جميل .,0,3
ربي أستغفرك لكل صلاة حضر فيها جسدي وغاب قلبى .سامحنى يارب فى الايام المفترجة دى .,0,16
سامحونى حين اخطأ. فلسنا على الدنيا دائمون .,0,8
هو انا مش بتابع مسلسلات اوى علشان الامتحانات . بعد الامتحانات هتفرج ولن ارحم احد .,0,16
الطريق إلى الله طويل. ليس المهم أن تصل إلى آخره لكن المهم أن تموت عليه.,0,15
يارب ساعدنا على ترك ما نحب لأجل ما تحب .,0,10
أول رمضان سيصادف يوم الجمعه . اللهم بلغنا رمضآن لا فاقدين ولا مفقودين .,0,14
انا بشرب شاى بلبن وباكل بسكوت وكحك .كل سنة وانتم طيبين.,0,11
زيادة الصداقة تزرع الحياة أزهارا . و الحب يحولها بساتين فرح .,0,12
استغفروا كثيرا قال الرسول صلى الله عليه وسلم من لزم الاستغفار .جعل الله له من كل ضيق مخرج . ومن كل هم فرجا ورزقه .,0,25
ربنا يتقبل منكم صالح الاعمال . عيد سعيد عليكم وبلاش كحك كتير علشان الرجيم .,0,15
يارب في هذه الليلة لعلها تكون ليلة القدر أنزل شفائك وفرجك ورزقك وأمنك لكل من يحتاجه و أرزقنا ما نتمناه ويسر لنا ما نخاف تعسيره .,0,26
صلاة الجمعة يرحمكم الله . قال تعالى إن الصلاة كانت على المسلمين كتابا موقوتا . فهبوا الى المساجد.,0,18
قال تعالى وما كان الله معذبهم وهم يستغفرون. استغفر الله واتوب اليه .,0,13
اللي يراضيك لازم تراضيه وتحطه علي راسك .,0,8
الواحد من غير صحابه في الجامعة بيحس انه يتيم كدا . ربنا ما يحرمني منكوا ابدا .,0,17
بحب اوي القاعدة علي البحر في الشتاء قاعدة بالدنيا وما فيها .,0,12
تسلم بطمن عليك بس .,0,5
بجد بكرا هتشوفوا مصر هتبقى احسن بلد فى الدنيا .,0,10
ربنا يجعل قبرنا من نور وروحنا بالجنة . امين يارب العالمين .,0,12
اقترب شهر الرحمه والمغفره .,0,5
الاستغفار بيغفر الذنوب استفر الله واتوب اليه .,0,8
ده خبر جميل اوى على الصبح كدا.,0,7
اكثروا فى الدعاء والصلاة فى هذه الايام .,0,8
جميلة ضحكتك.,0,2
مفيش حاجة هتغيرني للاحسن الفترة دي غير هدية و شيكولاته .,0,11
يومكم كله فرحه وبهجه.,0,4
وهي الدنيا الحلوة إيه غير ركعة وإبتسامة ورضا ربنا .,0,10
احلامي كتيرة والله بس اولها اخلص دراسة واتخرج .,0,9
النهارده كان يوم مثالى بالنسبة لى .,0,7
ربي اكتب لى فى ايامى القادمة فرحة تغير بيها مجرى حياتى . يارب العالمين .,0,15
الواحد عايز اختراع كدا يدور على الحاجات اللى بتضيع من الواحد فى البيت .,0,14
بحب اسمع اوى صوت العصافير الصبح .,0,7
صوتها فى الاغنية هنا تحفة .,0,6
مش فارقة ولد ولا بنت فيه بنات بيبقوا السند اللي بجد لاهاليهم .,0,13
انا اول مرة اروح النهاردة واتبسطت الحقيقة الجو هناك جميل ورايق كدا .,0,13
مفيش احلي من انك تصحي كل يوم علي صوت اهلك في البيت .,0,13
فرصة ذهبية دى .,0,4
صبرا سوريا فالنصر آت لا محالة .,0,7
هناك ناس معينة فقط إذا تحدثوا إليك وأنت بمزاج متعكر تتغلغل بداخلك بهجة الدنيا وأفراحها .,0,16
يارب اجيب الدرجة النهائية فى امتحان بكرا .,0,8
فيلم السقا ده من اجمل الافلام فى الموسم كله . عايز اوسكار عليه .,0,14
بنحاول نذاكر من اجل مستقبل افضل .,0,7
اول مرة ابقى خاله . الحمدلله اختى قامت بالف سلامة .,0,11
انا ضميرى يحتم عليا انى ماسكتش على الظلم .,0,9
ربنا يبعد عنك اى شر .,0,6
عايزه أسافر مخصوص للسبب ده. اغير مود ونفسيه.,0,8
يارب كل المعتقلين ياخدوا افراج .,0,6
يلا ارجعوا بسرعة بليز وحشتونى .,0,6
ايه الجمال ده يا خراشى .,0,6
الحمدلله على سلامة الوالد .,0,5
ده انا مش بعرف افكر واخد قرار الا وانا بغسل المواعين .,0,12
الواحد نفسه يخدم بلده بعلمه .,0,6
مجدى يعقوب ده ملاك . ربنا يبارك فيه .,0,9
ياريت كلنا نتبرع لمستشفى مجدى يعقوب .,0,7
ايه الشطارة دى حليتها بسرعه .,0,6
لا تنسوا الصيام يوم الاثنين والخميس . تذكروا قول رسول الله صل الله عليه وسلم تعرض الايام يوم الاثنين والخميس فأحب ان يعرض عملى وانا صائم .,0,27
يا جمال المسلسلات التركى والمممثلين فيهم . ايه ده بجد .,0,11
اللهم رب الناس .اذهب البأس .اشف انت الشافي. لا شفاء الا شفاؤك شفاء لا يغادر سقما .,0,17
لا تنسوا صيام الايام البيض وقيام الليل .,0,8
بعيد عن اي حاجة انت حبيبي وانا عمري ما اشيل منك مهما حصل بينا .,0,15
بكرا فرح اغلي صاحبة عندي مش قادرة اوصف فرحتي والله كأنه فرحي انا .,0,14
الواحد مقضيها اليومين دول خروجات وفسح .,0,7
اهو بدأت افهم شوية . الدكتور ده احسن بكتير من الدكتور اللي فات .,0,14
صحبة الجامعه احلى واجدع اصحاب .,0,6
الله عليك ايه الشياكة دى . عيد سعيد .,0,9
لازم انام دلوقتى عندى سفر الصبح. تصبحوا على خير .,0,10
الواحد مش عايز فى الدنيا دى غير الراحة والصحة ومليون جنيه .,0,12
اصلا انا هتجوز ثرى عربى .,0,6
يزهر في قلبى بستان من الامل حين اردد يا الله .,0,11
من زمان ما قراتش روايات . من زمان ما اقعدتش مع نفسى فى البيت . الواحد كان مفتقد حاجات حلوة اوى . حققتها النهارده.,0,24
قربنا نوصل لاخر الشهر وهنقبض بقى .,0,7
قال النبي صل الله عليه وسلم من صام يوما في سبيل الله باعد الله وجهه عن النار سبعين خريفا . تذكير بصيام يوم الاثنين .,0,25
فى ناس اصلها طيب بس لازم تدور عليه .,0,9
الحمدلله انا متعود اصلى الفجر وانام .,0,7
فعلا المواقف بتبين الرجال.,0,4
انا الليلة دى مبسوط على الاخر .,0,7
اللهم يا مقلب القلوب والابصار ثبت قلوبنا على دينك .,0,10
ربنا يقومك بالف سلامة .,0,5
شكرا لكل من همه غيابى .,0,6
انتم تستهلوا كل خير .,0,5
اللهم أرزقني نفسا مطمئنة توقن بوعدك و تسلم لامرك و ترضى بقضائك .,0,13
نحمد ربنا احنا احسن من غيرنا . فى بلاد كتير غرقت .,0,12
فرحة اول اكلة عملتها لوحدي و طلعت حلوة حاسة اني خلاص المفروض اعمل برنامج طبخ .,0,16
أهم طبق في بلدي بنصح الكل انهم ياكلوه هو السمك بكل انواعه وطرق تحضيره .,0,15
ارمى حمولك على الله .,0,5
ده انا افهمها وهي طايرة .,0,6
حلوه الاماني بتدى الناس راحه.,0,5
ربنا يديم المودة .,0,4
عن ناس عمرهم مابعدوا عنك رغم مشاغلهم .,0,8
انا كل يوم بتفرج على برامج الطبخ و بجرب اكلات منها كتير .,0,13
كام واحد رايح الماتش بكرا تعالوا نتجمع ونروح مع بعض .,0,11
ولسه بيجري و يعافر و لسه عيونه بتسافر و لسه قلبه متعبش ولا زهق من الحياة .,0,17
الضحكة هي العملة المعترف بيها في كل دول العالم و محدش يقدر يرفضها .,0,14
انا بحب السفر اوى .,0,5
نفسي حد ييجي و يديني فلوس اعمل مشروع .,0,9
نفسي اتجوز البت الي بحبها .,0,6
جميله اوي البنت دي .,0,5
كلوا في كفه و امى في كافه تانيه .,0,9
احب الخروج في الليل . لانه جو جميل جدا .,0,10
ياريت الاهلي يكسب و يبقى اعلي فريق في العالم .,0,10
عايز عربية جميله ، و بيت كبير ، و مصنع سيارات كبير .,0,13
انا صايم النهارده.,0,3
انا فرحان اوي .,0,4
كل سنه و اصحابي و اهلي و احبابي طيبين .,0,10
انا عايز اكل فراخ مشويه و كفته على الفحم و بيبسي .,0,12
يا ريتني كنت مليونير .,0,5
لازم تبقى مع فريق شيرين . صوتها جميل .,0,9
يارب اتخرج وابقى سفير .,0,5
صوتها جميل وهى عسل .,0,5
بكرة اجيب عربية بسواق .,0,5
طبخت مكرونة النهارده .اول مرة اعملها .,0,7
اغلقت كل الابواب الا بابك .,0,6
عايزة اوريك الرسمة بعد ما رسمتها .,0,7
ربنا يرزق كل محتاج .,0,5
القلوب الصابرة لها الجنة .,0,5
كنت سبب في ابتسامتى النهارده .,0,6
امتى يجي اليوم الي همسك مفتاح العربية واقول لهم عايزين حاجة .,0,12
فستان شيرين الاحمر شيك اوى .,0,6
بلاش تشيل الهم .ابتسم عيش حياتك فى فرح وهنا .,0,10
ايا ليت بعض من امانينا تتحق .,0,7
ماما هي اكتر واحدة بتسمعني مهما كان كلامي تافه وملوش علاقة ببعضه .,0,13
فى دعوة عارف انها صعب تتحقق بس بتفضل تدعيها بردوا لان الامل فى ربنا كبير .,0,16
تمسك بالدعاء كأنك لا تعرف علاجاً غيره.,0,7
فيه افلام حلوة اوي النهاردة علي التليفزيون يبقي مفيش نوم النهاردة . نسهر براحتنا بقى بكرا اجازة .,0,18
ادخل الكلية اللي بتحبها اي كانت علشان تكون مميز فيها و تنجح في حياتك اهم فترة في حياتك هي فترة الجامعة .,0,22
مبروك وربنا يوفقك دايما ومن نجاح لنجاح يارب .,0,9
كل ما بتصلى صح عمرك ما هتزهق من الصلاة صلي بروحك صلى بجسمك بكل حاجة تملكها .هى ملك ربك .,0,20
الجون اللي جابه ابو تريكة كان جامد اوي .,0,9
خليك متفائل دايما . لازم يكون عندك امل .,0,9
سهرانة عشان اذاكر والحق اقفل المادة .,0,7
يالله المنظر جميل. عاوز كاميرتي عاوز اصور .,0,8
عديت علي البيت اللي كان فيه الحبايب .راجع مليني الشوق ولهفه قلب دايب .,0,14
يارب خليني عالي في نظر اي حد ، ومتكسرش نفسي ابدا.,0,11
بفرح لما بحس اني ليا لازمة في الحياة . و دا قليلا ما يحدث.,0,14
ادعولى عندى بطولة العمر . ان شاء الله.,0,8
الصلاه علينا . ولازم نصلي هنتحاسب عليها يا بشر افهموا بقي .,0,12
القصب يا جماعة هو المشروب المفضل فى الحر ده .,0,10
مفيش اجمل من الصلاة فى الحرم .,0,7
بعشق القطط . عندى قطتين فى البيت بحبهم اوى .,0,10
الطفل ده احسن من ناس كتير .ربنا يحفظه .,0,9
يارب الدنيا تمطر دلوقتى .,0,5
صورتك حلوة على الواتس وتويتر . يا عم منور والله .,0,11
ربنا يتقبل لدعائكم فى الايام المفترجة دى .,0,8
بموت فى بنت اختى . بعشقها يا ناس .,0,9
التكييف ده نعمه فى ايام الحر دى .,0,8
اغنيه دنيا سمير غانم وحماقى جميلة اوى .,0,8
اعلان مجدى يعقول جميل اوى . دنيا سمير غانم رقيقة اوى فيه .,0,13
ما شاء الله ايه الموهبة الجامدة دى .,0,8
جايلي عرض من شركه فى المانيا .,0,7
الله يسلمكوا .شكر على الدعوات والسؤال .,0,7
عايزين نفطر يوم مع بعض .,0,6
اشكرك يا رب على كل النعم اللى بتنعمها علينا .,0,10
تصبحوا على الكاس .,0,4
ربنا يعيين الامهات بتفضل واقفة فى المطبخ طول النهار فى الحر .علشان تغمل لينا الفطار . ربنا يخليهم لينا.,0,19
يارب صبر جميل .,0,4
من الوصايا النبوية قيام الليل . قم لمولاك ولو بركعه خير من الدنيا ومافيها .,0,15
برافو عليك خليك دايما نشيط كدا ربنا يحفظك .,0,9
اوعوا تزعقوا لطفل مهما عمل غلط دول لسه بيتعلموا .,0,10
عن احساس السعادة وانا رايح امتحان اسهل مادة عندي .,0,10
انا بتعجبني العلاقات العاقلة الناضجة اللي متتأثرش لو احنا الاتنين مختلفين في اي حاجة .,0,15
عارف انت لو اتكلمت معايا واعترفتلي انك غلطان. انا هسامحك علي طول.,0,12
تصبح علي خير يا حبيبي وعلي احلي خبر يا روحي .,0,11
امتى هيجي اليوم اللي اتخرج فيه وابقى مدرسة .,0,9
يارب نوصل كاس عالم .,0,5
جيرانا الجداد. ربنا يخليكوا لينا .,0,6
نفسي اغني قدام تامر .,0,5
يوم الخميس من اجمل الايام .,0,6
خروف مشوي . ده انا بطنى هتدلع النهارده .,0,9
اختار الجار قبل الدار .,0,5
احلى فرح في الدنيا . فرحك يا اختي .,0,9
المصرية مافيش اجدع منها .,0,5
مصرية جميلة وشقية .,0,4
نكتة حلوة جدا .,0,4
حبيبه قلبي وحياتي .,0,4
شوفوا صورتها بالفستان تجنن.,0,4
مشجين الاهلي رجالة .,0,4
دعوة الافطار في رمضان. تجمعنا .,0,6
وظيفة شاغرة في شركة بترول .,0,6
مافيش حد مش هياخد رزقه .,0,6
و بعدين في الوان الفستاين دى تجنن .,0,8
سجل يا تاريخ اسبوع الانتصارات .,0,6
خلاص خلصت واشتغلت كوافيرة قد الدنيا .,0,7
محدش يقدر يشاركيني في رزقي .,0,6
حياتي كلها معاك .,0,4
من حمده زاده .,0,4
يا بخت من زار وخفف .,0,6
كل البنات بقت مزز . وكل شوية تحلو اكتر .,0,10
واللي اسمها حلو اكيد شكلها حلو .,0,7
عندنا فرح في البيت علي قد الدوشة علي قد الفرحة والله .,0,12
الايباد بقي اهم حاجة في حياتنا .,0,7
فرحة جميلة . هتعدي عليك قريب .,0,7
بحب اختها زي اختي .,0,5
النفوس المتفائلة وحدها هي التي تصل إلى مرادها بثقة وثبات .,0,11
من حسن حظى .لقيته قبل ما اشتري جديد .,0,9
النشاط حاجة ممتازة .,0,4
طفلة جميلة جدا. ابتسمت لى .,0,6
بابا حضنى وقالى بحبك .,0,5
كل الامهات ماهرات في الطبخ .,0,6
مساء العسل يا عسل .,0,5
اه الحلقة عجبتني اوي وكمان عجبني رده .,0,8
اقنع نفسك انك تستحق الفرحة و الراحة . اقنع نفسك انك جميل ومتساهلش الحزن او الاكتئاب . اقنع نفسك وانت تتبسط .,0,22
لو مفيش شخص مميز فى حياتك .لا تحزن .خليك انت الشخص المميز فى حياة الاخرين .,0,16
كن ايجابي .,0,3
اوعى تكون سلبي .,0,4
⁯مسائكم فل وياسمين,0,3
بيغنيلى اغنية ام كلثوم .,0,5
علي سبيل الفرحه والسعاده في نت في الطريق.,0,8
وحشتنى قعدتنا بتعت زمان .,0,5
لو في خير قربنى ليهم .,0,6
القهوة هى المشروب الذي يعشقه الجميع.,0,6
نفسنا في الجنة اوى .,0,5
ياربى على الجمال والانسانية .,0,5
يارب معجزة من عندك تغير الأقدار، وتحقق الأماني .,0,9
اللهم قدرًا جميلاً وخبرًا سعيدًا ودعوةً مستجابة. انا وكل من قال امين .,0,13
شغل التكييف عشان تتكيف .,0,5
تسآهيل يآ قلبي. تسآهيل .,0,5
الصراحه . الله يعينه .,0,5
و هى الصداقة ايه غير شوية ناس يتقابلوا و ياكلوا مع بعض .,0,13
انا ابتديت اتفائل الفيلم شكله هيطلع جامد وابطاله كلهم عاليين اوي .,0,12
اوف بيعملوا حاجة فى الفرن ريحتها تحفة .راح الدايت .,0,10
قمر اوى امير كرارة .والبرنامج بتاعه حلو جدا .,0,9
كل ما اكتبه هنا بيعبر عن رائى الشخصى .مش راى حد تانى .,0,13
الحب ده حاجة جميلة جدا . بس انتم اللى مش بتفهموا .,0,12
يا خراشى على جمال امير كرارة .,0,7
انت مع جماهير الاهلي اوعى تقول مع الزمالك . هزعل .,0,11
يا حظ فيفي عبده الحلو .,0,6
بعشق قصايد كاظم الساهر .,0,5
الجلوس مع الاطفال شئ جميل و مفرح .,0,8
تصبحوا علي حاجه شبهكوا .,0,5
شيء أريد امتلاكه. تذكره سفر الي مصر .,0,8
نجلاء بدر جمال ربانى .,0,5
مهمآ بلغ فينآ النضج . نحن في حقيقة آلأمر أطفال دآئمون آلإحتيآج الى حضن يضمنآ .,0,16
شكلها حلوة الحلقة . التعليقات مضحكة .,0,7
اشتقت للشعور الجميل اللي يقولي بكرا القبض .,0,8
في هذآ آلمسآء أتمنى للبنات. فرحه تحول آسمآئهم من بنت فلان إلى حرم علان ويتورط علان ويرتآح فلان .,0,19
اكتب حاجه تاخد عليها حسنات .,0,6
الف مبروك للعريس اانهاردة اجمل ليلة وهنولعها علشانه .,0,9
صاحبك اللي بجد هيجيلك من غير ما تطلبه ده اللي تحافظ عليه بجد .,0,14
هتتعوض قريب ان شاء الله.,0,5
اللهم اجبر خواطرنا جبراً يليقُ بعظيم رحمتك .,0,8
أمنيتي أكون عازفة بيانو محترفه .,0,6
نفسي أرسم .,0,3
الوفاء هو اعظم ما تتحلى به النفس البشريه . هو ذاك الطبع الذي يعتبره البعض نادرا في زمننا المليء بالجمود والنكران .,0,22
احيانا اسلوب الناس في الكلام بيبينلك قد ايه انت راقي .,0,11
الصديق الجدع هو اللي يوقف يطبخلك يوم الخميس .,0,9
جميل شعورهم بالإنجاز سوا .,0,5
ايه رايكم فى المقال بتاعى بتكلم فيه عن الاصلاح .,0,10
نفسي اتعلم كاراتييه .,0,4
يا الله نفسي في فانوس رمضان .,0,7
نفسي حد ينفيني لفرنسا او تركيا .,0,7
في حاجات معينة من ناس معينة ممكن تبسطنا جدا .,0,10
مش اى حد من اصحابك هتقوله انا زهقان الساعة واحدة بالليل و عاوز اخرج شوية عشر دقايق و تبقوا في الشارع .,0,22
الملاهي هي الراعى الرسمى لخروج الطاقة المكبوتة اللى جوا الناس .,0,11
عايزة مكنه كوكاكولا واحضنها وافضل ابوس فيها .,0,8
احلي الهدايا اللي ممكن نهديها لحد اننا نراعية .,0,9
بابا هو اكتر شخص ممكن اقوله سري وانا متأكد انه مش هيطلع برا .,0,14
تعالو نصلي قيام ليل. وندعي لاهل سوريا.,0,7
اليوم كله تحفة واحداثه كتير وقابلت فيه ناس اكتر بس بجد اتبسطت .,0,13
عايز اشتغل في شركه كيميائيه.,0,5
اصاحبي تروح وترجع بالسلامه.,0,4
المفروض نربي عيالنا علي الزمن الجديد مش علي زمننا.,0,9
اللهم بشرني بما انتظره منك وانت خير المبشرين.,0,8
يارب انصر اهل غزة وسوريا.,0,5
الصلاه والصبر هي اللي ذكرت في القران وانها حاجه عظيمة جدا .,0,12
قولي كل اللي جواكي ومتحوشيش الكلام وطلعي اللي جواكي كله.,0,10
يارب حقق ليا كل اللي بتمناه .,0,7
اللهم اغفر لكل غالي فارقناه ،و اصبح تحت التراب . ربي ارحمهم برحمتك ونور قلوبهم وانس وحشتهم .اللهم آمين .,0,20
كان حلم من أحلامي اني أسوق عربية والحمدلله عملتها .,0,10
سيبك منهم انتى اقوى.,0,4
كم هو رائع ما يسمى بالتقدير .,0,7
لا انا بعرف اطبخ تمام متخافوش .,0,7
جامد جدا اللي انت عملته ده ربنا يوفقك دايما عايز اقولك النهاردة في الجامعة مبطلوش كلام عنك .,0,18
الكورة بتجمعنا دايما.,0,3
يارب اكتب لنا الجنه انا وكل من قال امين.,0,9
حلو اوي لما تحس انك معاك انسان يبيع الدنيا ويشتريك ويعيش معاك علي المره والحلوة.,0,15
الحمد لله حتي نرضي واذا رضينا.,0,6
ده وقت الفوازير والجوائز.,0,4
الصلاه احسن حاجه ممكن تحصل في الدنيا .,0,8
بيني وبينك بلاد .بس انت في قلبي موجود.,0,8
نفسي اغمض عيني وافتحها الاقيني عرفت درجاتي في الامتحان.,0,9
الديكور فيه لمسه فنية .,0,5
شوفوا هزار البنات مع بعض .وهتعرفوا ان الرجاله بتستحمل قد ايه .,0,12
السهر حلو نفسي اجربه .بس انا على طول بصحي بدري بسبب الشغل .,0,13
نروح السنيما بقي النهاردة فيه فيلم حلو اوي نازل هموت وادخله .,0,12
اللهم أرزقنا فرح يعقوب، وفرج يونس، وتقوى يوسف، وصبر أيوب، وزهد محمد، يارب,0,13
ماشية البطاريق حلو اوى بحبها جدا .,0,7
سورة الكهف والصلاة علي النبي من الحاجات اللي بيتميز بيها يوم الجمعة اوعوا تنسوهم .,0,15
الحياة رايحة و جاية في ابتسام و ضحكة صافيه بتبتدي و مبتنتهيش .,0,13
المكان بيجنن. ياريت تيجو معايا بعد كده .,0,8
شفتك النهاردة كان شكلك يهبل في البالطو ربنا يحفظك يا دكتور .,0,12
من لزم الصلاة على رسول الله وجد ما تمنى وغفر ذنبه وكفى همه صلوا عليه .,0,16
علشان اوصل لقرار صح وصلت اني اخلي اتنين يتناقشوا في دماغي وانا بس اسمعهم .,0,15
هو انا قولتلكوا قبل كدا قد ايه حياتي احلوت من ساعة مادخلها ناس معينين .,0,15
فى ذكرى اكتوبر كل سنة و مصر بخير . ربنا يحفظها من كل شر .,0,15
الواحد بس يتخرج ويشم نفسه ومش عايز حاجة تاني .,0,10
ادعوا لاخوكم هروح الامتحان دلوقتى اهو.,0,6
صباحكم دعوة حلوة. ويارب تكتب امنياتكم علي صحف بيضاء وان تنزل عليكم بالفرح زي الامطار.,0,15
يارب سهل ويسر الاختبار وعديه على خير . دعواتكم.,0,9
الحمد لله وصلت المدرسه.,0,4
انا واثق من نفسي . فيه مصري مش واثق اصلا . احنا شعب واثق من نفسه ياحظهم جمد .,0,19
بعشق الاهلى الى ما لا نهاية .,0,7
ماتش النهارده مهم جدا .,0,5
كان نفسك تبقى الاول .وربنا حقق ليك مرادك .,0,9
الاهلي حديد .,0,3
شعور جميل انك تتمنى تشوف حد وتصحى الصبح تاقيه قدامك .,0,11
متي يأتي اليوم الذي سأمسك به مفتاح عربيتى. و أقول أنا طالعه اتمشى بالعربية شوية .,0,16
ليه يجيني نوم بعد القمر ما ظهر .,0,8
شكرا على الهديه ياحبيبة قلبي .,0,6
ملكة جمال منى ذكى .,0,5
بس المحترم بيبفضل محترم مفيش ظروف بتغير التربية .,0,9
اللهم اعنا على تربية ابنائنا. واجعلنا يا الله عون لهم لتحقيق احلامهم .,0,13
تصبحوا على ابتسامة صافية تصبحوا على فرحة من عند ربنا .,0,11
في اليابان بيشجعوا الناس علي استخدام السلالم عشان الشعب يتعود علي النشاط والحركة .,0,14
خليك سبب فى فرحه غيرك .,0,6
لدى اخت تعادل مليون نجمة فى السماء .,0,8
الشلة بتاعت اخر ديسك في الفصل متعة والله اتحرم منها ناس كتير .,0,13
اظهرالفرحة اللي انت بتفرحها كل يوم للناس يمكن فرحتك تسعد قلب حزين .,0,13
الله اكبر يارب بنتي تطلع شبهك بس .,0,8
يلا جهزوا الهدايا بقي عشان عيد ميلادي قرب .,0,9
اللهم اجعلني بك أتجاوز كل شيء ولا تجعلني أضر أحداً من خلقك قصداً مني او جهلاً، وارفعني بالذكر الطيب بمحياي و مماتي يا ارحم الراحمين. الشعراوى .,0,27
اللي بيحبنا هيدينا شوية من وقته حتي في عز انشغاله .,0,11
متغلاش عليك طبعا يا صاحبي الساعة وصاحب الساعة تحت امرك .,0,11
النجاح جميل واحساس انك تحقق حلمك ده اجمل شعور ممكن تحس بيه في حياتك .,0,15
مصر ام الدنيا وده لقب عمر ماشعبها هيسمح انها تخسره .,0,11
يارب افتحلنا ابواب السعادة وارزقنا الصحة وراحة البال .,0,9
الهدية جميلة اوي والله انا مكنتش متخيل انها هتعجبني كدا .,0,11
المشي بأماكن واسعة مفيد جداً عند الشعور بالضيق والحزن .,0,10
مبروك يا حضرى .,0,4
سبحان الله على جمال الجبال والوانها الجميلة اوى دى .,0,10
انا فعلا فرحان فوق ما تتخيل مكنتش مصدق اني في يوم هقدر احقق حلمي .,0,15
هقوم دلوقتي اعمل كوباية لبن اشربها وانزل اتمشي شوية .,0,10
عايزة استغل كل لحظه لي في اخر ايامي بالجامعه. للحظات ما انسهاش ونفسي افضل مع اللي بحبهم .,0,18
اول مرة في حياتي ادخل جيم كان النهاردة .,0,9
من اكتر الحاجات المشتركة بيني وبين صحابي هي التفاهة وخفة الدم عشان كدا قادرين نهون علي بعض .,0,18
لازم تتعب وتعافر علشان تتحقق الاحلام كلها .,0,8
هو كفاية ان حد يفتكر انه يكلمني علشان يفرحني اصلا دي حاجة كبيرة عندي .,0,15
وفي ناس بندعي ربنا دايماً بدوامهم في حياتنا لأن وجودهم فعلاً نعمة.,0,12
ولعل الله يُنير في قلبك ما اطفأته الخيبات .,0,9
متحولش تثبت لحد انك كويس الي عرفك صح مش هيفهمك غلط .,0,12
اقسم بالله احنا المصريات حلوين .وده واضح .,0,8
وكل مآ أملكه من دعوات تحيطك وانت لا تعلم .,0,10
الأب هو الأب . هو الحنان والامان. مهما أختلفٺ ﺎلظروف .,0,11
نفسي الاقي مليون جنيه .,0,5
انتى حبيبه قلبي على أي حال .,0,7
احساس حلو لما تكون قد افكارك بجد ومصدق فيها وناوي انك تحققها .,0,13
الرئيس السيسى يشهد الاحتفال بتخريج دفعه جديدة من الشرطة .,0,10
شكرا يا استاذ علي نصايحك انا بدأت دلوقتي واكيد بمساعدتك هتقدم .,0,12
وقلباً على الله أتكل، محال أن يهزم .,0,8
ان شاء الله كله يبقي تمام .,0,7
ممارسة الرياضة يساعد بشكل كبير على تخفيف مشاعر الحزن وذلك لأنها تحفز هرمونات السعادة وتفرغ الطاقة السلبية .,0,18
تصاحبك السلامة والأماني .,0,4
الله ينصر مصر .,0,4
القلوب الطيبة تسير بتوفيق الله .,0,6
يلا يا ستي مفيش قدك النهاردة اخيرا حلمك اتحقق ربنا يتم فرحتك علي خير يارب .,0,16
القناعه شيء لا يمتلكه إلا من يعلم بأن الله الواهب الرازق .,0,12
انا مش عايز ابعد عنكم تاني انا فرحان جدا بمعرفتي بيكوا واتعودت عليكوا اوي .,0,15
مصر ثم مصر وتحيا مصر .,0,6
رمضان كريم وسعيد عليكم .,0,5
وقت الشروق ده بحب اتمشى فيه على البحر اوى .,0,10
انا هبقي مشهور زيك قريب ويمكن اكتر كمان استني بس .,0,11
عيش زي ما انت عايز و بلاش تسمع لكلام الناس .,0,11
ما شاء الله على المصريات .,0,6
البنت الي غنت في البرنامج النهارده . كانت تحفة .,0,10
لا هو مش شرط الالوان الفاتحة بس هي اللي تبقي حلوة ما الازرق الغامق حلو ويجنن .,0,17
افعالك هي اللي تكبرك مش كلامك علشان كدا قلل كلامك واشتغل احسن .,0,13
متحمس للغتنا العربيه .,0,4
لما تقرأ رسائل كانت بينك وبين شخص لمرات عديدة وما تملش . فتأكد انك مش بتحبه انت بتعشقه .,0,19
أنا متحمسه اننا احنا اللى هنكسب المرة ده معجزة .,0,10
بجهز شنطة السفر . هسافر المانيا .,0,7
قلبي معآك .بالتوفيق يارب .,0,5
امنيتك اللي انت مستنيها شكلها قربت اوي بس انت متبطلش قولة يارب .,0,13
التليفزيون معمول علشان تشوف حاجات مفيدة او حاجات تضحك وتخرجك من اللي انت فيه .,0,15
والله المرمطة دي كلها تهون عشان ننجح في اللي بنحلم بيه في الاخر ونقدر نحققه .,0,16
الحنين مش عيب . الحنين هيخليك دايما تقدر قيمة اللي في ايدك دلوقتي .,0,14
نسبة الفوز كبيرة ان شاء الله اننا نكسب .بس نستمر على كدا .,0,13
صور الرحلة حلوة اوى اوى .,0,6
القلب فيه اسمك و العقل فيه رسمك و الدم فيه عشقكك و انا والله احبك .,0,16
قلبي اتمناه من بين الدنيا بحلها نداني و جالي .,0,10
لا يا عم الجو بيبرد بالليل .,0,7
عايزة اسمع اغنية ست الحبايب يا حبيبه .بمناسبة عيد الام .,0,11
السكوت احيانا من باب العفو .,0,6
احبك يا امي .,0,4
بليز يا بنات اللي عندها تسريحات جديدة للشعر الطويل على جنب .تفيدني .,0,13
الجو دافى وحلو النهارده .,0,5
اخيرا جابوا العشاء. من إلصبح ما اكلتش إلا اندومي .,0,10
صوت البطيخة وهي يتتقطع جميل اوى .,0,7
اقرا كتير واسأل كتير واتعلم علي قد ما تقدر ده العلم نور .,0,13
اذواق عادى بتحصل مش لازم اللى يعجب الناس يعجبنى ومش لازم اللي يعجبني الناس تحبه .,0,16
بتمنى يا صاحبي تفتحلي قلبك وتفضفضلي . انت عارف انا بحبك قد ايه .,0,14
النوايا الصادقة تنبت طيبا كيفما كانت وأينما كانت .,0,9
كوكب اليابان ده عالم تانى .ايه النظام ده .,0,9
ربى اكتب فى ايامى القادمة فرحة تغير بها مجرى حياتى للابد .امين يارب العالمين .,0,15
احم اسعد الله مساكم .عيد اضحى سعيد .,0,8
باكل كريب من اللى اختى عملته .ربنا يستر .,0,9
يا حياتي عليه .,0,4
دمك خفيف يا مضروب .,0,5
ياريت تبات عندى كل يوم اختى حببتي .,0,8
انا انتمي لوطنى .,0,4
تصبحوا علي فرحة متفارقكوش ابدا .,0,6
انا بحب اصرف فلوسي علي الكتب اوي بحسها المكان الصح لصرف الفلوس اصلا .,0,14
الناس اللي لسانها حلو ومؤدبة في كلامها بيبقي ليهم جاذبية خاصة .,0,12
الحمدلله حاليا مفيش حاجة والوضع هادي شكرا لكل واحد اهتم وسأل عليا بجد .,0,14
اهم حاجة رضا ربنا عننا.,0,5
"فلعل الله يغير من اجلك كل شئ , ليرضيك ويرضى قلبك",0,11
لا تستعجل ما تتمني ، اتركه يأتي بجميل تدبير الله .,0,11
قررت اني اعمل ملخصات لنفسي متأكد بأذن الله انها هتسهل عليا كتير .,0,13
في السماء جنه وفي الأرض امي .,0,7
قمة السعادة لما تعمل حاجة انت كنت متوقع انك متقدرش تعملها .,0,12
تصدق دي احسن صورة عندك بجد عجبتني .,0,8
خليك عايش الدنيا بروح الطفل اللي جواك الدنيا .,0,9
السبت إجازة بأجر كامل للعاملين بالقطاع الخاص بمناسبة انتصارات أكتوبر .,0,11
تسلم ايدك البسبوسة جميلة اوى .,0,6
نفسي في كوباية مياه مشبرة .,0,6
نفسي في بيتزا .,0,4
الحب حلو .,0,3
انا بقيت أديبة وشاعرة .,0,5
يا حبيبتى الله يرزقنا و اياكي .,0,7
وحشتني ايام ما كنت بغسل العربية .,0,7
يارب هون .,0,3
مش عارفة اتابع الفيس ولا الواتس والا الانستا .الكل بيكلمنى وبيعيد عليا .,0,13
اشفعوا تؤجروا .,0,3
بحب اللون الاسود .,0,4
محتاجها جدا دعواتكم . ان ربنا يوفقنى بكرا فى الامتحان .,0,11
السعيد من وعظ بغيره .,0,5
من طلب العلا سهر الليالي .,0,6
شعرها طويل اوى .,0,4
نفسى اخد شهادة الماجستير .,0,5
كل يوم تعيشه هو هدية من ربنا .,0,8
وفوضت أمري إليه .,0,4
خذني معك وانت مسافر. خدنى معاك .,0,7
اكتر حاجة بتخلينى اركز واكمل يومى بنشاط هما شوية النوم بتوع العصر .,0,13
والنبى العسل اللى زيك هما اللى رافعين من روحنا .,0,10
تصبحوا على رضا من ربنا و راحة البال و رضا بالحال و إجابة للسؤال .,0,15
عندي اصحاب عدوا مرحلة الصحوبية بقوا اخواتى والله .,0,9
أعلى جنان الخلد ارزقنا يارب .,0,6
لو سمحتي ما تبوظيش العلاقة الي بيني وبين الفيزياء .,0,10
انت دائما صاحب الاسلوب الرائع و الكلمه الجميله .,0,9
اتمنى اعرف ارقص زيه .,0,5
خلاص خلاص .والله بذااكر .,0,5
خير عيشنا بالصبر .,0,4
بعد ما حبيتك بقيت بخآف آني آكذب .,0,8
بقالنا عشرات السنين بنتدرب على التأييد والشتيمة كأهلي وزمالك صعب كل ده يتغير في سنة أو اتنين .,0,18
نفسي اتفرج على فيلم كوميدي .,0,6
نفسي العب كورة .,0,4
اكتر حاجه ممكن تعوضني عن الوحش اللي في اليوم هي القهوة .,0,12
اوزن كلامك قبل ما تقوله. وخلي الشعور جواك يبقي حاجه في شخصيتك.,0,12
صباح الحب .,0,3
يارب اجعل الشمس تشرق خير ورزق في وشنا .,0,9
صباح الخير يلا مع السلامه يا مدرستى .,0,8
صباح الخير عليكو .ادعولي انجح في الامتحانات .,0,8
اللهم ذكرني اذا نسيت، وصوبني اذا اخطات وارشدني إلى الصحيح اذا احترت . يارب توفيقك.,0,15
اصبحنا واصبح الملك لله. صباحكم خير.,0,6
يا صباح الخير عليكوا. انا صاحيه بدري عشان خاطر خارجه .,0,11
حياتكم الحقيقيه ليست الان . فى الجنة ان شاء الله .,0,11
انا بموت في الاطفال الصغيرة هما نقطة ضعفي في الحياة بجد .,0,12
والله انا عندي شوية اغاني ايه الحلاوة والبهجة والفرحة دي .,0,11
احنا شعب قابل بجد للتطوير بس بناخد شوية وقت .,0,10
يا رب ربنا يرزقك ببنت تشيل اسمك كدا و يفرحك و بجد ربنا يخليك .,0,15
ربي استغفرك لكل صلاة حضر فيھا جسدي و غاب قلبى .سامحنى يا ارحم الراحمين .,0,15
الحمد لله يارب علي اليوم اللي بيطلع علينا واحنا بصحتنا يارب .,0,12
مسحه خفيفه على راسي يتيم .تدخلك الجنة .,0,8
كل ماحتاجه قاعدة على البحر لكى افرغ ما بداخلي من تعب والم .,0,13
ما شاء الله عليكم انتم عقول راقية وناضجة .,0,9
أذكار المساء : اللهم إني أمسيت أشهدك وأشهد ملائكتك وحملة عرشك وجميع خلقك أنك أنت الله لا إله إلا أنت وأن محمدا عبدك ورسولك .,0,25
في أمان الله .,0,4
حمدلله على سلامتك . وربنا يعوض بعربية غيرها ان شاء الله .,0,12
لا تعطى سرك لحد نصيحة منى .,0,7
يارب أعطيني على قدر تعبي .,0,6
كنت أغض بصرى حتى يغض الناس أبصارهم عنك .,0,9
عود لسانك على قول اللهم أغفر لي ولوالدي، فإن لله ساعات لايرد فيها سائلا .,0,15
في مصر العدالة وفي السعودية الشقاوة. الجملة دي نقلا عن مواطن سعودي عاش فى مصر. التضامن مع الشعب الذي يرى العدل في مصر واجب أخلاقي على كل انسان .,0,29
اصبروا وتفائلوا بلا أمريكا بلا روسيا بلا زفت .احنا العرب معنا الله وحده وان شاء الله هينصرنا ويحفظنا من كل عدو.,0,21
مفيش احسن من بنات المنصورة .,0,6
إنكم لا تنالون ما تحبون إلا بالدعاء .,0,8
اللهم اشفي جميع مرضى المسلمين و ارحم من مات منهم .,0,11
يارب ناخد كاس افريقيا.,0,4
اكثر من قول اللهم صل و سلم على نبينا محمد .,0,11
ربي عجل لنا بكل جميل ننتظره .,0,7
عبارة أعجبتني من جعل الله أولى أولوياته. رتب الله له كل فوضوياته .,0,13
حتى وإن كنت لا أريد أن أحبك أحبك .,0,9
حينما توجه إليك المرأة حزمة من الأوامر والطلبات بعصبية فقط قل لها حاضر .على طول سيتحول عالمها بأكمله إلى ابتسامة حيوية .,0,22
كم اشتقت لدعاء السفر .,0,5
يارب تقومها بالسلامه يارب .,0,5
أنا غالبا على اخر الثورة دي هابقى فى الشارع .,0,10
عاوز كنافة .,0,3
ألف مبروك فوز الاهلى وعقبال بطولة افريقيا .,0,8
اكتر حاجة مريحاني في الدنيا دي ان ربنا عارف نيتي بجد .,0,12
الحياة طلعت بسيطة اوي اللي عايزك بجد هيتقبل كل عيوبك ويستني معاك علي طول .,0,15
اصل الطيبين للطيبات فبلاش تستغرب ان ربنا بعدهم عنك .,0,10
يارب تسافر قريب بس اوعي اما تسافر تنساني بالتوفيق .,0,10
ياريت الدول العربية تتوحد وتندمج مع بعض ويكمل الحلم العربي علشان نخش بعد كدا علي الحلم الاسلامي وننشئ دوله اسلامية كبري .,0,22
أمنية كروية يجي لاعب مثل محمد أبو تريكة.,0,8
اعترف أني ما أعرف أجامل .,0,6
اللهم انت الشافى .اشفى جميع مرضنا ومرضى المسلمين .,0,9
باين عليك محترف التصوير.,0,4
المشاهدات عندك تجاوزت مليون .,0,5
ادعوا لي عندي اختبار فيزياء صعب . بعد ساعة ونص من دلوقتى .يارب انجح . دعواتكم .,0,17
فلتحيا الرحلات والفسح .,0,4
نفسى اشوف رونالدو مرة أخرى في ملاعب كرة القدم المصرية .,0,11
هناك انسان بقلبي سافعل المستحيل، لكي لا اذوق فراقه .,0,10
ما أجمل رونالدو .,0,4
انا قراءت القصة دى .هى مليئة بالعواطف والمشاعر .,0,9
في يوم اعتزاله. قال لا أذكر بأن لي عدو. حاجة جميلة اوى .,0,13
للعطور قدرة عجيبة على إعادة الزمان والمكان. فقطرة عطر واحدة قادره على إيقاظ اجمل الذكريات .,0,16
أمران لا يدومان في الإنسان شبابه وقوته . وأمران ينفعان كل إنسان حسن الخلق وسماحة النفس .,0,17
يارب املا قلبي وطنا من فرح ، من راحة، من سعادة. من أوطان مبهجة .,0,15
عش حياتك بكل طاقة وتفاؤل وبساطة .,0,7
هناك أشخاص تقابلهم وقت الفراغ ، وهناك أشخاص تتفرغ لمقابلتهم .هنا الفرق .,0,13
المجد للبنات الطويلة .,0,4
لا تستهين بقدارات الاخرين .,0,5
لا تهتم بمن يكون رائعا معك في البداية . اهتم بمن يبقى معك رائعا للنهاية .,0,16
الإكثار من اللهم صل و سلم على نبينا محمد فى هذه الايام المباركة .,0,14
إشتقت ليكى يا صديقتى الجميلة .اشتقت لسؤالك عليا وخوفك عليا .,0,11
من جعل الحمد خاتمة النعمه جعلها الله فاتحة المزيد الحمدلله ثم الحمدلله .,0,13
رايح اشترى ايباد جديد ليا .الحمدلله بعد التانى اللى اتكسر .,0,11
يا ناس يا هو انا بحبها .,0,7
اضحك للدنيا تضحكلك .,0,4
معبر اوى الكاريكاتبر ده .,0,5
برج الأسد رومانسى وطيب بطبعه .اوعى تتغر وتصدق قناع القسوة اللى حاطة وهو بيتكلم معاك ده عكس اللى جواه .,0,20
النسر المصرى يحكم سماء سيناء فى ذكرى نصر أكتوبر كل سنة والشعب المصري بخير .,0,15
اول مرة اسهر يلا علشان خاطر عيون بنتي الغالية .,0,10
شدوا حيلكوا شوية عايزين نقفل المشروع ده النهاردة علي خير .,0,11
اصيل والله وده العادي بتاعك طول عمرك ابن اصول .,0,10
احنا بقينا فى عصر السرعة .,0,6
بـالاستغفار ستسعدون ستنعمون ستمطرون من حيث لا تعلمـون . استغفرك ربى واتوب اليك .,0,14
الرياح لا تهد الجبال و لكنها تنحت صخورها مع مرور الزمن .إن لم تستطع مواجهة النقد في حياتك بنفس طيبة فتأكد أنك مع مرور الزمن ستتلاشى.,0,26
السيرة الحسنة كالشجرة لا تنمو سريعا ولكنها تعيش طويلا.,0,9
صلاتك هي مفتاح السعاده لحياتك .,0,6
يا رب مطر .,0,4
اجعلوا كلمات الاعجاب دوما بما شاء الله . فأنتم حقا لا تعلمون ماذا تصنع اعينكم بصحة احدهم ، بحياة احدهم ، بسعادة احدهم .,0,24
الحمدلله خلصنا الترم على خير .,0,6
مسيرة التحرير النهارده كانت حلوة اوى .,0,7
وصول حمدين ميدان التحرير . ومعه تعزيرات كبيرة .الله اكبر .,0,11
انتى تؤمرينى امر .,0,4
يارب حقق حلم طال انتظاره.,0,5
يارب امطر على روحنا فرح وسعادة .,0,7
يارب. يارب سهل .,0,4
الشدائد تصنع العظماء .,0,4
ربنا يستر مسيرة وزارة الدفاع ترجع بدون اصابات .,0,9
منير ده العشق كله . من اروع الاصوات اللي سمعتها بحياتي .,0,12
مطر خفيف .و وقف .,0,5
كنت بطمن عليك .,0,4
كل أب عاشق لأبنته الأولى .وكل أم عاشقه لأبنتها الصغيرة .,0,11
البسني ياالله ثوب السعادة .,0,5
وجود الأطفال بالبيت نعمه. بيجيبوا سعاده فظيعه .,0,8
اريد ارض مكه، اذان مكه ، صلاة مكه، وروحانية مكة ، وزمزم مكة ̣.,0,14
كان أحد الصالحين يصلي حتى تتورم قدماه فيضربها ويقول يا أمارة بالسوء ما خلقت إلا للعبادة .يا الله كم نحن مقصرين .,0,22
يا الله أرح قلوبا أنهكها التمني و بشر أصحابها بفرح . لا يذكرهم بوجعهم .,0,15
كنت عارف والله انهم مش بتوع اشتباكات .,0,8
ربنا يجعل نهاية الترم .نهاية سعيدة مكلله بالنجاح والتفوق .,0,10
مننساش انس محى الدين اللى راح يتفرج على ماتش .رجع ملفوف بالعلم .,0,13
كسب الاتحاد بأربعة أهداف مقابل ثلاثة .مبروك لينا الأهلي .,0,10
يارب انزل الراحه والعافيه إلي .,0,6
ما شاء الله .تبارك الله . ربنا يسعدكم .,0,9
وجود الأطفال بالبيت نعمه يجيبون سعاده فظيعه .,0,8
انت ليه ما احتفلتش بالتويت رقم ٣٠ الف .عقبال المليون .,0,11
النهارده كنت فى التوكيل. وبدلوا جهازي القديم بجديد في اقل من ربع ساعه .,0,14
في هذه الحياة اغمض عينيك وتغافل عن بعض الامور كي تعيش بسعادة.,0,12
مرسى رجل صادق ونقى . افتخر بيك رئيسى .,0,9
تصبحون على خير وادعولي احل بالأمتحان .,0,7
قاعد بتشرب فنجان قهوة وبتكتب في مذكراتك مفيش احلي من كدا روقان .,0,13
ماما لازم توصي عليا كل مدرس عشان تتأكد انه بيعاملني كأني اهم واحدة في الفصل .,0,16
طب لما تنزلي الاغنية اللي بتقولي عليها دي ابقي ابعتيها علشان اسمعها .,0,13
يارب إنا راغبون في جنة فوق السماء . في جنة الخلد .,0,12
ربنا يرزقها الفردوس الاعلى يارب العالمين .,0,7
خل الأمل ينبت ولا تدفن الورد . الاماني بتعطى الناس راحة .,0,12
الربيع هل علينا بجماله .,0,5
ضع أحلامك في كوب من الماء .واسقها كل صباح بالدعاء . فغدا ستزهر بإذن الله و قل من كل قلبك .توكلت على الله .,0,24
البوابه الوحيده لتحقيق الاماني سجودك لمن جعلك تعيش حتى هذا اليوم.,0,11
أخي العزيز في نهاية كل مجلس ردد سبحانك اللهم وبحمدك .أشهد أن لا إله إلا أنت. أستغفرك وأتوب إليك .,0,20
أحرص على قراءة سورة الملك كك ليله فإنها المنجيه من عذاب القبر .,0,13
اللهم احيني اذا كانت الحياه خيرا لي ، وامتني اذا كان الموت خيرا لي .,0,15
الليله احن إلى عطف امي ، حضن امي .,0,9
قل فقط الحمد لله صباحا و مساء ليخف انينك و تضمن حل اوجاعك . لك الحمد ربي بقدر ما نسعد و نتألم.,0,22
هروح اذاكر كلمتين كدا احسن .,0,6
من عنيا هحاول والله بس علشان خاطرك .,0,8
من كلامك عن الاغنية خلتينى عايزة اسمع الاغنية والله .,0,10
انا يومى كله قاعده فى الجامعه. بحبها اوى .,0,9
ربي لا تجعل أحد يتفوق على .خلينى انا على طول اللى متفوقة واحسن حد فى الدنيا .,0,17
الهضبة وجماله .,0,3
شعب مصر اتخلق للحرية .,0,5
قبلة أمي لا تضاهيها كنوز الدنيا .,0,7
البنات بقت بتغنى راب يا جدع .,0,7
الله انا اول مرة اشوف الاسماك دى سبحان الله .,0,10
هما بيبقوا كذا احساس وكل واحد عكس التاني بس كلهم مع بعض كدا بيخلوك فرحان .,0,16
كانت حلوة اوي فكرة العوم في الوقت ده هيبقي بعدها احلي نومة للصبح .,0,14
الكلاب اجمل حاجة فى الدنيا يا جماعة انتوا مش متخليين اللي عنده كلب بيساعده ازاي .,0,16
ارتقوا شوية فى الكلام .,0,5
ده انت ما شاء الله صفحتك نشيطة جدا وعند فولورز كتيرة اوى .,0,13
حقيقة يومية فعلا .,0,4
اشتقت لرمضان. يارب بلغنا اياه واحنا بصحه وعافيه وأنا أمي وأبوي وأخواني وأخواتي مجتمعين على طاعتك ورضاك . اللهم امين .,0,21
هتعل ايه لو حلمك بتاع امبارح صحيت لاقيته متحقق انهاردة .,0,11
احلي مسا عليكوا يا جدعان .,0,6
النداء الوحيد اللي مش بقدر ارفضه هو نداء الاكل .,0,10
عن احساسك بالراحة لما تلاقي ناس بتدافع عنك في ضهرك بتحس انك دلوقتي ليك ضهر فعلا .,0,17
تحية لاهل اسكندرية الجدعان .,0,5
الحب هو الروح .,0,4
القناعه مفيش اجمل منها . مهما كان مستواك العلمى او المادى .,0,12
انت راجل بجد في زمن الرجالة فيه قلت اوي ربنا يحفظك لاهلك .,0,13
في لحظات مش بنحس بقيمتها غير لما ترجعلنا تاني بس وهي ذكريات .,0,13
اعمل خير كتير لان ده الحاجة الوحيدة اللي مش بتموت لما انت تمشي .,0,14
روح ياشيخ يارب تكون مجبور الخاطر دايما عند العبد وعند الرب .,0,12
السعاده الحقيقه هتكون بعد بكرا لما اخلص اخر امتحان ليا.,0,10
عاوز ابقى دكتور نفسي واعالج كل الناس الزعلانين .,0,9
مع الف سلامة يا روحى .,0,6
الشخص المتفاءل يري فرصه في كل صعوبه.,0,7
القلوب البيضاء نادره جدا.,0,4
كل عام وانتي بخير.,0,4
البسمة الدافئة هي لغة اللطف العالمية.,0,6
لازم تسعى ثم توكل على الله .,0,7
بس احنا لازم قبل مانروح نبقي عارفين احنا هنعمل ايه بالظبط .,0,12
أعلنت توبتي مؤخرا واتحجبت .,0,5
اذا كانت لديك حبيبة فلا تكذب عليها ابدا. فكل الفتيات لديهن قدرة خارقة على كشف الكذب وقدرة اعظم على التظاهر بعدم اكتشافه . الله يستر .,0,26
ادعوا الله .وابتسموا . الحمدلله دائما.,0,6
الله يحفظ أمي ويطول بعمرها .,0,6
يقول الحسن البصري من عرف ربه أحبه . أيها الأحبة لمعرفة ربنا هو كتابه جل وعلا وسنة رسوله صلى الله عليه وسلم.,0,22
صاحبتي اللي مش موجودة معايا بس دايما هنا في قلبي بحبك من هنا لاخر عمري وحشتيني .,0,17
خليك مع ربنا ومتهتمش بحاجة ربك هيدبرها .,0,8
حياء المرأه أشد جاذبيه من جمالها .,0,7
لحد دلوقتي وانا فاكرة اشكالنا كانت عاملة ازاي في ابتدائي مكناش حلوين زي دلوقتى بس كنا مبسوطين . اجمل ايام عمرى .,0,22
ده إحنا المصريين ولا حد يقدر علينا .,0,8
وردة واحدة لانسان على قيد الحياة . من الممكن ان تعيده للحياة مرة اخرى .,0,15
يريحك قول البعض . فما بالك إذ قال رب العباد إن مع العسر يسرا .,0,15
نفسي اتعلم انام بدرى واصحى بدرى.,0,6
كنت واخذ عنك فكره سيئه. بس طلعت غير كدا .,0,10
أحد العلماء يقول لم اتذكر انى ضيعت ساعة من عمري في لهو أو لعب .,0,15
نعم اذا اغلقت كل الأبواب يبقى بابه مفتوحا .ولا ننسى قوله تعالى ادعوني استجب لكم .,0,16
اصلها حلوة بزيادة .,0,4
انت شكلك بتفهم فى القانون اوى .,0,7
كل ما افتكر الحكاية مش ببطل ضحك .,0,8
بحب اسمع اغانى محمد ثروت لحد دلوقتى .,0,8
لما اساعد حد ولو حتي باني اضحكه واخرجه من حزنه بفرح لما بشوف فرحة الناس .,0,16
الساعة عدت واحدة بعد نص الليل تصبحوا علي سعادة .,0,10
علشان راحه بالك خليك عادى لا تصدق كل شئ يتقال ليك .,0,12
الافضل تاكل و تتدفى و تنام.,0,6
في الساعات الاخيرة من العام اتمنى لك كل التوفيق والنجاح و كل ما هو خير .,0,16
تحية بحجم السماء لك .,0,5
صدقنى ورب الكعبة .,0,4
تحياتى لكل برج السرطان .,0,5
حياتي ربنا يخليلي قلبك و طيبتك و يخليلي كل شي فيكي يا عمري .,0,14
الخبر الذي اتمنى سماعه الان اني نجحت بكل مواد و كل حاجة تمام .,0,14
فداك اى حاجة .,0,4
اشكرك وانت كمان.,0,3
حنان الاخت الكبيرة .,0,4
الدقايق اللي بنريحهم وسط المذاكرة دول احسن ساعات اه والله .,0,11
بعيدا عن بلبلة الحياة . طالما في نهاية اليوم ننام بعافية بلا سقم او جوع او خوف فلك الحمد يا الله .,0,22
حبيب هارتى .,0,3
الناس الحلوه بالقوى و خفه دم .,0,7
سلامى ليها .,0,3
عايز اكسر الروتين اسمع اقتراحاتكم.,0,5
اللهم اني استودعك ما قرأت وما حفظت فرده لي عند حاجتي اليه.,0,12
ابتسم لأنك بصحة وعافية فهناك من المرضى من يتمنى أن يشتريها بأغلى الأثمان.,0,13
اللھم اني اقبلت علي الاختبارات فاجعل اولھا تـساهيل واخـرھا فرح.,0,10
اعتقد ستنال اعجابك .,0,4
القراءة هى الطريق لحياة هانئة .,0,6
كم تذكرنا زمانا يوم كنا سعداء بكتاب الله نتلوه صباحا و مساء .,0,13
انا موجود يا باشا .,0,5
الله يخليلك احبابك .,0,4
ماتطلبش من السنة هى اللى تبقى كويسة انت قرر انك هتتغير فيها وتعمل حاجات ماعملتهاش فى السنة اللى قبلها .,0,20
من اكتر الاشخاص اللى بحبهم فالله فى دفعتنا المبجلة .,0,10
شوية فيديوهات مجمعه مضحكة .,0,5
اعملوا فولو لى بسرعه .,0,5
اعتقد ان احنا لحد دلوقتى فى امان .,0,8
دى مجموعه ادعية دينية يلا كلنا نقولها وناخد الثواب .,0,10
صورة عن جمال مصر حقيقى بلدنا جميلة اوى .,0,9
بالله عليكم ادعوا لينا .,0,5
الليله صباحي عيد بقى .,0,5
جاهزين ومستعدين للانطلاق يا مان .,0,6
والله حلو و فيه ادعيه جميله بقراها كلها .,0,9
متابعيني الكرام كل سنة وانتم بالف خير .,0,8
ربنا يتم فرحتهم على خير,0,5
ربنا يقدرك على فعل الخير .,0,6
عجباني جدا اللهجة اللى مكتوب بيها التويته .,0,8
هو ده الكلام المختصر المفيد .,0,6
طبعا اكيد .,0,3
صفي نيتك تجاه ربنا و صلي بقلبك هترتاح اوى .,0,10
كل عام و انتي بالف الف خير عيد ميلاد سعيد و انتي بصحة وعافية و روح و حظ جميل كل عام وانتي صديقتي .,0,24
هو انتى لسه بتسالى انتى بالنسبه لى ايه لا يا حبيبتى اطمنى الجواب عندى تلاقيه .,0,16
المهم انكم كويسين ياحبايبي ومش مهم اي حاجة تاني .,0,10
ربنا يسعد قلبهم كل الفلسطنين وكل اللي بيحبوا الفلسطنين .,0,10
بكرا اول يوم ليا فى الجامعه ومفيش مدرسة تانى احساس جديد وجميل .,0,13
كلنا بنضعف احيانا بس الاقوياء هما اللي بيقفوا علي رجليهم تاني .,0,12
دخلتي ايه بقي يا بنتي ان شاء الله يكون ربنا رزقك بحاجة بتحبيها .,0,14
اقترب من الله هتشعر براحه غير عادية .,0,8
بيقولوا الصبر مفتاح الفرج . يعني ربنا مش هيفرجها علينا غير لما نصبر .,0,14
عندى رحلة بكرا تبع الجامعه .,0,6
لازم لما نقول اللي فات مات نكون فعلا مش شايلين من اللي قدامنا .,0,14
فاضل ساعة والماتش يبدأ يا شباب .,0,7
روح يا شيخ ربنا يبشرك بكل خير .,0,8
تسلم ايدك والله تعيش وتعملي .,0,6
وانا لسة قادر في الحزن اني افرح .,0,8
انت هترجع شغلك ربنا مبينساش حد ابدا دعوة واحد غلبان ليك كفيلة ترجعك تاني ربنا معاك يا اخويا .,0,19
نفسي ربنا يجعلني سبب في مساعدة حد حتي لو شخص واحد علي وجه الارض .,0,15
احفظ لسانك .كما قال رسول الله صلى الله عليه وسلم ان بداية الايمان استقامه اللسان .,0,16
كل سنة وانتوا طيبين . وان شاء الله تبقي سنه سعيده علي الكل .,0,14
مثل ما الاختبارات بتحتاج مذاكرة حتى الراحة بتحتاج اجازة طويلة .,0,11
و فى تلك الظروف العصيبة محتاجين حاجة تفرحنا .,0,9
حين يتخلى الجميع عنى ستكون انت الجميع .,0,8
و انتي طيبة و يارب سنة حلوة عليكى وعليا يا قلبى .,0,12
من اجمل المتع في فصل الشتاء ان تحول نافذتك لصفحة بوح مشاعر و تكتب اللى نفسك فيه .,0,18
ياريت تاخدوا اﻷمور بجديه .,0,5
احنا معاكم .,0,3
عاجبنى خفة دمكم دى .,0,5
بتقولي يا جميل .,0,4
الراحه ببساطة فى القرآن فى الصلاة فى الدعاء فى القرب من ربنا .,0,13
ما زالت الحياه مستمره و القادم اجمل باذن الله .,0,10
الناس ارزاق.,0,2
على قد ما تتعب وتدور . الدنيا هتضحك وتنور . تديك أكتر ما بتتصور من فضل الله . مصطفى حسنى .,0,21
لمن مر من هنا دعوه من القلب . اللهم الهمه الف فرحه دون اكتفاء.,0,14
مافيش مانع على الاطلاق .,0,5
مهما لقيت ناس بتحبك مش هتلاقى حد احن عليك من ربنا .,0,12
السلام عليكم ممكن تعملى ريتويت .,0,6
مع السنة الجديدة يارب ابعد عننا الناس الوحشة .,0,9
فاهمة بس حطي دايما قدامك الهدف الكبير اوي كده الاخرة و الراحة اللي هتبقي فيها في الجنة و كل الحاجات الحلوة دي كده .,0,24
تستاهل مصر الخير كله .,0,5
نصيحة العمر لن يتكرر فلا تخسر وقتك بالحقد والغيرة اجعل البسمة و التسامح عنوانك.,0,14
خلينا على تقاليدنا اللى اتربينا عليها.,0,6
اتمنى ان الكل يكون مبسوط وفرحان .,0,7
جايزة اللي فاجئوني بوجودهم من دفعتي فرصة سعيده يا اهل تويتر .,0,12
حبيبى و الله .زورونا تجدوا ما يسركم الاقبال على تاريخى يا افندم .,0,13
انا عملت ريتويت النهارده اكتر من تويتاتي نفسها .,0,9
ان الله كريم معطي .,0,5
فيه طريقة حلوة ترفع بيها خدودك من غير ماتستخدم ايدك وهي الابتسامة الحلوة بتاعتك .,0,15
انا مين مش مهم . المهم اننا مخلوقين علشان بعض احنا بنكمل بعض .,0,14
الراجل ده كان الريس الوحيد اللي بيقول للمذيعة حضرتك .,0,10
استقامة القلب من الايمان .,0,5
انسوا الكلام الفارغ ده خالص وركزوا بس في مستقبلكم .,0,10
اسهل وصفة للسعادة حافظ على صلاتك و لا تهجر مصحفك .,0,11
و اياك يا رب .,0,5
واحنا كمان هيه و الله انا فرحانه .,0,8
سنة جميلة سعيدة لذيذه جديده بقى .,0,7
من الناس الى بتشجع الثوره وديماء في الميدان ومن اول من يخدم اي شخص حتى لو هو ما يعرفوش .,0,20
انا مش بشرب سجاير اصلا .,0,6
شكل الكنافة دى تنادينى .,0,5
ربنا يخليك حاضر .,0,4
الذكر خير مفرج واطيبها اﻻستغفار و بعدها ندعوا لعل شيء نتمناه يتحقق.,0,12
دى ليلة هنا وسرور الف مبروك .,0,7
تسلم ايدك يا فندم .,0,5
انت اخويا الكبير بحبك اوى .,0,6
لا نستطيع دائما حماية من نحب و لكننا نستطيع ان ندعو لهم بان يحفظهم الله من كل شر .,0,19
لو بتحبه اخبط لايك .,0,5
ربنا يديم عليك العافية .,0,5
خليك زي الصابون مهما قابلت هتفضل دايما نضيف .,0,9
دى معلومات موثقة .,0,4
مش بتفرج علي التليفزيون طالما النت موجود .,0,8
كل حاجة عندنا علي المكشوف احنا مش بنخبي حاجة .,0,10
انا هبعد نفسي عن اي حد واي حاجة تقلل من قيمتي .,0,12
انا قررت اني انام كل يوم علي ناحية مختلفة من سريري واهو اسلي نفسي لحد ما الاجازة تخلص .,0,19
بيقولوا نتيجتنا بكرا دعواتكم معانا .,0,6
تصرفاتك هي اللي بتلفت نظر الناس ليك فحافظ عليها .,0,10
فنجان قرفة من عمايل ايديا بقى.,0,6
اللهم ياصاحب اللطف الخفي والوعد الوفي بك استعين وبك اكتفي وفقني يا الله.,0,13
ايوة بقى شياكة اخر حاجة .,0,6
مسائكم ورد .,0,3
الحمدلله كثيرا.,0,2
مساء الياسمين وانت بصحة وسعادة يا رب عام سعيد عليك .,0,11
عالمي مختلف عن البقيه .,0,5
اتفرج على الفيديو ده هيعجبك اوى .,0,7
ربنا يرزقكم .,0,3
يا عم قول ما شاء الله .,0,7
كلنا هذا الكائن .,0,4
بلاش تسال حد على النتيجة بتاعته خليك فى حالك .,0,10
و يخليك يا عنيا .,0,5
قول يا رب و متشلش هم و لا تشعر بضيق .,0,11
بحب لبس الشتاء اكل الشتاء كل حاجة فى الشتاء .,0,10
حاضر يا جميل .,0,4
يارب تكون سنة كلها افراح .,0,6
جمال تويتر بيخليك تقرا افكار العالم و تعرف كل ما يدور حولك .,0,13
ممتنة لكلماتك بالرغم من بساطتها الا انها ذات وقع قوي .,0,11
مبادرة جميلة جدا للمواهب الادبية الناشئة بالتوفيق للمبدعين .,0,9
انا اعتقد عمري مازعلت حد هنا وعمري ما اذيت حد هنا . بالله عليكم تدعولي بظهر غيب فانا في حاجة للدعوات .,0,22
دعواتكم لي في ظهر الغيب .,0,6
لسنا لاحد نحن لله ثم لانفسنا فالسعادة لا تتوقف عند احدهم فوحده الله يكفينا لنكون بخير .,0,17
انا فى غايه السعاده .,0,5
مين فينا ملعبش اللعبه دى ذكريات طفوله .,0,8
بين اسمي واسم جدي يقع اسم رجل افتخر به كثيرا.,0,10
تسلمي يا شوكولاتاية .,0,4
وماله يابا مش عيب .,0,5
صاحبتك اللى معاكى من ايام الجامعه حافظى عليها دى هتبقى صديقة العمر .,0,13
و انت وجودك اجمل هديه في العام الجديد.,0,8
فلسطين بلدى التانى .,0,4
اتفقنا .,0,2
من الناس القريبة لقلبى حد نقى و دمه خفيف .,0,10
الله يهديكم .,0,3
قراتها و بعثت في روحي التفاؤل الم الدراسة يستمر لفترة قصيرة ، لكن الم عدمها يستمر مدى الحياة من اجمل ما سمعت.,0,22
احكيها بلهجتك بحب اسمعها منك .,0,6
الطموح لا يعرف الياس .,0,5
الانستجرام فى رمضان كله صور اكل وطبخ .,0,8
اضحك اصلك لو كشرت مفيش حاجة هتتغير .,0,8
امين .,0,2
جميل تسلموا ليا كتير .,0,5
الحرية هي ان تنام ليلا دون التفكير باحد .,0,9
طول ما لسه فيك نفس لسه الامل موجود .,0,9
كله بيعدى .,0,3
الله يحفظكم .,0,3
ربنا هيعوضك بالكتير .,0,4
يسعد مساك .,0,3
اقتربنا من بداية العام الجديد . كل عام و انت امنيتي في كل عام .,0,15
تصبحي على اتنين كيلو جوافه و نص .,0,8
اسوان بلد الجمال والهدوء ان شاء الله اروحها تانى .,0,10
احمد الشقيري الراجل ده عظيم ياخونا فعلا .,0,8
يا رافعين الراس كل عام وانتوا بخير .,0,8
السجادة التي نفرشها لقاء الله وطن لا يخذله الساكنين .,0,10
اجمل كلام هو اللي تسمعه من طفل صغير لانه بيكون صادق اوي .,0,13
نفسى اعرف اللغه اللى الاطفال بيتكلموا بيها . المضحك كمان انه بيكون مندمج اوى وهو بيحكى .,0,17
انا مبسوط جدا والله في كام مكالمة كدا فرحوني وخلوا يومي كله بهجة .,0,14
الحقيقة ان فعلا الدنيا مش بتقف علي حد فمتزعلش علي حد .,0,12
يلا تصبحوا علي خير و فرحة يارب وانا هصبح علي الشغل .,0,12
صديقاتي ساحكي لابنتي يوما ان تبحث عن صديقات مثلكم تماما .,0,11
نحن المصريات الاجمل طبعا .,0,5
اتشرفت بالجميع .,0,3
ياه يا عبد الصمد لقيتها عندى فى الدرج اخيرا .,0,10
ناس مبدعين وافكارهم جديدة .,0,5
ولا يهمك يا جميل .,0,5
عيش حياتك واستمتع بيومك و تفائل .,0,7
جايلي مزاج العب .,0,4
اللى بيحب حماقى يعمل لايك.,0,5
ضحكتك جميلة اوي كتكوتة كده .,0,6
و انت بخير شكرا ليكي .,0,6
شكرا لاهتمامكم وردود افعالكم .,0,5
اتعلمته تمام من المواقع اللى انت بعتها الف شكر .,0,10
صحبتى اللى دايما فاكرانى وحاسة بيا .,0,7
عن ايام ابتدائي لما المدرس يستخدم اسمك في مثال بتقعد مفتخر كدا و تبص للفصل و توزع ابتسامات .,0,19
دى حاجة فخيمة فعلا .,0,5
ستكون ثوره تخلع الظلمه من اماكنهم ستكون ثوره تهدم دوله الظلم والظالمين .,0,13
بيعجبني حماسته اللي بلاحظها في كلامه .نفسي اقالبه على ارض الواقع .,0,12
ورده حمراء لزوجتي المستقبليه وربطة جرجير للعيال .,0,8
ربنا يخليك يا كبير .,0,5
يا رب استر.,0,3
ده اختراع ياكوتش .,0,4
اللهم انا نسالك حبك .,0,5
في اجتماع المسلمين على العبادة والطاعة موسم عظيم لاذلال ابليس .,0,11
ربنا معانا ومعاكم فى الامتحانات و تعدى علينا على خير .,0,11
انا كده اتطمنت .,0,4
علشان تعرف بس اننا بنقدر الفن والفنانيين .,0,8
ربنا يخليهولك كمان و كمان الله يباركلك .,0,8
معنى التضحيه ان تترك كل مسؤلياتك وواجباتك فقط من اجل ارضاء من تحب .,0,14
صديق جميل وهيفضل طول عمره جميل .,0,7
بعيدا عن السياسه بكره زى ما كلنا عارفين هيكون راس السنه الميلاديه كل سنه وانتم طيبين .,0,17
بنات بلد بنات جدعه اوى .,0,6
ربي اجعلني ممن قلت فيهم الطيبات للطيبين .,0,8
اثبت وجودك بالصلاة على النبى .,0,6
كل سنة و انت طيب يا حبيب قلبى و يخليك لينا يا رب .بمناسبة السنه الجديده مش ناوى تمسح التسجيل اللى معاك ليا بقى .,0,25
يارب ارزقنا الفرحة اللي تنسينا اي زعل زعلناه قبل كدا .,0,11
الفكرة بقى ان كل اغنية يشغلوها بيفتكر الكليب بتاعها و يحاول اقلده ذكريات لا تنسى .,0,16
و نعم الناس و نعم الضيافه . فى ناس لله فى لله بحب ازورهم علي طول .,0,17
الحمدلله بعد مجهود كبير نجحت بتقدير .,0,7
عن نشوة الفرحه والسعاده اللي بكون فيها لما بلحق مكان في ميكروباص وكأني جبت مجموع كبير في الثانوية العامة ولا نجحت بتقدير امتياز .,0,24
مشتاقة للبحر .,0,3
يلا ريتويت علشان الكل يعرف المعلومات دى .,0,8
معرفكش شخصيا بس اعرف عنك انك كويس جدا و ابتسامتك بتفرحني .,0,12
حبيب قلبى ابن ناس والله اشكرك.,0,6
تمسك بالناس المحترمة وابعد عن الناس الوحشة.,0,7
ان شاء لله يا رب عقبالك.,0,6
ده احنا لينا الشرف انك بتابع صفحتنا.,0,7
تريدالسعادة ابتسم .,0,3
الله يسمع منك والله انا نفسى اضحك من قلبي .,0,10
تحية منى للجميع .,0,4
نروح ننام بعد النهاية الحلوة لليوم الجميل ده .,0,9
كل اللى يهمنى انى اثبت ذاتى واحققكل ما اتمنى .,0,10
عزيزي كل سنة وانت طيب .,0,6
طيب حمدلله على السلامة موفق ان شاء الله.,0,8
كل سنة بنتعلم اكتر من اللي قبلها . ان شاء الله سنة زى الفل .,0,15
ياه لو بكره خلص بقي يبقي خلصنا من الامتحانات .,0,10
مهما لقيت ناس بتحبك مش هتلاقى حد احن عليك من امك .,0,12
شكرا يا جماعه .,0,4
ليه كل مرة بسمع فيها اغنية مشاعر بكتشفها بطريقه جديده .,0,11
يارب ارزقنا حسن الخاتمة .,0,5
الحمدلله انا وعقلي متفاهمين جدا وعلاقتنا كويسة .,0,8
انا بقيت رومانسية اوي والله .,0,6
عن يوم حلو مع ناس بتحبهم بيبقي بسنة كاملة من حياتك .,0,12
نص السعادة هى الأم والنص التاني هو دعوة منها .,0,10
بحبك يا كنج .,0,4
انا قصيرة بالنسبه للطوال و طويله بالنسبه للقصيرين.,0,8
وانتي طيبه .,0,3
ربنا يخلى الناس الحلوة فى حياتنا .,0,7
طيب هقول تانى اعملوا فولو ليا احسن لكوا .,0,9
الله يسعدك عام سعيد عليك ويارب كل امانيك واحلامك تتحقق .,0,11
عام كله فرح و سرور على الجميع .,0,8
الف مبروك وعقبال الفرحة الكبيرة .,0,6
انا نجحت الترم ده وصافى كمان الحمد لله الذي بنعمته تتم الصالحات .,0,13
انا اول مرة اعرف المعلومة بتاعة الماسونية دي بس شكرا انك عرفتني .,0,13
انا عايزة فانوس .,0,4
اذا كنت تريد ان تبقى سعيداً . دع ماحصل بالامس في الامس لا تأخذه معك للغد,0,16
طب والله شكلي حلو في الصورة وانا مهمة كدا وواقفة بشرح للطلبة .,0,13
الراجل ده صوته حلو والاغنية جميلة انا سمعتها .,0,9
ان اتعلمت سباحه فى سن صغير اوى الحمدلله .دلوقتى انا سباح ماهر .,0,13
طب الحمد الله يا رب دايما مبسوطة كده وأفضل اضحكك علي طول وكلامنا مش هيخلص ابدا ان شاء الله .,0,20
مقدرش اقول انا بحب الشتا اكتر ولا الصيف كل واحد فيهم ليه ايامه الحلوة .,0,15
الواحد نفسه ينام ومحدش يصحيه يسيبوه يصحي لوحده .,0,9
انا شايفة كدا بردوا انت كدا عملت الصح .,0,9
ايوة رمضان بيحب السهر .,0,5
ده فوتوجرافر مصرى محترف .,0,5
طول عمرك المتحدثة الرسمية باسم الفصل .,0,7
يارب تطلع النتيجة حلوة يارب .,0,6
تنكرى انى بعرف اضحكك .الصراحة لا .جملة لن يفهمها الا الاصدقاء المقربون.,0,12
تتخانق مع واحد ويرد عليك رد محترم بتبقى عايز تعتذرله والله .,0,12
فاضل يوم على مولد الحبيب المصطفى .,0,7
اللهم يارب كما جعلتها لى جنة الدنيا فاجعل لها جنة الاخرة يارب يارب,0,13
وعلي سبيل الفرفشه الاجازة قربت .,0,6
مسا الجمال والدلال .,0,4
هو ينفع يعملوا محطات المترو واى فاى هى كمان هو صحيح محدش هيسيب المحطة بس برضوا الاتوبيس ليس اقل تقدما من المترو .,0,23
ربي اسكب في جسد امهاتنا نهرا من الراحة والسعادة .,0,10
احترامك للطعام وقت كثرته او ندرته حاجه تخليني احترمك اكتر .,0,11
الاسماعيلى كسب وبصراحه الاداء كان حلو اوى .,0,8
اغانى كتير هتحس انها بتعبر عن حالتك وتحس انها بتتكلم عنك بس عمرك ما هترتاح غير لما تعطر ودنك بالقران .,0,21
يا رب السنة دى تحمل النجاح و الحب و السلام .,0,11
اه حبيبتي اكيد الله يحميهم .,0,6
الايام بعدتنا بس رجعنا تانى .,0,6
والله يابني و انت اكتر يا حبيبى .,0,8
ما هو الخبر الذي تتمنى سماعه الان نجاحي مع اني لسه مخلصتش الامتحانات .,0,14
مساك زى العسل و سنة جميلة عليك وعلى كل اللى بتحبهم .,0,12
مساء الورد والعافيه .,0,4
امين يارب تسلم و تعيش.,0,5
بوستاتك حلوة اوى كوميدية جدا .,0,6
عن الناس الي دخلوا حياتك صدفه في اول السنه الجديده وبقوا عندك اهم من ناس عشت معاهم سنين فاتت كل سنه وانتوا طيبين.,0,23
الشبه كبير.,0,2
في صحاب بتقدر تعتبرهم نعمة من ربك .,0,8
حبيب قلبى اللى بشكر كل حاجة عرفتنى بيك جدع فوق الخيال . بتحب الهزار اوى و مابتحبش تشوف حد فينا زعلان.,0,21
ده حبيبة قلبى .,0,4
فى ناس تفتخر بمعرفتك بيهم .,0,6
من اعز اصدقائي و اللي بفتخر بمعرفتهم جدع جدا طيب جدا .,0,12
حلو شعور انك تعرفى كل شي حولك بس تفضلى ساكته .,0,11
راحه البال قصه مرتبطة بالصلاه.,0,5
أهم انجاز تفعله فى يومك انك تتقى الله فى كل عمل بتعمله حتى ولو بسيط .,0,16
اوعى تنـام و حد متضايق منك . روح صالحه بسرعه .,0,11
نحتاج للقناعه فى هذا الزمن .,0,6
إصنعوا الأمل وابتسموا فالحياه بكم اجمل.,0,6
حلو الكومنت ده يا دكتور .,0,6
ده المعنى الحقيقى للباقة .,0,5
انا اريد وانت تريد والله يفعل مايريد الحمدلله .,0,9
عزة النفس والكرامة راس مال لا حد ببفهم .,0,9
بكرا هيجى فى الامتحان اذكر جهود السيسى اللى فعلها فى القضاء على الاخوان .,0,14
اوبا بقى اوعى الشياكة .,0,5
العائله كلها مجتمعه يارب على طول .,0,7
ممنون عزيزى .,0,3
لا تحرص على اكتشاف الاخرين اكثر من اللازم ، الافضل ان تكتفي بالخير الذي يظهرونه في وجهك دائما و اترك الخفايا لرب العباد ابتسم للجميع .,0,26
يسعد قلبكم .,0,3
بعض الاشخاص لا يمكن لنا العيش دونهم من جمال روحهم.,0,10
موبايل نوكيا الوحيد المحترم هو دايما لما تفتحه تلاقى اتنين بيسلموا على بعض.,0,13
الصبر للجدعان .,0,3
حمد الله على السلامة .,0,5
احب الناس اللى بتدعبس فى التويتات القديمه و تعملها ريتويت بحبكوا والله .,0,13
كم انت كبيرة يا شبرا .,0,6
محظوظ من له انسان يقف بجانبه في كل الاوقات .,0,10
عن احساسك وانت في فرح شعبي و بترقص على المسرح و تغني احلى ذكريات .,0,15
ان شاء الله تسافرى تلفى العالم .,0,7
نفسي نعمل شركة انا وانتي و نشتغل فيها سوا .,0,10
ربنا يديم الضحكة الحلوة دى .,0,6
و يخليكى ياسكر .,0,4
تويتر من جالاكسى حاجة اخر جمال .,0,7
احبك جدا .,0,3
صديقى وحبيبى وكاتم اسرارى .,0,5
يسعد مساكى و يسعد ايامك.,0,5
مشاهدة ممتعة متابعي الكرام .,0,5
اتمنى لكم عاما سعيدا .,0,5
انا متغيرتش مع حد بس يقيت استنضف .,0,8
طبعا حاجة تفرح ونحط رجل على رجل كمان .,0,9
حطامك هذا سيبنيك يوما لا تياس .,0,7
صباحك كله توفيق ونجاح .,0,5
الله علي كرم ذوقك .الف شكر يا فندم وربنا يجعلها سنه جميلة عليكي وعلي كل العائلة الكريمة ان شاء الله .,0,21
انت بقى حد كدة تتحب بسرعة اوى اتقابلنا صدفة وعيشنا مع بعض احلى ايام عمرنا وفضلنا صحاب واخوات من اكتر من سنة.,0,22
مشهد جامد سبحان الله .,0,5
حاجة حلوة للبت الحلوه دى .,0,6
مساء هادى وزى الفل وكل عام وانت بخير .,0,9
بجد الجو على البحر تحفه .,0,6
تعالوا نغرد بذكر الله معا .,0,6
سبحان الله الرزاق فعلا .,0,5
هتـلاقـي شخـص فـي حياتـك مهما يعمـل فيـك مـش هتقـدر تكـرهه ولا تـزعـل منـه.,0,13
القصيدة دى انا حافظاها كلها وبحبها .,0,7
الله يوفقهم ويوفق اخويا يارب ومبروك للخريجين .,0,8
فاطمئن و استرح فان الله هو القائم على امرك.,0,9
نفس جدولي بس زيادة عليه فقه ربنا معانا جميعا .,0,10
هو دا الشعب المصرى يتسم بالذكاء التام.,0,7
ودي حاجة تتنسي طيب الروعة والجمال في البساطة دائما .,0,10
امين يا روحى ربنا ما يحرمني منك .,0,8
نفسى احترف فى نادى الزمالك .,0,6
الضحك يطرد مشاعر التوتر والغضب والخوف والقلق اضحكوا وابتسموا .,0,10
لا تجعل عمرك يقف انتظارا لاحد . لا تؤذ قلبك و تتسبب في شيخوخته المبكره .الحياة لا تحتاج منا الا ان نبتسم فى وجه اي شيء .,0,27
ﻻ ليه بس استنى بس على اﻻجازه وهروح الجيم.,0,9
البساطه احسن من التعقيد .,0,5
الامل ديما موجود والنكد لازم ميكونش ليه وجود .,0,9
ان شاء الله تكمل مسيرتها الفنيه .,0,7
انا بحب الاكل والنوم .,0,5
يارب العمر كله تكونوا سعداء ومبسوطين .,0,7
اجمعين ان شاء الله .,0,5
شكرا على ثقتكم .,0,4
اقنعتنى بصراحه .,0,3
على العموم شرفتيني يا جميله .,0,6
ربنا يستر والله ويحفظنا جميعا .,0,6
قدر الله و ما شاء فعل .,0,7
محمد صلاح بيحب بلده اوى .,0,6
وانتي بمليون خير .,0,4
نعم ثقتى بربى كبيرة .,0,5
اشكرك يا فندم وكل سنه والعائله الكريمه بصحه وسلامه .,0,10
وقفه شكر لنفسى لما تحملته من صدمات .,0,8
بفرح اوى لما اقول نكته لابويا ويضحك بحس كدا بالانتصار .,0,11
ربي يسعدك ويهنيكى .,0,4
املاوا العالم بتراتيل السلام كلام بيعبر عن قوة السادات.,0,9
واول لما تيجي عيني في عينه بنسي الدنيا .,0,9
الحمدلله انك صحبتى اللى بتهون عليا كل حاجة فى الدنيا .,0,11
متبصش على عجلها لا تجيب اجلها ميكروباص استايل .,0,9
ثوار المقطم رجالة .,0,4
علشان احنا طبعا نختلف عن الاخرين .,0,7
من ضمن الناس اللى انا عاوزة اخلى علاقتى بيها قوية و كويسة جدا عشان انتى تستاهلى ان الواحد يعمل اى حاجة عشان يقرب منك .,0,25
معرفتهاش الا من الفيس لكن عسولة جدا وبتهزر معايا زي صحابي واكتر شوية .,0,14
اتمنى لكل المغردين عندى سنة سعيدة .,0,7
منظر شروق الشمس ميساويش فى جماله اى حاجة فى الدنيا .,0,11
الحديث مع روح تحبها سعادة تغنيك عن الدنيا باكملها.,0,9
خسارة البعض مكسب لصحتك النفسية.,0,5
عدسة المصورين تلتقط العديد من الصور المضحكة للحيوانات ، والتي حازت على جوائز مخصصة لتلك الصور.,0,16
صديقي اللي فعلا فخور بمعرفته .,0,6
عليك أن تدرك أن نقص السكر في الدم يشعرك بالجوع، ويمكنك علاج هذا النقص بتناول حبة تمر بدلا من وجبة كاملة.,0,21
عيش فى الدنيا تساعد الناس للخير .,0,7
احنا اسعد والله .,0,4
عندك يا سيدي اغنيه زي في يوم و ليله مثلا يعني حد ممكن ميحبهاش .,0,15
شكلك فهمتنى .,0,3
انت دائما فاهم الرجل ده صح .,0,7
اشهر شعراء مصر و ارقهم احساسا. كل سنة و انت طيب و يارب دايما مبسوط و مفرفش كدة .,0,19
يعني الشباب والرياضه يعني الطيبه والضحكه الحلوه ربنا يحفظك .,0,10
اخبار تفتح النفس على المساء.,0,5
الحقيقه تعزز نفسها غاندي .,0,5
مطروحي مجنون بالتصوير زيي ودايما صوره مرتبطة بغروب الشمس والبحر .,0,11
هييه الارسال جة .,0,4
احنا لسه فى عمر الزهور .,0,6
لامؤاخذة لو عندكوا بحر فى اسكندرية. احنا عندنا اتوبيسات فيها واي فاي فى القاهرة .,0,15
انا و بلا فخر عمري ما طلبت من بنت رقم تليفونها .,0,12
لنسعد ايامنا بالابتسامة بدلاً ان نملاها بالدموع.,0,7
مش هقولك غير ان نص الضحك اللي ضحكته فى حياتي كان بسببك.,0,12
ربنا يوفقك ويسهلك وان شاء الله تعدي الفترة دي بسرعه.,0,10
مبسوطة اوى عملت طريقة مكرونة جديدة و هى دلوقتى في الفرن .,0,12
مفيش اجمل من حضن الام .,0,6
اختى بجد وصديقتى ونفسى اشوفها دايما مبسوطه .,0,8
أن تتوضأ فيطير النوم من عينك لكي تصلي . خيرا من أن تنام فتطير روحك و أنت لم تصلي.,0,19
زي ما ربنا قال وما خلقت الجن و الانس الا ليعبدون.,0,11
علي باب الله راضي بكل حال.,0,6
لا تنسوا الدعاء في وقت السجود . الوتر جنة القلب .,0,11
باكل رز بلبن ببلاش .,0,5
الحمدلله انا فى نعمة .,0,5
بص لبكرا علي انه هيبقي احلي يوم في حياتك.,0,9
دى اكتر مادة كنت بحبها .,0,6
سؤال وجيه جدا .,0,4
ميرسى يا حبايبى كل سنه وانتوا طيبين .,0,8
من الناس الحكيمة جدا.,0,4
ساكون افضل مما اكون وادع الناس يقولون ما يقولون . الكون له رب يقول على نياتكم ترزقون .,0,18
يا سلام علي لحظه الاستجمام و الاستماع لام كلثوم.,0,9
دى اسرع ريتويت .,0,4
وانتى وكل اللى فى المنشن طيبين .,0,7
