tweet,label,n_words,has_phrase
Aquela vontade de acabar com a minha vida voltou,1,9,True
to triste e com vontade de acabar com a minha vida,1,11,True
Corinthians ta querendo acabar com minha vida mesmo,0,8,True
Alguém poderia por favor me dar um tiro a acabar com a minha vida,1,14,True
TAYLOR TU VAI acabar com a minha vida MULHER,0,9,True
Eu vou assistir o jogo todo puto mais uma vez. Esse velho maldito vai conseguir acabar com a minha vida,0,20,True
Alguem pode me.indicar uma série uma boa q vai acabar com a minha vida social pelas próximas semanas??,0,18,True
tenho 76 slides p estudar obg faculdade por acabar com a minha vida social,0,14,True
eu nao concordei com um tweet da fernanda agora ela desenterrou um hit meu pra acabar com a minha vida acho lindo a amizade pós-moderna,0,25,True
sessão de foto pra acabar com a minha vida esse fudido …,0,12,True
quem te deu permissão pra acabar com a minha vida desse jeito seu fdp te amo demais bixo escroto da minha vida todinha <3<3<3,0,24,True
Se eu decidir acabar com minha vida hoje vai ser ótimo pq realmente eu não aguento mais,1,17,True
Galo vai acabar com minha vida acadêmica,0,7,True
Escola vai acabar com minha vida social é isso,0,9,True
Q lindo tem resumo e report de ing e ainda mais slides de artes tudo pra seg sendo é véspera de prova Esses projetos tão tentando acabar com minha vida juro,0,31,True
Esse meu vizinho quer acabar com a minha vida colocando esses pagodes que dói até a alma.,0,17,True
A madonna quer acabar com a minha vida mesmo pic.twitter.com/S23kg7Ocn5,0,10,True
eu não penso em suicídio há uns dois anos mas isso não significa que eu não pense em morrer. eu nunca faria algo para acabar com minha vida mas eu desejo o fim dela frequentemente. é estranho,1,37,True
a única pessoa que eu podia desabafar e de fato me entendia eu consegui deixar escapar e como me disseram isso foi o gatilho que faltava pra me dar coragem de acabar com a minha vida . mas calma. ninguém tem culpa de nada. ninguém além de mim.,1,48,True
esse professor de comunicação meios e significados quer acabar com minha vida,0,12,True
eu ouço que é coisa da minha idade e que vai passar q eu só tô em uma baita crise existencial. SE FOSSE SÓ ISSO EU NÃO ESTARIA NESSE PONTO DE JÁ TER TENTANDO acabar com a minha vida poxa ninguém consegue se colocar no meu lugar? não é impossível.,1,50,True
jungkook você ama acabar com a minha vida né??,0,9,True
Game of Thrones está voltando para acabar com minha vida,0,10,True
Vontade mesmo de mandar tudo pro ar e até mesmo acabar com minha vida,1,14,True
e eu achando que essas fotos não iriam acabar com a minha vida até after 2 pic.twitter.com/y9koF4PRdn,0,17,True
ela vai voltar pra acabar com a minha vida …,0,10,True
eu hoje falando que a comunidade lgbt+ entrou num padrão e namora pessoas iguais a si e que é comum o preterimento do negro e a objetificação da mulher negra e etc com um casal gay branco atrás de mim que podia me acusar de homofobia e acabar com a minha vida,0,52,True
Aliás por isso que eu não assino. Pra não acabar com a minha vida social,0,15,True
eu mando cada foto pro Romulo e pra Maria que se um dia eles quiserem acabar com a minha vida tá facinho,0,22,True
essa conta ainda vai acabar com a minha vida …,0,10,True
Desgraçada fdp fazendo macumbinhaaaa pra acabar com a minha vida achando que eu não ia saber,0,16,True
Mulheres ruivas vão acabar com minha vida,0,7,True
Essa tequila vai acabar com a minha vida kkkkkk,0,9,True
Hj as 21h47 minha mãe me bate me deixando machucada e me ameaça apenas por eu falar que estou namorando uma garota... Sério eu não tô bem eu acho que vou acabar com a minha vida de vez... então... É isso estou machucada mais a morte vai me fazer esquecer isso,1,51,True
nossa outra igual eu nunca vi na vida ela é puro embalo é disparo é de parar a avenida já é pura adrenalina no meu coração essa sensação mina tu vai acabar com a minha vida,0,36,True
O problema é que meu coração sempre fala de mais sai dizendo cada eu te amo pra quem não devia dessa vez ele escolheu você pra acabar com a minha vida outra vez tô colecionando garrafas vazias,0,37,True
pensando em como vou pegar uma barra de chocolate e comer tudo sem minha mãe perceber e acabar com minha vida antes de eu repor,0,25,True
o Bayern querer contratar o Werner é pra querer acabar com a minha vida de vez.,0,16,True
maravilha meu pai vai tirar meu celular de novo e meu psicológico está 100% abalado se eu não acabar com minha vida hj...,1,23,True
Saber que o louco do Bira pode acabar com minha vida com um simples gesto me preocupa,0,17,True
O MEJ quer acabar com a minha vida,0,8,True
Maldito sertanejo pra acabar com a minha vida,0,8,True
mesmo tendo provavelmente umas 3 provas que vão acabar com a minha vida,0,13,True
Assistindo This Is Us pra acabar com a minha vida de vez,0,12,True
Matheus e Kauan para de acabar com minha vida AGORA,0,10,True
O problema é que meu coração sempre fala demais Sai dizendo cada eu te amo Pra quem não devia Dessa vez ele escolheu você Pra acabar com a minha vida,0,30,True
salário caindo em pleno sabadou e hj tem logo o show do turma do pagode vou acabar com a minha vida mais uma vezzzz,0,24,True
Taylor Swift está voltando para acabar com a minha vida,0,10,True
o objetivo de yuri ontem no rolê foi acabar com a minha vida só isso,0,15,True
Eu preciso acabar com minha vida o mais rápido possível,1,10,True
heloísa vai acabar com a minha vida kkkkkkk prevejo,0,9,True
Dessa vez ele escolheu você pra acabar com a minha vida,0,11,True
TAYLOR SWIFT ESTÁ VOLTANDO PARA acabar com a minha vida !,0,11,True
A porra dessa uber Eats quer acabar com minha vida social,0,11,True
esss relatório de estágio vai acabar com a minha vida social eu sinto,0,13,True
Se aquele menino não acabar com minha vida .. Não considero ele fdp,0,13,True
nossa estou cansado de viver,1,5,False
Tô tão cansado dessa vida. Tô tão cansado de não conseguir ser feliz de não ver luz no fim do túnel. Tô realmente bem cansado de viver assim.,1,28,False
oficialmente cansado de viver,1,4,False
Primeiro capítulo no ar! ''Ian Thompson está cansado de viver a vida que seus pais escolheram para ele e por isso decide voltar para sua cidade natal Charleston e alugar um apartamento próximo a casa do avô... …,0,38,False
Tou tão cansado de viver .,1,6,False
cansado de viver EM UM PAÍS QUE SÓ ANUNCIA TRAGÉDIAS LIXO,0,11,False
Na Porta ao Lado volta amanhã para o Wattpad e hoje ganhou capa e sinopse novas! ''Ian Thompson está cansado de viver a vida que seus pais escolheram para ele e por isso decide voltar para sua cidade natal... …,0,40,False
cansado de viver chega de ser um tormento na vida das pessoas,1,12,False
"Oq vc tem? ""Nada é só cansaço"" Cansaço psicológico... cansado de viver isso sim.",1,14,False
cansado com dor de cabeça e sem vontade de viver,1,10,False
Sabe o que e estar cansado de viver ?? Pse to nesse nivel ja,1,14,False
Realmente tô cansado de viver,1,5,False
Tem como não acordar mais tô cansado de viver isso todo dia,1,12,False
aí namoral? a existência cansa to cansado de viver,1,9,False
Você está triste e cansado de viver a vida em um carrossel E você não pode encontrar o lutador Mas eu vejo isso em você então nós vamos caminhar com isso E mover montanhas Nós vamos caminhar com isso E mover montanhas [USER],0,43,False
cansado de viver dividido entre política e varejo. as urgências são as mesmas e tudo é pra ontem.,0,18,False
Você está triste e cansado de viver a vida em um carrossel. Você não pode encontrar o lutador mas eu vejo isso em você então nós vamos caminhar com isso e mover montanhas !,0,34,False
E eu to tão cansado de viver longe das pessoas que eu gosto..,0,13,False
cansado de viver uma vida baseada em estações,0,8,False
Cada vez mais cansado de viver ....,1,7,False
atenção jovens deem o banco para os idosos se tu tem 20 anos e já tá cansado de viver então imagina a porra do idoso dá o banco pro idoso filha da pita,0,33,False
eu nunca tinha entendido isso. mas agora eu entendo. eu to cansado de viver .,1,15,False
Um dia você ta brincando com seus brinquedos jogando seu vídeo game e cansado de viver por causa dos seus tramas de escola. No outro está vendo tudo isso na vida de outra pessoa que você gerou. A vida é uma bala parceiro! Aproveita cada segundo.,0,46,False
É q a gente n quer só comida mas tamo cansado de viver do pecado.,0,15,False
a gente vai lutar e se precisar vamo fazer revolução e guerra. tamo cansado de viver em um país racista onde só branco tem vez!,0,25,False
meme do tom cansado de viver …,0,7,False
cansado de viver pelas posições de outros eu quero viver pra me agradaaaaar,0,13,False
A tristeza tenta a esperança me roubar o coração cansado de viver a frustração de esperar mas Deus não vai deixar que o tempo possa sufocar preciso aprender a confiar e esperar.....,0,32,False
Tô cansado de viver duro,0,5,False
eu to cansado de viver isso qria q tudo acabasse,1,10,False
To cansado de viver mesmo,1,5,False
aff cansado de viver é sério,1,6,False
sei lá só queria dormir pra sempre,1,7,False
daí você mistura um monte de remédios esperando sei lá dormir pra sempre ??? e acorda já no dia seguinte só com uma dor no estômago absurda ???? acordada triste com dor no estômago mais azarada que eu???,1,38,False
Chuvinha otima pra dormir pra sempre,0,6,False
carai esse clima da vontade de dormir pra sempre,0,9,False
cara só queria dormir pra sempre até td isso passar ainda n superei nada,1,14,False
Eu queria dormir pra sempre deve ser mt bom,1,9,False
quero dormir pra sempre tem como?,1,6,False
meu sonho é dormir pra sempre mas quem dorme pra sempre eh quem morre mas eu não quero morrer só quero dormir pra sempre msm.,0,25,False
só quero dormir pra sempre a,1,6,False
só quero dormir pra sempre,1,5,False
To só pensando: Aquele dia a gente acorda com vontade de dormir pra sempre porque tudo está uma bosta,1,19,False
Isso é vdd queria dormir pra sempre,1,7,False
Odeio a minha vida eu só queria dormir pra sempre e nunca acordar,1,13,False
o tanto de coisa que eu vou ter que fazer amanhã...sla so queria dormir pra sempre,0,16,False
Se vc dormir pra sempre não vai mais dar risada das merdas que eu falo enquanto a gente almoça,0,19,False
momento que eu não sei o que to sentindo e to sem propósito nenhumqueria dormir pra sempre,1,17,False
que vontade de dormir pra sempre,1,6,False
queria dormir pra sempre sabe,1,5,False
eu me sinto horrível. Eu prometi pra tanta gente que iria tentar melhorar mas as coisas só pioram e pioram. tudo dentro de mim dói de uma maneira insuportável eu nem quero mais que as pessoas entendam. não quero tentar explicar ou melhorar eu só quero dormir pra sempre .,1,50,False
vontade de dormir pra sempre,1,5,False
Áh mano sei la Só queria dormir pra sempre,1,9,False
Só queria dormir pra sempre ..,1,6,False
sou gorda sofri mt bullying e nunca vou conseguir ter uma vida boa porque a crise de ansiedade e depressão tomaram conta de mim só queria dormir pra sempre,1,29,False
To descrente da minha vida angústia sem motivo vontade de dormir pra sempre,1,13,False
Pq ultimamente puf só queria dormir pra sempre,1,8,False
to cansada quero dormir pra sempre ....,1,7,False
Cansada demais queria dormir pra sempre,1,6,False
você deve estar morto amigo kkkk,0,6,False
a mas como o jon vai matar matar o rei da noite se ele vai estar morto ??? pare de procurar lógica num série q tem dragões,0,27,False
amnha vou estar morto na escola (ressaca),0,7,False
e que não vai ficar no trono de ferro pq vai estar morto obrigado …,0,15,False
O BROOK É UM MORTO QUE COMEU A FRUTA QUE IMPEDE Q ELE MORRA E ELE COMEU ISSO DPS DE estar morto E AGR ELE É UM ESQUELETO VIVO E MORTO,0,31,False
ei kunikida que tal você parar de brincar de estar morto e tentar aparecer no novo capítulo mês q vem,0,20,False
morrer não deveria ser tabu se pessoa quer morrer deixa ela morrer inferno afinal vai estar morto então vai ter nem como se arrepender a vidas dos outros segue normal .. ninguém vai se parar pq alguém morre as viver é igual uma tortura dentro da própria bolha,1,48,False
Ele pode estar no chão Ele pode estar deitado Ele pode estar morto Ele pode estar de costas EU NÃO DUVIDO NUNCA DE STEPHEN CURRY - [USER],0,27,False
Ruben Branco faz piadas para quem merecia estar morto,0,9,False
"Spider Groot Gamora e Loki (ele pode não estar morto mas em IW mostrou a ""morte"" então conta)",0,18,False
Só queria estar morto neste momento,1,6,False
Vou chegar em casa e o cachorro vai estar morto de fome mas estou me sentindo bem demais onde estou,0,20,False
"uma frase que ache inspiradora — ""Viver sem uma paixão é como estar morto "". Me faz acreditar no amor então eu gosto bastante. …",0,25,False
Devido o Michael Jackson já estar morto e não poder se defender eles acusam o documentário de calúnia e esse também é um dos fatores responsáveis pelas ações contra ele. Não quer dizer q o documentário é mentira,0,38,False
Aí mais umas vez vo falar queria estar morto,1,9,False
Absurdo é não ter cancelado o cpf. Eu aprendi que ao sacar a arma é para mandar chumbo quente e depois pode conversar um pouco se desejar com o quase morto tipo padre passando a extrema unção. Ele podia estar morto e a mulher também. …,0,46,False
Irmão queria estar morto .,1,5,False
É capaz de meu futuro neto estar morto e esse anime/manga ainda existir.,0,13,False
senhor o dia que alguem sentir ciumes de mim eu vou estar morto cm ctz pq vivo n vai acontecer nunca,0,21,False
Planejava estar morto agora.,1,4,False
parou pq quis garoto se estar morto é ser como a miley pqp mais da metade dos artistas queriam estar mortoskkkkk n adianta chorar ariana é muito artista mas n ta no pedestal que vcs a colocam bjs nego,0,39,False
Vontade de estar morto está mesmo grande nem imaginam,1,9,False
Ata O Michael passou de estar morto a estar no meio de uma guerra civil no Iraque Que é basicamente o mesmo,0,22,False
passar o dia do beijo sem beijar ngm é triste mas tu ja passou o dia dos finados sem estar morto ?,0,22,False
kkkkkjjk noooossa fi se o will faz isso cmg ele pode até n estar morto de vdd mas eu MATO dps dessa palhaçada,0,23,False
Queria ficar bebado sem estar morto no outro dia não tá fácil,0,12,False
Eu queria estar morto,1,4,False
Tem q ser 2 rins msm pq pra ir no show do xxx tem q estar morto msm,0,18,False
é tipo algo que nunca aconteceria no mundo real e que vc nunca iria admitir que adoraria que acontecesse com vc mas que no fundo vc gostaria pq fala sério quem não ama um clichê romântico haha se vc não ama deve estar morto por dentro ~brincadeirinha ~,0,48,False
o erro da ditadura foi tortura e não matar ... Zico teve um irmão torturado ... ainda assim apoia quem acha que o irmão dele deveria estar morto ! na verdade morto quem está é o Zico a morte moral é a pior de todas as mortes,0,47,False
[USER] vai jogar virado Eu vou estar morto e ainda tendo q dividir atenções com a arbitragem Tõ sentindo q é o dia do [USER] brilhar,0,26,False
queria estar morto . há tempos.,1,6,False
não é que eu queria morrer porque dói e a minha vida é uma bosta eu quero morrer porque assim é bem mais fácil saca? morri acabou. se eu morro não preciso me preocupar com nada referente a aparência PORQUE EU VOU estar morto então eu quero morrer porque é mais fácil,1,52,False
Eu sei foi só uma brincadeira. Sorte do cidadão já estar morto do contrário seria linchado.,0,16,False
Pq não ? Eu não quero pagar pra manter bandido lá que merece estar morto e até o mesmo os que merecem estar lá eai como faz?,0,27,False
Não sei o que é pior viver ou não estar morto,1,11,False
Eu: Palpatine seu fdp vc deveria estar morto Also Palpatine : …,0,12,False
Eu preferia estar morto,1,4,False
Vi tão sublime a chuva caindo e não pude toca-la a sensação de vida que acompanha a chuva me foi tirada agora só me resta a sensação de estar morto ... É agoniante morrer enquanto ainda respiraacordando todas manhãs vivo dentro do mesmo corpo que pode ser intitulado de prisão..,1,50,False
Posso estar morto de cansaço e ter me fodido muito no serviço nos últimos 3 dias mas porra esse mapeamento me rendeu muita risada e umas vistas do crl,0,29,False
Gente mulher sem noçãoele poderia estar morto ! suicídio ou na cadeia Prq até os bandidos não aceitam esse tipo de crime.Ele é um escolhido de Deus... muito abençoado!,0,29,False
"Porque aquilo que a a rey tava olhando era a estrela da morte né? Aqueles destroços. Então faz ""sentido"" (tirando o fato de que ele deveria estar morto ) a risada no final ser do Imperador",0,36,False
olha... episódios 1 ao 3 e prometheus me fizeram eu achar que qualquer sequencia de ficção vai ser BEM ruim. Aí se for bom vai ser uma boa surpresa e se for ruim vão estar simplesmente entregando o que eu esperava. em outras palavras é bom estar morto por dentro.,0,50,False
Sem a Sakura Sasori não ia estar morto pois a Chyo sozinho ia perder pra ele.,0,16,False
A sensação de estar morto por dentro é horrível,1,9,False
Nessa altura ele vai estar morto depois de anos a mamar uma belíssima pensão de velhice que negam às gerações mais novas https:/\twitter.com/AntNLeite62/status/1116660436030586882 …,0,24,False
Levando em conta que a Cersei tá na lista da Arya de pessoas que ela quer matar desde a season 2 seria o fan service perfeito ela riscando mais um nome da lista matando a Cersei ainda mais com o rosto do Jamie (mas pra isso ele teria que estar morto ),0,52,False
eu sei que eu estaria melhor morto,1,7,False
Meu amor próprio foi violado Minha privacidade foi revirada E ainda encontro ainda encontro Repetindo em minha mente Se não posso ser eu mesmo Eu me sentiria melhor morto,1,29,False
Se não posso ser eu mesmo Eu me sentiria melhor morto !,1,12,False
eu estaria melhor morto,1,4,False
tem uma voz na minha cabeça dizendo que eu estaria melhor morto,1,12,False
e quer saber eu estaria melhor morto,1,7,False
Haddad nunca foi homofóbico aonde o povo ta com a cabeça. Os Bolsonaros que saem dizendo por aí que filho gay é melhor morto e não o [USER] …,0,29,False
se eu sinto falta de alguma amizade que eu tinha? posso até ter mas se a pessoa tá melhor sem mim oq q eu posso fazer né,0,27,False
todo mundo é melhor sem mim eu só dou desgosto,1,10,False
eu sabia que tudo é melhor sem mim .,1,9,False
Por muito que goste de ti ao fim do dia sei que estás melhor sem mim e não há nada que eu possa fazer...,0,24,False
sinto tanto a tua falta mas sei que está melhor sem mim,0,12,False
eu não me dou ao luxo de sair da vida de ninguém a menos que a pessoa realmente esteja melhor sem mim o que sabemos que não acontece né?,0,29,False
cada vez tenho mais certeza de que não faço falta em lugar nenhum e tudo é melhor sem mim .,1,20,False
A vida de muitas pessoas seria melhor sem mim por perto,1,11,False
O mundo seria melhor sem mim,1,6,False
Nao sente falta da amizade do Guilherme?? — Sentir eu sinto mas ele ta melhor sem mim …,0,18,False
"além disso é uma proposta muitas vezes egoísta a pessoa tá melhor sem mim pra que impor uma dr e uma tentativa de reconciliação senão pra afagar meu ego que tá dizendo ""ela te odeia vai resolver isso""?",0,38,False
Eu sou um completo desastre em todos os aspectos da vida um inútil de verdade (já falaram isso pra mim ) o mundo vai ser um lugar melhor sem mim,1,30,False
Nao vou te chamar tu ta melhor sem mim — Curte alguma coisa quero saber quem é …,0,18,False
mas eu sei que ela vai ficar melhor sem mim,0,10,False
Se ela ta melhor sem mim vou correr atrás pra que ju?,0,12,False
para de fingir q tá melhor sem mim besta e deixa eu cuida de você,0,15,False
Preciso começar a fazer terapia essas crises uma hr vai me matar,1,12,False
egua eu quero me matar real sem meme,1,8,False
Meus pais estão com medo deu me matar,1,8,False
Quebrei pela segunda vez meu óculos MEU PAI VAI me matar REAL,0,12,False
O que fiz no fds inteiro? Tudo menos estudar mas faço de consciência limpa pois não vou me matar uma por uma coisa que já está me matando,0,28,False
socorro enxaqueca vai me matar,0,5,False
às vezes dá tanta vontade de me cortar outra vez mas realmente não vai fazer a diferença eu tinha é que me matar,1,23,False
Tenho pressão alta mozi kkkkkkkkkk quer me matar é?,0,9,False
Rapaz se esse programa de hj nao me matar de rir nada mais me matará,1,15,False
Minha mãe vai me matar quando descobrir que assinei esse pacote pelo cartão dela.,1,14,False
[USER] vc quer me matar do coração filho? Aquele papelão do Lean Juca no armário. CRISTO,1,16,False
A Nicol foi ao meu telemóvel na conta privada e meteu na foto dele! Aptece me matar te!,1,18,False
Já falei que você vai me matar do coração ok?,1,10,False
Essa EJ vai me matar ainda Se n for de felicidade vai ser de desespero,1,15,False
Incrível o jeito que ela consegue me matar em 9s pic.twitter.com/YYKbRNXj4x,0,11,False
Amanhã tenho dentista ela vai me matar amanhã,0,8,False
Essa sdds ainda vai me matar,0,6,False
Meu pai pediu japa e eu vou comprar meu hambúrguer vou me matar de tanto comer,0,16,False
só hoje eu comi um bolo inteiro vem gluten me matar pic.twitter.com/ovmyK0KSGr,0,12,False
puta que me pariu acabei de descobrir que tenho prova amanha eu vou me matar aaaacarALHOOO,0,16,False
Quer me matar de ódio é acordar minha filha atoa TOMAR NO MEIO DO CU,0,15,False
Hoje eu sonhei que uma menina qie faz rp lá na univali tentava me matar hsbshshs que horror,0,18,False
filha da puta no meio da praia falou q queria pegar pedra pra jogar na minha cabeça q ia me matar . flamenguista é uma desgraça msm ne,0,28,False
vou me matar mano PUTA QUE PARIU como pode ser tão idiota e filha da puta,1,16,False
só hoje ja quis me matar 10 vezes Grande Dia,1,10,False
Meu pai vai me matar,0,5,False
meu irmão vai me matar de rir kkkkkkkkllkkk,0,8,False
Vem matar a saudade antes dela me matar,0,8,False
sujei a casa inteira de rosa mamae vai me matar,0,10,False
minha mãe vai me matar,0,5,False
Incrível como meu pai me faz passar da euforia do borderline pra querer perguntar pra drogadinho na rua se tem arma pra me matar que eu pagava no dia do meu aniversário.,1,32,False
minha sogra vai me matar uma hora,0,7,False
quer me matar de raiva é não me dar atenção,0,10,False
o pior é que antes das eleições esse menino era um cavalheiro chegava e beijava minha mão agr do nada toda vez que ele me vê fala que vai pegar uma arma e me matar,0,35,False
menina.. quer me matar do coração????,0,6,False
O ciúmes ainda vai me matar um dia,0,8,False
to brisando em você to querendo te ver to puxando assunto pra vc me responder.. vem mas vem pra ficar sem hora pra voltar vem matar a saudade antes dela me matar .......,0,33,False
Yuri vai me matar mané pqp,0,6,False
descobri o curiouscat acho legal quem quiser me matar por mensagem ou mandar mensagem de carinho fique a vontade,0,19,False
Vasco ainda vai me matar e tá bem perto muito perto msm,0,12,False
caralho eu só queria me matar o que custaaaa pic.twitter.com/uUegewXqyI,1,10,False
Como me matar sem deixar minha mãe triste,1,8,False
ansiosa p receber o guilherme em cps e ele me matar sufocada de noite *-*,0,15,False
ai meu que vontade de me matar,1,7,False
O menino tá assistindo Magic Mike e coloca na legenda que tá “aprendendo a dançar”. É pra me matar do coração mesmo né,0,23,False
bicho tá passando o penúltimo episódio da sétima temporada tu é doida hbo quer me matar assim,0,17,False
eu conversando sobre o ceu pra o moço nao me matar difícil ser mulher,0,14,False
O fato de eu ser cristão ñ quer dizer q tenho q amar pessoas q seguem a ideologia q mais assassinou cristãos na história universal. Amo pessoas e odeio ideologia q quer me matar . Esquerda é assassina. E eu odeio assassino,0,42,False
valeu a pena pelos seguintes motivos: estava com saudade dessa corna e a gente riu pra caralho e o Hero é gosto suficiente pra me fazer ficar olhando pra tela de cinema sem querer me matar,0,36,False
Adoro ouvir a tua voz ficar perto de você essa distância quer me matar,0,14,False
que vontade de queimar tudo fugir pra outro país e começar uma nova vida ou sei la me matar,1,19,False
já comecei com: Desculpa vc vai me matar,0,8,False
Mano a agonia ainda vai me matar me corroendo por dentro,1,11,False
eu não vou me matar pra pagar 70 reais em ingresso pra final de rural não podia mandar a porra do jogo pra porra do mineirão mas ta com medo e leva pro independencia pra colocar um preço abusivo desse,0,40,False
Essa mania de guardar as coisas isso ainda vai me matar,0,11,False
seja fotógrafo da sua namorada ela vai querer me matar mas preciso postar essa obra de arte que tirei kdkgkh pic.twitter.com/8DhI2oivdi,0,21,False
c quer me matar de raiva isadora,0,7,False
Quase engasguei com maçã agora opa! Tem uma bruxa malvada disfarçada de madastra da Branca de Neve tentando me matar ?,0,21,False
eu aceitei bebida de um estranho se minha mãe souber ela vai me matar,0,14,False
Acabei meus trabalhos agr a ansiedade p 22:30 ta imensa ja comprei o desfibrilador p minha arritmia nao me matar durante o epd,0,23,False
pensando em quem deve morrer em got enquanto a cólica tenta me matar,0,13,False
pfvr alguém pode ficar 24h por dia cmg até eu não querer me matar mais,1,15,False
Avaliações bimestrais = desespero vai essa aqui mesmo e minha mãe vai me matar .,0,15,False
Essa semana n preciso me matar de estudar pra prova de quinta,0,12,False
"[USER] pede pra eu ligar pra ela e eu tenho que me matar pra puxar assunto com essa praga pra ela me responder com"" aaa taaa"".",0,26,False
Ah não cara... percebi que escrevi uma ANAMNESE a mão com artigo de bioquímica atrás MEU DEUS DO CÉU VOU me matar (será q da pra entregar assim mesmo?),0,29,False
Comi muito hoje amanhã vou me matar na academia,0,9,False
“O que sugere querida? Uma prece à Afrodite? Ou devo fazer uma oferenda para o rei dos mares agradecendo por ele quase me matar afogada?”,0,25,False
gente lua ta em leao e a venus em peixes puta que pariu QUER me matar ASTROLOGIA ?????????,0,18,False
a rihanna eh mt linda cara sera que se ela nao me matar eu tenho chance de casar com ela,0,20,False
a madonna quer me matar msm,0,6,False
Léo conseguiu quase me matar do coração viu filho da puta,0,11,False
ela vai me matar mas olha isso pic.twitter.com/ntmf4Jd7js,0,8,False
Galo vai me matar do coração uai kkk não sei se tenho psicológico pra isso,0,15,False
O Fábio ainda vai me matar tentando driblar atacante uma hora isso vai dar merda,0,15,False
Hoje aprendi uma nova palavra com minha irmãzinha “especiante” (especial) - o tá você é muito especiante Essa menina ainda vai me matar de amor,0,25,False
projeto vai me matar esse período certeza,0,7,False
To aponto de me matar Mano,1,6,False
escola pq tentas me matar ?,0,6,False
Crise de depressão é assim você passa o dia fingindo está bem. Mas agora estou sentada na frente da TV tentando conter a vontade de me matar . E não tem nenhum motivo aparente,1,34,False
minha mãe ia me matar sem condições mas só dava pra comprar 3 tb,0,14,False
Meu pai quer me matar de ódio olha a foto que ele me mandou pic.twitter.com/uvF7BlEDqY,0,15,False
A beleza dessa Carinha gente aff podia me matar …,0,10,False
Vcs vão me matar se eu postar foto no insta novamente?,0,11,False
Pior q se eu chegar doente na casa da minha mãe ela vai me matar,0,15,False
Com tremenda vontade de me matar,1,6,False
Minha namorada quer me matar do coração.,0,7,False
Acho que já posso começar a escrever minha carta de suicídio,1,11,False
Tem uma lista de uns 50 nomes pra colocar na minha carta de suicídio,1,14,False
escrevendo minha carta de suicídio chorando e ouvindo one direction,1,10,False
Estou pensando seriamente em escrever minha carta de suicídio,1,9,False
Vou terminar de escrever minha carta de suicídio,1,8,False
Assinei minha carta de suicídio ótimo,1,6,False
Queria poder ter uma forma simples de me despedir dos meus amigos de uma maneira que eles não percebam oque pretendo fazer. A minha carta de suicídio tá pronta e nela eu peço perdão a poucas pessoas. outras eu agradeço e outras eu agradeço por me fazerem chegar a isto,1,50,False
tem dias que eu não aguento mais morar sozinha mas se eu voltasse é como se eu tivesse assinando minha carta de suicídio pois sem condições. TEM DIAS QUE EU SÓ QUERIA QUE ALGUÉM PLANEJASSE O ALMOÇO COMIGO OU ME OUVISSE FALANDO DAS CENAS DO DORAMA,1,46,False
É aqui que eu escrevo a minha carta de suicídio ?,1,11,False
>Cheguei na escola sentei no fundo peguei o caderno e comecei a escrever minha carta de suicídio : “mãe me perdoa por isso mas vai ser o melhor pra todos vcs! Saiba que eu te amo e se suportei isso durante muito tempo foi pra nao te deixar triste mas pra mim ja deu! Desculpa>>,1,55,False
Semana passada fiz minha segunda carta de suicídio e não é que fiz sem chorar sem ter emoções conheço meus limites e sei que algum dia vou passar deles e a partir deste dia deixarei de existir. Assim todo mundo ficará feliz,1,42,False
parei pra pensar que ano passado escrevi minha carta de suicídio será que esse ano eu escrevo outra?,1,18,False
minha carta de suicídio pode causar perturbações a quem tem o nome envolvido mas pergunta se eu ligo?!,1,18,False
Depois disto lanço a minha carta de suicídio,1,8,False
na minha carta de suicídio eu com certeza citaria o meu primo. sempre esfregam na minha cara que ele se sai melhor em tudo. que entrou na escola que eu não consegui entrar. que fez não sei o que e pa. pena que não poderia ver a cara de bosta deles lendo essa porra. desgraçados,1,55,False
hj de tarde eu escrevi mentalmente a minha carta de suicídio,1,11,False
já tô escrevendo minha carta de suicídio,1,7,False
Tava aqui pensando faz 8 meses quebeu tentei me matar e eu ainda não joguei fora minha carta de suicídio . E deveria fazer 3 meses que eu não memachuco mas agora só faz duas semanas. Eu sou louca mesmo não tem outra explicação.,1,44,False
É minha carta de suicídio,1,5,False
qualquer hora dessa já to pondo em prática minha carta de suicídio,1,12,False
"Muito bom que na minha carta de suicídio eu escrevi ""a culpa disso não é de vocês é minha "" na minha cabeça isso diminui o impacto",1,27,False
comecei a escrever minha carta de suicídio,1,7,False
Eu escreveria minha carta de suicídio,1,6,False
eu ja estou fazendo minha carta de suicídio e vocês?,1,10,False
Hoje vim o caminho todo da van pensando o que eu escreveria na minha carta de suicídio caso eu me suicidasse,1,21,False
mostrei minha carta de suicídio /declaração e recebi elogios,1,9,False
vou te mencionar na minha carta de suicídio,1,8,False
minha carta de suicídio hm,1,5,False
dia 12 de fevereiro eu comecei a fazer a minha carta de suicídio nessas eu meio que marquei quando o suicídio iria acontecer. Não sei o dia exatamente mas vai ser depois do dia 22 de abril/2019.,1,37,False
tô perdendo a fé nas pessoas de um jeito que se eu me matar (inclusive quero) minha carta de suicídio vai ser escrita só pro meu cachorro,1,27,False
Reescrever minha carta de suicídio,1,5,False
boa noite Larilari : vou morrer sozinho Larilari : É mt sua música Larilari : Kkkkkkk,0,16,False
o ápice da balada foi tocarem vou morrer sozinho e eu cantando bêbada com o rafael rindo da minha cara.,0,20,False
escutando taylor e ficando bad sabendo que vou morrer sozinho .,0,11,False
As vzes eu me sinto só a música do Jão.. vou morrer sozinho realll,0,14,False
Hj eu tô só a música do [USER] ... Aí Meu Deus eu vou morrer sozinho se continuar nesse caminho ...,0,21,False
tu é tao carente q chega dar nojo n é atoa q vai morrer sozinho nessa vida mediocre q voce leva kk — Minha vida ta boa …,0,28,False
ficar junto é nosso destino nois vamo morrer sozinho trepar dividindo um fino,0,13,False
Qual é a trilha sonora da sua vida ? — Jão - vou morrer sozinho …,0,16,False
ai meu deus eu vou morrer sozinho,0,7,False
"{""fantasias""}: rafa ( [USER] ) se inspirou em ""vou morrer sozinho "" pro look e eu em ""imaturo"". pic.twitter.com/jZiqH4p6pW",0,19,False
ai meu Deus eu vou morrer sozinho,0,7,False
Já que eu vou morrer sozinho eu preciso ser o tio rico da família a solução perfeita é virar traficante,0,20,False
Vou tenta voltar com minha ex pode ser um erro mais melhor q morrer sozinho,0,15,False
monogamia foi inventada por um cara de pau mole q não conseguia comer ngm aí inventou o casamento pra garantir que não ia morrer sozinho,0,25,False
"eu acho que vou morrer sozinho ""mas todo mundo morre sozinho "" reflita",0,13,False
Tô começando acreditar nesse bglh q vou morrer sozinho,0,9,False
Qual seu maior medo — Como a maioria dos gays morrer sozinho …,0,13,False
Meu egoísmo vai me fazer morrer sozinho ainda...,0,8,False
Sou a cara de meu pai vou morrer sozinho com o meu rancor igual a ele Predestinado a ser um merda Teu sofrimento não é nada comparado a o que você herda,0,32,False
Eu definitivamente não tenho sorte no *AMOR* acho que nasci pra morrer sozinho,0,13,False
Cada dia mais consciente que a gente nasce sozinho e vai morrer sozinho mesmo,0,14,False
Carai a verdade é que eu sou um chatonildo vou morrer sozinho,0,12,False
Nunca vai da certo c ngm mesmo — kkk nasci sozinho e vou morrer sozinho cria …,0,17,False
Também não me interessa não consigo continuar vendo acho cansativo... Nada contra quem gosta só acho meio superestimada!,0,18,False
a personagem do livro tá passando muita vergonha e eu não consigo continuar a ler pq to sentindo por ela,0,20,False
eu tô rindo de nervoso pq eu comecei isso e agr não consigo continuar,0,14,False
Eu não consigo continuar a do Baby e Daddy porque deu problema com o YouTube,0,15,False
Queria entender porque eu não consigo continuar uma conversa com literalmente ninguém???,0,12,False
qual a chance do professor responder meu email ainda hj? pq sem a resposta não consigo continuar o exercício e aí será se até o fim do dia eu já chorei? perguntas,0,32,False
Eu não consigo continuar dormindo quando [USER] levanta..,0,8,False
beleza eu não consigo continuar o filme,0,7,False
já entendi pq não consigo continuar assistindo Vikings,0,8,False
Eu to me sentindo mais enganada q os fãs da grávida de taubaté. -Tentei jogar Albion: jogo crasha no tutorial e não consigo continuar -Tentei pegar twitch prime: me cobraram e não da pra conectar -Tentei dar sub num canal: me cobraram e a subscription nunca chegou Ajudaluciabo,0,48,False
escrevi textinho tão lindo pra encaixar na fic bem meloso mesmo mas porra não consigo continuar ela nunca vou colocar ele lá ksksks,0,23,False
certíssima você! hahaha eu largo pq quando começa me encher eu abandono não consigo continuar,0,15,False
quando alguém me trata mal ou com arrogância eu não consigo continuar sendo a mesma com a pessoa nunca mais.,0,20,False
vei não consigo continuar consumindo qualquer coisa que seja quando descubro que o produtor da coisa é bolsominion. seja música serviço produto qualquer coisa,0,24,False
Mais dia menos dia vou ter de ir ao oftalmologista porque não posso continuar a adiar o inadiável,0,18,False
não posso continuar a comer desta maneira,0,7,False
Infelizmente não posso continuar devido à sua ignorância...,0,8,False
Desculpa não posso continuar a amizade depois disso,0,8,False
não posso continuar mentindo pra mim mesmo dizendo que vou mudar. Eu nasci no veneno tenho veneno dentro de mim eu destruo tudo que eu toco e esse é o meu legado. Não tenho nada pra mostrar do modo como eu vivi e ninguém que entrou na minha vida ganhou alguma coisa com isso.,0,54,False
enfim todo esse tempo tentando varrer tudo do meu organismo me fez chegar à conclusão de que eventualmente a minha acne vai reaparecer e eu não posso continuar arriscando o funcionamento normal do meu organismo por uma coisa que não diz nada sobre quem eu sou,0,46,False
E nesse panorama desolador que temos de achar o caminho de uma ação solidária para reerguer o Rio. Lembro de uma frase de um personagem de Samuel Beckett: não posso continuar continuo. [USER] …,0,34,False
Meus joelhos ficaram assim por conta do sobrepeso só que agora não posso continuar emagrecendo pq não posso fazer exercícios pesados por causa dos joelhos,0,25,False
velho minha única meta era pagar o médico pq não posso continuar adiando. isso desde janeiro. vai entrar maio e eu ainda nem mostrei meus exames e to sentindo que to ficando cada vez mais fudida,0,36,False
Eu prometo que vou acompanhar a todos os jogos da Conferência Oeste hoje. não posso continuar a cometer o pecado de não assisti-los,0,23,False
não posso continuar negando que fazer comprar me faz bem,0,10,False
Eu tenho uma prova terça se eu for mal não posso continuar a matéria... aí é adeus 7ª adeus formatura... que pressão hein,0,23,False
não posso continuar a ter estes sonhos,0,7,False
preciso procurar outro emprego pra ontem não posso continuar onde não sou valorizada.,0,13,False
Onde me viste a ofender? Estás a perder a razão meu doce! Não vou admitir uma coisa que não é verdade eu já me dei com a Mariana e sempre lhe disse alguma coisa quando passava por mim. Não é por agora não nos darmos que não posso continuar a ser educada!,0,52,False
DESCULPAS GOSTAVA MUITO DAS DUAS. HARI FOI UMA DAS PESSOAS MAIS INCRÍVEIS DENTRO DA CASA não posso continuar VOTANDO DEPOIS DISSO. [USER] ESTAMOS CONTIGO.,0,24,False
não posso continuar assim pq se não até a entrega do tdec eu tô ferrada,0,15,False
Só sei que preciso tirar a nota máxima nesse trabalho. Julho não quero estar aqui,0,15,False
E todos nem imaginam Que no momento em que rio Eu somente penso em morte Em como finalmente morrer Nenhum deles imagina O quanto estou quebrada O quanto não quero estar aqui O quanto estou cansada +,1,37,False
A música do Corinthians pra amanhã: choram as rosasporque não quero estar aqui,0,13,False
Preso nesse mundo e não quero estar aqui,1,8,False
ser adolescente é o que exatamente ? eu não sei se isto é só drama causado pela idade ou se me deva preocupar eu não quero estar aqui so quero ir,1,31,False
não quero estar aqui só queria ir pra minha casa com meu tommynho e minha cama,0,16,False
– Por mais que eu fosse adorar conhecê-lo não quero estar aqui quando ele chegar. Posso atrapalhar. – Ele não vai pedir. – Ah coma um biscoitinho. – Ele não vai pedir – repetiu Iris mais uma vez. E então porque não pôde evitar acrescentou: – Não vai. pic.twitter.com/rRsvyRaKlw,0,49,False
Se eu tivesse uma opção pra ir pra um outro lugar eu iria pq eu não quero estar aqui quando esses tiros começarem,0,23,False
não quero estar aqui só pra te fazer felixx eu quero é viveeeer ôÔô a vida do jeito que ela tem que seeeer,0,23,False
eu simplesmente odeio a minha vida não sei mais quem eu sou não quero estar aqui,1,16,False
cada dia minha auto estima cai um pouco cada dia penso em como resolver os problemas cada dia um novo dia pra pensar que não quero estar aqui mas preciso estar .,1,32,False
às vezes eu acho que não vale a pena viver . o mundo só te decepciona e te coloca pra baixo as pessoas não prestam o que a gente ganha com isso tudo afinal? qual o propósito? não vejo mais nenhum,1,41,False
Essa declaração do Whindersson me fez admirar muito mais. O cara definitivamente mostrou que não vale a pena viver de máscaras. Dinheiro fama glamour e um número alto de seguidores não são sinônimos de felicidade plena. …,0,37,False
Eu só tento dar a visão sabe visão de quem tá quase formado já não vale a pena viver na miséria pra cursar algo que tu curte Graduação PODE ESPERAR O teu sustento não Deixo a ideia aí porque vi um pessoal falando na timeline sobre,0,46,False
... Não vale a pena uma vida tão corrida em que não se vê um espaço pra Deus. não vale a pena viver sem sentir o aconchego dos braços do Pai. não vale a pena viver ignorando esse amor inigualável. Não deixe esse amor de lado. Ame quem mais te ama.,0,51,False
Tio não vale a pena viver sem spotify,0,8,False
Tudo na vida é emprestado.. não vale a pena viver apegado!,0,11,False
A vida não vale a pena viver,1,7,False
“É o seguinte: não pode deixar ninguém se meter entre você e suas paixões na vida se não não vale a pena viver ” -Lúcifer,0,25,False
não vale a pena viver em um mundo onde o jovem não sabe quem é a Maryl Streep,0,18,False
Isso é verdade não vale a pena viver em um lugar que você sabe que uma hora ou outra vai acabar por falta de interesse,0,25,False
"Exatamente fui nessa onda de ""sou desapegado"" e acabei me apegando no fim quem ficou sozinho foi eu não vale a pena viver a vida igual a uma micareta",0,29,False
não vale a pena viver sonhando e se esquecer de viver (Harry Potter),0,13,False
BOA NOITE !!! Você nunca está só A vida é uma preciosidade maravilhosa e devemos fazer de tudo para sermos felizes! Nunca diga que estás só que não vale a pena viver ... O Deus que tudo… ?utm_source=ig_twitter_share&igshid=lf9v44iczof8 …,0,39,False
Já não tenho spotify premium não vale a pena viver depois desta,0,12,False
"*Girei os calcanhares observando-a com certa atenção.* — Sim? ""- Seja o que for o que o motiva a encontrar Severus lembre-se que não vale a pena viver em conflito com a pessoa que apesar de tudo sempre o favoreceu em Hogwarts!"" *A fitei por alguns segundos sorrindo em ironia*",0,50,False
minha vida chegou em um ponto em q eu só quero dormir e nunca mais acordar ou simplesmente morrer,1,19,False
Queria dormir e nunca mais acordar,1,6,False
Minha mãe sempre me massacrando quando o assunto é roupa só eu sei da vontade de tomar uns remédios e nunca mais acordar estragou completamente o meu domingo por um motivo banal,1,32,False
mt legal que já acordei com aquela vontade de nunca mais acordar,1,12,False
vontade de ir dormir e nunca mais acordar,1,8,False
não aguento mais sonhar que estou na Disney e nunca acordar na Disney,0,13,False
Me lembra de nunca mais acordar cedo no domingo pra minha mãe não vir me pedir pra ir na feira pra ela.,0,22,False
Só quero morrer na minha cama e nunca mais acordar,1,10,False
eu sou o tipo de pessoa que não deveria nunca acordar cedo,0,12,False
vontade de dormir e nunca mais acordar,1,7,False
só de lembrar o tanto de coisa que tenho que fazer quando acordar da vontade de nunca mais acordar,0,19,False
ok vou dormir e espero nunca acordar boa noite.,1,9,False
E não há nada melhor do que amar você eu nunca vou te perder. Foi Deus que me deu você é como poder sonhar e nunca acordar .,0,28,False
Uma noite de adoração uma palavra que pegou forte. Deus fala o tempo todo. To sabendo que to fazendo tudo errado mas to bem. pq antes tarde do que nunca acordar e perceber q não posso estragar tudo por orgulho ou por capricho,0,43,False
"Já estão chamando o Pacto de Migração da ONU de Pacto de Suicídio das Nações. Pacto de Migração da ONU - ""O Pacto de Suicídio das Nações""",0,27,False
plano de suicídio : Ir ao psiquiatra ele vai receitar remédios e com esses remédios eu tenho uma overdose. Isso está mais próximo do que nunca de acontecer.,1,28,False
Nessas horas eu fico feliz por ter um plano de suicídio,1,11,False
Meu plano de suicídio já tá pronto só falta a coragem agora,1,12,False
a cada dia um plano de suicídio diferente,1,8,False
Vou voltar colocar meu plano de suicídio em prática,1,9,False
Já to preparado pra pular todos os stories da intro de GOT hoje à noite,0,15,False
mais do que preparado pra pular stories com áudio estourado e gente cantando,0,13,False
Aonde eu vou tem um grilo preparado pra pular em mim,0,11,False
ele ta com cara de que ta preparado pra pular numa jugular,0,12,False
Pra mim o van dijk cabeceou meio fraco e o alisson n estava preparado pra pular,0,16,False
exatamente!!! e toda vez que eu olho pra um ele parece que tá pronto pra pular em mim s,0,19,False
O Minho tá pronto pra pular no pescoço do seungmin mds pic.twitter.com/E1SNfN6xTi,0,12,False
nessa aqui ele tava pronto pra pular no pescoço de alguém pic.twitter.com/V9kQu03Tke,0,12,False
mais um pré-release comprado já estou pronto pra pular M20 pra economizar grana,0,13,False
Eu precisava fazer um video de quando abro a porta da caminhonete e o Luke ja esta ali pronto pra pular no meu colo.,0,24,False
pronto pra pular da ponta da terra quando não ficar no grupo final? …,0,14,False
A beira de um abismo estou pronto pra pular . Esse abismo é Deus.,0,14,False
completamente Suzana todos sabiam que o cara estava na prancha pronto pra pular ao mar mas por birra o asno adia a demissão em uma tentativa tosca de ridicularizar a emissora e a repórter/apresentadora ridículo isso,0,36,False
Bom dia meus consagrados quem ta pronto pra pular atras de trio embaixo de chuva??,0,15,False
na segunda foto ele pra pronto pra pular na minha perna mas ok,0,13,False
Se o Lucas não tivesse me segurado hoje provavelmente eu estaria na salinha de segurança do mineirão. Eu já tava em cima do vidro no 3x2 pronto pra pular no camarote.,0,31,False
Por um momento eu achei que o kauan ia bater o carro ontem eu já tava pronto pra pular,0,19,False
Película nova no celular. pronto pra pular do prédio de novo. Kkkkkkk sqn,0,13,False
pronto pra pular um brejo,0,5,False
Fui lá peguei a maior distância que podia e sai correndo em direção a pilha de cadeiras. Quando cheguei perto pronto pra pular vem um grito de um dos amigos que estavam só assistindo a nossa idiotice:,0,37,False
o jimin ficou armadasso pronto pra pular no jin pq ele esqueceu o nome dele aloawoksskso,0,16,False
representatividade eh isto eu tava achando que era uma coitada por estar com um pezinho pronto pra pular fora porem é real,0,22,False
quase nunca relaxa sempre pronto pra pular só relaxa com golden shower,0,12,False
o fuzil do zulu cuspindo fogo pronto pra pular lá na chacrinha dnv,0,13,False
hoje tem game of thrones e galera tomem cuidado - beba água - durmam bastante - Não se estressem - evitem sair de casa pq vc não vai querer morrer no dia da estreia da última temporada de got né ?,0,41,False
gente nn eh normal querer morrer essa quantidade de vezes por dia apenas nn eh,1,15,False
Esse grupo é imbativel Helder usa seus poderes para enlouquecer o Thanos Marilia mostra valores faz ele refletir fazendo ele questionar a própria existencia e querer morrer apenas por ser quem é e o mal que está fazendo e a Rosemary kkk a Rosemary manda ele calar a boca kkkkk,0,50,False
pessoas que tem gastrite como vocês conseguem beber e não querer morrer no dia seguinte ?,0,16,False
a vontade de querer morrer é enorme,1,7,False
ontem o role serviu pra encontrar um cara que me lembrou de um dos maiores micos da minha vida relembrar eh viver e querer morrer de tanta vergonha,0,28,False
tao linda q me faz querer morrer …,0,8,False
não eu não vou querer morrer por um time.,0,9,False
Se faz vc querer morrer é alguma coisa importante...,0,9,False
esses toquinho de bola do galo me faz querer morrer,0,10,False
se eu tiver vontade de cagar durante o ep de got eu vou querer morrer,0,15,False
Se esse juiz marcar esse pênalti vai ser o maior erro da vida dele vai querer morrer !!,0,18,False
Hoje tem game of thrones Galera tomem cuidado - beba água - durma bastante - não se extresse - evite sair de casa pq você não vai querer morrer na estreia da última temporada de got né?,0,37,False
[USER] oi razão do meu viver e querer morrer todos os dias,0,12,False
Qnd eu começo me apegar em alguém e a pessoa some 1 segundo já é motivo p mim querer morrer chorando,0,21,False
a sua família também te faz querer morrer ? pois a minha faz questão todos dos dias de fazer com que eu me sinta assim,1,25,False
OMG ela é tão linda que me faz querer morrer . pic.twitter.com/TpID6MkUEO,0,12,False
Video aulas de 40 min que me fazem querer morrer mesmo que o prof seja mto bom,0,17,False
Acho engraçado quem nunca pariu filho comparar cólica menstrual com contrações. Tô aqui tendo cólicas e não tô me retorcendo a ponto de querer morrer ...,0,26,False
Quer vê eu querer morrer é alguém me pedir comida na rua e eu não ter dinheiro,0,17,False
playlist de musica no estilo que vc curte + artistas aleatorios que vc nunca ouviu faz voce querer morrer ums 60% menos,0,22,False
sair de casa com esse celular sem bateria é pedir pra querer morrer,0,13,False
façam de tudo para não morrer hoje se possível nem saiam do quarto vc nao vai querer morrer no dia da estreia da ultima temporada de game of thrones né?,0,30,False
Me perdi no abismo e voltei Teu amor diminui minha vontade de querer morrer Teu abraço é como um terapeuta que vem socorrer Todos os medos que eu guardo mesmo sem querer,0,32,False
fui dormir achando que ia acordar ótima pra trabalhar aí meu corpo lembrou que tomei cerveja gin e rum e não tá me deixando fazer nada além de querer morrer,0,30,False
nao tomem muitos riscos durante esse proximo mes e meio bebam água olhem pros 2 lados antes de atravessar a rua vcs nao vao querer morrer bem na ULTIMA temporada,0,30,False
So nao tenho a parte de querer morrer kk …,0,10,False
Esse é o meu Presidente!!! E para aqueles que por ventura vierem querer questionar esse post: Se eu desistir da humanidade é melhor morrer . Afinal faço parte dessa humanidade. E busco a... …,0,34,False
E hoje tem game of thrones e galera tomem cuidado. *Beba água *Durmam bastante *Não se estresse *Evitem sair de casa pq vc não vai querer morrer no dia da estreia da última temporada de for né.,0,37,False
pq que eu insisto em subir na balanca sabendo que eu vou querer morrer logo em seguida ??????,0,18,False
como estudar 3 apostilas de botanica sem querer morrer ? dock com,0,12,False
Imagina só eu e o Gonçalo a fazer uma música bué oposta tipo eu com uma parte bué feliz e ele a querer morrer,0,24,False
Me: LIFE IS BEAUTIFUUUL... (com toda a alma). Minha Mãe: Para de querer morrer .,0,15,False
fato dois: eu quase fiz uma tatuagem com um completo desconhecido ainda bem q eu não achei o desenho q eu queria imagina gente eu ia querer morrer,0,28,False
Parei pra pensar que a última vez que passou GOT eu tava num emprego que eu não tava gostava e a hora que passava eu já tinha que estar dormindo pra conseguir acordar sem querer morrer no dia seguinte.,0,39,False
me ensina como q faz pra não querer morrer td vez q vê o tanto de matéria atrasada da facul,0,20,False
Tudo tem limites né acho q nenhum dos meus amigos tem motivos suficientes pra odiar a vida ou querer morrer,0,20,False
[USER] vai querer morrer ?,0,5,False
O pensamento de querer morrer a qqr coisa continua,1,9,False
Sei que é egoísmo da minha parte querer isso por causa de umas pessoas que gostam de mim e precisam Mas é difícil sabe isso tudo. Esse desânimo a vontade constante de querer morrer,1,34,False
ai gente vcs tb passam pelo problema de querer fazer ação mas ao mesmo tempo morrer de preguiça pq eu sim,0,21,False
mano minha autoestima consegue fazer eu me sentir insuficiente ao ponto de querer morrer que doido,1,16,False
imagina vc nasce um peixe bochechudo nossa eu ia querer morrer,0,11,False
O centro da sua vida tem q ser vc não outra pessoa se um dia essa pessoa for embora e vc ficar na merda ao ponto de querer morrer .. a culpa vai ser somente sua por ter colocada ela no centro da sua vida.,0,45,False
Queria poder tomar café pra mandar o sono pra Pqp. Mas infelizmente se eu tomar dois goles de café que seja vou ter uma enxaqueca dos infernos a ponto de querer morrer .,0,33,False
Hoje tem Game of Thrones e galera tomem cuidado: - beba água - durmam bastante - Não se estressem - evitem sair de casa pois tu não vai querer morrer no dia da estréia da última temporada de GoT né?,0,40,False
CARALHO ACHO QUE APAGUEI SEM QUERER MEU FIXADO DE DRAMASSSSSSS EU VOU MORRER,0,13,False
eu falo uma coisa pra vcs. vcs podem até sofrer por alguns meses querer morrer achar q eh o fim MAS NAO EH eu juro q não eh,0,28,False
Eu juro que só queria entender pq diaxo eu tenho tudo que sempre quis na vida e to triste a ponto de querer morrer,1,24,False
Não creio que tô numa fase em que não posso comer nada e nem de beber nada que meu estômago já começa a querer morrer VOU VIVER DE AR AGORA ? Da licença pic.twitter.com/3YJ2BoG7oP,0,34,False
Você tem o dia todo para morrer de tocir mas isso só vai querer acontecer na hora que for dormir,0,20,False
Um dia eu ia ganhar mas eu descobri sem querer …,0,11,False
Eu não tenho motivo nenhum para estar mal não tenho motivo para estar triste querer sumir me cortar ou morrer mas eu não consigo estar bem,1,26,False
amiga vc eh LINDA demais mesmo e o incrível eh q vc não eh só linda por fora vc eh TÃO LINDA por dentro q me faz querer morrer PORRA Q MULHER PERFEITA CARALHO,0,34,False
Só tem horas que eu quero morrer,1,7,False
N vou ver o novo episódio pois estou sem HBO quero morrer,0,12,False
Passei uma vida inteira usando óculos de sol comprado em camelô. Resolvi me cuidar. Gastei horrores num óculos bom. Menos de um mês de uso. Coloquei eles no bolso de trás da calça e sentei em cima. Eu quero morrer .,0,41,False
quero morrer amigo dessa galera. pic.twitter.com/q9On4Cw5Yx,0,6,False
quero morrer sinceramente,1,3,False
eu quero morrer,1,3,False
socorro miga eu não quero morrer antes de ver o fim de got avengers e star wars,0,17,False
Eu quero morrer com essa prova de patologia meu deus q tanto de matéria eu não aguento mais,0,18,False
Ai sabe acabei de pagar 75 conto num gás eu quero morrer,0,12,False
eu só quero morrer eu odeio meu pai bixo,1,9,False
caralho eu não aguento mais eu só quero morrer,1,9,False
Atualmente eu estou entre: quero morrer Quero viver Quero me suicidar Quero deixar de apenas existir Quero literalmente me jogar na frente de um carro Quero viver uma aventura,1,29,False
EU NAO quero morrer VIRGEM,0,5,False
Cara tô apavorada parei de tomar mês passado e ainda não desceu cara quero morrer eu me cuido mas pqp tô desesperada kkkkkkkkkkkkkkkk dizem q esse ano eh da fertilidade,0,30,False
EU PASSEI A GANDOLA E A MAE DEIXOU CAIR NO CHÃO eu quero morrer,0,14,False
Meu deus do céu todas as minhas amigas namorando;;;;;;;;; quero morrer,0,11,False
Eu gasto 40 minutos para chegar no trabalho e já quero morrer . Deus me livre 1h30 kkkk,0,18,False
falei q ia ver o jogo domingo meu pai surtou kkkkkkkk perguntou se eu quero morrer ainda mais sendo final,0,20,False
Gente eu quero morrer perdi TODAS as minhas músicas do Skillet TODAS eu tô até com a pressão baixa,0,19,False
mano muito chato quero morrer não passo da cena do beijo enquanto a motorista vai embora,0,16,False
vou fazer trabalho sozinha de história quero morrer pic.twitter.com/JEF4WA85V6,0,9,False
EU quero morrer,1,3,False
quero morrer fudendo melhor morte kk,0,6,False
eu tô tão cansadatão cansada quero morrer,1,7,False
eu só quero morrer mano eu já vivo afundada na culpa pensando que eu sou uma bosta por causa do meu pai e tu chega com uma dessa,1,28,False
Eu não quero morrer não tá maluco?,0,7,False
quero chorar até morrer só de pensar nesses trabalhos,0,9,False
e aí eu me sinto a pior pessoa do mundo e só quero morrer,1,14,False
não gosto mais de viver e sei lá só quero morrer mas a única coisa que sinto que tenho controle é desativar essa conta então eh isto,1,27,False
Quero muito que seja ela mas ela vai morrer :(,0,10,False
Amanha tem simulado do enem e eu quero morrer,0,9,False
mais da metade do meu dia eu quero desistir de tudo e morrer,1,13,False
sou uma porca gorda nojenta que não merece nada NAO MERECE NADA PORRRA quero morrer,1,15,False
quero morrer,1,2,False
Eu posso morrer de amores pela pessoa mas se eu botar na cabeça que não quero mais não adianta. Antes de ser por nós é eu por mim.,0,28,False
ai quero morrer,1,3,False
gente eu quero morrer sério me odeio dms,1,8,False
na vida so sei uma coisa: nao quero morrer quero me matar nao quero ser vencida e sim vencer obg,1,20,False
Meus pais vão me forçar a ver GoT dublado eu quero morrer,0,12,False
Mano eu sem dúvida paro se quer matar algum stark mata a sansa só fui gostar dela nas últimas temp não q eu quero q ela morra mas se é pra morrer né mata ela,0,35,False
hbo go travando e eu só quero morrer,0,8,False
Aaaaaaaaaaaaa Eu quero morrer com esse vídeo Eu tô apaixonadaaaaaaaa Aaaaa Aaaaaaaaaaa Aaaaáaaaaaaaaaaaa pic.twitter.com/XTjCyha2aK,0,14,False
eu quero morrer com essa azia,0,6,False
Só queria fechar os olhos e essa bosta toda acabar mas quando acordo isso continua e continua e amanhã é segunda e quero morrer .,1,25,False
Ainda são 20h da noite e a HBO GO já está com problemas técnicos eu quero morrer,0,17,False
Oh meu amor meu amoooor escuta o que eu vou dizeeeer eu quero muito te amaaaar ESTAR CONTIGO ATÉ MORRER ! pic.twitter.com/BPWTsdaOBu,0,22,False
Cara quero morrer,1,3,False
Caralho que paradoxo: vc quer apanhar até morrer e por isso eu quero te baterate te matar mas nao posso pq nao quero que vc morra CARALHO,0,27,False
EU SÓ quero morrer,1,4,False
Quero descobrir de que vou morrer marcando que tipo de suco eu beberia,0,13,False
eu tb não quero mas ele vai morrer,0,8,False
QUE BOSTA ACABEI TOMAR UM SPOILER DO EP DE HJ EU quero morrer,0,13,False
EU LA QUERO BOLAO P VER QM VAI FICAR VIVO OU QM VAI MORRER NESSA TEMPORADA DE GOT EU SO QUERO ASSISTIR O EPISÓDIO DE HJ SO,0,27,False
tão dizendo que vazou GOT eu já recebi um suposto spoiler mds eu quero morrer tyrion naaaaaaao pic.twitter.com/dCLVPvPMls,0,18,False
Passando pra lembrar que nao quero ninguém chorando quando eu morrer kralho toquem o frevo que eu nunca toquei,1,19,False
Eu quero morrer,1,3,False
Eu só quero morrer,1,4,False
Eu me sinto imortal pq eu quero morrer e eu sei que não vou morrer tão cedo. Então to sempre 100% nem aí.. única coisa q eu faço é tomar cuidado pra evitar mais sofrimento.,0,35,False
estou dividido entre quem eu acho que vai morrer e quem quero que morra pic.twitter.com/5fU4sPvQiW,0,15,False
tô as últimas 4hrs estudando sem parar e me deu dor de cabeça decidi fazer uma pausa e minha vizinha tbm decidiu cantar let it go aos berros não sei se quero morrer ou matar a criança,0,37,False
Okay. Vou assistir a grande estreia de GOT. Quero ver quem vai morrer nessa bagaça dos Sete Reinos.,0,18,False
se a arya morrer eu desisto mano. é uma boa essa certo que um deles faria isso pela arya tb (msm que ela consiga se virar sozinha) MAS N QUERO Q NGM MORRA vo chorar demais já to prevendo,0,39,False
quero ela e a dany viva mano pra mim tinha q morrer o jon snow aquele tapado kkkkkkk,0,18,False
falei ela é super fofa elogiou minha roupa e meu cabelo eu quero morrer to me tremendo há 40 minutos,0,20,False
ai eu quero morrer,1,4,False
[USER] olá ines quero te,0,5,False
a maior cadelinha do cal que conheço quero muito interagir mais (vou me meter nos seus tweets sim) seu fc é lindo de morrer ama rainha vermelha então já tá no meu coração você é muito um amor,0,38,False
eu nao quero falar com ninguém caralho inferno nem com meus pais eu quero morrer caralho me deixa quieta caralho,1,20,False
eu quero morrer toda semana que tem caso marília ai lembro que preciso do ponto extra e vou pra aula rezando pra deus me proteger da sara,0,27,False
Eu quero tanto morrer mas não quero que minha mãe chore,1,11,False
eu lembro das coisas e só quero morrer de vergonha sério q micoooooo,0,13,False
Quero só ver quem vai morrer hoje,0,7,False
pq ele é um babaca toda hora que ele aparece eu quero morrer de tão chato que ele é,0,19,False
se caso algum dia dps de morrer nessa vida eu volte a esse planeta terra quero voltar lá pra 2100 kkk,0,21,False
afasta te de mim não quero morrer jovem ahaha,0,9,False
Se a Daenerys morrer mano eu paro de ver a série e hora e nunca mais vejo é tchau e bença e acho bom o Gorge RR Martin fazer um final diferente da série viu meu bem quero Dany vivíssima governando westeros.,0,42,False
as vezes parece que eu preciso de companhia e nas outras vezes parece que eu só quero morrer,1,18,False
Ahh foda-se vou pular pro tal do Casamento Vermelho porque quero ver o Joffrey morrer . Moleque irritante do cacete!,0,20,False
OMG MELHOROU MEU DIA HSHSJHDBDJD AAAAAAA …,0,7,False
a voz do suren quero morrer,0,6,False
sinto uma vontade enorme de viver tipo eu fico pensando e o mundo eh tão grande mano tem tanta coisa pra conhecer tanto lugar pra ir n quero morrer conhecendo só o lugar onde eu nasci da vontade de fazer um mochilao e sair por aí sem rumo,0,48,False
terceira semana seguida com prova praticamente todos os dias eu quero morrer,0,12,False
semana q vem tenho prova de economia e tudo q eu quero é morrer,0,14,False
quero morrer só isso,1,4,False
vamofude — quero morrer virgem …,0,6,False
sua opinião eh igual eu ninguém quer amor,0,8,False
Eu não quero o mal de ninguém mas enquanto o luladrao não morrer não vai ter paz no nosso Brasil.,0,20,False
gabriel eu sou muito burra eu quero morrer,1,8,False
eu quero morrer por fora o tanto que eu to morrendo por dentro eu só quero que toda esse dor passe,0,21,False
tava irritada e vi a foto do dylan com o tyler fiquei feliz agora quero morrer de novo,0,18,False
samwell não pode morrer quero ele vivendo com o little sam e a gilly PELO AMOR DE DEUS,0,18,False
eu nao aguento mais esse vazio no meu coração só quero morrer velho,1,13,False
Eu quero ver a Dee Dee morrer carai,0,8,False
Pessoal chega a ser triste. Como quero chegar aos 100 anos vou abandonar para não morrer antes.,0,17,False
Jon snow e Daenerys um dos 2 vai morrer porém não quero nem pensar na possibilidade,0,16,False
Parabéns pra mim que não vou ver o 1° episódio de GOT!!!!!!!!!! quero morrer ! :),0,16,False
eu só quero morrer que bosta,1,6,False
Negócio de morrer todo mundo... quero Jon do trono de ferro,0,11,False
Irraaaa eu quero,0,3,False
sim ganhar dinheiro ficar rico enfim quero um futuro melhor não quero morrer assimm,0,14,False
Cara eu quero morrer,1,4,False
eu sou mt otaria quando a pessoa me quer eu n quero ver a pessoa nem pintada de ouro e quando a pessoa n quer parece q eu vou morrer de amores,0,32,False
eu quero um namorado,0,4,False
comi pizza ontem e hoje quero morrer ??,0,8,False
Se existe jogo melhor no mundo não me mostrem porque quero morrer com essa alegria no peito pic.twitter.com/Y0UvcBoYLp,0,18,False
A morte que bate em minha porta Onde se alegra em me ver suicida Muitos culpam o passado Que apenas ensina lições de vida. Apesar da longa vida sofrida... Deus há de me perdoar pelos pecados Que fizeram-me ter recaídas Me deixando sem vitórias Com a noite fria em abundância..,1,50,False
É como a classe média pedido pra baixar o imposto do rico só que um pouco mais suicida ...ou: nazismo inclusivo? …,0,22,False
Simmmm!!! Como ninguém coloca isso na lista de expectativas. To agoniada que acabei de ver a cena que ela vê ele pelado pós missão suicida,0,25,False
Não discordo de nada não precisava fazer uma missão suicida pra pegar um wrigt mas a corrente foi ridícula demais,0,20,False
A única solução é acabar com a minha vida e e isso que vou fazer adeus.,1,16,True
Nossa senhora como eu odeio esse episódio de got do esquadrão suicida,0,12,False
O assédio de Gentili levou uma boa samaritana a ter que se mudar de cidade e desenvolver ideação suicida . Nada relacionado com propriedade. Então houve crime?,0,27,False
De acordo com [USER] já podemos consider o povo suicida .,0,11,False
Revendo a última temporada de e pensando aqui: foi realmente muito suicida essa ida do para além da muralha para pegar um ... meu deus do ceu,0,27,False
pq esquadrão suicida é tão bom e tão ruim ao mesmo tempo?,0,12,False
to só o pikachu suicida hoje …,0,7,False
Tive uma experiência sinistra hoje. Entrei numa postagem do [USER] falando do Paulo Freire e um esquerdinha começou falar lá.. entrei no perfil e tava escrito que o cara era bipolar e potencial suicida . Todas as minhas respostas foram: liga no CVV 188.,0,44,False
Assistindo o esquadrão suicida indo pra além da muralha atrás dos vagantes pela milésima vez,0,15,False
Até lutou além da muralha junto do esquadrão suicida de Westeros,0,11,False
A coisa mais sem noção q rolou em Got foi o Jon reunir uma equipe e ir além da muralha pegar um walker. Por causa disso perderam vários soldados e um dragão pro Rei da Noite. Foi o verdadeiro esquadrão suicida .,0,42,False
Pessoa que namora com BolsoNazi é suicida ! !,0,9,False
Viola Davis no papel de Amanda Waller foi um dos maiores e raros acertos de esquadrão suicida,0,17,False
Harry Potter e as relíquias da morte parte 2 Esquadrão suicida Malévola O diabo veste Prada Invocação do mal …,0,20,False
Você nasceu com esse problema ou adquiriu ele com a vida? Burrice que fala? A cada postagem um neurônio suicida kkkkkkkkkkkkkkk,0,21,False
ba vi nego gritando que é da facção tal e fazendo um barulho no baile e nem mora em favela kkkkk suicida,0,22,False
Maxi López peça demissão rescinde o contrato fique doente se suicida mas pelo amor de Deus sai do meu [USER],0,20,False
O que mais irrita é que o Corinthians já jogou melhor do que isso não faz muito tempo 3 semanas. De repente é só essa retranca meio suicida . Não arma não ataca e ainda sofre um monte de chute perigoso no gol,0,43,False
Harry Potter Avalon Millennium O senhor dos anéis Trono de vidro Mago Corte de rosas e espinhos Biografia de Alan Kardec Memórias de um suicida O segredo do anel(O legado de Maria Madalene) …,0,34,False
Amg e a missao suicida dele na batalha dos bastardos que ele levou todo mundo pra morrer ali foi um odio viu ramsen pq n matou logo aquele merda,0,29,False
"Alcolumbre conhece as cores do seu dilema:cartão vermelho para Mendes ou bilhete azul para si mesmo.O senador é jovem tem aspirações politicas e nunca demonstrou tendência "" suicida "". Acompanhará Gilmar até a beira do abismo. Dai pra frenteMendes terá de negociar com Einstein..",0,44,False
sempre que estou revendo a sétima temporada de e chega no episódio 5 me uma vontade de pular ele e o 6 de tanta vergonha alheia do roteiro/plano suicida do tyrion,0,31,False
Eu lembro tanto dele cantando aquela perereca suicida ela pica ela bate kk aponta pra mim q eu te mato te mato de amor e te sufoco num abraço kk KAYSAR NO DOMINGÃO,0,33,False
É porque quando um adm faz uma tag sozinho ele absorve a energia de todas as pessoas que eles prevêem! E nessa tag e na outra eu sempre fiz sozinho. Se uma pessoa tem uma energia suicida e depressiva é pior ainda mds. Mas estou bem graças a Deus,0,49,False
Ja penso tudo isso pra no final thanos ser suicida ?,0,11,False
2014 a perereca era suicida 2019 a perereca é saltitante,0,10,False
Não é comportamento repetido. É tão fora do personagem para Stefan que ele literalmente se torna suicida por causa disso pic.twitter.com/mNEcjBb6Jc,0,21,False
Talvez Só talvez eu esteja com raiva por você chamar meu bb de velho suicida …,0,16,False
Concordo! Quem aceitaria um convite do inimigo declarado para visita? Só um louco suicida . A Globo vai cair.,0,19,False
Esquema bem suicida de Cuca na ausência de um dos nossos melhores jogadores. claramente perdendo o meio de campo para o adversário,0,22,False
SP suicida é o que vc acha? E sobre o Corinthians como sempre mais retranqueiro... Né?,0,16,False
Eu acho essa esclação do SP meio suicida os caras jogam com três volantesnós jogaremos com apenas umtinha q ter colocado alguém por alié muito atacanteseja o q Deus quisermas essa lesão do Liziero da um desanimo monstromoleque estava jogando muito,0,41,False
E o [USER] me chamou de suicida com esse meio de campo na live kkkkkkkk,0,15,False
suicida é teu comentário. Zicando desde jogo do palmeiras. Pior tipo de torcedor!,0,13,False
Sem Liziero Cuca arma o time de forma suicida ??? Saberemos logo mais. …,0,14,False
Não adote aquele esquema tático suicida de segunda feira pelo amor de Deus. VAI CORINTHIANS que São Jorge nos abençoe.,0,20,False
Kkkkkkkk não sou suicida ta? Juro,0,6,False
é sim o psicopata mata o suicida e o suicida gosta pq quer morrer …,0,15,False
esquadrão suicida é bem masomenos mas não chega a ser ruim pra caralhokkkk …,0,14,False
GOMORRAA: Triunfo do Anjo suicida - MC by Gomorraa …,0,10,False
assistindo Esquadrão suicida em Parque Oratório …,0,7,False
Sarri joga pra se defender = covarde nao quis atacar Sarri joga pra frente = suicida tinha que se defender Voces tem que assumir que só se importam com o resultado e não importa o que se faça desde que termine com vitória senao vira oportunismo.,0,46,False
tô revendo o primeiro episódio de crazy ex girlfriend e gente todos os sinais de que rebeca é bordeline e potencialmente suicida estavam lá. eu amo uma série com roteiro bem amarrado.,0,32,False
Brotei aqui no Atacadão rapidinho busquei o combo suicida pra ver esse jogo do mengao,0,15,False
T6 ep 10 é o melhor de GOT A cersei mata os pardais O puto suicida se E a arya mata os frey,0,23,False
Bom dia Fabiana! Não sei se o rapaz é exibicionista ou suicida !,0,13,False
É vc amiga UmA gARotA suicida,0,6,False
Peixe suicida,0,2,False
eu vendo um post/tweet com piada autodepreciativa depressiva suicida : KKKKKKKKKKKKKK vo marca a beatriz,0,15,False
Comentei sobre Paulo Freire na postagem do [USER] e as pessoas que responderam são todas doentes. Um deles na descrição do perfil diz que é potencial suicida . Eu já não gosto de dar moral pra esquerdista mas imagina o cara se mata. Eu mandei ligar no CVV. Ficou bravo.,0,50,False
ninguém: garotas de 12 anos: CUIDADO HEIN SOU PSICOPATA CHEGA PERTO DO MEU NAMORADO QUE EU TE GARANTO QUE PIRANHA VOA ELE EH SO MEU PIRANHA O AMOR DE UM PSICOPATA E DE UM suicida EH O MAIS BONITO QUE HA ELE MATARIA POR ELA E ELA MORRERIA POR ELE,0,50,False
O chinelo é suicida misericórdia sorte que se não foi junto com ele,0,13,False
o maior medo da minha mãe é que eu cometa suicídio o meu maior medo é que ela cometa suicídio,1,20,False
A tal do suposto suicídio da suposta ativista também.,0,9,False
Bam na 4 é suicídio . Ainda acredito nele mas na 5 obviamente. A temporada que vem é chave pra ele.,0,21,False
Sinceramente? Pensei em suicídio umas 2362837x só esse ano e nunca deixei de ver isso c uma opção,1,18,False
Chile: capitalização da Previdência faz idosos morrerem trabalhando e suicídio bater recorde O regime de capitalização da Previdência no Chile obriga os aposentados a seguirem trabalhando muitas vezes até morrer. …,0,31,False
Aí eu me lembro de tudo que já me disseram e com eles o pensamento de suicídio tbm,1,18,False
Me arrependo de ter falhado na minha primeira tentativa de suicídio,1,11,False
eu não aguento mais passar minhas noites pensando em suicídio,1,10,False
namorar com o renan é suicídio dois idiotas juntos cara,0,10,False
A cada dia que passa paro de temer o suicídio e vejo uma esperança,1,14,False
suicídio é a única saída,1,5,False
Procura- se a forma mais fácil de cometer suicídio,1,9,False
o suicídio é a solução,1,5,False
É bem melhor pensar em suicídio em casa do que em qualquer outro lugar.,1,14,False
O suicídio é a última opção. E olha que ironia... As opções estão se esgotando .,1,16,False
• Ofélia de John Everett Millais a morte de Ofélia suicídio por afogamento foi retratada por muitos pintores especialmente durante os séculos XVIII e XIX. a determinação de Millais era tamanha em reproduzir os detalhes que chegou a pintar com uma lupa. + pic.twitter.com/7juQZSMPnx,0,44,False
Estou CHOCADO. Lembro do caso. Roberto Cabrini investiga suicídio de Victor Reder no …,0,14,False
Vc realmente perdeu a chance de fazer história positivamente preferiu o seu próprio suicídio político. Não esqueceremos de vc,0,19,False
Péssima dica mas se nada der certo não vou considerar msm assim ao suicídio shaushau,0,15,False
Queria ter morrido na primeira vez que tentei suicídio .,1,10,False
Tentando terminar a WL sem praticar suicídio no FIFA19 live at,0,11,False
Ótimo. Aqui de 64 em diante matavam jornalistas e diziam que foi suicídio,0,13,False
Se Bolsonaro proibisse o suicídio eu ia pegar pipoca uma cadeirinha e assistir tranquila o suicídio em massa do povo do contra.,0,22,False
Eu ainda estou lutandoaos 34 anos de vida eu descobri o sentido de minha vida 𝒔𝒆𝒓𝒆𝒊 𝑴𝑵 𝒅𝒆 𝑿𝒂𝒅𝒓𝒆𝒛! Ele viveu o inferno do holocausto mesmo preso ele conseguiu encontrar o sentido da vida e salvou vários amigos da depressão e do suicídio . NvuWk …,0,46,False
esse ano o suicídio vem,1,5,False
Já vi miga mas não indico eu achei péssima a forma que a Netflix abordou esse tema >massacre< a Netflix não faz série boa em temas de suicídio /massacre/estupro,0,29,False
"Mano não brinquem com assunto sobre suicídio comigo não sério. É um problema muito sério que precisamos ajudar . Não diz que vai ligar pro 190 pra avisar pensou que ""queria"" me matar liga pro 188 e ajuda preservar vidas. Valeu grato.",0,42,False
Acho que nunca tinha sentido a vontade de suicídio diário até chegar a universidade,1,14,False
a série aborda temas como depressão bipolaridade suicídio racismo homossexualidade transexualidade alcoolismo abandono parental agorafobia gravidez na adolescência machismo e abuso de drogas da forma mais CONSCIENTE possível,0,28,False
A violência travestida faz seu trottoir Trottoir=passeio Mt bom critica social foda e suicídio Tudo que ele tinha cabia no bolso da jaqueta A vida quando acaba cabe em qualquer lugar,0,31,False
Prevenção de suicídio : 188 0800 273 8255 0800 290 0024 Se pelo menos 10 pessoas derem RT já ajuda é muito importante.,0,23,False
mó vontade de cometer um suicídio,1,6,False
Luísa foi tentar me explicar matemática quase que a gente faz um suicídio coletivo kkkkkk pq n tava dando pic.twitter.com/IoMb3nDlvz,0,20,False
Lysa fica com cíumes da Sansa com Mindinho e tenta jogar a garota pela porta da lua mas por fim acaba sendo jogada de lá pelo próprio e eles dizem que foi suicídio . pic.twitter.com/RmhCouUvfs,0,35,False
E um caso dos animadores de estúdio de anime que um funcionário era obrigado a trabalhar além do necessário... até desmaiou no trabalho... isso coopera para os índices de suicídio aumentarem tanto no país porque a maioria não aguenta pressão assim...,0,41,False
Deixo aqui um desabafo grande: Desde 09/05/18 penso em suicídio todos os dias acordo e a vontade vem. Porque ainda não fiz isso? Penso na minha mãe e desisto. A dor de perder dois filhos me atormenta muito e hoje ela se triplicou...,1,43,False
Garoto mais foda... Me tirou da depressão e da tentativa de suicídio quando esfregou a carta no saco...quanto vi percebi que o Brasil tinha jeito!!! Parabéns jovem! Sou seu fã! kkkkkkkkkkkkk,0,31,False
Eh hj q eu quebro a cara da minha mãe ou cometo suicídio,1,13,False
Índio brasileiro é tudo merda comparando com índio americano. O índio brasileiro foi escravizado e cometeu suicídio pra acabar com o sofrimento. O índio americano foi escravizado e meteu porrada em geral. Já que vai morrer morre causando.,0,38,False
conheço sim mas bem pouco. é sobre oq? pretendo assistir já q confio no seu bom gosto — assiste por favor é sobre uma moça que vê a outra cometendo suicídio e como elas são idênticas ela resolve assumir a vida dela é a minha vi… …,0,47,False
sina deinert › já tentou suicídio › frequentava a casa sa vítima periodicamente › religiosa › atua nas peças da escola pic.twitter.com/kZnpuhsTcP,0,22,False
Adolescente tenta suicídio após professor pegar celular …,0,8,False
ela iria o negligenciar até que ele desenvolvesse depressão depois recomendaria o suicídio como cura …,0,16,False
"Ah teve o momento ""Não aguento mais essa merda"" aí eu tentei suicídio e falhei miseravermente",1,16,False
do nada veio um mood de raiva e suicídio,1,9,False
já tem 7 anos q ele cometeu suicídio,0,8,False
CARXJLHO EU FUI OLHAR A FOTO DE PERFIL D EUMA MENINA QUE EU NÃO FALO A MUITO TEMPO E LIGUEI PRA ELA SEM QUERER MEU DEUS EU QUERO MORRER,0,29,False
EU QUERO MORRER PUTA QUE PARIU,1,6,False
"NÃO, NÃO CONSEGUE!!! PELO AMOR DE DEUS TÃO QUERENDO ME MATAR",0,11,False
[USER] E a vacina para os professores e demais funcionários que manterão a escola aberta? Atitude suicida!,0,17,False
"outro técnico é o Tarcísio, que riu junto com o Bolsonaro do suposto aumento das taxas de suicídio",0,18,False
PC DE CUUUUU FILHO DA PUTA DESGRAÇADO ARROMBADO E TUDO DE RUIM AAAAAAAAAAAA EU QUERO MORRER,0,16,False
Quero morrer,1,2,False
"Na fala, ele também atacou a saúde pública kkkkk Não sei quanto a vocês. Mais é muito bom ver esses anencefálicos cometendo suicídio pela boca todos os dias. Ainda mais com essa CPI aí com o Renan espumando toda vez que fala do tema.",0,44,False
pq a minha tml só tem o namjoon? vcs querem me matar de tristeza???,0,14,False
[USER] vou me matar então,1,5,False
"[USER] VSF BBK KKKKMMMKK suicida nao, apenas burra",0,8,False
[USER] viado o bicho quis me matar vo xingar ate a mae dele,0,13,False
Comecei dois animes novos e esqueci completamente de bnha Kdkddkdkdkdk minha amiga vai me matar,0,15,False
[USER] sério dangelo a um passo de me matar,1,9,False
[USER] vc ri de suicídio?,0,5,False
[USER] Suicídio,1,2,False
acabei precious minha vida não tem mais sentido quero morrer,1,10,False
[USER] se for p me matar posta logo RITA CASTILLO IS COMING,0,12,False
vou me matar,1,3,False
permissão pra me matar,1,4,False
Q vontade de me matar,1,5,False
[USER] Eu to entrando em uma puta crise existencial quero morrer,1,11,False
**Meu teclado poliglota quer me matar,0,6,False
"Véi, essa oscilação de temperatura na primavera vai me matar de rinite pqp",0,13,False
"to triste, quero morrer",1,4,False
tão mal ao ponto de cometer suicidio,1,7,False
"Mais uma grande perda na dublagem brasileira 😔💔 Iara Riça foi a primeira voz brasileira da Alerquina, em 'Batman: A série animada', e no filme 'Esquadrão Suicida'. A dubladora havia sofrido um aneurisma,foi operada, mas infelizmente teve morte celebral. Descanse em paz.🖤😔",0,42,False
[USER] Você quer me matar de ansiedade né? KKKKKKKKKK só pq estou com mt saudade e marcamos nosso role,0,19,False
meu orientador vai me matar? muito que provavelmente,0,8,False
"Se o Arthur de candulu ou sei lá como ele é chamado, não sair hj, eu não sei oq faço da minha vida (Obs: Tô pensando em suicídio) -- Se a Camilla ELES NAMORAM Euliette Adnet tikki Camilla de Lucas Mercado Livre",0,42,False
"[USER] Infelizmente Felipe ficou marcado negativamente por dois jogos (sendo que um foi culpa do esquema suicida de Abel Braga no segundo jogo da final da CdB de 2004, onde poderia jogar pelo 0 a 0 ou 1 a 1) e o jogo contra o Cruzeiro quando jogou a camisa após fazer o gol.",0,54,False
"[USER] ele toda hora n surta? tem nem condicões, mandei ela tomar no cu e fui expulso, ainda bem q hj a minha familia super me aceita, mas ate em suicidio pensei .",1,33,False
"o vice-diretor da minha escola fez uma reunião com todos os alunos, e um mlk chamou ele de boiola quero morrer",0,21,False
Acabei de concluir que não adianta me matar fazendo conteúdos BONS todos os dias pq por mais q eu me mate o logaritmo só entrega Qnd tá afim... então chora BB,0,31,False
Alguma mulher com coxao pra me matar sufocada ? Eu pago !,0,12,False
[USER] quero morrer,1,3,False
as cores novas da pista de bike/caminhada do parque alvorada acabaram de me MATAR,0,14,False
as vezes eu me pergunto como a viu tube conseguiu cuspir na boca de um gato tipo assim já é nojento e da ódio mas eu ainda me pergunto como eu faço carinho nas minhas gatas e elas já querem me matar,0,42,False
[USER] bell nao aguento mais quero morrer,1,7,False
toda vez que aparece o Dudu eu quero me matar e quando é o tato eu quero que morra,0,19,False
Minha terapeuta me perguntou oque eu quero pro meu futuro Quase respondi suicídio,1,13,False
"Perversos patetas Se não fosse o vaidoso governador Doria, se quer teríamos essa vacina, que por sinal é a mais usa por aqui... e vocês querem destruir isso... Vcs só corroboram a minha teoria que o bolsonarismo é uma seita que prega o suicídio coletivo.",0,45,False
"cara chatoo!! A aula nem começou e quero morrer! Ainda vai passar um """"""""trabalhinho"""""""" e provável que seja pro tempo livre.. meu anjo?? Quem tem tempo livre nesse lugar??",0,29,False
foda-se daqui a pouco tem Real Madrid pra me matar do coração,0,12,False
Preciso dizer q eu ODEIO ouvir musica de gnt q ja morreu. Acho mt bad vibe. Chorao eu ja achava deprimente mas dps q ele morreu a musica ficou quase um hino suicida. Vcs tb sao assim?,0,37,False
"Eu falei que o segredo era usar o esquadrão suicida. Já temos Lula e Renan em campo, falta o Cunha",0,20,False
[USER] diga nao ao suicídio,0,5,False
eu só quero morrer,1,4,False
[USER] Henrique como assim tu n tá em primeiro lugar ?? a vou me matar,0,15,False
A dubladora Iara Riça infelizmente veio a falecer nesta terça feira no dia 27 de abril. Na DC ela era conhecida por dublar nossa querida Arlequina em várias animações e no filme do Esquadrão Suicida. Nossos pêsames para os familiares e amigos da dubladora.,0,44,False
Eu tô me sentindo feio quero morrer,1,7,False
Depois eu fui na faculdade e tinha um bandido atrás de mim. Eu falando com a advogado eu disse querem me deixar virgem. O bandido escutou .Depois pronto ! Quem estava escutando com minha irmã queria que eu voltasse para algum lugar . pois queriam me matar .,0,48,False
Tanta coisa pra fazer hoje e a cólica vem pra me matar derrubar e humilhar,0,15,False
"Eu andando na barra com Rhana O velho conversando na rua: ""Ela ficava ameaçando me matar, aí eu fui lá e matei ela"" Eu e Rhana se olhando:😳😳",0,28,False
tava fazendo a atividade e copiei uma questão todinha errada GENTE EU QUERO MORRER DEPOIS DISSO,0,16,False
odeio odeio odeio a minha vida... que vontade de tomar a cartela de calmante pra dormir pra sempre,1,18,False
"Em entrevista para a revista Total Film, Margot Robbie falou sobre interpretar a Harley Quinn na visão de um novo diretor. Confira:",0,22,False
Lrt EU VO ME MATAR,1,5,False
"Quer me matar é fazer as coisas de má vontade, caralho é só falar que não vai fazer",0,18,False
minha nossa imagiba amanhã então meu deus quero me matar,1,10,False
vão querer me matar com essa comparação (ou não),0,9,False
"Eu quero morrer mano, eu sou mto burra!!!!!",1,8,False
meus pensamentos tipo um evento astronômico... “cometa suicídio”,1,8,False
quero morrer toda que eu abro a camera frontal sou tao feia adeus,1,13,False
"pensei que o dia de hoje ia ser bom, nem 16h ainda e já quero morrer",1,16,False
"[USER] [USER] [USER] [USER] Senador americano q cometeu suicidio ao vivo, após assumir corrupção na sua gestão",0,17,False
"Voltei pra dieta, voltei a me hidratar e minha mae ta pra me matar na academia, fé que vai da certo🤲",0,21,False
[USER] vou me matar,1,4,False
eu to tentando nao me matar para de fazer eu me sentir inutil e ter medo dr vc,1,18,False
fazia tempo que eu não queria me matar assim,1,9,False
ódio vou me matar,1,4,False
Essa OAB vai me matar,0,5,False
Ele falou que eu sou fofinha eu quero morrer😭😭😭😭😭,0,9,False
"• Greys anatomy (série) – nela são abordados vários temas, como por exemplo: estresse pós traumático, aborto, tentativa de suicídio, racismo, violência contra a mulher, vício em drogas, alcoolismo, depressão e esquizofrenia.",0,32,False
"querido diario: quebrei a perna do meu óculos, acho que minha mãe vai me matar",0,15,False
[USER] QUE ÓDIO CADA UM NA CONTA DO OUTRO VCS QUEREM ME MATAR????????,0,13,False
"boatos que vai ter spin off de himym, vão estragar a série quero morrer",0,14,False
"Ei irmão me diz como vc tá, à sdd ainda Vai me matar 😔",0,14,False
E não é que esqueci de almoçar de novo? minha mãe se fica sabendo vem aqui só pra me matar (depois de me alimentar),0,24,False
9 reais um sorvete meu pai vai me matar,0,9,False
[USER] ai enquanto ele ficava o tempo todo chamando as pessoas pra sair pq “se ficasse sozinho ia ser perigoso” a menina tentou suicidio 2 vezes 🤡 se não fosse o autodiagnóstico dele talvez ela pudesse ter descoberto a dela e teria evitado a situação,0,45,False
"desisti, vou tentar suicídio",1,4,False
queria tanto ter coragem de me matar serio eu nao quero mais ser eu nao,1,15,False
"tem um cara novo na redação q é A CARA de alguém, e eu tô a um tempão tentando ver qual é o famoso q ele lembra e só agora me toquei q ele deve 100% estar pensando “pq q essa maluca tá me encarando mn?? vai me matar??”",0,49,False
Os sete maridos de evelyn hugo spoilers . . . Célia vai me matar de chorar,0,16,False
eu me odeio quero morrer odeio minha vida,1,8,False
eu quero morrer.,1,3,False
[USER] nao...eu geralmente parava pra pensar em como eu poderia me matar ou pensando em chegar em casa pra deitar ou ficava pensando daqui a uns 20 anos eu ganhando bem viajando,1,32,False
"[USER] idc, a minha carta de suicídio vai ser dedicada a ti agora",1,13,False
vim em n.i so p ver o preço do perfume aiai vo me matar,0,14,False
Meu deus o bravo vai me matar do coração ainda,0,10,False
"[USER] PELO AMOR DE DEUS, vc quer me matar???? Cara mas esse barry allen é um grande lindão ein, to ansiosa pra ver ele na 7 temp",0,27,False
[USER] Nao amiga sinceramente viu vo me matar,1,8,False
[USER] Nasceu não kakakkaka o médico quer me matar do coração 🤡,0,12,False
Meu Deus eu quero morrer,1,5,False
hj faz um ano q eu fui liberada do hospital dps t tentar me matar,1,15,False
"""q dia bom, adoro a minha vida"" *abro o cs e jogo 5 minutos ""quero morrer""",0,16,False
Eu quero me matar de tanta vergonha,1,7,False
descobri tanta coisa hoje sobre aquelas porra que me difamaram no EM que to tendo um ataque de panico quero me matar,1,22,False
Tô estranhando meu cabelo... Ele tá bonito por vários dias consecutivos kKkKkk isso é muito suspeito... Acho que ele vai tentar me matar kkkkkkkk,0,24,False
"O som do dia: I Have a Love, de For Those I Love Suicídio é um assunto complexo, e a maior virtude desse disco é lidar com essa complexidade de um jeito poético.",0,33,False
"agora tá tocando skank - dois rios quer me matar, só pode",0,12,False
[USER] Vamo suicídio coletivo,1,4,False
"[USER] Ai quero me matar hoje, minha lua no cu de jupiter que deixa assim🥵",1,15,False
nao é suicídio se eu comer a filha do agiota,0,10,False
Eu quero morrer pq eu tô chorando por essa???? Ela tá foda-se pra mim,1,14,False
Segunda vez seguida q eu bato ponto na hora errada meu deus meu chefe vai me matar socorro,0,18,False
essa alergia ainda vai me matar,0,6,False
"indo pra escola fiquei depressiva, n indo pra escola virei suicida 💃🏻",1,12,False
EU VOU ME MATAR EU VOU CARA EU VOU,1,9,False
"[USER] eu também sou, devo tentar suicidio? 😩",1,8,False
simulado amanhã eu quero MORRER,0,5,False
[USER] socorro jae vou me matar,1,6,False
[USER] Em suicídio,1,3,False
"[USER] [USER] Li Soojin pela barra de notificação com o cu na mão, aí eu vi que era a Soojin do Weeekly, QUER ME MATAR PORTAL?",0,26,False
"Descanse em paz, Iara Riça! Briggs acabou confirmando que Iara não resistiu ao aneurisma e teve morte cerebral após vários dias no hospital em coma 😭 Iara foi a dubladora da Arlequina por 20 anos, inclusive dublou em 'Esquadrão Suicida'. Toda força aos familiares e colegas 🌹",0,47,False
MEU CHAESOO EU QUERO MORRER!,1,5,False
"[USER] [USER] [USER] Já falei que não quero morrer porra, vai se chamar gal na puta que pariu e sem as pernas do bb, boa sorte com o 1 terço e 2 pais",0,33,False
Se esse menino não for gay ou bi... eu vou me matar,0,12,False
"Alexandre no presídio, eu pensando em suicídio",1,7,False
"fds so quero morrer, so com amigos é q consigo me animar-",1,12,False
PQ NGM ME AVISOU QUE EU IA QUERER ME MATAR DEPOIS DE ASSISTIR I CARE A LOT,0,17,False
"top 10 medos absurdos que são só minha ansiedade 1. morrer de forma ridícula 2. ficar tetraplégico e não conseguir me matar 3. ser enterrado vivo 4. isso tudo ser um pesadelo 5. ser o único sobrevivente de alguma coisa 6. morrer de ""causas naturais"" 7. isso ser uma simulação",0,50,False
vei pelo amor de deus o excel vai me matar,0,10,False
"[USER] [USER] sabe oq leva a depressao e suicidio? perder a mãe, o pai, o avô, a avó, o irmão pra essa doença... pobres de vdd nunca ficaram em isolamento nem mesmo no lockdown pq não tem nenhum tipo de home office pra eles pobres morrem de fome E de covid, mas bolsonaro só quer culpar um",0,57,False
pedi açaí 5min depois de ter reclamado q eu gastei muito esse mês pra minha mãe... ela vai me matar,0,20,False
Minha tml vai me matar,0,5,False
"[USER] ta uma merda, eu só quero morrer literalmente",1,9,False
quero morrer sério kkkkkkkkkk,1,4,False
[USER] E AINDA TEM RUMOR DE PERFORMANCE DA SELENA AI OS DOIS VAO ME MATAR,0,15,False
meu pai deixou o gás ligado esse homem quer me matar é,0,12,False
"Me preparei emocionalmente o mês inteiro pra vir na primeira consulta com o terapeuta novo, cheguei aqui e eles mudaram o horário sem me avisar, ele não vai me atender. EU QUERO MORRER e tô chorando no meio da rua.",1,40,False
Que vontade de comete suicidio uaaar,1,6,False
"Puta merda,quebrei um copo,minha mãe vai me matar",0,8,False
"A gente conseguiu ficar atrás do Cruzeiro, vou me matar",1,10,False
queria me matar,1,3,False
não e mas suicídio quando vc está morto por dentro..,1,10,False
"muita vontade de bolo de chocolate, vo me matar😩",0,9,False
mano vsf meu afilhado de 1 ano tá de piruzinho duro vendo clipe de funk pqp quero morrer juro q porra é essa,0,23,False
Minha coluna hoje vai me matar,0,6,False
"[USER] entende meu choro agr, vo me matar 😭",1,9,False
hmkkkkk eren acorda vc nem tempo pra viver quem dirá me matar,0,12,False
"A dubladora tem um longo currículo na dublagem brasileira, tendo dublado personagens como a Florzinha em 'As Meninas Super Poderosas', Charlotte em 'A princesa e o Sapo', Alerquina em 'Esquadrão Suicida' e London Tipton de 'Zack e Cody' Nossos sentimentos a família e amigos",0,44,False
"se o mundo fosse sério, suicídio assistido seria legalizado e eu nao precisaria lidar com esssa merda inteira vivo. vou ter que estudar técnica de hara kiri nessa merda? CADE A PORRA DA SUICIDIO PILL GLOBALISTAS, EU NAO QUERO MAIS FICAR NO MUNDO LIXO DE VOCES",1,46,False
me segurando p não acabar c a cocada se não meu pai vai me matar kkkkkk,0,16,False
"[USER] deu gatilho... fui compra remédio hj, a receita venceu e eu tenho borderline. Quero matar o mundo, comer doce e lanches aaté explodir e me matar. Poxa fala isso não qhfiauhduas",0,32,False
[USER] brinca com essas parada nao doido eu sonhei q eu tava sendo caçado por um monte de gente que queria me matar,0,23,False
"[USER] minha mae vai me matar dessa vez, mas vou fazer",0,11,False
[USER] SIM VEI O POVO FALTA ME MATAR PQ N GOSTO NEM DE EREMIKA NEM DE ARUANI,0,17,False
vou me matar. sério. não dá pra entender nada,1,9,False
Eu quero morrer quando isso acontece,1,6,False
indo lavar vasilha enquanto planejo meu suicidio,1,7,False
"[27/4 15:22] 💸: q mané de golpe oq,acordei e já quero dormir dnv p vê se eu consigo sonhar c ele novamente😟🤣🤣🤣🤣🤣🤣 a KKKKKKKK vô me matar fml",0,28,False
"[USER] Aí, foi o melhor a pior dia da minha vida... até hoje eu lembro da sensação de cada segundo daquele dia, o frio o calor a raiva o medo... eu tinha acabado de tentar um suicídio, mas na vdd não queria me matar, só queria ser feliz foi quando entendi que era gay",1,54,False
Suicídio coletivo quem vem?🥰,1,4,False
so falta isso aqui 🤏pra eu querer me matar,1,9,False
[USER] vo me matar,1,4,False
se minha intensidade ainda for me matar eu prefiro ser poesia e ter histórias pra contar,0,16,False
saio cinco minutos do tt e tem 11948292 teorias sobre o lou vcs querem me matar????,0,16,False
VOU ME MATAR,1,3,False
"Almocei e fui dormir um pouco, agora vou me matar nos deveres 😩",0,13,False
fui assaltada. grande dia. quero morrer.,1,6,False
"...> do Inquérito Policial-Militar no Galeão e o suicídio do Presidente, por conta da avassaladora onda de desrespeito e provocações feitas ao Chefe de Estado. Naquela ocasião, nas suas palavras, o Presidente “saiu da vida para entrar na História” com o incômodo sentimento de ..>",0,45,False
[USER] Santinha ainda vai me matar do coração...,0,8,False
vivendo porque suicídio é pecado e deixa a coroa triste,1,10,False
indo estudar pq infelizmente eu sou tão inútil que nem no suicídio eu me garanto,1,15,False
eu quero morrer eu nunca quis tanto MORRER quanto agora eu to a UM PASSO de me matar de literlamente tentar suicídio,1,22,False
Ele vai me matar do coração,0,6,False
"essa semana eu tô tão atarefada, quero morrer",1,8,False
"eu vou me matar, fds",1,5,False
vontade de me matar,1,4,False
Aí mano eu quero morrer lendo isso,1,7,False
mds gostar de homem é um castigo que ódio quero morrer,1,11,False
vou me matar n aguento mais.,1,6,False
que vontade de me matar aaaaa surtos,1,7,False
eu em casa: bissexual irritado eu no tt: bissexual suicida eu no wpp: bissexual palhaço eu no ig: bissexual gostoso eu na escola: bissexual introvertido,0,25,False
rachei a tela do meu celular vo me matar,0,9,False
meu deus a Yuna vai me matar quando descobrir oq eu fiz e o que eu ~quase~ fiz,0,18,False
a willow vai me matar confirmado,0,6,False
o meu prof vai me matar 🤩,0,7,False
PQ MJNHA PROFESSORA TA ENSINANDO UM SUICÍDIO?????,0,7,False
"[USER] MOSTROU-SE TÉCNICA, SEM CEDER A PRESSÃO NENHUMA: - cancela teste com vacinas por causa do SUICÍDIO de um dos testados, alegando que era por causa da vacina; - barraram a maconha medicinal por pura birra ideológica; - diretor ao lado do Jair nas manifestações antidemocráticas.",0,46,False
Perdi minha pulseira da vivara quero morrer,0,7,False
minha unha quebrou quero morrer,0,5,False
meu gato fugiu vo me matar to mal,1,8,False
eu quero me matar pelo amor de deus,1,8,False
A música do Up Altas Aventuras tá na minha cabeça enquanto rola umas cenas tristes... vontade de dormir pra sempre,1,20,False
nossa to mal quero morrer vou me matarrr,1,8,False
filho duma água quer me MATAR,0,6,False
Meu melhor amigo não responde minha msg 😔👉🏼👈🏼 1 sem ele vou me matar,1,14,False
"sonhei agr de tarde q eu ganhava dois cachórros, um azul e outro amarelo minha família tenta me matar até nos sonhos ☺️ (sou alérgico)",0,25,False
[USER] Aplicar o suicídio né,1,5,False
"e eu to comprando tenis que só a desgraca, minha mae vai me matar KKKKKKKKKKKKKKKK",0,15,False
"[USER] [USER] Acho que vou me matar mendexxxx, alguém me chamou de feiah",1,13,False
os meus autores favs tiraram o dia pra me matar,0,10,False
"sim eu sei qie eu sou um lixo e eu sei que vc se arrepende de como me criou, pode me matar eu agradeço",1,24,False
"O danganronpa vacilou em botar esse tanque de guerra como uma mulher, é estranho demais, eu não consegui me apegar a ela. *spoiler alert* Mesmo n conseguindo me apegar aquela carta de suicidio foi emocionante",0,35,False
Tô precisando ganhar respeito no gta pq eu mostro minha carinha linda e os cara já quer me matar,0,19,False
Ai estes flashbacks vão me matar 🥺❤,0,7,False
EU QUERO MORRER,1,3,False
"eles não param, vou me matar",1,6,False
"[USER] [USER] [USER] [USER] Não apóiem a reforma administrativa. É suicídio eleitoral . 2022 está aí. Não deixem a corrupção se legitimar no serviço público. Estabilidade sim, serviço público sim. Servidores estão dando a vida pelo povo.",0,37,False
se eu for mal nesse trabalho eu vo me matar porra assunto q domino pakas se eu mandar mal eu nem sei fi,1,23,False
[USER] Você quer me matar ?,0,6,False
professor André quer me matar só pode,0,7,False
fui tentar desenhar nsfw e saiu mt ruim suicídio deprwssao,1,10,False
"[USER] [USER] Meu anjo eu disse vilão que tem protagonismo,os diretores não iam me matar",0,15,False
"[USER] [USER] [USER] [USER] Ele recusou a compra de mais de 70 milhões de doses de vacina e mais 11 ofertas, fora que comemorou o suicídio de um dos voluntários da vacina do Butantã. Ele foi impedido de mexer com o isolamento social dos estados e municípios, mas ainda era o responsável pelo planejamento.",0,54,False
[USER] suicídio coletivo vamos?,1,4,False
"Escola me faz querer me matar, contando os dias pro último dia de aula",1,14,False
pensando no meu suicidio,1,4,False
a upe quer me matar do coração,0,7,False
e se eu me MATAR,1,5,False
"So queria me matar para acabar com toda essa vergonha, mds sempre humilhada por ser burra",1,16,False
se eu não chegar do médico a tempo de ver a Champions eu vou me matar,0,16,False
tava dando conselho pra minha amiga e o microfone da aula tava ligado eu vou me matar,0,17,False
[USER] [USER] Depende do quê eu marco como incentivo ao suicídio.,0,11,False
Depois desta só quero morrer,1,5,False
talvez minhas aulas voltem dia 10 quero morrer não sei mais socializar tô em uma turma nova vou ficar mais triste ainda mas quero voltar e não quero vou surtar,1,30,False
[USER] que vontade de me matar...,1,6,False
qual o sentido de usar máscara e não colocar máscara no seu filho ???????? eu quero morrer quando vejo isso,0,20,False
zO VERMELHO SUS ME MATOU e o jack the killer quer me matar,0,13,False
"o aplicativo querendo que eu faça treino de perna dois dias seguidos, quer me matar é?",0,16,False
vai Rick Riordan tá querendo me matar de ansiedade?,0,9,False
[USER] Quero morrer Marcelo quero Morrer com essas notícia,1,9,False
[USER] Pessoal fica querendo comparar isso com o bloqueio nos testes da Coronavac que teve ano passado após o suícidio de um dos participantes do trial,0,26,False
[USER] eu vou me matar veyr,1,6,False
[USER] QUER ME MATAR MULHER???? Chocada com essa belezaaaaa,0,9,False
[USER] Lucas eu vou me matar sério,1,7,False
Juro que ler notícias me dá vontade de cometer suicídio.,1,10,False
meudeus eu quero morrer,1,4,False
Minha vó vai me matar de estresse,0,7,False
tem uma fucking música da billie no álbum que se chama Billie Bossa Nova BILLIE??? MULHER??? QUER ME MATAR DE ANSIEDADE????,0,21,False
O Esquadrão Suicida tem novas imagens divulgadas (📸 [USER]),0,9,False
Eles querem me matar de ansiedade.,0,6,False
Inventei de cortar o cabelo sozinha e agora quero me matar,1,11,False
[USER] [USER] aaaaaaaaa você quer me matar Rafaaaaa... meu Ranu 🥃💛,0,11,False
mesmo com a fé escassa acredite o melhor suicídio é aquele que tu fracassa,0,14,False
eu vou me matar,1,4,False
Pena que o suicídio é pecado,1,6,False
"Claro que vc me deixa bem, bem mais disposta a cometer suicídio",1,12,False
hoje a enxaqueca e enjoo querem me matar,0,8,False
eu só quero morrer pqpqpqpqpqpqp,1,5,False
minha namorada ainda vai me matar do coração c esse negócio de me chamar pelo nome,0,16,False
Esses dois dias vão me matar de ansiedade ainda...,0,9,False
"eu só queria um tutorial de como explicar sumiço sem ter que falar que tem problema mental pior que eu ia ver isso com a psicóloga amanhã, ela n podia esperar mais um dia pqp eu vou me matar",1,39,False
"to me sentindo em um jogo de sobrevivência onde eu mesma quero morrer mas todos os meus amigos estão fudidos e eu tenho q esquecer td q tô passando e ser forte p ajudar eles, e quando eu consigo ajudar eu lembro dos meus e aí são eles que vem me ajudar, meu deus to na pior",1,57,False
[USER] [USER] teoria arqueológica COMPROVADA é pra me matar viu,0,10,False
[USER] Quero morrer amg Me mata pfvr,1,7,False
EU VOU ME MATAR NÃO AGUENTO MAIS ESSA PRESSÃO CAINDO COMO SE EU NÃO TIVESSE VIDA E COISAS PRA FAZER,1,20,False
[USER] eu vou literalmente me matar,1,6,False
[USER] nao começa suas paranóia de que é sempre você por favor eu não aguento mais vou me matar,1,19,False
"Albuns do John Frusciante: NLAUJAT: cocaina TROWFTD: efeitinho TWTD: quero morrer SCWP: não tenho amigos IOE: depressão Curtains: curtinho ASITHOS: que porra? Empyrean: eu vi Deus PBX: go back Enclosure: musiquinha no espaço Maya: oh shit, go fucking back",0,39,False
[USER] NAO RI A MINHA MAE VAI ME MATAR,0,9,False
esse tempo so queria estar abraçada debaixo de um lençol com a pessoa q eu amo mas preciso eh me matar de estudar,0,23,False
[USER] serio eu vou me matar. eu n posso nem comer por causa dessa bct,1,15,False
[USER] 😂😂😂😂😂😂😂😂😂😂😂😂😂😂😂😂😂😂 vais me matar tu,0,6,False
vsf paguei boleto dia de sabadoKDBWKDNAKDNDO vou me matar,0,9,False
[USER] Querem me matar de curiosidade é?!,0,7,False
"Tava no tikteco, vi isso é agora quero morrer",1,9,False
desperdicei 4 colheres de milho minha mãe vai me matar,0,10,False
[USER] eu ja so quero morrer tbh porque é que raio achei que seria boa ideia?,1,16,False
"Comprei umas blusas perfeitas, mas quando experimentei ficou uma bosta por falta de peito. Vou me matar",0,17,False
deveria me matar,1,3,False
O ódio que eu tô meu Deus a qualquer momento posso me matar,1,13,False
não que a gente tenha feito muita coisa dele mas pelo amor eu quero morrer,1,15,False
"e pensando como alguém que gosta do barcelona, bom, aí eu quero me matar",0,14,False
RICARDO RIORDAN VOCE QUER ME MATAR DO CORAÇÃO SOLTA O PAPO LOGO,0,12,False
[USER] E eu chorando pensando em como teu pai iria me matar kkkkkkk,0,13,False
troquei resposta de questão no simulado q tava certa e errei vou me matar,0,14,False
eu vou me matar que estresse,1,6,False
Essa rinite quer me matar,0,5,False
"[USER] cara, a mina vai fazer 20 anos proximo ano??? que????? to mal quero morrer",0,15,False
[USER] QUE INVEJA TCHAU QUERO MORRER,1,6,False
meu deus eu vou me matar,1,6,False
[USER] suicídio,1,2,False
"Giovanna do nada me lança que sonhou que eu tava namorando, vo me matar",0,14,False
ENTREI NA AULA COM A CAM LIGADA SEM QUERER WU QUERO MORRER TCHA BTCHAU,0,14,False
minha cabeceira chegou menos 1 motivo pro meu suicidio,1,9,False
"[USER] Votar é uma coisa, me matar bo Gshow só pro Gil",0,12,False
sério quero morrer..,1,3,False
louis meu deeeeus vc quer me matar,0,7,False
[USER] CPI da Covid é nosso Esquadrão Suicida. Pegamos alguns dos bandidos mais perigosos do país para tentar pegar o sujeito que mais mal está fazendo para o Brasil no momento.,0,31,False
[USER] gay voce vai me matar,0,6,False
[USER] QUERO MORRER,1,3,False
"eu só to na avla há uma hora e meia, mas se alguma coisa acontecer com eles eu mato todos os envolvidos e depois cometo suicídio.",1,26,False
pronto to mt brave vou me matar,1,7,False
Minha mãe disse que quem se suicida vai p inferno mas quem disse a ela que eu tinha chance de ir p céu???,1,23,False
ai vou me matar,1,4,False
"fav e eu te marco com uma bandeira 🇧🇷: te deitava no soco 🇩🇪: amigão 🇪🇸: te amo 🇦🇷: beijava 🇨🇴: oi, quer namorar cmg? 🇺🇾: sou apaixonado em vc 🇫🇲: te acho gata (o) 🇬🇧: passa wpp? 🇯🇵: acho vc gay 🏳️‍🌈: sou boiola por vc 🇺🇸: nem te conheço porra se ngm responder vou me matar",0,58,False
Será q suicidio é uma opção?,1,6,False
olha eu desisto quero morrer,1,5,False
[USER] quero morrer.,1,3,False
tava tudo bem ontem até eu acordar hj pensando em suicídio 😋 ótimo,1,13,False
[USER] Esse governo ainda vai me matar de ódio!,0,9,False
"quando o Lucas foi falar ano passado que eu tava em crise e tentei suicídio, ele tinha me deixando dormindo depois de chegar do hospital, mãe e irmã pediram pra ele não tocar no assunto. Minha família ignora minha doença e me ignora SEMPRE que possível",1,46,False
PELO AMOR DE DEUS ele parece um bebê eu quero morrer,0,11,False
"visualizei o story do menino q ele tinha postado fazia só 5 segundos, quero me matar toda vez q isso acontece.",0,21,False
[USER] QUE SUSTO CARALHO QUERIA ME MATAR,0,7,False
[USER] não quero morrer com uma cabeçada de um mf futuro sogro qlqr,0,13,False
Louis ainda vai me matar com esses números,0,8,False
"Por diversas vezes, pensei e até mesmo tentei cometer suicídio, pois mesmo eu trabalhando como faxineira, o meu salário é muito baixo.",1,22,False
pra q estudar se eu vou me matar msm?,1,9,False
Essa reninte ainda vai me matar que saco 🤧🥵,0,9,False
"hal vai postar cover de fallin pra me matar de uma vez, porém vou ver só depois pq agora eh hora da naninha",0,23,False
Eu quero me matar.,1,4,False
"[USER] Fazer-se de vítima pode ganhar pontos socialmente hoje em dia, mas posso garantir que se você acreditar nisso vai ser PÉSSIMO pra sua saúde mental. Nunca se veja como vítima nem tenha complexo de culpa, isso é caminho pra ideação suicida.",0,42,False
"[USER] eu volto na hora do almoço, agr irei me matar :D",1,12,False
perereca suicida si joga na pica si joga na pica,0,10,False
"[USER] não defendo eles não. É que numa balança de ruindade, a gente pende pra um lado. E se for pra assistir coisa ruim, pelo menos assisto esquadrão suicida",0,29,False
as vezes extremamente complicado ir de extremamente feliz pra extremamente suicida em questão de minutos,1,15,False
[USER] Quero morrer,1,3,False
Espero q a Laryssa n veja minha mensagem nem tão cedo kkkkkk vai me matar,0,15,False
"Que tortura estudar processo penal meus amigos, processo civil é mil vezes melhor, quero morrer",0,15,False
"Ai tô indo ali me matar, tchau kkkkkkkk",1,8,False
vou tomar cuidado então porque o post malone vai tentar me matar,0,12,False
kkkkkkkkkkkkkkkkkll eu vou me matar!!!,1,5,False
o meu vicio em cafe vai me matar de dor de cabeça ou de gastrite,0,15,False
EU COMPREI UM NEGÓCIO SEM QUERER NO CARTÃO DO MEU IRMÃO ELE VAI ME MATAR,0,15,False
Quer me matar é o cliente dizer que quer o pastel que já está fritado 😶,0,16,False
e vamos de suicídio,1,4,False
Essa rinite ainda vai me matar,0,6,False
tá bom n aguento mais quero morrer,1,7,False
so qri dormir pra sempre,1,5,False
[USER] Eu vou me matar mesmo n adianta nada investir em mim,1,12,False
[USER] Suicídio morte depressão tristeza sentimentos ruins,1,7,False
Coronavírus não pode me matar pois eu já morri ouvindo como a história de amor tharn e type ultrapassou a morte,0,21,False
Ok eu quero MORRER dps de ver isso,1,8,False
[USER] Suicídio coletivo ;),1,4,False
[USER] Eu vou me matar eu juro,1,7,False
nossa querjo me matar eu vou me matar.,1,8,False
a minha quer me matar todos os dias com atividades,0,10,False
"[USER] tenta achar um duo sup para ajudar , ficar jogando solo de adc é suicídio kkk",0,17,False
"""Ele apertou meu pescoço com os olhos em chamas. Poderia facilmente me matar alí mesmo se não tivesse seus princípios irreais. — Não me provoque, Jones. — É apenas uma observação, imperador. — Sorri e ele me soltou.— Te vejo em alguns dias em Madilian, mestre. Tic tac.""",0,48,False
Eu quero morrer com isso,1,5,False
hoje minha irma chorou por culpa minha e eu quero morrer odeio fazer qualquer pessoa chorar ainda mais minhas irmãs,1,20,False
"Uma semana sem eu ficar sozinho em casa, eu quero morrer",1,11,False
e se eu me matar? me parece uma boa.,1,9,False
Pq me matar assim,1,4,False
"Vei, minha mãe vai me matar",0,6,False
mainha me comparou com todos os meus amgs q sao bons alunos 🥳 falando q eu tenho bons exemplos porem n sigo nenhum deles :D me comparou ate com meus mlrs amgs sinceramente acho q vou me matar,1,38,False
eu disse que ia me matar no insta e denunciaram meu stories dizendo que eu preciso de ajuda.................,1,18,False
"[USER] A pena ideal é anular qqr diploma d curso superior e colocar eles junto com outros estupadores, aliás podia ter um prédio presídio com um andar só d cerumano assim, d msm patamar! E anular, proibir qqr possibilidade d suicídio, e deveriam viver mt",0,45,False
"as vezes acho que essa cólica vai me matar de tão forte que é, chego a passar mal",0,18,False
Bebam Água Só a cólica renal já quer me fazer desistir e me matar para parar a dor,0,18,False
ia colocar uma header de jjk mas sempre q penso no mangá quero morrer então melhor haikyuu q ngm morre - apesar de ter time skip e esse ser meu maior sofrimento e ao msm tempo maior felicidade,0,38,False
[USER] AH PRONTO você quer me matar de curiosidade é isso???????,0,11,False
"eu nao aguento mais viver, alguém por favor faz a gentileza de me matar, obgd",1,15,False
Vi um negócio hoje no trampo que deixou o suicídio muito mais tentador...,1,13,False
queria me matar mas é tão perigoso,1,7,False
[USER] [USER] [USER] [USER] Eu quero morrer!,1,7,False
só estuda quem nao se garante no suicídio,1,8,False
"no dia que eu falar isso pro Daniel ele vai me matar com um olha só kkkkkkk, sofro",0,18,False
"Já não chega todo semestre eu me matar fazendo os projetos, hoje tive a bela notícia de que meu trabalho do semestre passado está sendo usado por outras pessoas, gente as criaturas não tem noção mesmo né",0,37,False
que vontade de me matar,1,5,False
"[USER] [USER] Não faça isso comigo Marcelo, você vai me matar cara .hahaha",0,13,False
eu. quero. morrer.,1,3,False
"Parece que as coisas perderam a cor desde alguns dias atras... eu vou tentar suicidio e se isso dar errado, eu vou tentar de novo",1,25,False
o kindle de todo mundo atualizando e o meu não quero morrer amazon pq me odeia,0,16,False
"esse enjôo vai me matar, fui fumar e quase vomitei 🤢",0,11,False
[USER] Enquanro isso tô esperando a atualização com o cap 6. Suzanz vc quer me matar?,0,16,False
"cada dia q passa o suicídio deixa de ser ser uma opção e se torna uma certeza, pqp",1,18,False
vou me matar vei eu juro,1,6,False
bissexual? lesbica? pansexual? EU NAO SEI EU NAO SEI NAO FAÇO IDEIA TO CONFUSA QUERI ME MATAR,1,17,False
"caras eu tenho q ir almoçar, minha vó vai me matar swrio",0,12,False
[USER] quando eu precisei de prazo a mais porque fiquei 3 dias em coma depois de tentativa de suicídio ninguém tava nem aí. Agora vem esse pipipi popopo depressão ansiedade não sei o quê não vou nem dizer qual era minha vontade porque senão o twitter me derruba,1,48,False
eu tenho vontade de me matar toda vez que alguém fala “ComUNisTa dE IpHOnE” E EU NEM SOU COMUNISTA!!!!,0,19,False
eu quero me matar serio,1,5,False
"Acho que só vou conseguir me matar realmente quando eu tirar a culpa das pessoas, a culpa sempre foi e será minha, não quero que ninguém se sinta mal por mim, lembre dos momentos bons, os ruins eu pude providenciar sem nem saber",1,43,False
Bia quer me matar do coração 🤣,0,7,False
bom o algoritmo me levou pra vídeos de psicografia que o espírito explica que não foi suicídio e sim acidente vi dois estou aos prantos boa noite,0,27,False
a cada dia q se passa um suicídio me cairia bem,1,11,False
boa tarde p quem??? eu quero morrer porra,1,8,False
"Elisée novo, lily com creme na promoção e eu só queria um de cada, boticario ainda vai me matar ☹",0,20,False
quando eu me matar,1,4,False
vou me.matar,1,2,False
Quer me matar de nervoso é atrasa agendaaaa,0,8,False
"Eu to há mais de um mês sem ir na barbearia, pelo amor...isso é suicídio social",0,16,False
"Esqueci de desejar feliz aniversário a uma das minhas melhores amigas da vida, amizade pra lá de 10 anos. Lembrei do aniversário o dia inteiro, só esqueci de mandar mensagem. Fechei os olhos pra dormir e dei um pulo, já eram 00:03. Mandei mensagem mas sinto que ela vai me matar.",0,51,False
[USER] não entendi vou me matar,1,6,False
"queria morar em uma casinha no meio do mato sozinha, mudar de nome e dps me matar",1,17,False
nmrl eu tava pensando em suicídio e a pessoa vem me pedir algo que,1,14,False
MINHA SANDÁLIA TOROU NO MEIO DA RUA MEU DEUS EU ME ODEIO VOU ME MATAR AGORA,0,16,False
VOU ME MATAR 😐,1,4,False
Sarah e Rodolffo ainda vai me matar de curiosidade,0,9,False
Toda vez q escuto a voz dela sinto vontade de me matar,1,12,False
Queimei o bolo o q eu faço???? Minha vó vai me matar,0,12,False
a beira do suicidio,1,4,False
Cara o [USER] vai me matar com esses stories dele .😂😂😂😂😂😂,0,11,False
como que tem gente que consegue correr na praia vei eu ando 2 segundos e quero morrer,0,17,False
as vezes eu acho que o louis vai me matar do coração,0,12,False
"liguei o vídeo game do boy cliquei no jogo dele sem querer e fiz merda 🤡, ele vai me matar kkk",0,21,False
MMA é meu cu vamos de suicidio,1,7,False
"[USER] [USER] Se a CPI servir pra frear as idiotices do governo (e, quem sabe, salvar a vida de alguns milhares de brasileiros) já estaremos no lucro. O que vier daí em diante (renúncia, impeachment, cadeia, suicídio ou linchamento em praça pública) é lucro.",0,44,False
"[USER] KKKKKK seeei, vai é me matar",0,7,False
"[USER] Quero morrer seu amigo e nunca te injuriar de modo algum. Numa dessas, vai que meu braço termina indo parar num lugar pouco provavel por torção, sei lá... :P rsrs",0,31,False
"[USER] [USER] Isso é vdd, mas é muito melhor cometer suicidio do que esperar a morte",1,16,False
"[Kin] Comigo. Por sorte, Mira queria me matar por ter vazado. Mas com criança não se mexe, e minha indignação falou mais alto.",0,23,False
"to cansada dessas crises que quase consegue fazer eu me matar todas as vezes q aparece, cansada de mim e de ter q ser forte p não deixar ela aqui",1,30,False
acabei de ouvir um barulho no banheiro e parece ser de um bicho voador e grande q vai me matar,0,20,False
[USER] vou ter q usar a conta q meus pais coisaram o family link pra me monitorar suicídio sim ou sim?-,0,21,False
vi uma rola agora no tt que sério eu vou me matar por causa de uma rola,0,17,False
"Fds, vou escutar o áudio dele falando q me ama pra ver se eu esqueço por 3 segundos q quero morrer",1,21,False
Meu gato vai me matar de vergonha,0,7,False
Hmm vontade de me matar,1,5,False
a 5 passos de cometer suicídio,1,6,False
[USER] ela acabou de me assediar quero morrer,1,8,False
"[USER] [USER] Eu ja estou desesperada, ja chorei to com o coração muito apertado, eu vou me matar pq nem força pra respirar eu vou ter..",1,26,False
terminei e não sei se eu quero morrer ou continuar vivendo 🤝,1,12,False
[USER] [USER] // suicidio . . . omggg provocamos sus su1cidi0ooss claro clarooo,0,13,False
"""Melhor maneira de prevenir suicídio é lembrar que vai passar"" MENTIRA QUE É ASSISTIR HAIKYUU",0,15,False
"[USER] Já me aconteceu quis me matar, ainda quero mais isso não vem ao caso",1,15,False
"Agora um poema. ""O sol está em Touro A lua em Escorpião Se isso não me matar de tesão. Eu não morro mais não."" Fim. (Coisas que saem da cabeça de baixo. TADZO,Matteos 2021)",0,34,False
Pq nada que eu planejo da certo ?? Sera que se eu tentar me matar da errado tbm ??,1,19,False
Não sei o que vai acontecer primeiro hoje eu matar alguém ou eu me matar,1,15,False
Rick você quer me matar do coração,0,7,False
Meu deus do céu eu quero morrer,1,7,False
"sdd de pagar 5,50 do gama pra taguatinga, mas agora pago 6,95, 7 e até 8 reais de passagem do valparaiso pra taguatinga QUERO MORRER",0,25,False
MADISON REYES VOCÊ QUER ME MATAR DO CORAÇÃO AAAA,0,9,False
[USER] puta que pariu eu quero morrer,1,7,False
meu almoço: uma cenourakkkkk se a vó souber ela vai me matar,0,12,False
n deixaram comida p mim😍😍😍comeram td vou me matar,0,9,False
"To odiando os famosos usando a mulher pra ganhar biscoito, galera faz uma música genérica em 5 mim e bota o nome dela no meio do pra fazer dinheiro eu quero morrer",0,32,False
"o calor que ta hoje vai me matar juro, nem ficando pelada resolve kkkkkkk um sol na cabeça de cada cearense",0,21,False
"Minha mãe quer me matar, passou inseticida em mim",0,9,False
eu quero morrer juro tô chorando eu não aguento mais,1,10,False
"Acabei de ver uma mina no tiktok defendo pessoas a comprarem peças de roupas --VIRTUAIS--, ou seja, um efeito do Insta Eu vou me matar e vou levar essa rede social junto pqp",0,33,False
"E eu q fui compartilhar aquela bagaça do ""meu shampoo tá acabando😞"" achando q era creme e agora tem um monte de massagem dizendo para mim não me matar 🤡🤡🤡 qqqq???",0,31,False
nao gosto de cena de sexo nossa quero morrer quando tem a graça do negocio é comecar e CORTAR PRA OUTRA CENA fica aquela coisa no ar tipo 😏😏😏,0,29,False
retiro o que eu disse eu quero morrer,1,8,False
VOMO ASSIM EU ESQURCI O ANIVERSÁRIO DA ELLY MDS VOU ME MATAR QU3 ODIO JURO QUE NN FOI DE PROPÓSITO EU ANOYEI NO CALENDARIO MAS ELE NÃO ME AVISOU NAO É CULPA MINUA,0,33,False
"tão fácil ver que o mundo é um presídi, que esses auto edifícios são um convite ao suicídio",1,18,False
[USER] [USER] [USER] Aí meu Deus ! Está pq os Adm da Pocah não sabem jogar como torcida . Unir forças com o inimigo e suicidio!,0,26,False
"[USER] Eu tô só aquele áudio ""Eu amo seu estilo"" ""não, para com isso, sua mãe vai me matar, para""",0,20,False
"toda vez que penso neles me da crise de ansiedade, que odio quero morrer",1,14,False
"[USER] saraaah, eu sou curiosa e vc vai me matar de tanta curiosidade KKKKKKKKK faz o favor de contar pra gente essa surpresa!! quando vc vai poder contar pra gente hein? amo vc!🤍🥺",0,33,False
"eu não consigo fazer quase nada porque a porra do windows não é compatível com nada que eu instale. gente, eu vou me matar",0,24,False
[USER] [USER] quero morrer.,1,4,False
minha enxaqueca hj vai me matar,0,6,False
"Não custa lembrar: ""Vou me matar!"" não é ""Bom dia!"" ""Que ódio!"" não é ""Que lindo!"" Seguidor de Twitter não é família. Pronto, indignação postada com sucesso. Sem sucesso, melhor dizendo. 😒",0,32,False
Vou me matar,1,3,False
eu so preciso dormir dormir pra sempre se possível,1,9,False
meu deus eu vou me matar.,1,6,False
instalei o ttk e quero morrer porra chata,0,8,False
vou me matar 😁,1,4,False
[USER] eu vou me matar,1,5,False
"Com tentativas de sabotagem por governistas e ataques do proclamado relator [USER] à Lava Jato – vamos nos basear em “provas”, “não repetiremos a República do Galeão” (que culminou com o suicídio de Vargas) –, CPI da Covid estreia em grande estilo",0,42,False
"É oficial minha psicóloga é bruxa, me mandou mensagem agora perguntando se tô livre pra consulta daqui a meia hora justamente quando tô sofrendo pressão psicológica e pensando em suicídio :)",1,31,False
sim eu comi palmito dnv vcs estão chocados? estão bravos? vão me matar por isso?,0,15,False
eu nao sei se eu sou suficiente eu espero que eu consiga fazer ele feliz eu mao quero ver ele mal eu sou ijutil demais eu devia me matar,1,29,False
[USER] [USER] eu quero MORRER,1,5,False
NAO AGUENTO MAIS CARALHO NAO É POSSIVEL Q EU NAO SOU CAPAZ DE BATER UM PREGO QUERO MORRER SOU MTO INUTIL ESTOU PUTA NESSE CARALHO VAI TODO MUNDO TOMAR NO CU TMB INFERNO ESTRUME BOSTA MERDA ODIOOO,1,37,False
Ai quase tive um treco agr kkkkkk ai esses processos seletivos ainda vai me matar,0,15,False
[USER] O meu é de medo pq possivelmente vou ter que apresentar sozinha e eu quero morrer Como que se apresenta?,0,21,False
"Fudeu, fiz período grande dms e a prof vai me matar. Tô nem aí",0,14,False
[USER] vou me matar ali,1,5,False
Suicídio coletivo qm vem??,1,4,False
merda de vida inferno odeio viver odeio ter que existir quero morrer eu preciso morrer,1,15,False
eu nao aguento mais ele pelo amor de deus para de acabar com a minha vida,1,16,True
"Acabei de passar umq vergonha no grupo da facul, vou me matar",1,12,False
[USER] Peguei e quero me matar,1,6,False
vo acender uma vela de 7 dias hoje pq ta foda a mente suicida ta d+,1,16,False
no dia que eu for fazer endoscopia eu tenho que ficar 12 HORAS SEM TOMAR ÁGUA... e eu tomo água toda hora querem me matar de uma vez é?,0,29,False
Legal agora quero morrer,1,4,False
[USER] Vou me matar por causa dela,1,7,False
realmente tô considerando mais do que nunca o suicidio,1,9,False
Tava feliz mas ai eu fui achar de ver minha posição na lista de espera do Sisu e agora tô com vontade me matar de novo 🤡,1,27,False
"eu achei que se não me matasse em 2017 nunca mais ia me matar pq não me imaginava passando por momento pior, 2020 e 2021 mostrando que tudo sempre pode piorar",1,31,False
[USER] [USER] [USER] Quer me matar do coração? carajo,0,9,False
"[USER] Sim se vc responder com um emoji eles falam q vc ficou sem resposta mas na real é só preguiça de responder sabe. E nessa publicação era especificamente falando sobre a história dele, outro dia foi um médio mandando eu me matar pq eu estava louca por gostar do Gil é pesado amiga.",0,54,False
"eu não tava preparada fisicamente e muito menos psicologicamente pro dia de hoje, eu só quero morrer",1,17,False
"Detalhe que ainda tenho que estudar pra O**. Mais um motivo pra me matar, sai da sacada, Harianne",0,18,False
"MAINHA VAI ME MATAR, MAS IREI MORRER BONITA 🥰🥰🥰🥰🥰",0,9,False
[USER] eu vou é me matar brincandeira,0,7,False
"Estava a conversando com uma gay, falei que não gostava da música do EMICIDA com a PABLLO VITTAR, a gay me mandou um áudio falando que a irmã dele tentou se matar e que eu fui super insensível com a tentava de suicídio da irmã dele por não gostar da música.",0,51,False
[USER] MEU DEUS EU QUERO ME MATAR,1,7,False
"dia cansativo, vai dá duas horas e eu quero morrer",1,10,False
"Eu fiquei quase suas horas em Thyphlo Ruins pra o ""prêmio"" da shrine se um Ancient Core. QUERO MORRER",0,19,False
eu tava de boa ouvindo musica medieval até que do nada TONIIIGH LETS CELEBRATE maldito now united quer me matar do coração to quase assinando o yt premium só p n ter que ouvir esses cara,0,36,False
[27/04/2021 14:05:58] Matheus William: Eu cujo nome esta na lista me comprometo a pagar o contrato kkkk Coso contrario Felipe vai me matar - felipe -dayse -Cleyton -Rafa -Matheus -Caio -Júnior -Adisson Castro Vixi kkkkkkkkkkkkk,0,35,False
"to bem, lembro de umas coisas, fico mal e quero morrer",1,11,False
[USER] [USER] indo me matar,1,5,False
"[USER] [USER] [USER] [USER] [USER] [USER] [USER] [USER] [USER] [USER] [USER] [USER] [USER] [USER] [USER] [USER] [USER] [USER] [USER] [USER] [USER] [USER] [USER] Minha lei sob meu corpo (aí já derivada a auto propriedade) é q não podem me matar, se eu quisesse matar alguém eu teria q achar alguém q quer morrer (oq seria extremamente improvável). Essa misticidade de pactos sociais na vdd podem ser explicados em contratos individuais.",0,70,False
só hoje eu já tive 2 motivos pra me matar e esse é o terceiro,1,15,False
"Indo pra 17° página do H.C (e ainda é o primeiro) e tô cambaleando de sono. Quero me matar? Sim, 100%",0,21,False
essa dúvida ainda vai me matar 🥰😻 só queria ter condições de fazer **** ****** 🥳,0,16,False
Eu vou me matar.,1,4,False
viver esta complicado não sei se qro matar algm ou me matar,1,12,False
matheus deve querer me matar pq eu fiz ele comprar lá também porque estava com muito desconto kkkkkkkkkkkkkkkkk,0,18,False
vivendo pq suicídio faz a mãe se culpar,1,8,False
tudo bem(n está nd bem a única coisa q eu penso o dia td é sobre como me matar,1,19,False
leonardo ainda vai me matar com os peidos dele misericórdia,0,10,False
Refém de uma rotina suicida !,1,6,False
"Eu quero morrer tentando descobrir as senhas dos 318 emails da minha mãe que ela cria e esquece (email1[USER].com, email2[USER].com...) ahhhhh",0,21,False
cortando amizades pra que menos pessoas sofram quando eu me matar,1,11,False
Eu n estou me matando de votar mas na final eu vou me matar de votar pra tombar a jujuba,0,20,False
[USER] Deus me livre kkkkk quero nem imaginar. Minha mãe vai me matar kkkk,0,14,False
[USER] Me matar com desenhos?,0,5,False
[USER] obrigado eu ia me matar às 15h25.,1,8,False
Esperando o dia q eu evoluir do quero me matar pro vou me matar,1,14,False
pq que eu fui entrar na vida dela? meu deus eu só quero morrer,1,14,False
[USER] Eu beijei a menina que ódio quero morrer virgem (???? Kkkkkkl),0,12,False
se alguem quiser entrar na minha casa e me matar eu vou ficar grata,1,14,False
"Tô vendo presente p Tuca e só coisa engraçadinha consegue chamar minha atenção, Brenda vai me matar. To achando melhor comprar pelúcia",0,22,False
Felipe Neto pede união em torno de Lula contra o “Satanás” Bolsonaro,0,12,False
ele quer me matar de ciúmes mesmo é isso,0,9,False
"Eu vou me matar. Não sei com o que e não sei de que maneira, mas eu vou me matar.",1,20,False
[USER] Sim KKKKKK Q ODIO eu ate conheço mta gente que morreu novo por causa de depressão mas o comportamento suicida em si nada saúde de ferro,0,27,False
Tem dias que nem esse que eu quero morrer só !💔 mano esse fardo de enterra meu filho e viver não dá,1,22,False
"era pra ser só 15 dias de quarentena, hoje eu arruinei absolutamente todos os meus relacionamentos e estou há 1 passo de me matar",1,24,False
2° vez que começo a ler 27 minutes e não consigo continuar por chorar,0,14,False
me matar e deixar minha mae triste ou continuar vivendo sendo eu triste? eis a questao,1,16,False
Quer me matar é desmarcar coisa em cima da hora....,0,10,False
[USER] Para de graca vai me matar,0,7,False
quero me matar mas to bem sim e vc,1,9,False
Vou ali me matar,1,4,False
"não entendi, vou me matar",1,5,False
ANSIOSO! 📸 Liberadas novas imagens de O Esquadrão Suicida. Longa dirigido por James Gunn tem estreia marcada para 5 de agosto nos cinemas,0,23,False
mais um dia sendo assediada no trabalho 😍 quero morrer 👍,1,11,False
"Madi mandou ir ver o tiktok, n tem nada no tiktok, Madison vc quer me matar",0,16,False
[USER] [USER] Você vai me matar de amores hoje!!! Eu também amo você!! 😭😭😭❤❤❤,0,14,False
Mandei meu tcc 2h da manhã (o prazo era até meia noite) pedindo pelo amor de Deus pra considerar mesmo depois do horário e agora tô levando um vácuo do meu orientador Thalles se vc quiser me matar me dê um tiro que é menos doloroso,0,46,False
"Na noite passada, mais um episódio do Monday Night RAW foi realizado no Yuengling Center, na estrutura imponente do WWE ThunderDome, contando com centenas de fãs de forma virtual. O show desta semana, no entanto, ficou marcado por um acontecimento bastan…",0,41,False
Mainha vai me matar quando souber que torei a corda três meses depois de trocar,0,15,False
[USER] quer me matar?eu tenho ansiedade,0,6,False
mds nunca passei tanta vergonha na minha vida quero morrer.,1,10,False
"Queria uma dar uma notícia diferente pra vcs, tipo um suicídio sabe",1,12,False
EU VOU ME MATAR,1,4,False
KEREM ENFIOU A FACA E HANDE ACABOU DE ME MATAR,0,10,False
"Quer me matar é falar que Renan é meu marido, ele é meu NOIVO! 😣😴",0,15,False
"Meu aí eterno, Keren e Hande acabaram de terminar de me matar com essas fotos perfeitas no feed",0,18,False
qro me matar vey,1,4,False
das minhas calças 1 tá na dudinha 1 n da p usar p sair a tempos pq ta desbotada curta e agr rasgada 1 tá feia a mt tempo outra rasgou uma mais nova desprendeu um ngc lá é n da p arrumar 1 tá apertada uma tava MUITO larga sobram três uma q minha mãe quer me matar por ainda usar,0,62,False
[USER] vou fazer uma thread de todas as vezes que fala que vai me matar ou que me odeia,0,19,False
Acho que vou me matar,1,5,False
A HANDE POSTOU TB. ELES QUEREM ME MATAR. AMOOOOO DEMAISSSSS,0,10,False
"**Spoilers snk** - - - - - - - - - No mesmo nível de sexualizar a cena do draco no banheiro é sexualizar a cena do reiner tentando suicídio,sem meme só pq tem saliva na cena a galera já espuma,VCS SÃO NOJENTOS",0,43,False
[USER] estou indo me matar,1,5,False
"Hidroxicloroquina, criminosamente ""prescrita"" pelo governo federal, dentre várias reações admitidas pelo fabricante temos: -Cardiomiopatia que pode resultar em insuficiência cardíaca; -Psicose, comportamento suicida; -Insuficiência hepática fulminante... Prefiro virar jacaré!",0,29,False
não entendi vou me matar,1,5,False
"Tem muitos., Libertadores12 inteira no Pacaembu foi um espetáculo. Mas esse dia, esse dia foi memorável. Titulo jogando contra o rival, de lavar a alma. ""Quero morrer num Domingo com o Corinthians campeão"" e assim foi, Dr.",0,37,False
"CCJ aprova 14 projetos, entre eles o de prevenção ao suicídio no RN",0,13,False
Suicídio😊,1,1,False
meu deus eu lavei minha camisola 2 vezes e não sai o cheiro do menino KKKKKKKKKKKKK eu vou me matar,0,20,False
esquadrão suicida,0,2,False
hmmm que vontade de um suicídio,1,6,False
Aaaaa que ódiooorr eu não sei como fazer a pré inscrição vou me matar,0,14,False
"hoje eu tô um porre, queria me matar",1,8,False
[USER] bgl é marcar uma resenha quero morrer de rir de novo kkkk,0,13,False
quero morrer depois disso,1,4,False
Palestra sobre riscos de suicídio entre adolescentes abre atividades da segunda turma da pós em Educação e Diversidade do [USER]. A palestra poderá ser acompanhada por todos os interessados no canal do câmpus no YouTube. Veja mais informações em,0,39,False
Vo me matar nao sei como vejo a lista de espera da unifesspa,0,13,False
sonhei com cobra quero morrer,0,5,False
"eu to penando em seriamente em me matar, vai ser melhor bem melhor",1,13,False
ecoares: “Suicídio. Pensei nessas palavras muitas vezes. É algo difícil de dizer em voz alta. É ainda mais assustador quando você sente que pode estar falando serio.” — Os 13 Porquês,0,31,False
"[USER] Sim, e por quase me matar de amores 😘",0,10,False
"sem papas na língua não me calo não me acalmo vão se foder, seus babacas de merda! tentaram me matar tentaram me destruir de forma com que eu ficasse quieta com que eu não denunciasse sobrevivente essa é a palavra é isso o que eu sou sobrevivente.",0,47,False
eu quero me matar,1,4,False
[USER] eu quero morrer,1,4,False
tô tão triste queria só dormir pra sempre,1,8,False
não tem absolutamente NADA nesse mundo que me deixa mais fraca do que ela usando moletom eu tô sem estrutura jogada no chão com essa calça de moletom e jaqueta jeans o objetivo era me matar lisa? parabéns conseguiu.,0,39,False
"a ju super fofa e preocupada deu ter tirado 1/5 em química B mas eu tô bem fds, n vai me matar e eu não tô ligando",0,27,False
"Eu faço tudo, agora quer me matar e lavar roupa, botar no arame e dobrar",0,15,False
Vida do crime é suicídio lento,0,6,False
"se eu me matar, vc sentiria minha falta? kjkjkjkkk nao né",1,11,False
"[USER] Nenhum pouco, quero morrer, avisa",1,6,False
"Odeio quando falam que tenho a mente fraca por ter tido depressão. Odeio quando falam que não sou forte e nunca fui, por isso tentei me matar. Odeio o fato da minha própria família dizer isso pra mim...",1,38,False
“NO MEIO DO OCEANO COM UMA CANOA E APENAS NÓS DOIS... PERFEITO” ESSE HOMEM QUER ME MATAR????,0,17,False
[USER] A Globo transpace querer satisfazer uma ideologia é não não uma demanda. Para negócios é suicídio; a não ser que alguém a sustente ou lhe dê algumas garantias.,0,29,False
EU TAVA ESTUDANDO KEREM VOCÊ QUER ME MATAR?????,0,8,False
odeio minha vida quero me matar eu não sou capaz de ajudar ninguém eu sou um lixo humano que merece morrer sozinha,1,22,False
Só aqui que o Google não tá deixando salvar imagens? Quero morrer 😭,0,13,False
[USER] marina se que me matar postando isso,0,8,False
Oq resta é viver pq suicídio deixa a mãe triste,1,10,False
o fone na verdade eh da minha mãe que eu peguei pq o meu estragou ELA VAI ME MATAR NUNCA MAIS VOU TER UM FONE,0,25,False
[USER] imagina me matar de brigar por participante de reality show pra continuar pobre?,0,14,False
Sarah ainda vai me matar de curiosidade 🗣️😢🆘,0,8,False
O Esquadrão Suicida trabalha junto em fotos inéditas do longa; confira [via [USER] ],0,14,False
kerem bursin você quer me matar?????,0,6,False
tw// suicídio (spoiler?) danganropa 2 . . . . . . . . QUE MERDA É ESSA DNV ISSO MANO NÃO QUERO VER ISSO VEI QUEM É QUE TÁ ALI MANO,0,31,False
Quer me MATAR DE ÓDIO: interrompe o que eu tava falando em algum grupo. Exemplo: tô contando uma história / puxei um assunto e vem um infeliz e fala algo no meio. O ódio que me dá,0,37,False
Essa internet vai me matar de raiva,0,7,False
[USER] a unica coisa que eu tô pensando é em ✨suicídio✨,1,11,False
e se eu me matar,1,5,False
Nossa que gostinho de quero morrer,1,6,False
meu deus como eu sou burra quero morrer,1,8,False
"Engordei 7kg de novembro pra abril, vou me matar",1,9,False
Só hj 5 motivos de suicídio,1,6,False
[USER] Vou me matar,1,4,False
"ah nem fodendo que o soteldo postou vídeo com carta de despedida, eu vou me matar",0,16,False
[USER] [USER] [USER] Qual o problema? Vai me matar? Não gosto mesmo onça feia do krl,0,16,False
"era pra gastar 10$ com o Marlboro, acabei comprando 2 assados e uma gasosa kkk cartão é suicídio 🤡",0,19,False
"[USER] Carregador doido indo pro pau, suicida que nem vc",0,10,False
Artigo aponta que em decorrência de medidas de confinamento suicídio é agora a principal causa de morte para crianças e adolescentes (10 a 14 anos) no Canadá. Hospital Mcmaster observou um aumento de 300% nas tentativas de suicídio. ⬇️,0,39,False
Essa mulher ainda vai me matar qlqr dia desses Q TREINO DE PERNA É ESSE MEU DEUS DO CÉU???,0,19,False
me deu uma puta vontade de me matar,1,8,False
A Tchize vai me matar 😂😂😂😂😂😂😂😂😂😂😂😂 Vou abrir um fã Club 😂 [USER] vem só me explicar bem!!!!,0,18,False
"Amiga até vai, agora quer me matar de raiva e que eu acho a PURA falsidade (peguei trauma pq uma mina n gostava de mim e me chamava assim) é chamar de: nega, amore e FLOR pqp",0,37,False
kjjk suicídio,0,2,False
"Minha Teoria DCEU Esquadrão Suicida,Aves de Rapina e Liga da Justiça(Joss) irão se passar antes do filme do Flash, ai vai ter o Flashpoint que vai resetar um novo universo que Inicia Com:Liga da justiça Snyder Cut,Shazam e Adão Negro Obs: Novo esquadrão suicida irá se enquadrar",0,47,False
To na folga mas preferia tá trabalhando Ficar sem fazer nada por duas horas é meio q me matar Sou hiperativo demais kkkkj,0,23,False
"aqui lembrando o dia que um motoqueiro arranhou o carro na sinaleira fechada cheguei em casa chorando achando q o Xande ia me matar ele disse ""foi nada"" e me abraçou KKKKKKKKKK",0,32,False
[USER] nossa quero morrer,1,4,False
"Minha mãe vai me matar, como smp fazendo merda atrás de merda kkkkkk",0,13,False
[USER] vou me matar juro,1,5,False
odeio cólica quero morrer,0,4,False
Essa cólica vai me matar,0,5,False
meu namorado da academia veio todo de preto aí quer me matar né 🤤🤤🤤🤤,0,14,False
[USER] Ehhh e pra melhorar vou no médico hoje e preciso da minha identidade 😍 minha mãe vai me matar ? Sim ou claro,0,24,False
eu preciso ir morar sozinha pelo bem da minha saúde mental. ou é isso ou eu vou me matar porque não estou suportando mais,1,24,False
meu primo de 8 anos me chamou de cringe namoral vou me matar,0,13,False
[USER] o q vai rolar é meu suicídio,1,8,False
For no One seguida de I'm só tired Bolão pro meu suicídio,0,12,False
que me matar é me chamar de querida,0,8,False
"[USER] [USER] [USER] [USER] [USER] [USER] [USER] Se você desativasse , eu ia desistir de tentar me matar",0,18,False
Minha mãe vai me matar quando ver o quanto eu já gastei,0,12,False
[USER] [USER] eu tô passando mal sério vou me matar,1,10,False
[USER] eu vou me matar avisa gusta,1,7,False
"Pensei que a panela de pressão ia explodir e me matar, agora vou ficar igual uma idiota limpando a sujeira que eu fiz. Um ótimo dia pra mim 😡👍🏽",0,29,False
indo me matar,1,3,False
otimo ja me estressei quero morrer 💓,1,7,False
to a cinco passos de me matar,1,7,False
[USER] juro essas crianças vão me matar,0,7,False
minhas amigas vao me matar mas vou fazer memso assim,0,10,False
Eu quero morrer mais ainda,1,5,False
hoje eu so chorei 2 vezes me autodeprecie 5 vezes lembre d coisas q me fazem 4 vezes e pensei em suicídio 3 vez eu acho q isso eh uma vitória,1,31,False
eu vou me matar pqp,1,5,False
como saber se meu gato quer me matar? — ele te encoraja a sair de casa sem mascra,0,18,False
"minha mãe orando pra que uma mulher não cometa suicídio mas cagando quando eu quase me matei duas vezes, juro...",1,20,False
"A UFTM conseguiu me matar de todas as formas possíveis nessa semana e nesse mês, alguém me enterra por favor É aquele ditado né: hoje tá uma bosta mas amanhã vai tá 3x pior",0,34,False
Acabei de escrever que a criança judaica só queria passar o natal com sua família. Eu quero me matar sério não sirvo pra isso,0,24,False
pra q estudar se eu vou me matar,1,8,False
acabou a temporada de shell boy eu quero morrer q ódio cu buceta puta q pariu,0,16,False
"[USER] Sim, pq quero morrer logo",1,6,False
ELE EH TAO LINDO VO ME MATAR,0,7,False
"LOUISE Maria José, mulher vc quer me matar. Poxa vida amiga não tava preparada.",0,14,False
"Minha mãe vai me matar se ela souber que acordou 5h da manhã pra fazer um cuscuz pra ele levar pro trabalho, eu levei e não comi tá voltando pra casa do mesmo jeito 🤡",0,35,False
[USER] [USER] vou me matar,1,5,False
caralho cara o gabriel vai me matar do coração ainda pqp,0,11,False
Aula de administração financeira Suicídio é sempre uma opção,0,9,False
[USER] Tu quer me matar mulherrrr Vem clipe,0,8,False
Gustavo Mioto vai me matar.,0,5,False
Minha mãe q me matar de fomeeeee,0,7,False
ai rindo mas na verdade quero morrer,1,7,False
"[USER] [USER] KKKKKKKKKKKKKJPARØ TEVE UM PPST DO RYAN QUE ELE FALOU ""tô querendo matar"" e eu li ""tô querendo me matar"" e eu quase respondi ""eu tbm cara"" KKKKKKKKKKKKKKSERIO",0,29,False
caras hj ta foda demais viver juro por tudo eu mal consigo ficar em pé que já sinto falta de ar e extrema exaustão a ansiedade e a fibro vão me matar juro,1,33,False
"mamãe tentou me matar hj,e é isso",0,7,False
minha mãe falando pra fazer miojo dois dias seguidos ela quer me matar sim ou claro?,0,16,False
"Não faz isso comigo dona quais temporadas? A 7ª temporada também vai ficar disponível? Quer me matar de ansiedade, não vou conseguir esperar até sábado.",0,25,False
minha cara ta muito oleosa quero morrer,0,7,False
Tentaram me matar nas esqueceram que eu já tô morto,1,10,False
gente quero morrer,1,3,False
eu poderia cair no soco com boninho por ele ter inventado essa merda de bbb com mais tempo que o normal vc quer me matar de odio????,0,27,False
[USER] nossa vou me matar,1,5,False
queria dormir pra sempre,1,4,False
"tempinho bom p cometer um suicídio , afff🥰😍",1,8,False
maneiras de me matar google pesquisar,1,6,False
Aí que lindo sem querer falei que tava cansada de viver agora minha mãe fica perguntando se eu quero morrer,1,20,False
essa mulher vai me matar do coração,0,7,False
Eu tô com uma vontade de me matar que delícia,1,10,False
[USER] [USER] [USER] [USER] O próprio Dimas Covas já expôs sobre a demora na autorização da importação da vacina! Levantou suspeita sobre a vacina suspendendo testes por conta do suicídio d um voluntário(diferente da astrazeneca)e acusando o butantã d ñ ter entregue todos os dados: Até a desculpa é a mesma!,0,51,False
"[USER] eu n sei amg, desisti ja de fazer vou me matar",1,12,False
[USER] Vou fazer um curso apenas lendo suas postagens kkkkkk e depois vou me candidatar a vereador kkkkk ops aqui no RJ não dá vão me matar antes aqui e foda kkkkkk,0,32,False
Minhas cólicas vem pra me matar 😣😣😣😣,0,7,False
[USER] muier você quer me matar ?,0,7,False
Esse foi o motivo do meu suicidio,1,7,False
eu vou aproveitar e vou me matar,1,7,False
[USER] MAINHAAAAAA VC QUER ME MATAR DO CORAÇÃO,0,8,False
SOS MINHA NAMORADA DISSE QUE VAI ME MATAR PQ EU NAO DOU UM FILHO PRA ELA 190,0,17,False
Remarquei a data do meu suicídio,1,6,False
cansado sabe eu to cansado eu sempre tive depressao desde q eu me entendo por gente eu lembro de orar pra deus me matar no sono qnd eu era bobo e ainda acreditava em divindade eu to cansaso eu nao aguento mais eu to triste eu to todo dia triste eu nao sou feliz nem por um minuto,1,58,False
"Eu sou os dois, quero me matar",1,7,False
Eu tô doida pra fazer tatuagem e meu pai tá doido pra me matar se eu fizer 👍🏽,0,18,False
nao eh possível q vou ter q comer fermento por 5 dias. a faculdade quer literalmente me matar eh isso?,0,20,False
"engraçado que pra ganhar 1kg eu preciso me matar, mas sentei perdi 3",0,13,False
"oi gnt,vou me matar.❤️",1,4,False
tao inútil q nem p me matar eu sirvo,1,9,False
beirando o suicídio,1,3,False
[USER] Eu troco a minha letra a cada mês então fica meio confuso mas atualmente com letra minúscula mesmo minha mãe querendo me matar,0,24,False
[USER] vou me matar thiagu,1,5,False
"To com uma pulseira e uma tornizeleira arrebentadas, aiii quero morrer 😭",0,12,False
Acordei e quero morrer,1,4,False
dia de cu quero morrer,1,5,False
indohhh de suicidio falou galerinha da rural fuiii,1,8,False
Carol vai me matar sufocada com esse perfume🤢,0,8,False
eu quero morrer quando vejo alguém colocando bolsa de água quente pra cólica,0,13,False
[USER] suicidio é a solução,1,5,False
[USER] PARA DE ME MATAR EU TO MORRENDO,0,8,False
[USER] [USER] Mais um candidato a avião cair ou levar facada ... A esquerda vai tentar ... Podem ter certeza ... O diabo da esquerda perder a presidência e o gov de sp ... Vai ocorrer suicídio coletivo no [USER] [USER],0,41,False
"ninguem ao meu redor entende q eu so quero morrer, tudo aqui me faz mal",1,15,False
a julhia vai me matar gente kkkkkkkkk,0,7,False
[USER] NAOO E CREDO BUBU TÁ DOIDINHOO É?!? vai me matar de boiolice sua avisa 👏,0,16,False
"[USER] ainh amg, eu to prontissimo p meu suicidio",1,9,False
Me matar 🤝 me fazer sair com o cabelo molhado,0,10,False
"Eu odeio quando o livro da todas as dicas pra MC sobre quem o vilão é, todo mundo sabe e a bicha fica "" nossa, quem será que tá tentando me matar? "" não sabe como bicha ??",0,38,False
o jinie quer me matar de sdds,0,7,False
"Hoje eu fiquei por aqui mais que o normal, bora estudar é kié. Beijos pra minha tl que hj só faltou me matar de tanto que me fez rir.",0,29,False
minha prova não tem no brainly quero me matar,0,9,False
A LARA ME ACHOU NO TIK TOK VOU ME MATAR,0,10,False
Essas mina nao se coloca no lugar de ficante cara vão me juntar pra me matar kkkkkkkkkk,0,17,False
Não quero morrer de vergonha alheia sozinha,0,7,False
Hoje eh um daqueles dias que eu me sinto um lixo em todas as roupas quero morrer pq nasci feia @/deus????,1,21,False
[USER] QUER ME MATAR DO CORAÇÃO? EU JA TAVA SURTANDO Q EU TINHA CHEAGDO CEDO NO TWEET DO LOU,0,19,False
"Comecei grey’s dnv, e minha irmã quer me matar kakakak já é a 6º vez",0,15,False
"Que vontade de me matar pqp E quem colocou valor foi o estado, com o curso forçado, não a gente",0,20,False
"essa dor de ouvido vai me matar, pero amor de deus",0,11,False
"eu sempre sinto que to incomodando, que ódio quero morrer",1,10,False
"se suicidio é pecado, pq deus nao retira essa vontade???",1,10,False
"Por indicação de meu amigo [USER], assisti ao HaraKiri (1962) de Masaki Kobayashi. O filme surpreendeu muito! Adorei sua OST minimal e seu formato narrativo. Ambientado no início da era Edo, dá um olhar crítico sobre o xogunato, a honra samurai e o rito de suicídio do Harakiri",0,48,False
O Esquadrão Suicida | Filme ganha imagens inéditas,0,8,False
"Eu: quero morrer BTS: calma linda, toma mais um novo single, mais um Run BTS, mais um álbum japonês, mais um álbum coreano, mais um reality na florestinha, mais lives legendadas, mais um banbangcon, mais photobook",0,36,False
[USER] pqp muie vc quer me matar,0,7,False
se me mandam uma proposta dessa eu vou na hora! Se o Sheik me der 5 ou 10 mil por dia: TOP! Se o Sheik me matar: TOP!,0,28,False
[USER] nossa um dia essa mulher vai me matar,0,9,False
"[USER] Tu tem conhecimento e isso é a chave do sucesso. Seguindo 2 conselhos você faz dinheiro: não vai na onda de múltiplas, isso é suicídio e não tenha ""pressa"" de ganhar dinheiro rápido, isso é papo de hinode pra te fazer vendedor. Faça apostas seguras, a margem de erro será baixa.",0,52,False
pare de dizer que não me ama que não vai voltar que eu não sou e nem serei mais dono do seu coração que não tá nem aí pra mim com quem fico o que eu faço que eu posso até me matar não vem agora me dizer que todo amor e flores plantamos já morreram no nosso jardim por isso eu..,0,62,False
pensando seriamente em me matar,1,5,False
"[USER] a familia dela nao tinha permitido a múdica estar presente no album por ser muito pesada e etc por falar sobre suicidio e etc, mas ela mesmo assim lançou pros fãs",0,32,False
meu pai quer que eu já volte pra academia não sei não esse homem parece estar querendo me matar,0,19,False
"o questionamento é oq será q vai me matar hj, a cólica ou a dor de dente??????????",0,17,False
"billie pra que isso cara, precisava me matar nao",0,9,False
"quando as meninas do xenomafia souber, elas vão me matar",0,10,False
realmente vou me matar num futuro proximo,1,7,False
"[USER] Manoooo eu tenho uma avaliação final pra fazer, só q fui fazer essa atividade e tirei nota baixa tô ferrada. Tô com medo, meus país vão me matar tenho até amanhã pra fazer essa merda e tem um monte gente reclamando do brainly.",0,44,False
[USER] deve tá querendo me matar,0,6,False
ai que ódio eu vou me matar deus me leva eu cansei dessa vida patética na terra,1,17,False
GENINHOS VÃO ME MATAR DE ANSIEDADE,0,6,False
[USER] eu vou me matar to avisando,1,7,False
"[USER] [USER] Penso em você, em seu olhar Penso em fugir e te levar Sonho pra nunca acordar Eu nunca fui de acreditar Mas me perdi ao te encontrar.. 😌🤐🙈😘😘",0,30,False
"[USER] [USER] ai que ódio quando eu elogio suas coisas vc ignora minha existência mas quando critico vc vê eu vou me matar, era meme ivina esses desenhos são maravilhosos pfvr não deixa seus fãs me atacarem 😭😭😭😭😭",0,38,False
já apareceu aaron pai de menina umas três vezes hoje na minha timeline vcs tão querendo me matAR,0,18,False
meu presente de aniversário é meu pai me matar de fome esperando ele p almoçar,0,15,False
o sal vai me matar,0,5,False
sim agr vou ali me matar kkk,1,7,False
[USER] depois só falta me matar na dm!!,0,8,False
"[USER] mano, se n tiver fnaf nessa live eu vou me matar... metira n vou n, mas eu vou ficar bem triste ;-;",0,23,False
estou com saudades /dela/ mas certeza que se eu falasse com /ela/ ×ela× e =ela= iam me matar,0,18,False
"minha mãe vai me matar, que ódio",0,7,False
"Se quando ela viesse estaquia ele , ele desse uma madeirada nela , não ia tomar uma facada, mané resolver na cnvs com a mina com um faca tentando me matar slc kkkkkkkkkkk",0,33,False
minha vó ta fritando peixe vou me matar que fedo,0,10,False
[USER] ai amiga ce acabou de me MATAR,0,8,False
BEATRIZ TU AINDA VAI ME MATAR OLHA WUE COISA LINDA MDS EU TÔ CHORANDO,0,14,False
mãe quero me matar pq a sociedade está me pressionando a isso!,1,12,False
"Gnt eu quero um jogos pra me matar de beber , viajar com as minhas amigas , misturar corote com beats, dar pt e botar culpa no brownie fit [USER]",0,30,False
o suicídio vem viu 🌺,1,5,False
"14 dias pra fazer 8 provas com 26 questões cada uma q ódio da organização da escola, eu to tentando o meu máximo mas tb não vou me matar de estudar até pq eu tenho coisas pra fazer, não vivo só pra estudar não",0,44,False
quero morrer p.p p,1,4,False
[USER] maria eu quero morrer,1,5,False
to a um tema de me matar se chegar mais um eu me mato,1,14,False
"Se O Esquadrão Suicida for ruim, eu dropo de vez o cinema de super-heróis, largo mão mesmo",0,17,False
"[USER] Vcs vão me matar de ansiedade, atualiza esse ordenamento logo",0,11,False
camila tirou o dia pra me matar,0,7,False
boa tarde povo estou sumida por motivos de a faculdade quer me matar,0,13,False
A billie só vai lançar o álbum dia 30 de julho e até lá minha ansiedade vai me matar 👍🏼,0,20,False
Período fértil dividido em dois estados de espírito Quero morrer Quero fuder,0,12,False
"[USER] suicidio n, coma alcoólico KKKKKKKK",0,6,False
depois vai tentar lacrar sobre suicídio e oferecer dm pro amiguinho deprimido,0,12,False
px vou até me matar😢,1,5,False
"[USER] No Brasil de hoje, confiança é quase uma questão de suicídio.",0,12,False
⚠ Caso seja sensível pule essa AU⚠ — One Shot. — Ansiedade e Depressão. — Estresse. — Denki Trans. — Problemas familiares. — Tragédia. — Adoção. — Suicídio. — Bullying.,0,30,False
"[USER] [USER] [USER] Né foda? Agora eu tenho que me matar por quem nunca moveu um dedo pela minha torcida, evitava postar coisa do Gil quando ele tava queimado, nem comentava ou respondia os posts oficiais? É bonito demais isso, me poupe",0,42,False
minha mãe fala eu já quero morrer escutando a voz dela,0,11,False
"floki pulou o muro, esse cachorro vai me matar um dia",0,11,False
[USER] [USER] [USER] [USER] [USER] [USER] [USER] Em França foi assim. Em Portugal será como? No pasa nada!,0,18,False
Shawn e Camila tiraram a semana pra me matar,0,9,False
Essa menina uma hora vai me matar do coração,0,9,False
"[USER] A INTENÇÃO ERA ME MATAR? PQ SE ERA, CONSEGUIU! 🗣️🥺🥺",0,11,False
[USER] Mas a minha mãe vai me matar,0,8,False
eu tô sozinha em casa e eu tava no BANHO q o carteiro chegou quis me matar por um momento,0,20,False
O dia que o fiori me matar 1 vez no mid eu desinstalo o jogo,0,15,False
minha mãe vai me matar kkkkkk,0,6,False
comi 2 bolos de pote e já quero morrer de tanto açúcar credo,0,13,False
"eu, a pessoa mais desgraçada da cabeça que conheço tentando convencer outra pessoa de que suicídio não é a solução mesmo querendo morrer todos os dias",1,26,False
tô todo fudido quero morrer,1,5,False
"Eu achei que estariam ao meu lado, eu achei errado. Quero morrer",1,12,False
"Me arrancaram um diu com tudo, e deixaram entalado no colo, tive que tirar cirurgicamente. Nem ""um desculpe o mau jeito"" me foi dito... Me receitaram hormonios que podiam me matar, só porque sim, 3x mesmo eu dizendo que eu não podia tomar.👇",0,43,False
Essa CPI e Esquadrão Suicida: Same Energy.,0,7,False
"eu pedi pra deus um presentinho e olha qm ta segurando minha mão, depressão, ansiedade, distúrbios mentais, tristeza, tesão, atividade acumulada, vontade de me matar, cansado,dor,traumas, insônia,baixa autoestima,entre outros💖",1,29,False
"As coisas só aparece pra me destruir, vontade de me matar 😭😭😭😭",1,12,False
A mãe vai me matar,0,5,False
ACARALJO MINHA MAE VAI ME MATAR,0,6,False
"""Amar o próximo como a ti mesmo"" As pessoas O DIA TODO nas redes sociais: ""Como eu sou feia"" ""to gorda"" ""É tarde pro suicídio?"" ""Quero morrer"" ""Eu sou ridículo e não sirvo pra nada"" Bixa, é por isso que ninguém ama o próximo, não ta tendo nem amor próprio... tnc pra lá",0,53,False
[USER] Nem pensar... prefiro me matar de malhar na academia que entrar na faca,0,14,False
hoje a rosalinda quer me matar com a beleza dela,0,10,False
to fazendo cafe cremoso se der errado minha mae vai me matar,0,12,False
Será q eu quero morrer ? 🤔,1,7,False
Pensei em me matar Mas lembrei que no inferno não tem cerveja e desisti kkkk,0,15,False
"Eu quero morrer e emagrecer, então por que não morrer de fome? ¯\_(ツ)_/¯",0,13,False
Bia vai me matar se eu não fizer essas figurinha hoje,0,11,False
"quando eu penso que a barraca do beijo 3 estreia em 11 de agosto e esquadrão suicida dia 21 de agosto, e percebo que já vou estar de 7 meses eu fico com medo do quanto esse ano vai passar rápido a gente já tá batendo na metade do ano pqp",0,51,False
quero morrer 🤝,1,3,False
[USER] vc eu deixo me matar patinetando,0,7,False
"Alguém tem dúvidas que vivemos uma ditadura? Fraca, desorganizada e suicida, mas é uma ditadura!",0,15,False
"[USER] [USER] [USER] [USER] [USER] toda vez q eu dava uma gargalhada. E dizia q ia me matar. Ele entrou no metrô q já tinha saído. Eu moderei nas minhas gargalhadas em público só por conta disso. Eu olhei rápido pra esse senhor em um momento e ele tava com muita raiva e agitado, mas não desconfiei q fosse comigo",0,60,False
[USER] aff se ela me matar eu agradeço,1,8,False
Meu Deus meu Deus eu quero morrer de TANTA COLICA Q TO SENTINDO ESSA MERFDA,0,15,False
[USER] e vc ter dado risada ao invés de querer me matar foi o melhor,0,15,False
eu fazendo piada durante a aula de espanhol e minha amiga querendo me matar 🤠 sou muito madura mesmo,0,19,False
[USER] garota pelo amor de deus vc quer me matar 😭,0,11,False
"vao tentar derrubar, que é pra me ver crescer; e as vezes me matar que é pra eu renascer; como uma supernova que atravessa o ar; eu sou a maré viva, se entrar vai se afogar — ❤️",0,38,False
[USER] [USER] só levantará de lá morto? ???? Tipo você esta autorizando ele a cometer suicídio? Dai essa kkkkkk,0,19,False
Mano eu quero me matar eu sou muito burra eu vou morrer,1,12,False
"eu vou ter q esperar até 20:30 pra poder ouvir esse álbum novo da Duda Beat, minha ansiedade vai me matar até lá",0,23,False
eu amo TANTO esse paralelo pq além de mostrar a evolução do relacionamento das duas também mostra como a Nureba é grata pela midari ter impedido ela de cometer suicídio,0,30,False
tentei me matar <<<<<< dei uma de yuki,1,8,False
O Esquadrão Suicida recebe novas imagens promocionais,0,7,False
essa cólica vai me matar,0,5,False
"Assim consegui 4 cachorros, e minha vó querendo me matar",0,10,False
[USER] PELO AMOR DE DEUS EU VOU ME MATAR,1,9,False
A carência vai me matar um dia,0,7,False
O EAD vai me matar,0,5,False
acho que vou cometer suicidio falta isso aqui 🤏,1,9,False
Final de período pq queres me matar??????????????,0,7,False
eu juro que dessa vez cometo suicidio,1,7,False
Postei musica do Rancore e teve um comentario dizendo: É trance? EU QUERO MORRER!!!!!!!!!!!!!!!!!!,0,14,False
45 questões???? quer me matar professora??,0,6,False
minha garganta parece que quer me matar,0,7,False
"povo é bom pra pedir dinheiro emprestado pra pagar é a briga e se tu vai cobrar ainda fica puto, tenho dois filhos que se eu deixo sem comer falta me matar",0,32,False
de novo eu sonhando com perseguição meu deeeee não aguento mais o povo querendo me matar,0,16,False
Falei pra minha mãe que quando comecar a trabalhar vou querer um iphone e ela já quer me matar,0,19,False
essa professora quer me matar,0,5,False
O veii eu derrubei um copo de suco de MARACUJÁ na cadeira e no tapete.Qual a chance de minha mãe me matar?,0,22,False
eu fui levantar do sofa meu deus minhas vostas vao me matar,0,12,False
assim eu não saio de casa pq não quero morrer,0,10,False
"[USER] depende, até umas semanas atrás, eu não conseguia dormir com os meus funkos na estante, tinha que guardar, mas não porque eu achava que eles iriam me matar, mas porque é como um incômodo, sabe? seria a mesma coisa se tivesse um manequim no meu quarto, por exemplo",0,49,False
Eu vou cometer suicídio!!!!!,1,4,False
"Vou comer a vasilha de salpicão todinha kkkkk,minha mãe vai me matar",0,12,False
[USER] [USER] Ah não vocês querem me matar,0,8,False
passei da fase de planejar meu suicídio todo dia pra simplesmente me odiar e odiar viver todo dia cada época um tipo de tortura,1,24,False
Se alguém quiser me matar saiba que já estou morta... DE CANSADA,0,12,False
[USER] la isla bonita vai hitar tanto quando esquadrão suicida 2 for lançado!! ela precisava mtttt fazer alguma performance televisionada pra ajudar no buzz,0,24,False
[USER] [USER] sim tu quer me matar,0,7,False
"[USER] seu namo vai me matar kkkjjk, isso sim",0,9,False
"A Hallana ainda vai me matar de rir qualquer dia desses, e tenho dito. Porra! 😂😂😂😂😂😂",0,16,False
"SIM, AMIGOS BRASILEIROS, NÓS GANHAMOS!!! A Billie ainda vai me matar do coração um dia",0,15,False
tô fudida pqp minha mãe vai me matar hj,0,9,False
pq eu acordei porra eu quero dormir pra sempre,1,9,False
[USER] [USER] [USER] E não digo isso com nenhuma felicidade. É uma tragédia que um único partido tendo o amor do povo por 14 anos tenha desunido ainda mais o povo sem promover uma reforma sequer. Voltar a essa dita esquerda revolucionária é um suicídio e só vai aumentar o sangramento do Brasil.,0,53,False
[USER] Vao me matar derrubar minha conta,0,7,False
"A vida é estranha. Pensar me deixa mal demais, só quero morrer.",1,12,False
minha dentista deve tá com vontade de me matar pq já remarquei a extração do meu dente 3 x,0,19,False
Me sentindo feia burra inútil insignificante desinteressante chata desnecessária no planeta quero morrer e tudo sem vírgula mesmo.,1,18,False
Ai meu vô que me matar do coração outro susto desse e acho que guento mais não,0,17,False
Quero morrer logo odeio minha vida miserável,1,7,False
"Tá compensando também pegar uns milhões emprestados com um agiota, dar rolê pelo mundo, voltar e deixar ele me matar",0,20,False
"não consigo me concentrar em nada, pois só penso em transar cm minha namorada que vai me matar quando ver esse tweet, mas nem ligo",0,25,False
a billie quer me matar do coração,0,7,False
sonhei que tava em guerra com os ballas no gta eles me perseguindo pra me matar foi loco esse dia,0,20,False
"[USER] NAO SEI COMO RESPIRAAA, ELA VAI ME MATAR UM DIA PQP happier than ever+billie",0,15,False
o que essa gostosa ta fazendo com vc donghyuk eu vou me matar,0,13,False
"a lys ainda vai me matar do coração, cheguei a passar mal 😂😂😂 q coisa bem seria essa branquela",0,19,False
essa billie eilish vai me matar um dia,0,8,False
"[USER] [USER] Amg, você quer me Matar?",0,7,False
deveria morrer quero morrer,1,4,False
BILLIE VOCE VAI ME MATAR,0,5,False
Agora q to sem película parece q meu celular quer cometer um suicídio,0,13,False
sinto que o Arthur tem vontade de me matar cada vez que abro a boca pra falar de algum mlk,0,20,False
"o humor negro de garotas e gays eh sobre personalidade sombria, e piadas com suicídio. o humor negro de homem eh piada com estrupo, racismo e shitpost.",0,27,False
meu deus esse torcicolo vai me matar de tanta dor,0,10,False
"Maior erro dos bolsonaristas foi mexer com uma raposa igual o Renan Calheiros. Uma coisa é bater no Lula e no PT que é vidraça mesmo, outra coisa é mexer com esses caras aí, suicídio político. Renan vai vir com sangue nos olhos nessa CPI da Covid.",0,47,False
A um passo de você (suicídio),1,6,False
“Ain minha nutri vai me matar” A nutri: 🤑🤝✨💵😍🥰💸,0,9,False
Minha mãe falava meia duzia e eu levava doze ovos pra casa faltava me matar heusheus,0,16,False
petição pro [USER] nao me matar: - gio,0,8,False
me sinto exausta quero morrer,1,5,False
To muito no hype de esquadrão suicida do James Gunn,0,10,False
quando a ansiedade começa a ficar com gosto de suicidio resolveria tudo 😍,1,13,False
Suicídio amanhã as 9h marcado,1,5,False
[USER] quer me matar é .,0,6,False
Letícia quer me matar do coração,0,6,False
Eu sei a rota antes do primeiro início Fugir disso é suicídio Verás que broxar na hora de concluir os planos É igual levar alguém pro motel pra ficar só conversando,0,31,False
"Quer me matar? É se atrasar em algum compromisso comigo, eu falto morrer!",0,13,False
Essa dor de cabeça vai me matar,0,7,False
[USER] Começou o micareta suicida da oposição... vai ser lindo ver essa corja de vagabundos se desgraçar de vez perante a opinião pública.,0,23,False
[USER] [USER] COMEÇOU OLHA AIYRA EY VIY ME MATAR,0,9,False
ESSA MULHER VAI ME MATAR AINDA PQP,0,7,False
"Curso Gratuito de Prevenção ao Suicídio: Promovido pela Escola de Saúde Pública do Paraná, em parceria com a UFRN, tem como objetivo qualificar e promover a reflexão sobre o manejo dos casos de comportamento suicida, em 65 horas/aula pelo sistema EAD.👇",0,41,False
"não eh superioridade não, eh minha gastrite mesmo q só falta me matar",0,13,False
[USER] a minha falta me matar,0,6,False
[USER] quer me matar né 🌚,0,6,False
Hj eu quero morrer,1,4,False
"q vontade de me matar logo, n aguento mais",1,9,False
"CPI do covid parece o esquadrão suicida, chamando Renan Calheiros para ser o relator",0,14,False
que isso minha playlist só propondo kpop ballad quer me matar,0,11,False
quero morrer pqp,1,3,False
[USER] Vai dormir pra sempre kkkkk,0,6,False
essa mulher vai me matar,0,5,False
minha mae gai me matar pra que q eu fui abrir a boca,0,13,False
"queria cometer suicídio hoje, mas um suicídio diferente sabe? suicídio voluntário",1,11,False
Será que ela tá querendo me ensinar ou me matar? Rsrs,0,11,False
Aula acabou mais tarde pq minha sala infantil tava levando sermão e EU PERDI A LIVE DA TINA VOU ME MATAR!!!!!!!!!,0,21,False
[USER] Aí vc quer me matar de indecisão mskskssk,0,9,False
"Quase duas semanas direto com dor de cabeça, acho que o Tico e o Teco cometeram suicídio",0,17,False
Tem dias que quero morrer e hj é um desses dia😖,1,11,False
"Um dia o orgulho que eu sinto de você vai me matar, pela sua capacidade de se reinventar, seus sonhos são tão palpáveis por conta da força de vontade que coloca neles, que todo mundo que te ouve falar consegue enxergar você lá um dia. Eu torço tanto por você, pela sua felicidade,",0,53,False
[USER] Eu quero morrer,1,4,False
sempre chega esse horario e eu quero morrer,1,8,False
Ela vai me matar de anciedade Como amo essa fic,0,10,False
[USER] O universo quer me matar mas n faz um carinho n paga um jantar n manda áudio do filtro labial 😔 Foda isso,0,24,False
Quero morrer machuquei quem eu mais amava nesse mundo mano,1,10,False
MDS meu primo ainda vai me matar do coração 😩,0,10,False
[USER] LDBQORQOHRQOHE ela n chegou a me matar mas ficou me atazanando a partida inteira com a porra da ult dela,0,21,False
"[USER] Ela vai me matar, mas eu gostei da ideia kkkkkkkkkkkkkkkkk",0,11,False
"Meu padrasto vai me matar de fome. Ele quer comer feijoada e ainda não vou comprar as coisas, não vamos almoçar hoje, vamos jantar apenas",0,25,False
vou cometer suicidio egoista,1,4,False
[USER] Dante. Eu já tava indo me matar e vc aparece. Obrigado. Estou feliz.,1,14,False
Aí eu quero me matar por não conseguir fazem nem a metade doq me pedem. Vão tomar no cu,1,19,False
OMG EH ALBUM BILLIE VC VAI ME MATAR DO CORAÇAO MULHER,0,11,False
mais um dia começando mal; deixei cair o perfume favorito da minha mãe. ela vai me matar. 😢,0,18,False
MEU DEUS A BILLIE VAI ME MATAR,0,7,False
"John. Você sempre fez parte dessa família, e se você se sair bem, todos nós sairemos também."" Fonte: Thirsty Vale lembrar que John Cena viverá o personagem ""Pacificador"", tanto no novo filme do Esquadrão Suicida, quanto em sua série solo. (3/3)",0,41,False
"filme de terror: Carla: eu não quero morrer meu Deus porém se for da sua vontade me leve em seus braços. Camille: obrigado Carla, já entendemos que vamos morrer. Eu: calem as suas malditas bocas pq eu preciso arrumar um jeito de nos salvar.",0,44,False
meu pai vai me matar pelo amor de deus pq eu fui falar aquilo agr a satisfação passou,0,18,False
"Daqui a pouco a NaClara vai querer me matar, mas ela que lute 🤡👀",0,14,False
[USER] suicídio?,0,2,False
essa menstruação vai me matar,0,5,False
billie vc vai me matar,0,5,False
ja tenho meu motivo pro suicídio hoje,1,7,False
Bossa nova BILLIE EILISH VC VAI ME MATAR MULHER,0,9,False
"Óbvio que quando o assunto ressuscita não é bom, aumenta hate e etc, mas pqp, completamente desproporcional esse surto. Tem fã que o coracao não aguenta caralho, vcs querem me matar?!",0,31,False
[USER] eu quero me MATAR,1,5,False
"hoje é meu fim, certeza, a cólica vai me matar 😩",0,11,False
O Esquadrão Suicida: James Gunn compartilha novas imagens da equipe,0,10,False
"Renan Calheiros sendo relator dessa CPI é o suicídio político do Bolsonaro, principalmente porque ele tentou ser a pedra no sapato de um cara como Renan que é cafetina velha nesse cabaré chamado Brasil.",0,34,False
"[USER] [USER] [USER] [USER] Ela só tem um álbum, e ele foi feito baseado na realidade vívida por ela na época, girando em torno de depressão, suicídio, transtornos mentais e incertezas. Talvez em outros álbuns, ela inove. Mas não acho que ela vá abandonar essa essência melancólica, já que é uma marca",0,52,False
minha perna tá tremendo muito meu deus essa billie ainda vai me matar,0,13,False
"""O meu encontro com a misericórdia de Deus me fez perdoar as tentativas de suicídio que eu cometi"". Hoje, às 21:30 no programa Gente de Fé você vai conhecer e se emocionar com a história de vida do Pe. Lício Vale. Sintonize nosso canal ou acesse",0,46,False
Aulas vão me matar,0,4,False
"[USER] minha gata só falta me matar, é pq ela não sabe empunhar uma faca",0,15,False
"meu celular pegou fogo, SOCORROOO. minha mãe vai me matar 😭😭😭",0,11,False
gente o moço botou uma película horrive no meu celular vou me matar,0,13,False
"o tema da aula hoje vai ser ética, família e suicídio, vamos de citar aquele filme triste turco que não posso citar o nome aqui pra não dar spoiler",0,29,False
"amo trabalhar a mente pra me sentir atraente e gostosa. transparecer q só quero morrer é cringe, ainda mais por motivo besta",0,22,False
tem uma mjna q trabalha cmg q ta tentando me matar desde o início da pandemia tava com covid nao falou nada depois o namorado tava com covid ela nao falou nada agr o irmao q mora com ela tava com covid e advinha??? nao falou nada,0,47,False
"[USER] Cuidado!! Eles vão achar que vc sugeriu o suicidio do Chorume!! E como ele é limitado, realmente é uma ameaça a vida dele kkkkkk",0,25,False
meus vhope eles sao meu tudo eles ainda vao me matar de amor eu to morrendo de saudade desses dois,0,20,False
eu falo sobre me matar no twitter tem 30 anos eu n aguento mais falar falar falar e n fazer eu n mudo eu to tentando tudo que da pra mudar mas n consigo entao assim qual o sentido disso tudo,1,41,False
eu terminei tear de prata e só tenho uma coisa a dizer: a autora quer me matar de tristeza.,0,19,False
"Como diria a Manu, se minha intensidade ainda for me matar, eu prefiro ser poesia e ter histórias pra contar",0,20,False
"agr eu tenho um cartão lindo no nome da minha mãe, esperando ela chegar em casa pra me matar 🥰",0,20,False
"Eu quero que Camila fique, estou votando um pouco, agora me matar em votação só quando Juliette tiver.",0,18,False
Jesper é o personagem mais chato e inútil da série ele aparece em cena eu quero me matar,0,18,False
"Fui comprar um kilo de carne de sol e deu 44 conto, pensei que o cara tinha me enrolado e a conceica ia me matar, mas a porra do preço é esse mesmo 44 fuckings reais em um kilo de carne de sol",0,43,False
tão tentando me matar no trabalho... ar condicionado gelado do caralho 😭😭😭,0,12,False
"[USER] [USER] Olha isso n é merda, é uma coisa legal, vc evitou um possível suicídio. Foi muito legal o que vc fez!",0,23,False
"Eu só quero morrer, assim fica todo mundo bem",1,9,False
"[USER] só você me matar, eu volto p puxar seu pé",0,11,False
[USER] AAAAAA rosinha cuidado pra não me matar do coração,0,10,False
hmm vontade de me matar,1,5,False
[USER] eu tenho depressão e vou me matar em breve,1,10,False
Olhando minha nova plataforma de treino e meu deus a Tabatha vai me matar,0,14,False
Feliz por estar com pensamentos positivos e não ter pensado em suicídio hoje,1,13,False
quase todo dia um suicídio na terceira ponte... triste demais,0,10,False
Fotos de O Esquadrão Suicida divulgadas pela Total Film. O filme de James Gunn tem previsão de estreia para agosto.,0,20,False
hj to suave só pensei em me matar 228 vezes,1,10,False
tomara que eu não tenha vizinhos bolsonaristas que vão tentar me matar depois de me ouvir gritando,0,17,False
eu vou me matar a lara é o ser humano mais precioso da face da terra,0,16,False
"não aguento mais só estar viva e não aproveitar a vida, eu quero morrer.",1,14,False
"nas 30 páginas que li de ""bom dia, verônica"" já teve suicídio, necrofilia e violência doméstica",0,16,False
"vou me matar, quem apoia?",1,5,False
"Não acredito que a morte da goo hara tenha sido suicídio, não depois de tudo que ela passou. Acredito na possibilidade de ter sido um homicídio. E também, fico pensando sobre o ex namorado dela que batia nela, pode estar muito bem envolvido na morte dela. Isso me faz refletir mt.",0,51,False
"Eu amo o oceano, não ligo se tem bicho esquisito e que poderia me matar eu não consigo não amar o oceano",0,22,False
Pessoa: me encara Eu: encaro de volta Pessoa: continua me encarando Eu: fudeu vai me matar crtz,0,17,False
"eu acabei de escrever isso, depois de confessar pra minha mãe que eu quero morrer.. :( eu tô cansada, eu não sei mais se eu consigo seguir em frente",1,29,False
n ta dando k sem esperanças elas ontem vc que tem que virar a pagina vc é capaz de mudar seu rumo a terapia e o remedio auxiliam mas VC precisa se aceitar e tentar metodos de evitar punição eu agr: hahaha me matar lentamente haha,0,46,False
essa cólica um dia ainda vai me matar,0,8,False
"eu não acredito no que eu fiiiz, minha mãe vai me matar",0,12,False
"[USER] Alguém sabotou o prego que tava segurando o relógio, tentaram me matar tenho certeza",0,15,False
"[USER] oi, vc tá qrendo me matar é isso?",0,9,False
[USER] Suicídio de uma garota,0,5,False
Legitimamente engatilhado ao ver isso porque sonhei que tava dirigindo um carro da Nintendo e o Mario tentou me matar cortando a transmissão dos freios,0,25,False
e a pró vida do tik tok que acabou de mandar eu me matar,0,14,False
"[USER] [USER] não só ela como todos que vão sair de lá né? julgaram a viihtube, que já tentou suicídio por conta do hate que sempre recebeu. Julgam o fiuk, que sofre com depressão e tdah, e a lista continua. Juliette nunca recebeu metade do hate que os outros participantes receberam.",0,51,False
quer me matar eh pedir p ficar em call,0,9,False
BILLIE MINHA FILHA QUER ME MATAR DO CORAÇÃO?????? POIS MATOU.,0,10,False
a cara vou me matar pqp,1,6,False
"[USER] Diana eu fui digitar eu quero e meu corretor colocou ""Eu quero morrer"" eu tô com medo",0,18,False
CARALHO BILLIE VOCE QUER ME MATAR ?????,0,7,False
que vontade de me matar serio,1,6,False
"Sobre a morte da goo hara, eu não acredito que seja suicídio, não depois de tudo que ela passou. Creio que o ex namorado dela que batia nela, pode estar envolvido nisso.",0,32,False
"""Médicos"" e empresários querem distribuir remédios sem eficácia para o tratamento de Covid-19 a população carente que tem pouca ou nem uma instituição. O nome disso é suicídio involuntário fantasiado de ""ajuda"". -Médicos NÃO tem autonomia para matar-",0,38,False
"eu quero morrer. q dor, meu Deus, q dor.",1,9,False
quanto eu tenho que pagar pra alguém me matar?,1,9,False
"sério oq eu mais temia está pra acontecer, eu quero morrer pqp q ódio",1,14,False
to vendo o produce 101 e meu deus do céu eu ia me matar se a kahi falasse assim comigo na frente de todo mundo kk,0,26,False
Eu quero morrer com tanta fofura,0,6,False
Essa tristeza ainda vai me matar,1,6,False
[USER] nossa eu vou me matar,1,6,False
esse livro vai me matar de vergonha alheia,0,8,False
"me tranca dentro do quarto esperando a depressão me matar , eu tenho uma vida q se chama Welton é ele mas q ngm precisa de mim !!!! Então vão tmnc e me esquecem ... "" AH QUE NA REDE SOCIAL E TOTALMENTE DIFERENTE DA REALIDADE, VCS QUER QUI EU FIQUE COMO ? MORTA DENTRO DE CASA +",0,58,False
AAAAAAAAAAAAAAAAAA EU QUERO MORRER,1,4,False
só assisti esquadrão suicida entao...,0,5,False
eu te amo billie mas vc vai me matar de ansiedade,0,11,False
vou ter que adiar meu suicídio viu,1,7,False
amo vou me matar é uma merda,1,7,False
Esse tipo de tweet no horário do almoço cheio de fome ainda vai me matar um dia,0,17,False
"pai vai me matar, real",0,5,False
to enjoada quero morrer,1,4,False
totalmente ansioso + totalmente pensativo= suicídio,1,6,False
"Puta que pariu maluco, eu quero cometer suicídio",1,8,False
o que é suicidio mental? na natureza existe uma bacteria que pega incetos e animais mata e eles apos mortos continuam andando vuando com inteligencia mas vao infectar outros seres para se tornarem mortos vivos zombies tambem.,0,37,False
eu só quero morrer sumir de mim,1,7,False
"quer me matar é quando terminam de comer e largam o prato em qualquer lugar, q ódio",0,17,False
A MINHA TPM VAI ME MATAr,0,6,False
[USER] BIBI EU VOU ME MATAR JURO,1,7,False
pais to triste -é o celular pais to com depressão -é o celular pais quero me matar -é o celular,0,20,False
perdi metade dos potes aq de casa mamãe vai me matar,0,11,False
o gustavo só falta me matar por causa disso,0,9,False
"Junior vai me matar, meu cabo do carregador já tá com mal contato faz nem 1 mês que ele comprou p mim🤦🏻‍♀️",0,22,False
tô mt triste q tu n gosta de mim ó vou até me matar,0,14,False
Se minha tpm não me matar minha rinite mata,0,9,False
"Sábado eu disse que ia acabar com a minha vida de tanto beber e um guri aleatório disse a seguinte frase: ""Quer acabar com a tua vida se envolve comigo 😏"" Não faço ideia do que ele quis dizer, mas naquele momento eu decidi que queria viver por mais 100 anos",0,51,True
[USER] palavras n conseguem expressar o quanto eu quero morrer vendo isso,1,12,False
Minha avó vai me matar do coração ainda,0,8,False
eu: quero morre n aguento mais essa vida d cachorro *conheco uma nova pessoa nas redes sociais* eu: suicidio adiado,0,20,False
que inferno quero morrer,1,4,False
[USER] suicídio comunitário,1,3,False
"✨A minha rotina diária é muito simples, eu acordo e quero morrer.✨",1,12,False
Meu deus a mamãe vai me matar,0,7,False
que droga eu quero morrer,1,5,False
"Eu odeio que me liga, no geral, mas me ligar pelo WhatsApp é pedir pra me matar do coração de ódio.",0,21,False
"Acho que Wonder Egg Priority, sla... Fala sobre suicídio na adolescência, traumas e essas coisas",0,15,False
[USER] [USER] [USER] eu vou me matar❤❤❤,1,7,False
"Alguém me ajude, eu não sei mais oq fazer, a cólica vai me MATAR AAAAAAAAAAAAA",0,15,False
mej deus eu vou me matar,1,6,False
vou comer muito hoje pq eu vou me matar hoje anoite,1,11,False
ela vai me matar,0,4,False
Namoral eu vou me matar se eu não resolver nada,1,10,False
[USER] [USER] quer me matar?,0,5,False
Dei uma volta de moto c o Vagner domingo e a casa 1 minuto eu falava p ele não me matar KKKKKKK,0,22,False
quando eu digo que quero morrer é isso que eu quero,1,11,False
Nossa quer ver me matar é fazer ignorância com a minha vó,0,12,False
"[USER] Ahh ta ai, realmente mas so pra falar com caixa e atendente quero morrer, de resto mo legal",0,19,False
[USER] A CPI da Covid parece o Esquadrão Suicida de Brasília. Chamaram os piores bandidos para tentar pegar outros bandidos.,0,20,False
quer me matar do coração só pode kkkkkkkkkkk,0,8,False
[USER] luan eu quero morrer 🤢,1,6,False
O Esquadrão Suicida ganha novas imagens,0,6,False
Mds quebrei o prato chique da mãe ela vai me matar socorro,0,12,False
"Um mano ali, falando que vai me pegar e vai me bater, me matar, vai fazer tudo de ruim. Eu passo perto do brabo, ele falta comprimentar kkkkkkk",0,28,False
A Marina deve estar querendo me matar!,0,7,False
[USER] e a cada 5min planejando suicídio,1,7,False
cheguei na minha vó e ela ta querendo me matar pq diz ela que ela só atrasou o almoço pq tava tik tok e que ela agr ta viciada,0,29,False
"isso tudo pq tô com o óculos antigo que tem o grau errado, não enxergo porra nenhuma e a ótica ta me enrolando horrores pra enviar o novo devem ta esperando eu terminar de me matar eu acho",0,38,False
minha vó saiu e pediu pra eu fazer alguma coisa mas agora não lembro o que foi🤡🤡🤡 ela vai me matar KWJDJSKKXSJHXK,0,22,False
"Qeria MT ter um crocodilo de estimação, que não quisesse me matar",0,12,False
vou me matar.,1,3,False
Eu quero me matar,1,4,False
"Minha vó prefere que eu pague van pra ir e voltar do dotti pra chegar em casa e me matar pra comer rápido pra dai pegar ônibus pra ir e voltar do trabalho, doq me colocar no ps que é só eu pegar o ônibus de manhã e de noite e já tudo pronto só falta os papel, a vai se fode",0,62,False
to deixando bem claro que eu não gosto da elena e acho ela sim uma personagem podre......eai vai fazer o que?? me matar por ter opinião propria??????,0,27,False
"kk 9vinha que papo é esse de suicidio? 💯 condições hein, ce é mo limda para com isso",0,18,False
fui no mercado e voltei destruída.. sério esse sedentarismo vai me matar,0,12,False
"depressão, ansiedade, labirintite, pressão baixa, morte, suicídio, me atirar de um prédio 🥰🥰🥰🥰🥰🥰🥰🥰🥰",1,13,False
[USER] quero morrer nao to zoando,1,6,False
Itzy maluquinhas não pode me matar assim do coração,0,9,False
pq vcs querem me matar [USER]?,0,6,False
meu jogo ta simplesmente crashando justo na cena final eu quero morrer,0,12,False
nossa como é bom estar de tpm vou ouvir o evermore agora e me matar,0,15,False
quer me matar é eu pedir opinião pra uma pessoa e ela responder com escolhe o q vc se sentir melhor,0,21,False
desenhei a garota que vai me matar de ansiedade vulgo billie eilish [USER],0,13,False
Mds Alysson vai me matar do coração kkkkkk🥺🥰🥰🥰,0,8,False
"Postei as dança no insta, fiz o famoso SUICÍDIO SOCIAL, ABRAÇO A TDS",0,13,False
9 provas em um dia: [27/04/2021 09:56] Carla Camile: suicídio tá cada vez mais perto,0,15,False
"e a minha família que todo mundo quer que eu e o gustavo tenhamos filhos agora kkkkk, pelo menos se acontecer sem querer ninguém vai querer me matar kdkckdkc",0,29,False
q dia horrivel quero morrer.,1,5,False
"Eu admiro ver as pessoas que ainda tem expectativa para o futuro delas, porque pra mim se eu não me matar daqui para o final do ano eu saio ganhando",1,30,False
mae se seu plano eh fazer eu me matar continua q ta dando certo,1,14,False
[USER] vou me matar aq rapinho já volto,0,8,False
[USER] Kkkkkkkkk aí elas querem me matar,0,7,False
Veja os usuários que acessaram seu perfil agora,0,8,False
"estou a gostar bwe de passar a maior parte do tempo a pensar em ti, principalmente quando estou a conduzir, se queres me matar avisa caralho",0,26,False
[USER] vai me matar de rir caraio,0,7,False
"essa cólica vai me matar, certeza 🥲",0,7,False
pensando em suicídio mais do que eu gostaria,1,8,False
"Não consigo pensar mais pra estudar, e quando penso a labirintite ataca e eu fico tonto e quero morrer.",0,19,False
o siso vai me matar,0,5,False
Lá em casa eu quero ser a Super Nanny que ensina tudo com calma mas infelizmente é tudo ao contrário eu grito bato Xingo chamo nome ruim acho ate vou infarta no final ainda falo vc vai me matar quem me deixa assim uma criança abençoada Tem 6 ano 😂🤦🏾‍♀,0,50,False
Que dupla.,0,2,False
[USER] eduardo eu vou me matar,1,6,False
namoral me matar de fazer prova pra ganhar 5 ponto é de fuder viu,0,14,False
meu refluxo ainda vai me matar kkkkk acabei de me afogar c minha própria saliva meudeus,0,16,False
ó senhor esses velhos ainda vão me matar de preocupação,0,10,False
"Quer me matar? Escreva meu nome com K , PORRAAAAAAAAA é Carol com C.... C de caralho 🤬🤬🤬🤬🤬",0,18,False
[USER] Não porque existem pessoas como você que ainda recorrem ao suicídio quando precisa de alguém para falar e se afasta de todos porque não quer ser um fardo para ninguém sendo que você não é fardo nem para a Bettinha,0,41,False
Um dia Lewis Hamilton vai me matar do coração com esses stories 🤤😍,0,13,False
[USER] HAPPY BDAY NEIRU honrando o time pra ninguém me matar dps,0,12,False
"[USER] É esse mesmo, eu só queria me divertir sendo ruim em jogos. Mas os viciados de anos tem que me matar 10x na partida.",0,25,False
"[USER] Só quero morrer, oq acontecer com o corpo depois tanto faz",1,12,False
bo dia quero morrer,1,4,False
Meus pais só começaram a saber dps de uma tentativa de suicídio,1,12,False
só quero Morrer,1,3,False
[USER] [USER] Cogitando suicídio,1,4,False
tive uma crise fudida ontem e agr minha mãe n quer me deixar sozinha achando que eu vou me matar❤🥰😍🤩😝🌹🥳,1,20,False
Adriane vai me matar quando ver as fotos que eu postei no status 🤣🤣💜,0,14,False
[USER] [USER] ent o prato so cometeu suicidio mesmo,0,9,False
"Tia Lu fez um empadão,que nao deixei nada pro Gabriel kkkk ele vai me matar😂😂",0,15,False
PORRA 30 DE JULHO SÉRIO BILLIE EU VOU FICAR 30 DIAS ESPERANDO ISSO VC TMLC QUER ME MATAR PUTA,0,19,False
[USER] indo cair de cara nas drogas e cometer suicídio antes de eu completar 18,1,15,False
"não vem com essa história pro meu lado de me mandar assistir uma série, e ela só ter uma fucking temporada. quer me matar me da um tiro",0,28,False
"[USER] Antimogais são pessoas que se mobilizam contra mogais. Já fiz uma thread explicando o que é, caso você queira. E os ataques estão tão pesados que envolvem até crimes, como indução ao suicídio. Tem uma pessoa trans preta e lésbica que está sendo alvo muito forte desses ataques.",0,49,False
"Sol vai me matar com suas observações, estarei deixando avisado aqui..",0,11,False
Vou me matar foda-se,1,4,False
quero morrer!,1,2,False
"achei errado a DC tirar o coringa do esquadrão suicida, era so fazer um coringa que se descobre gay. pronto atualizou tudo",0,22,False
"X: você gosta de Justin? Yuta: sim, eu gosto de Justin...por causa do Mark, ele sempre tá ouvindo Justin Bieber 😭😭😭😭😭🤏🏻🤏🏻🤏🏻🤏🏻😍😍😍 EU TO MORTA PASSANDO MAL QUERO MORRER",0,28,False
"[USER] [USER] Yarichin não é tóxico, só os personagens que fazem piada com suicídio e querem pegar o protagonista mesmo ele dizendo que não quer e se sente desconfortável, mas tirando isso não é, super saudável",0,36,False
amanhã vou na psiquiatra serio se eu tiver no mesmo estado que hj ela provavelmente vai me internar ou eu vou me matar antes de chegar la,1,27,False
esse pessoal falando pra eu ir na campanha de vacinação tão tudo querendo me matar,0,15,False
sonhei que o Hulk queria me matar (?),0,8,False
[USER] vou me matar 😀,1,5,False
[USER] Meu santo rakin Lena se quer me matar do coração... 😭 tá tão perfeitinha aaa,0,16,False
"[USER] [USER] [USER] eu nada. tô só falando as verdades nessa rede. a milícia dos cactos vai me matar em breve, mas não tenho medo dessa organização criminosa é fedorenta",0,30,False
😭 eu quero morrer sério,1,5,False
[USER] A MUSICA DO ESQUADRÃO SUICÍDA SWRII,0,7,False
[USER] Lembrando aqui que comi doce de leite também. Vou me matar,0,12,False
"terapia da muito trabalho, vo de suicídio",1,7,False
Suicídio.,1,1,False
Faz uns 5 dias que eu não penso em me matar será essa uma evolução???,1,15,False
que medo eu quero morrer pfv deus,1,7,False
"ai que vontade de me matar, que saco",1,8,False
esse cb vai me matar sim,0,6,False
Mais um dia cancelando minha aula de violino. Meu professor vai querer me matar,0,14,False
billie eu te amo mas vc quer me matar de ansiedade,0,11,False
Na real eu nem quero morrer de verdade eu do quero q eles se sintam culpados e parem e me tratar feito lixo,1,23,False
"[USER] com a dor de garganta que eu tô, se me matar eu vou agradecer kkkkk Brinks, pq ?",0,19,False
por que que isso ta acontecendo cara kkkkkk QUEREM ME MATAR,0,11,False
"ai acordei triste, vontade de me matar",1,7,False
"Hj um cara de 20 anos cometeu suicídio na minha cidade, isso foi tão pesado, eu quase não consigo fazer uma atividade q tinha q fazer, é tenso...",0,28,False
[USER] de um serial killer me matar no banho enquanto eu to com sabão no rosto,0,16,False
tentando entender quem são essas pessoas e quais delas querem me matar,0,12,False
[USER] [USER] [USER] Suicídio puro kkkkkkkk,0,6,False
vou me matar 😆,1,4,False
só 30 de julho quer me matar billie,0,8,False
"[USER] [USER] [USER] Perai phabell, cê quer me matar?",0,9,False
vcs querem me matar fala logo,0,6,False
"[USER] Você acha que a raça de evangelicos foi exterminada? Tem mt gente q nao bebe nem fuma, por isso o indice de suicidio ainda é alto",0,27,False
um dia essas montagens vão me matar do coração,0,9,False
E eu que sonhei que o Thomas shelby queria me matar kkkkk,0,12,False
Acordei com uma foto dessa quer me matar Shawn Mendes???,0,10,False
[USER] Quer me matar é beber água igual pato 😒,0,10,False
MEU DEUS MEU DEUS EU QUERO MORRER MUITO MUITO MUITO,1,10,False
Se eu n comesse guacamole hj acho q minha lombriga ia me matar,0,13,False
"[USER] [USER] vou me matar pra conseguir, mas vamos conseguir!",0,10,False
"Me passam uma tarefa complexa: Resolvo de um jeito supreendentemente fácil. Me passam uma tarefa simples: oi, quero morrer",0,19,False
Eu acabei de ler que CLEÓPATRA ERA RUIVA KKKKKKKKKKKKKK QUERO MORRER ! Cancela o EP aí gente,0,17,False
Eu pisei na bola real agira eu quero morrer 😭😭😞😞 não acredito que eu fiz isso akdnkaks eu sou um fracasso,1,21,False
[USER] Tá querendo me matar né,0,6,False
[USER] [USER] [USER] vou me matar,1,6,False
[USER] Que inferno de desgraca é essa meu deus que horror vou me matar,1,14,False
"a ed física hoje tentaram me matar viu, levei chute na canela, cutuvelada na garganta, tô toda arranhada, meteram um murro no meu peito, tô é morta",0,27,False
ITZY VCS VÃO ME MATAR CM ESSE CB PUTA Q PARIU,0,11,False
"Gente eu to sem acreditar, minha pressão ja caiu, eu ja surtei, eubja gritei, eu ja pulei, billie ainda vai me matar serio😭😭😭",0,23,False
acho q minha cachorra quer me matar,0,7,False
"[USER] Dm, to com medo de aniplex me matar Kk",0,10,False
carol Borba vc quer me matar sim ou sim,0,9,False
[USER] [USER] tá querendo de tristeza me matar a essa hora ???:!:!,0,12,False
"Riley não lidou bem com o término, tentando contatá-la enquanto ela insistia que a deixasse sozinha. Após Gaul tentar suicídio por overdose de remédios e sobreviver, situações inusitadas passaram a ocorrer com Emma, cujos resultados eram encontros com o ex.",0,40,False
"O crime que esses governadores, prefeitos, juízes, fiscais e procuradores tiranos e psicopatas estão fazendo em massa com o povo: perseguindo-o, humilhando-o, prendendo-o, falindo-o e levando ao desespero e ao aumento do suicídio, tremem as portas do Céu!",0,38,False
"Se Bolsonaro optar pelo suicídio, Noblat deveria imita-lo. Mas para que esperar pela vergonha da próxima publicação? Por que não fazer isso hoje, agora,neste momento? Para o bem dos leitores do Brasil, nenhum minuto sem Noblat será cedo demais. Absurdo se alguém escrevesse...",0,43,False
eu sou tao irresponsável quero morrer,1,6,False
"caralho mano quero me matar real, n aguento mais",1,9,False
30 de julho billie???? você quer me matar??,0,8,False
Eu tô na casa da minha amiga e ela falta me matar de fome,0,14,False
[USER] [USER] [USER] pq vc ama me matar hein,0,9,False
"quero morrer, ele tá tão perfeitinho nessas fotos, renjun vc é tudo entenda",0,13,False
takemichi: mikey nao se mate mikey: nao vou me matar obrigada *saem felizes E Juntos* *takemichi tropeça e cai*,0,19,False
// BSD spoilers ? // enforcamento // suicídio . . . . . . . . . Mano ele fez o Ace acreditar q tava dentro da mente dele e ele acabou se matando achando q ia sair de lá... caralho... Mas esse Ace era chato pra caramba tbm... metido insuportável,0,51,False
“se vc quiser...” sinceramente? eu só quero morrer,1,8,False
[USER] [USER] [USER] [USER] [USER] [USER] Que bela história sobre suicídio,0,11,False
"[USER] pior q penso em ser prof real... mas no Brasil, pensar isso é quase um suicídio",0,17,False
"Revi o vídeo que eu fiz quando cria pra Restart e pela primeira vez não quis me matar de vergonha, pelo contrário, me achei a coisinha mais linda do universo, superei essa merda, GRATIDÃO",0,34,False
"Porque NÃO cometer suicídio: sua mãe vai ficar triste e você vai pro inferno. por outro lado, se você for pro inferno tu vai poder assistir show do Lil Nas X",0,31,False
[USER] os emo quer me matar,0,6,False
30 DE JULHO BILLIE EILISH VC QUER ME MATAR DE CURIOSIDADE,0,11,False
"[USER] eu quero morrer tanto quanto qualquer um aqui, mas meio cringe esse bagulho de romantismo",0,16,False
"[USER] não amg tipo suicídio, drogas, gore esse tipo de coisa",0,11,False
[USER] Apioar o PT é apoiar o suicídio do Brasil depois de tudo que escancaradamente vimos acontecer. Meu voto jamais terá quem ficar do lado da corrupção provada.,0,28,False
"era só uma pílula que fizesse a gente ficar gostosa n aguento mais me matar nesses treinos, scrr",0,18,False
Minha nossa senhora ter que ler isso em 2021 é muito suicidio - politico trabalha com o que ento???? 🤡🤡🤡🤢,0,20,False
ESSE EPISÓDIO VAI ME MATAR DO CORAÇÃO,0,7,False
"Easter Egg: no filme do Esquadrão Suicida, se você reparar bem, tem o rosto de um nóia tatuado no coringa do Jared Leto.",0,23,False
[USER] EU QUERO MORRER,1,4,False
"Se quer me matar de curiosidade, me manda Oi tudo bem e some.",0,13,False
a lágrima caindo ali meu deus vc quer me matar Billie Eilish?,0,12,False
Ainda deitada essa dor nas costas vai me matar,0,9,False
tô do lado da casa do joão será que se eu for lá almoçar ele vai me matar?,0,18,False
medo de voltar com o ccat e mandaram eu me matar que nem da última vez 🤰🏻,0,17,False
[USER] não sei com o que você quer trabalhar mas na maioria dos empregos isso é suicídio profissional,0,18,False
VOU ME MATAR EU FALEI 0,1,6,False
"Maya vai me matar, mas fazer oq",0,7,False
e eu tb n vou me matar p pagar uber toda vez saio p qualquer lugar. não adianta fazer mais dívida pq eu sei q n posso pagar uber. teve época que eu saia 4h antes do horário da faculdade e mesmo assim eu chegava atrasada,0,46,False
Quer me matar é eu estar na moral e insinuar algo sobre mim,0,13,False
O LIAM QUER ME MATAR NÉ??? SÓ PODE,0,8,False
mazikeen smith um dia ainda vai me matar do coração. 🥵🥵,0,11,False
Legal vou me matar,1,4,False
"quer me matar, só pode",0,5,False
[USER] gosta de me matar do coração,0,7,False
a puc-sp ainda vai me matar,0,6,False
nossa a daianny vai me matar,0,6,False
saudades fevereiro quando só existia sonho erótico agora só sonho com gente tentando me matar voti,0,16,False
mds minha mae vai me matar,0,6,False
"n sei vcs, mas o suicidio me atrai bastante",1,9,False
MEUDUUS BILLIE EILISH MEUDEUS VC ME SALVOU E VAI ME MATAR DO CORAÇÃO MULHERRRRRR,0,14,False
Estou bem? Não Vou estar bem em breve?provavelmente não Pretendo me matar? Sim Vou dizer o porque ou tentar continuar viva? Provavelmente não,1,23,False
[USER] [USER] Minha mãe ia me matar,0,7,False
"O INSTAGRAM QUER É ME MATAR DE SUSTO, SAPORRA!? EU FIQUEI GELADINHO 🗣🗣🗣",0,13,False
Friozinho bom pra cometer um suicídio,1,6,False
"[USER] sisu vai me matar do coração, n guento mais esperar",0,11,False
[USER] Kkkkkk não tem como ela me matar se eu não entrar na aula,0,14,False
ela vai me matar ainda,0,5,False
"eu vou continuar sendo solo e apoiando o trabalho do ot6 msm vcs me xingando, dando unf, mandando eu me matar e o carai a quatro",0,26,False
A Billie e a bibi tão combinando pra me matar for coração não eh possível,0,15,False
música quinta e álbum novo ela qr me matar pqp,0,10,False
"nunca passei tanta vergonha na minha vida igual hj pqp ,quero me matar dps disso",1,15,False
"já que suicídio é pecado, alguém me dá um tiro rapidin",1,11,False
Eu escrevendo sobre suicídio e minha mãe passa sem ler nada e fala “Ih oq vc tá escrevendo? Uau disso aí sai um livro ou uma musica? Uiuiui” 🙂,0,29,False
"[USER] [USER], da uma lida no contrato de locação de apoio do [USER] vê se tem escrito apoio incondicional? Pq apoiar [USER] a essa altura é suicídio político, o [USER] vai confirmar isso mais pra frente.",0,36,False
foda-se eu vou me matar,1,5,False
Acordei e vi um rato suicida,0,6,False
[USER] Já quero morrer há um tempo mo 🥺,1,9,False
"[USER] 🗣: já stalkeei?: simm 🗣: gosto de você?: d+, d+ 🗣: shippo com: **** 🗣: confesso que: fiquei com medo da Letícia me matar por querer amigar com vc 🕴 🗣: ppp: passo",0,34,False
"essa lua em escorpião vai me matar, tenho absoluta certeza",0,10,False
"porra eu não quero voltar pq eu não quero morrer, nada mudou, ngm perdo dr mim tá vacinado é obvio q eu vou ter crise de ansiedade me expondo assim",0,30,False
BILLIE EILISH VOCÊ AINDA VAI ME MATAR AMDNDIFN,0,8,False
essa serie ainda vai me matar,0,6,False
[USER] Eu jogo de lux e ainda n achei nenhum zed digno de me matar e namorar cmg,0,18,False
"“Tomei ivermectina pela 1a vez na vida qd tive sintoma de covid e agr q tô boa n tomo nunca mais, eu gosto de manter os vermes na minha barriga que aí eles comem oq eu como e eu emagreço” Acabei de ouvir uma mlr falar isso aqui e agora eu só quero morrer",0,54,False
"*a juliette é chata pra caralho, reclama de tudo, chora e fala demais* Falou o tuiteiro, reclamão, chorão suicida, drogado e bebado q o mundo acaba qnd o Twitter cai",0,30,False
jogando jogo de fazendinha pra esquecer que eu quero me matar,1,11,False
nem precisa mandar eu me matar eu ja faço isso cmg msm todo os dias,1,15,False
[USER] não quero morrer ta doida,0,6,False
"Eu lavo louça e banheiro de boa, mas eu quero morrer na hora de estender roupa. WHYYYYY",0,17,False
[USER] amiga acho q foi uma tentativa de suicidio,0,9,False
RENJUN VC É O MEU FAV DO DREAM PRA Q ME MATAR DESSE JEITO???? EU TE AMO UAAAAAAAAÁ,0,18,False
txt vcs vão me matar sério não aguento mais esperar q odio eu to muito curiosa,0,16,False
[USER] Ia literalmente me matar de rir (〒﹏〒),0,8,False
Eu deixaria o Dexter me matar,0,6,False
Quando a colega tá aqui são no máximo 7 consultas hj eu já lancei uns 15 kskskskskssk vão me matar eu tô sentindo,0,23,False
A revista Total Film divulgou novas imagens de O Esquadrão Suicida. O novo filme da DC estreia em 6 de agosto.,0,21,False
"[USER] e eu que li ""tentar não me matar né"" e eu quase respondi ""tô assim tbm"" manoKKKKKKKKKKK",0,18,False
[USER] toda vez que tu aparece na tml eu quero me matar apaga isso agr apague,0,16,False
esse negócio de dia das mães vai me matar de ansiedade eh sério,0,13,False
"[USER] fala isso nao, vou me matar",1,7,False
que caralho de tem comigo vsf fica crucificando ja quero morrer e ai ficam ai botando lenhw me apedrejando que porra,1,21,False
Michael Myers veio me matar mas daí tava tocando sharp dressed man e agora estamos dançando,0,16,False
Sonhei q aquele Allan Jeon tentava me matar me enforcando no meu quarto 🕴,0,14,False
"nao sei se isso é só idiota pra caralho, mas eu amo colocar um monte de coberta no chão (nao quero morrer de frio ainda) e espalhar todas. deitar e ficar com todos meus cachorros, ficar vendo o céu, a chuva, enquanto eles dormem e acabar dormindo também 😭😭",0,49,False
quero morrer mas itzy te amo é nois,0,8,False
A Billie saindo da era QUERO MORRER pra era MAIS FALIZ QUE NUNCA,0,13,False
isso ainda vai me matar KKKKKK pprt [USER] 🤡,0,9,False
"Eu quebrei essa merda desse botão, nss eu vou me matar",0,11,False
acho que suicidio e sim a melhor opção,1,8,False
"[USER] Tmb já sofri bastante , mas me matar nunca . Se matar não tem volta.",0,16,False
Fabiano vai me matar? Vai me matar! Mas eu vou comprar uma torneira gourmet monocomando kkkkk,0,16,False
[USER] [USER] vou denunciar seu tweet por manisfestar intenção de mutilação e suicidio sua puta sua conta vai cair em dois segundos,0,22,False
"minha mãe vai me matar na hora que descobrir oq eu comprei ou vai ficar feliz e eu n vou ficar de castigo, medo de ficar de castigo KKKKKKKKK",0,29,False
"[USER] vc quer me matar só oq me faltava né, coração chega parooou",0,13,False
"Menos penal gente, penal não deu na prática, não quero morrer",0,11,False
apetece me matar toda gente? sim,0,6,False
"Vou, se a coca não me matar o Bolsonaro mata",0,10,False
draco vai me matar eu vou morrer dnv mlk,0,9,False
"Eu sinto mt sdd da aula presencial, mas n quero voltar ainda pq n quero morrer 😷😳",0,17,False
"Eu esqueci que não posso me matar ainda, ano que vem vou fazer tour pela europa",0,16,False
Peguei o Pc da minha irmã emprestado e fui inventar de fazer um upgrade na Ram do note e dei curto no terminal Pelo amor de deus Meu pai vai me matar fudeu,0,33,False
"IMAGENS INÉDITAS DE ESQUADRÃO SUICIDA? Temos! ⚡🔥🧨 O portal [USER] divulgou uma série de imagens inéditas do filme que estréia em julho deste ano. Além do grupo de anti-heróis, podemos ver os bastidores da direção de James Gunn. E aí, tá ansioso? Se liga só!",0,45,False
um dia o Alê vai me matar do coração,0,9,False
de madrugada meu gato tentou me matar ele pisou no meu pescoço,0,12,False
AMASSEI O THOME ELE ME DEU 150 FALOU Q FOI FACIL E TEVE A PAUSA A MSC P ME MATAR,0,20,False
[USER] Me manda a música? Eu ainda n vi. Quero morrer de ciúmes pelo meu marido,0,16,False
[USER] [USER] ent a solução mesmo é o suicidio,1,9,False
"[USER] [USER] Bah sor, não é mal vontade não, é que tem duas resenhas pra essa semana e mais um livro que a gente vai ter que escrever pra português, eu estudei o geral da tua matéria e fiz um texto, p/ mim n vale a pena essa semana me matar por dois pontos, se não tivesse nada pra fazer blz",0,61,False
eu to tao curiosa pra saber o significado por tras dessas fotos p&b serio a curiosidade vai me matar,0,19,False
"[USER] A direita: ""não critica o Bolsonaro pq o PT volta"" A esquerda: ""não bate no Lula agr que é suicídio"" Bolsopetismo vindo runfante",0,24,False
"puta q pariu essa desgraça vai ganhar 1,5M quero me matar, tem pior ainda nos comentarios desse tweet",0,18,False
"primeira luta com o mundo, não quero morrer.",0,8,False
"A TACIANA TINHA UMA FILHA QUE ERA MUITO GATA E DEPOIS ACABAMOS FICANDO DE DENGO E ELA COMEÇOU A ME PERSEGUIR COM UMA ARMA PARA ME MATAR, MAS QUANDO JÁ NÃO TINHA MAIS LUGAR PARA EU FUGIR LEMBREI DE ALGUÉM ME CONTANDO SEI LÁ O QUE E DISSE PARA GAROTA ME MATAR E ELA PAROU!",0,55,False
stan da jade que não entende uma palavra do q ela fala = eu KKKKKKKKKK juro inglês britânico ainda vai me matar,0,22,False
por que eu nunca vejo quando meus pais me ligam mds eles vão me matar,0,15,False
participar desse reality vai me matar ainda juro,0,8,False
"[USER] Às vezes no Palmeiras, torcida rima com suicída.",0,9,False
"Bom dia, quero morrer",1,4,False
nao tenho um minuto de paz acabei de me matar fds estudando pra essa prova de manha e ja vou ter q estudar pra 2 aulas diferentes de amanha,0,29,False
"Quer saber o diagnóstico de alguém? Faz uma playlist de 10 musicas com Simple Plan, Evanescence e My Chemical Romance. Se a pessoa souber cantar 8 musicas, ela tem depressão, se souber cantar todas as 10, é suicida",0,38,False
[USER] [USER] Vou me matar,1,5,False
"[USER] [USER] Ganhei duas e perdi duas, a outra partida foi eu que me matei então nem adianta bancar o campeão. Quer levar mérito de matador no suicidio alheio",0,29,False
Esse TPM vai me matar um dia senhor 🥺,0,9,False
"Eu tenho um Deus que não vai deixar essa luta me matar, o desespero me tomar 🎶🙏",0,17,False
"[USER] 4, mais que isso é suicídio",0,7,False
A BOQUINHA E A PINTINHA EU QUERO MORRER VAI SE FODEEEEEE,0,11,False
"Quer me matar? É mentir e eu estar sabendo da verdade.... porra, minha vontade é mandar ir p casa do caralho na hora, parceiro",0,24,False
"A Júlia vai me matar de tanto rir, as fotos dela criança são ICÔNICAS",0,14,False
NAMJOON TU QUER ME MATAR É,0,6,False
[USER] claro pensei que ia parar um caminhoneiro e me matar kkkkkkkkk,0,12,False
eu tava fazendo um destaque no instagram e o aplicativo fechou EU VOU ME MATAR celular lixooooo,0,17,False
"[USER] [USER] pqp, vou me matar",1,6,False
"[USER] talvez eu mude pra 1 pessoa, vai me matar?",0,10,False
CARALHO GABRIELA VAI ME MATAR DO CORAÇÃO,0,7,False
eu vou me matar estou avisando,1,6,False
ja posso me matar?,1,4,False
"Eu estou PIRANDO com as minhas polaroids 🤧 por Deus Karol, a senhora quer me matar? Eu quero colar na minha testa tudo isso! Vou fazer rodízio 🤓 Obg pelo carinho de sempre, saiba que você tmb pode contar cmg sempre 💜 um beijinho gelado e um abraço quentinho❄️ [USER]",0,50,False
Bruna só falta me matar pq n sei do find ainda,0,11,False
sério louis vc vai me matar um dia não é possível aaaa,0,12,False
vo me matar juro llr deus,1,6,False
Edivaldo quer me matar,0,4,False
meu treinador quer me matar não ironicamente falando,0,8,False
[USER] [USER] se ela me matar eu agradeço,0,8,False
[USER] por favor reagan por tudo que é mais sagrado não faça isso eu tenho família eu sou muito jovem eu não posso me matar reagan por favor,0,28,False
"[USER] Fui pra uma festa e bebi horrores, saímos 7 da manhã e fui pra casa de uma amiga. Lembrei que tinha que ir pra casa, senão minha mãe ia me matar. Pedi pra minha amiga me levar pra casa de carro, quando chegou no carro eu pedi pra dirigir (bebado, sem carteira), e ela deixou...",0,56,False
"eu definitivamente vou me matar, eu desisto de verdade",1,9,False
Essa faculdade vai me matar,0,5,False
[USER] Faço você rir e você quer me matar?,0,9,False
[USER] ANA CLARA ELA VAI ME MATAR TE AQUIETA KKKKKK,0,10,False
Esse Chelsea vai me matar puta que pariuuu,0,8,False
[USER] você quer me matar???????,0,5,False
puta que pariu eu tô derramando lágrimas sangue suor esse puto vai me matar eu sinto eu amo ele porraaaaaaaaaaaaaaa shi wudu stan desde sempre,0,25,False
MEU DEUS CHELSEA TU VAI ME MATAR,0,7,False
Louis tá tentando me matar ctz,0,6,False
[USER] tpm vai me matar 😩,0,6,False
[USER] iji q meme de quem vai me matar,0,9,False
mdsss minha sogra um dia vai me matar kkkkkkk,0,9,False
PUTA QUE PARIU VCS QUETEM[USER] MATAR PRORRAAAAA TIRA ESSA BOLA DAI,0,11,False
nossa mas eu fiquei tao feliz e contei p meus pais obrigada sisu por quase me matar do coração,0,19,False
irei me matar,1,3,False
[USER] VOU ME MATAR,1,4,False
quer me matar de raiva é ignorância gratuita,0,8,False
meu deus eu tenho que aspirar meu quarto inteiro minha rinite vai me matar,0,14,False
"Casemiro fdm, quer me matar do coração 💔😢🔵⚪",0,8,False
Nossa mas que vontade de me matar,1,7,False
O Real ainda vai me matar do coração,0,8,False
minhas amigas falaram tanto q ia me matar se eu escurecesse o cabelo q a tinta nem pegou,0,18,False
"pq CARALHOS meus cf está colocando gnt aleatória, vou me matar",0,11,False
Alerta de gatilho: suicídio É f*da estar em burnout e ter que prestar vestibular/procurar emprego pq os pais não aceitam que eu parei a faculdade ano passado pq eu já tava em burnout e ia me matar...,0,37,False
a estetica de ficar criando cenarios romanticos na cabeça kkkjkk isso vai me matar um dia,0,16,False
"[USER] Chaesoo do céu, vou ali me matar 😭",1,9,False
meu deus eu vou me matar eles são muito lindos,0,10,False
[USER] uai ce joga a indireta assim sem mais nem menos vai me matar ainda conta,0,16,False
e se eu qm sabe kkkkkkkkk me matar kkkkkkkkk,0,9,False
eu vou me matar.,1,4,False
SÓ QUERIA ME MATAR LOGO,1,5,False
"todo dia video no ttk de pessoas falando que odeiam quem fala gritando , ttk quer me matar",0,18,False
os videos te tarô na minha fyp vão me matar,0,10,False
"intolerância religiosa com a minha religião: vão me matar, holocausto, campo de concentração intolerância religiosa com ""bruxaria"" (qual?) e ""paganismo"" (não é uma religião): tão zoando quem acha que doendinho na garrafa é vivo",0,34,False
A saída de bola desse time ainda vai me matar,0,10,False
Chrístyan um dia vai me matar,0,6,False
"Eu: ""Eu quero esse que tá no meio no chão"" ""Tá doida vc vai querer é me matar pprt kkk"" Manoo kkkkkkk",0,22,False
MANO MINHA MAE COLOCOU UMA FOTO MINHA ESCOVANDO O DENTE NO FACEBOOK EU VOU ME MATAR EU VOU ME MATAAAAAAAR,0,20,False
"[USER] não, vo me matar",1,5,False
"Ariel só tem 10 meses e eu peguei ela no segundo degrau da escada, essa garota ainda vai me matar do coração 😩😩😩",0,23,False
Quer me matar de raiva é marcar horário e não cumprir. Sem noção demais!,0,14,False
A Fadergs ainda vai me matar de ódio.,0,8,False
até o final do curso eu não vou precisar me preocupar com o exame da ordem pois o npj dará um jeito de me matar antes,0,26,False
o que eu sou se não um monte de merda inútil que não tem 1 qualidade que preste??? eu deveria me matar mesmo,1,23,False
[USER] nao aguento mais minha vida e muito chata,1,9,False
"A minha professora vai me matar de ansiedade, não tá dando naum",0,12,False
ESSE LIVRO VAI ME MATAR,0,5,False
hoje a maria luiza vai me matar reclamando do curso de letras,0,12,False
[USER] que issi carla mandando eu ir me matar?,0,9,False
JELENA VC AINDA VAI ME MATAR DO CORAÇÃO,0,8,False
minha mãe vai me matar se descobrir q eu n tô comendo e tô fznd exercício,0,16,False
Vo me matar,1,3,False
Minha mãe tá com um ódio de mim que chega da vontade de me matar,0,15,False
"Quer me matar é quando cliente chega com valor alto com nota 5/10 reais, vai se foder né",0,18,False
nada pode me matar porque eu morri quando o pituca e o soteldo saíram do santos,0,16,False
[USER] adm é vdd q vc quer me matar de curiosidade???,0,11,False
farmacologia um dia vai me matar ctz,0,7,False
"quase perdi a aula d inglês pq eu tava quase dormindo, minha mãe ia me matar",0,16,False
"Hanker, na próxima vez que vocês quiserem me matar, marquem data e horário! - Agradecida",0,15,False
[USER] GABI VC QUER ME MATAR DO CORAÇÃO,0,8,False
analisando se a aninha e manu vao me matar se eu mudar algumas coisinhas na historia...,0,16,False
te falar a verdade nunca achei na minha vida que ia preferir aula de tcc do que história puta que me pariu queria me matar,0,25,False
Estou pilhada nesse negocio de trezentos e sessenta e cinco do Louis ELE QUER ME MATAR DE ANSIEDADE COME BACK LOUIES I vote for at the,0,26,False
a gigi existe e eu quero me matar como q pode ser tao bonita assim meu deus,0,17,False
a um passo de me matar—,1,6,False
Os criminosos são da [USER] e que roubaram vídeos da minha intimidade e compartilharam em redes sociais. Eles estão tentando me matar para ocultar os delitos praticados.,0,27,False
a rê vai me matar sério,0,6,False
minha coluna ainda vai me matar,0,6,False
"[USER] Zerei mesmo, eles vai me matar",0,7,False
NAO VOU ME MATAR SÓ PRA ASSISTIR PERCY JACKSON PERCY JACKSON IS COMING,0,13,False
essa garota ainda vai me matar de preocupação,0,8,False
tô muito gatilhada quero me matar,1,6,False
"Eu preciso saber dessa Fofoca URGENTE, Tipo nao que seja da minha conta mas PFVR VAI ME MATAR POR DENTRO",0,20,False
eu vou me matar 😊,1,5,False
"se esse garoto não me matar de ódio, me mata de susto. tomar no cu",0,15,False
[USER] Jesus ! Meu pai vai me matar,0,8,False
Se a faculdade não me matar do coração ngm mais mata rsrsrsrsr,0,12,False
"Essa solidão vai me matar, volta p mim",1,8,False
A academia ainda vai me matar um dia,0,8,False
Gente o SM5 ja is coming é nem tem nada dele ainda shawn mendes apenas quer me matar ne,0,19,False
tenho que comprar essa camisa do Botafogo se não Bruno vai me matar,0,13,False
[USER] ta tranquilo só to indo me matar,1,8,False
Queimei a porra do pano de prato minha vó vai me matar quando ela acordar kkk,0,16,False
"Meu sonho de princesa foi realizado ❤️🥰😍 Minha mãe vai me matar, porem eu estou amando",0,16,False
"Cansado de viver essa vida merda, nesse lugar de merda, nesse país mais merda ainda",1,15,False
"O Board da [USER] tem que saber que Manfredo Rübens está tentando me matar para ocultar os crimes que praticou contra mim. Peço ajuda, sou ignorada. Ele exige dinheiro, me criminaliza sem provas e aplica medida cautelar, tudo com dinheiro da Basf",0,42,False
Meu deus a gabi ainda vai me matar do coração,0,10,False
[USER] nossa vc vai me matar pq eu mudei o user puta merda,0,13,False
eu juro por deus que um dia essa mulher vai me matar,0,12,False
Se minha lactose não me matar hoje nada mais me mata,0,11,False
GABRIELA PELO AMOR DO OLIMPO TODO GAROTA VOCÊ VAI ME MATAR DO CORAÇÃO QUE COISA MAIS PERFEITA E LINDA,0,19,False
"[USER] Pelo amor de Deus, você quer me matar? Tô chorando agora",0,12,False
A bronca pq tava surtando e minha pressao vai subir hihi eu disse que esses turcos iam me matar hahahahhahahaahha,0,20,False
Eu devo ter desenvolvido 77 problemas cardíacos por causa dessa sessão de terapia🤡🔫 Alguém me matar POR FAVOR??,0,18,False
OK agora eu vou ter que atropela todas as minhas leituras pra ler pjo??????? ESSAS ADAPTAÇÕES VÃO ME MATAR,0,19,False
[USER] GIA O MAX FICOU COM O CABEÇA DE OVO NO NEGÓCIO DE QUINTA EU QUERO ME MATAR,0,18,False
"Meu deus que vontade de me matar, eu não aguento mais EU NÃO AGUENTO MAIS",1,15,False
"[USER] Eu tava chorando no quarto pq estava pensando em me matar, daí minha mãe entrou e eu desabei pra ela e ela é da igreja e tals. Bom, ela me abraçou e a gente chorou junto",1,37,False
meu deus essa mulher vau me matar,0,7,False
Aí q belo dia pra me matar,1,7,False
Se eu fosse obrigado a praticamente me matar pelo meu trabalho eu tbm faria o mesmo... Um vírus letal evoluindo a cada dia em um lugar com uma campanha de vacinação que segue a cartilha incompetente do MS não é brincadeira.,0,41,False
"em 2017 eu fiquei internade, tentei me matar, ia de mal a pior na escola e eu nem sequer imaginava que eu fosse sobreviver a tudo isso; hoje eu estou aqui, com a minha família, meus amigos e me esforçando para atingir os meus objetivos",1,45,False
[USER] 😂😂😂😂😂😂😂😂😂😂😂😂😂 vocês vão me matar 😂😂😂😂😂😂😂😂😂😂😂,0,7,False
sempre assim viu amores vou me matar,1,7,False
n foi dessa vez satan vc tentou me matar 1 mes c miojo mas olha eu aq fznd almoco hj 😜😜😜 sucesso total,0,23,False
"[USER] por um momento eu comecei a surtar tá querendo me matar do coração, maria luiza?",0,16,False
se eu comer pastel 7h da manhã pode apostar que não vou estar viva dps de duas horas pois a dor de estômago irá me matar,0,26,False
que desgraça esse shopping tocando trem bala vs anavitoia QUER ME MATAR PORRA,0,13,False
"[USER] [USER] É bem simples, o pomo de ouro acaba o jogo, mas não decreta a vitória. Eu posso me matar de fazer pontos e deixar o jogo a 360 a 150, se o time adversário pegar o pomo de ouro, o jogo vai acabar 360 a 300. Em resumo, ate pegar o pomo, você tenta criar uma vantagem.",0,59,False
"Eu ja tava desanimada com a vida e o Santos terminou de me matar. Blackpink faz comeback e me salva, pelo amor de Deus!",0,24,False
[USER] [USER] eu fui eu tava suzan queria me matar,0,10,False
será se eu so vou ter um futuro se me matar de tanto estudar,0,14,False
[USER] oxs quer me matar kct,0,6,False
Esse negócio de vai ou não vai pro serviço vai me matar do coração lakakakakaka,0,15,False
"Então vem, me faz amar você Eu tô louco pra dizer Que eu não vou mais te deixar Eu não quero mais viver Sozinho sem você Nada fica pra depois Quero um dia pra nós dois",0,36,False
quando eu acho que é um é o outro KKKKKKKKKKKKKKK vou me matar,0,13,False
"[USER] [USER] KKKKKK vai me matar sim, vai hunrum",0,9,False
mds vou me matar eu manchei a mesa toda de vabeta pernanebte mds do ceu oq eu facooooooiiiooo mainha vai xomer meu cuzinho pqp vou me jofar do oredio,0,29,False
essa tia vai me matar juro HAHAHAHAHAHHA,0,7,False
"se a pessoa tentar me matar e mandar um áudio falando alguma coisa fofa, triste ou que me leve a acreditar que a situação dela não é boa, eu faço o que a pessoa me pedir E ISSO É MUITO SÉRIO KKKKKKK",0,42,False
essa transportadora ainda vai me matar,0,6,False
minha mae vai me matar tô sentindo,0,7,False
[USER] Nossa mas quer me matar me da um tiro!,0,10,False
😃 me matar 😭 posso fazer isso errado tmb,1,9,False
"sonhei q eu era o eren, mas o inves de eu chamar os colossais e eles materem todo mundo, saíram atras de mim pra me matar e eu tive q meter o pique",0,33,False
[USER] Eu não vou me matar por Camila sendo q a ju pode precisar de mim hoje fiz minha parte votei moderamente,0,22,False
sinceramente eu não quero mais viver,1,6,False
"ESTJ - gostam de organizar as coisas - se estressam muito fácil - MANDÕES - confiantes - gostam de ser reconhecido por seus méritos - o mais provável de morrer sozinho “se não vai ser do meu jeito, então eu vou fazer sozinho”",0,43,False
eu to me tremendo n sei se é frio ou ansiedade/nervosismo mas acho q o fato de estar 21°C ja responde minha dúvida q ódio futebol ainda vai me matar,0,30,False
vou me matar estudando pra prova amanha e é isso,0,10,False
352 o zidane já quer me matar antes de começar o jogo,0,12,False
"esse começo de fim de semestre vai me matar, o pv é o primeiro a me dar uma rasteira",0,19,False
[USER] THAIS VOCÊ QUER ME MATAR,0,6,False
o jake falando de brooklyn nine nine ele quer me matar,0,11,False
"[USER] Se os bonitos não namoram pq são bonitos, o que dizer de nós feios? Vai todo mundo morrer sozinho então hahaha",0,22,False
EU TO CAGUEJANDO EU NAO CONSIGO FALAR QUE ODIO QUE ODIO EU VOU ME MATAR SERIO OLAH EU TO TREMENDO MUITO A CADA PALAVRA DELA EU MORRO POR DENTRO🤡🔫🔫,1,29,False
"se eu falar pra minha mãe que ela tem essa similaridade com meu pai ela vai me matar, mas ambos não aceitam quando a gente oferece, você tem que entregar logo pra eles e dizer trouxe pra você, aqui pra você. só assim eles comem 🙄",0,46,False
Ela vai me matar,0,4,False
[USER] tá querendo me matar com essa fancam?,0,8,False
"Até q estação segura kkkk tava tranquila já até q eu olho pra trás ela tá atrás de mim dizendo q ia CMG kkkk okay compramos a passagem entramos no trem e sentamos aí ela disse q agradeceu tbm pelo pessoal ter chego pq se não ela ia me matar, pq era a vontade dela.",0,55,False
Eu nao quero mais viver que inferno,1,7,False
[27/4 15:31] Ysa 🥀: vou ali me matar [27/4 15:32] Ysa 🥀: depois meu espírito volta pra te contar como foi [27/4 15:32] Bebela Toledo ❤: KAKAKKAKAKAKAKAKAKAKAKAK nossa pra que inimigo,0,31,False
[USER] amiga eu não consegui provar 😞 meu paladar infantil vai me matar dsclp,0,14,False
[USER] A UFPB vai me matar do coração 🗣,0,9,False
fiz uma finalização que me custou uma hora enrolando o cabelo se essa porra secar e nao ficar com cachos bonitinhos vou me matar,0,24,False
"[USER] para com isso do nada na tl maraísa, quer me matar do coração?",0,14,False
Essa alergia ainda vai me matar 😣,0,7,False
nao serio to destruída com a kushina contando a história dela e do minato pro naruto snzr vou me MATAR,0,20,False
ESSE VELHOTR DO RICARDO IRA ME MATAR,0,7,False
[USER] juro lau alguém tem que fazer alguma coisa pq esse fandom vai me matar,0,15,False
Vóu me matar E não é meme,1,7,False
No dia que isso acontecer pode manda me matar que eu não tô bem,0,14,False
another love vai me matar meu Deus,0,7,False
[USER]: Onde você tá? Eu: Pra q vc quer saber? [USER]: Pra ficar informada. Quem pergunta isso no Among Us? Quer me matar eh?,0,24,False
[USER] agata me ajuda o adolescente do tik tok vai me matar,0,12,False
"Ai, meu Deus, eu vou morrer sozinho Se eu continuar nesse caminho De não deixar ninguém me amar E de só me apaixonar Por quem me faz chorar e me maltrata Ai, meu Deus, eu vou morrer sozinho",0,38,False
Essa colica vai me matar aos poucos hoje. Espero sobreviver,0,10,False
Esse corretor automático ainda vai me matar do coração um dia,0,11,False
acho que a jorja smith quer me matar,0,8,False
[USER] mds você torcendo p garota me matar ??????,0,9,False
[USER] fui super feliz pegar as câmeras da mulher aí do nada brota ele e o amigo pra me matar,0,20,False
Tentaram me matar com um copo de veneno O quem quiser matar me mate Que beber eu bebo mesmo ... ☠️💃🏻,0,21,False
viadinho dos infernos ele vai me matar um dia eu to avisano,0,12,False
"EU SIMPLESMENTE NÃO ESTOU BEM, ESSA MULHER VAI ME MATAR",0,10,False
"parece o adc que eu peguei esses dias falando, o mlk de draven agressivando numa LEONA e MISS e dizendo gg sup que nao bate ?? homemmm existe cdr e eu nao vou me matar num engage torto ne filhão",0,40,False
[USER] SERIO ELES AINDA VAO ME MATAR,0,7,False
Comprei 2 bolos de pote. Foda-se. A TPM vai me matar.,0,11,False
[USER] Own voce gostaria disso ne? Assim voce arranjaria um motivo pra mandar eu me matar e cair de hate em cima de mim,0,24,False
"[27/4 15:13] Bina: Tu tem muita dúvida sobre potência? Aí vc vai multiplicar expressão por ela mesma (m+n) x (m+n), e aí multiplica estilo chuveirinho tlgd? O primeiro m vezes o segundo m, depois k primeiro m vezes o segundo n, e repete isso com o segundo n Mds vou me matar",0,52,False
"As vezes sinto que o louis quer me matar do coração, não sou o cellbit para desvendar enigmas, ele deve tá vendo a gente surtando assim:",0,26,False
[USER] [USER] MQNAUELLA ISSO GWIO PRA MINHA TML EU VOU ME MATAR,0,12,False
"[USER] nunca faço, sempre acho q algum demônio vai sair do ralo e me matar",0,15,False
MDDSSS BILLIE VC VAI ME MATAR DE ANSIEDADE,0,8,False
[USER] Vc quer o que me matar ?,0,8,False
"tive um lapso de memória de sábado que eu tava bêbada e comecei a gritar e pular ao som de ""this is me""... mds quero me matar inferno",0,28,False
Gente ela vai me matar [USER],0,6,False
[USER] E você quer que depois de Banana Fish eu veja anohana... [USER] você está querendo me matar de chorar?,0,20,False
"mds a barbara vai me matar, bárbara desculpa o treco te marcou [USER]",0,13,False
[USER] [USER] [USER] ela que não gostou de mim 🤡 ficou me encarando de madrugada com aquele olhar de quem queria me matar,0,23,False
Dia 2 de suicidio estoico: comecei a pensar na filosofia e essas coisas devido ao fato de que minha vida perdeu o sentido agora sou niilista e quero me matar *adendo para caligrafia monstra,1,34,False
"[USER] [USER] Amy não vai dá certo, ela vai me matar , tu é louca.",0,15,False
[USER] Oh meu deus o santo tribunal do twitter me mandou me matar e eu q pensei q vcs eram contra isso pois induzia ao suicidio Also eu sou trans e transfobico? Como funciona isso? E onde ele foi transfobico?,0,40,False
JOALIN ACABOU DE ME MATAR,0,5,False
que dia de merda preferia estar morto,1,7,False
"[USER] Ana o Louis vai me matar a qualquer momento e nem é meme, ele tem que entender que a gente é curioso",0,23,False
Meu coração começou a dar pontada com esses surtos e eu percebi que tenho que voltar a tomar meu calmante HANKER VCS VAO ME MATAR,0,25,False
"[USER] QUE??????? QUER ME MATAR, MULHER",0,6,False
O Petch... ele quer me matar,0,6,False
mais de mil de ping vou me matar kkk,0,9,False
medo de namorar e terminar e a pessoa n superar e tentar me matar,0,14,False
Ahahaha piada vou me matar humor 😐,0,7,False
"[USER] Mesmo você querendo me matar, você é tudo pra mimmm ❤ KKKKKKKK",0,13,False
[USER] mudei header mudei tudo menos o icon pq senão vc ia me matar,0,14,False
a penicilina ainda vai me matar do coração,0,8,False
— Mas você está tentando me matar. — Eu tenho tentado mostrar que me importo. eu demonstrando meus sentimentos é assim,0,21,False
"billie e louis, vcs n poderiam escolher dias diferentes pra me matar fo coração? é muita informação de uma vez só",0,21,False
"Essa música me causa umas sensações primitivas, uma nostalgia ruim e ao mesmo tempo boa, nunca pensei que ia ter vontade de me matar ouvindo The Offspring",0,27,False
[USER] mas eles vao garantir que vou ficar viva tb e nao vao me matar ?,0,16,False
"eu acho, só acho, q o Jardel vai me matar hj",0,11,False
[USER] amor se a Ludmila vier me matar vc me protege?,0,11,False
meu deus a nyx vai me matar ase,0,8,False
Único motivo pra eu não me matar exatamente por isso que o nome dela é vida...,0,16,False
A etec vai me matar 😫,0,6,False
"Tive um sonho mto doido , eu fui procurar um cachorro que tava sumido , e do nada um cara começou a me ameaçar e falar q ia me matar; sonho doido de mais",0,34,False
"faço e refaço meu cronograma e nunca entro em acordo comigo mesma, acho q a solução é me matar",0,19,False
[USER] [USER] [USER] [USER] mas nao vou me matar e perder sono e nem trabalho por outro participante. quando o da Ju estiver na reta ai sim eu me mato,0,30,False
vou me matar comendo doritos flaming hot tchau,0,8,False
MANO WILLOW E LOUIS QUEREM ME MATAR HJ PQP,0,9,False
Tayane vai me matar hoje KKKKKKKKKKKKKKKKKK que menina boba,0,9,False
esse jogo ainda vai me matar do coração um dia,0,10,False
as vzs eu acho q a minha mae quer me matar sem meme PQ PELO AMOR DE DEUS,0,18,False
"...Cansei... ...'Acho q vou pegar uma grana emprestada c algum agiota, ir passar umas ferias prolongadas em Maldivas, me divertir, voltar e deixar ele me matar...'",0,26,False
ta cada vez mais dificil n morrer sozinho,0,8,False
"Aiiiin,esse vídeo da emilly no meu fleets tá tudo,ela vai me matar kkkkk",0,13,False
pelo amor minha ansiedade vai me matar antes de junho RITA CASTILLO IS COMING,0,14,False
"Quem quer me matar fale agr, é sua chance d realizar um sonho com meu consentimento",0,16,False
"[USER] a sua avó prometer não me matar, talvez",0,9,False
"sonhei q um cara qria me matar, serassi q é um sinal ??🤔",0,13,False
rick riordan vc vai me matar,0,6,False
ELA TA MELHOR SEM MIM NAO TEM MAIS OQ FAZER BITCH EU NAO LIGO PRA LEAN EU SO PENSO EM VOCE,0,21,False
ESSE HOMEM QUER ME MATAR SO PODE,0,7,False
"[USER] Nossa eu levei um susto, achei q tinha dado Jacob, já ia me matar",0,15,False
"eu preciso ter um namoro adolescente com alguém que seja parecido com o castiel, sério, vou me matar",0,18,False
arkyos angel eu so me fodo começo o jogo com 18 anos e um ceifeiro já quer me matar se passa apenas dois anos e eu já perco minhas memórias que isso,0,32,False
comecei a pensar como a vida de todo mundo seria melhor sem mim,1,13,False
"Fiz tiktok a dar deboche em Varchie, old que a vagabunda ia me matar se visse 😍",0,17,False
Lavar panela é o mesmo que me matar,0,8,False
HANKER AINDA VAI ME MATAR E NÃO É NEM MEME,0,10,False
[USER] VOCÊS QUEREM ME MATAR?,0,5,False
"A minha família, e meus amigos ainda não vão me matar!",0,11,False
"MEU DEUS YAMAN, TU VAI ME MATAR ASSIM!!!",0,8,False
"vou passa no mercado comprar duas velinhas e um bolinho pra cantar parabéns pra minha amiga no meio da rua, ou ela vai me matar, ou as duas morre de vergonha, me desejem sorte",0,34,False
torçam pra prova de anatomia não me matar,0,8,False
FINNEAS QUER ME MATAR PORRA EU SOU CARDÍACA VEY EU NAO VOU AGUENTA,0,13,False
"Não posso me matar pois, quem vai fazer as piadas idiotas do grupo ?",0,14,False
Os 5 cards de kihno e o bird coloquei por colocar só pois sem planos de me matar atrás deles hdngdnhfn,0,21,False
"se você me amar demais eu paro de te amar um amor fácil me apavora ai meu Deeeus, eu vou morrer sozinho",0,22,False
depois que o galo perder hoje irei me matar na frente de um apartamento da mrv pra traumatizar o véio da mrv pro resto da vida,0,26,False
meu namorado tentou me matar o que eu faço ?,0,10,False
"sério esse ""369"" ainda vai me matar um dia",0,9,False
"[USER] [USER] [USER] [USER] [USER] [USER] Se a pessoa da minha família morresse antes do resultado do exame eu preferiria seguir os cuidados e sim, preferia não me despedir e correr o risco de contrair a doença. Um velório não vai fazer a pessoa que eu amo voltar mas pode me matar. Certo?",0,53,False
"Agora eu não tenho mais ninguém a quem dar meu amor, e ninguém para me amar, eu imagino que essa deva ser a sensação de estar morto, nada além do vazio constante, a incerteza, e uma vida sem significado, é estranho pensar que eu ""vivo"" assim a tanto tempo.",1,49,False
depois q vc tentou me matar nossa amizade nunca mais foi a mesma,0,13,False
cara foi usar a moita p me matar e depois me chamou pq ficou puto que eu usei o Cr7 e matei ele KKKKKKKKKKKKKK,0,24,False
"[USER] [USER] [USER] Pera aí q estão tentando me matar e eu não sou vítima não. Tenho q ficar quitinho, não vitimiza. Deixa os assassinos tirarem minha vida q não serei vítima. Ah vai se fuder lek",0,37,False
[USER] Sua amiga quer me matar,0,6,False
essa dor na minha lombar vai me matar,0,8,False
minha irmã tá querendo me matar do coração não é possível,0,11,False
"billie| | MercadoLivre | Flávio bolsonaro | ENTÃO FAZ O L essa noite tive vários pesadelos um deles um cara vizinho de onde trabalho tentava me estuprar obrigado subconsciente, já sinto nojo do meu corpo diariamente, agr só quero me matar 👍🏽😜",0,42,False
QUEM TÁ LIBERANDO ESSAS FOTOS LOGO DE ANTALYA QUER ME MATAR,0,11,False
a camilla gosta de riverdale e me julga por gostar de friends vou me matar,0,15,False
hoje minha turma quer me matar pq eu transformei a aula de 3d em aula particular,0,16,False
Quer me matar e se meter no que eu tô fazendo!,0,11,False
Esse menino tá namorando e eu estou chocado... a cada dia eu vejo que vou morrer sozinho,0,17,False
fiz uma licqo e ja to morrendo as respostas sao enormes vou me suicidar,0,14,False
[USER] MEU DEUS LETÍCIA VC QUER ME MATAR????,0,8,False
"gustavo fez pra mim no paint em uma hr e agr tô devendo pra ele 6 favores, essa escola vai me matar!!!",0,22,False
"te amo icon da menina que parece que vai me matar, te amo",0,13,False
sabe as vezes eu acho q um dia o louis vai me matar do coração,0,15,False
"namoral... essas aula de tarde vai me matar, mo vontade de tirar um cochilinho até julho 😭",0,17,False
Mano ! Matheus vai me matar já estou vendo,0,9,False
"[USER] MARIA LUIZA VOCÊ QUER ME MATAR , ACHEI QUE ERA SPOILER E JA TAVA CHORANDO",0,16,False
"Meu pai quer me matar de estresse, esse é o objetivo da vida dele",0,14,False
QUEREM ME MATAR HOJE,0,4,False
A polícia atrás do ladrão no meu quintal e eu disse onde ele tinha entrado 🗣️🗣️ espero q ele não seja solto e venha me matar,0,26,False
"EU SOU CARDÍACA E EU TÔ COM MEDO DE MORRER MUITO OBRIGADA HANKER, VOCÊS VÃO ME MATAR",0,17,False
É segunda vez que eu vou para o hospital causa da Inês da minha namorada Inês a segunda vez uma com depressão e foi ontem que foi para o hospital cortei o dedo causa da Inês o que estão a pedir-me em matar-me como tu portaste o pulso eu cortei um abraço agora quem me matar Inês,0,57,False
esse velho quer me matar,0,5,False
"meu irmão nunca acreditará mas saiba que foi por amor crescerá pra odiar e querer me matar e isso me traz dor e um dia ele se vingará e pra mim, será um favor por finalmente me apagar do meu mundo tão sem cor",0,44,False
ela tá no auge da beleza BILLIE EILISH VAI ME MATAR DE ANSIEDADE QUE ÓDIOOOOOO,0,15,False
que é isso querem me matar hoje??????,0,7,False
essas fotos em antalya vieram pra terminar de me matar,0,10,False
ihihi falando de txt na aula povo deve ter querido ME MATAR agora KKKKKKKKKKKKKKK,0,14,False
[USER] err tem como dizer não? pq eu não quero ela é minha fav mas minha fav bem de longe de preferencia não querendo me matar,0,26,False
As vezes eu acho que minha sinceridade ainda vai me matar,0,11,False
Meu siso ainda vai me matar. Não tô aguentando de dor nessa coisa!,0,13,False
[USER] TIO RICK VAI ME MATAR KKKKKK,0,7,False
me inscrevi em uma palestra chata sem querer agora quero me matar,0,12,False
"O cliente que entra aqui na loja já perguntando preço, falando coisas nada haver é certo de ter um atendimento bosta, pq quer me matar é a pessoa entrar e não dar um bom dia, boa tarde ou boa noite, não consigo atender de boa vontade de jeito nenhum",0,49,False
minha tpm vai me matar qualquer dia,0,7,False
"[USER] vontade d me matar eu vou ter amanha, 3 aula d fisica e so parar os fortes",0,18,False
se eu me matar podem linchar ele,0,7,False
Vai ter gente querendo me matar agora crtz,0,8,False
Essa porra dessa cólica vai me matar,0,7,False
colica um dia vai me matar ainda,0,7,False
ESSE HOMEM QUER ME MATAR,0,5,False
billie eilish e louis tomlinson vão me matar ainda hoje!!,0,10,False
esse veio vai me matar do coração,0,7,False
"Eu lembrei disso porque hoje sonhei que ele tentava me matar e acordei tipo ""eta caralho""",0,16,False
Socorro!! Vanessa quer me matar queimada,0,6,False
Você tá querendo me matar?,0,5,False
ela quer me matar só pode,0,6,False
"Uma ruiva veio ver o ap do lado, uma RUIVA, eu vou é me matar se minha vizinha não for uma ruiva",0,22,False
eu nao quero me destacar eu quero nao me matar até sair do ensino médio❤️,0,15,False
"nem feliz nem triste apenas vivendo, porque se eu me matar meus pais ficam tristes",1,15,False
SEGUI A GIOVANNA SEM WUERER AO INVES DE DAR BLOCK EU QUERO ME MATAR,0,14,False
Esse povo quer me matar de ansiedade n é possível cr.,0,11,False
Tem dia que eu acho que o Vitinho vai me matar,0,11,False
se essa linha n for com passe e n tiver icone e borda eu vo me matar,0,17,False
so queria um lugar q faz tatuagem em menor namoeal vou me matar,0,13,False
quem vai me matar primeiro a sarah ou o bruno?,0,10,False
rinite vai me matar algum dia,0,6,False
por que você quer me matar [USER]?,0,7,False
"meudeus mano n tô acreditando que o segundo álbum da billie existe msm e vai estar entre nós, vsf em meio a tanto caos um motivo p n me matar",0,30,False
"[USER] Eu tenho a TDPM e fico em tempo de (me) matar. Véi, ser mulher é difícil viu.",0,18,False
[USER] KD RAFAELA não aguento mais a escola juro quando me matar,0,12,False
n posso nem mais tomar banho de porta fechada pq minha mae acha q vou me matar por deus só piora,0,21,False
"Will com um L pra mim deu, eu vou me matar",0,11,False
só tem eu no horario das 4 a talita vai me matar hj,0,13,False
Mas esse inferno de notificação do Instagram vai me matar ainda,0,11,False
tentou me matar so pq eu quis ficar cm a bea???????!!!!!,0,11,False
ricardo vai me matar,0,4,False
"[USER] [USER] Todo esse povo que faz ameaças no twitter é de uma coragem que me tira o sono. Outro dia um puxou toda minha ficha na internet, falou que ia mandar gente vir aqui me matar, me mandou o endereço. Tô esperando o cara até hoje, já tem mais de ano. Acho que ele está vindo a pé.",0,59,False
Facul vai me matar.,0,4,False
"Quem chorou duas horas sem parar? Sim eu, pq minha família vai me matar com cada sintoma diferente que parece :x",0,21,False
"Eu falando pra Jesus que se eu me matar eu tenho que ir pro céu, se não meu avô vai me deserdar: Jesus: i ala kdheoeveobd Eu:jc eu não tô brincando",0,31,False
agr tem net em casa vou jogar lol ate eu me matar dando rage,0,14,False
"acho que estou emagrecendo mais, eu vou morrer e a minha mãe vai me matar",0,15,False
A o trabalho ainda vai me matar,0,7,False
[USER] [USER] Ela tentou me matar ja n da pra confiar,0,11,False
peguei 6 na minha prova da faculdade vou me matar 👍🏼,0,11,False
"essa garota é psicopata, ela ainda vai me matar...",0,9,False
"Se eu quiser falar de amor eu falo Se eu quiser consumir tudo, eu consumo Porque o que vai me matar sou eu, e não essa vidinha chata",0,28,False
A passiva vai ser o feio que vai sofrer e morrer sozinho como toda passiva — sério? jurei q era o harry pois amei meu filho é muito tops mesmo,0,30,False
"Ohaaaaaaaaaaaa 🎉🎉🎉🎉🎉🎉🎉🎉 HanKer é oficial real, foto no Feed meu senhor não consigo eles vai me matar",0,17,False
eu puxei meu pity certinho no simulador depois ver em quantas o zhongli vinha cara essa espera vai me matar,0,20,False
cortei meu cabelo é minha mãe quer me matar e agr ?,0,12,False
sério gente os comentários do vídeo eu vou me matar,0,10,False
ELES QUEREM ME MATAR QUE LINDOS E PERFEITOS,0,8,False
eu amo que quando coloco pra tocar minha mae fica MEUDEUS FILHO VC QUER ME MATAR,0,16,False
Não aguento mais o professor falando da relação frustrada dele. Já tem um mês no mesmo assunto. Ele não aceita que é chato pra caralho e vai morrer sozinho.,0,29,False
pelo amor d deus a ufg ainda vai me matar to falando serio,0,13,False
Hd quer me matar do coração mesmo saporra,0,8,False
"[USER] mano eu nunca maltratei minha mae com um puta medo de ficar com a pele toda marcada, se eu abrisse a boca na hr errada ela ia me matar",0,30,False
MEU DEUS DO CÉU EU TENHO TREZENTAS COISAS PRA FAZER HOJE HANKER VOCE QUER ME MATAR?????,0,16,False
"Meu Deuuus, hanker vocês vão me matar",0,7,False
[USER] lindo nem parece que queria me matar a dois minutos atrás,0,12,False
ELES VÃO ME MATAR HOJEEEE,0,5,False
[USER] ELES QUEREM ME MATAR,0,5,False
Meu Deus o pai vai me matar 🤦🏻‍♀️🤦🏻‍♀️🤦🏻‍♀️🤦🏻‍♀️,0,8,False
Eu tô rindo de nervoso minha mãe vai me matar,0,10,False
"[USER] [USER] Eu só lembro dele falando""o assassino falou que ia me matar e ela não me avisou"" 😂😂😂",0,19,False
O QUE TA ACONTECENDO TIRARAM O DIA PRA ME MATAR PORRA,0,11,False
MEU DEUS ELES VÃO ME MATAR,0,6,False
[USER] Me matar pq mds ???? Fiz nada,0,8,False
ELES VÃO ME MATAR,0,4,False
ELES QUEREM ME[USER],0,3,False
Quer me matar é ficar de mentira c minha cara,0,10,False
[USER] algum dia você que vai me matar do coração,0,10,False
O KEREM QUER ME MATAR MEU DEUUUUUUUUUSSS!!!!!!!,0,7,False
Handeeeeee vcs querem me matar hoje só pode 😍🥺✨,0,9,False
"Hande e kerem estão com a intenção de me matar, é oficial!",0,12,False
pra completar o cabelo ruivo da ygritte eu vou me matar,0,11,False
meu deus eles resolveram ME MATAR,0,6,False
Aaaahhh ELES QUEREM ME MATAR,0,5,False
"quer me matar é fazer algo contra minhas irmãs, tô passando mal de nervoso",0,14,False
Acho que meu pai vai me matar kkkkkk,0,8,False
A LEGENDA OUTA QJE PARIU KEREM TU QUER ME MATAR,0,10,False
educação física em faculdade eu prefiro me matar,0,8,False
a ray deu orgulho e preconceito pra ela cheio de anotaçoes e pra me matar >uma carta<,0,17,False
[USER] uma vez eu sonhei q meu pai tentava me matar,0,11,False
"a billie vai me matar, certeza",0,6,False
[USER] Querendo me matar alefina vey kkkkkkk,0,7,False
minha memória olfativa ainda vai me matar,0,7,False
meu pai quer me matar intoxicada,0,6,False
THE B VOCÊ QUER ME MATAR DO CORAÇÃO,0,8,False
ultima coisa q pode me matar é o cancer,0,9,False
juro hj vai ter gangue dos segredos eu to prestes a me matar,0,13,False
mano eu vou me matar n creio q o cachorro do oliver morreu,0,13,False
meu deus menino se vai me matar nuuuuuuuu,0,8,False
[USER] 😹😹😹😹😹😹😹😹😹😹😹😹😹😹😹😹😹😹😹😹😹😹😹😹😹vão me matar,0,4,False
"[USER] Hmm, esse não parece que tem um espírito obsessor querendo me matar, vamo",0,14,False
eu nao quero mais viver,1,5,False
"BABE??,(@,???@???? QUER ME MATAR CARA PELO AMOR DE DEUS",0,9,False
ESSA MULHER VAI ME MATAR,0,5,False
ele fica bem melhor sem mim,1,6,False
"[USER] Foi com 18 anos na véspera do natal, eu estava bem cansado de viver uma mentir aí me deu um surto de 5min, juntei todos da minha família e falei kkkkk hoje eu dou risada, mas no dia eu chorei muito No fim eles nao aceitaram... Escutei palavras que eu jamais deverias escutar.",0,54,False
combinei com o meu melhor amg se ficarmos velhos e sem ninguém vamos nos casar pra gente não morrer sozinho,0,20,False
[USER] [USER] Vc não vai me matar né?,0,8,False
"Ó EU FALO Q O ARB ME ODEIA E QR ME MATAR NGM ACREDITA isso era pra ser com voz, mas saiu VENENO. Ele qr me envenenar glr posso nem ouvir os maluco flr",0,34,False
caraleoooooooooooooo eu só quero dormir e ler e tomar chá eu não quero mais viver com altos níveis de produtividade durante uma pandemia trabalhando presencialmente e eu nem sei se me vacino,0,32,False
"[USER] [USER] Você quis foi me matar do coração, com um melhor amigo desses precisa de inimigo?",0,17,False
o marcelo eh mt chato vou me matar,0,8,False
"Se(eu me matar) Escreva(""foi cedo"") Senão(eu viver) Escreva(""Morre Praga"")",0,9,False
nossa vsf meu pai arrumando namorado pra mim eu vo me matar,0,12,False
os adm da camilla não se posicionaram nem quando os aliados dela estavam no paredão agora eu vou me matar pra salvar??? sou mas vocês que se matem aí,0,29,False
[USER] Quer me matar?,0,4,False
Vi um spoiler de boku no hero agora quero me matar,0,11,False
Gente eu to ouvindo tu tu tu na minha cabeca isso e um sinal que tem um demonio vindo me matar eu vou chorar😢,0,24,False
ai essa minha sindrome de amanda bynes ainda vai me matar,0,11,False
"Eu não aguento mais os professores falando q começou o segundo bimestre, isso é oq ? Uma forma de me matar ??",0,22,False
[USER] Por isso que eu sou sua amiga cara!!! Quer me matar é ficar puto comigo e não dizer pq 😡😡,0,21,False
eu juro que a billie vai me matar do coração,0,10,False
a malina ta namorando eu vou me matar,0,8,False
"[USER] [USER] [USER] [USER] [USER] Ele pelo visto fez muita confusão. Adoro quando eles são fofos com a gente da clínica, pq já perdi as contas de quantos gatos já tentaram me matar",0,33,False
nao gente eu nao vou me matar calma,0,8,False
"[USER] é igual ao da vida real, o da série já deveria estar morto faz mt tempo",0,17,False
"[USER] passei a nmr dela pra um macho e ele ta lá enchendo o saco dela no wpp, mandou um tanto de áudio aq falando que vai me matar kkkkkkkkkkkkkkkkkkkkkk",0,30,False
"ideação suicida e pensamentos de morte não são responsabilidade de NINGUÉM, é um sintoma de uma doença (depressão, ansiedade, etc) que precisa de ajuda médica não deixe ninguém te manipular com ""eu vou me matar por sua causa"", ninguém causa a dor desse pensamento",0,44,False
[USER] ju elas querem me matar desse jeito nao é possivel,0,11,False
Só um vídeo do Maicon e do Kotaka pra me alegrar enquanto eu almoço meu frango grelhado que eu queimei a panela inteira pra fazer e mainha vai me matar e de bônus perdendo a aula de química pq fui LERDA e achei que tava adiantada no horário MDS QUE ÓDIO,0,51,False
"Um apóstolo que sugeriu me matar ao invés de levar as pessoas pro mal caminho (dizer que elas podem ser LGBT e tá tudo bem), acaba de me ligar e convidar pra um bate papo com ele numa rádio da cidade! Topei pq eu to com pouco problema pra resolver.",0,50,False
[USER] nkkkkkkkkkkkkkkkkk slk vai q vc quer me matar,0,9,False
e eu que acabei de quebrar um copo e dois pratos de uma vez e minha mãe vai me matar,0,20,False
"se eu fizer isso pode me bater, ele acumulando 👁👄👁, jhonne vai me matar na porrada e nem é meme KKKKKK BLOCK",0,22,False
"[USER] [USER] Comprei um tipo esse pra minha sobrinha no shopee. Ela tá a duas semanas andando cm o microfone pra cima e pra baixo e minha irmã quer me matar. Enfim,ótimo investimento!kkkkkk",0,33,False
meu deus do céu que odio quero me matar pq meu pai inventou de baixar telegram caralho n tenho paz nessa buceta nunca na minha vida,0,26,False
"[USER] simmm, e eu achei normal os surtos de raiva dele, tipo toda a pressão pra cima dele e ainda com gente cobrando ele. Slc se eu fico sabendo que o Voldemort quer me matar e q eu sou uma das horcrux eu estaria batendo com a minha cabeça na parede",0,51,False
minha mulhe quer me matar eu tenh ctza,0,8,False
"Que ódio posso nem ignorar meu pai q o infeliz é fofo, agr eu quero me matar por ser tão ingrata",0,21,False
"Todo dia aquela pergunta "" e se eu trancasse a faculdade?"" Ai eu lembro que meus pais iriam me matar",0,20,False
[USER] vai me matar?,0,4,False
essa menina quer me matar,0,5,False
[USER] meu deus KAKAKAKAKAKAKA isso me lembrou o dia q a menina veio falar putaria cmg e falando que tava apaixonada em outra menina e q n sei oq e pediu pra eu ensinar ela a chupar bct????? e do nada um áudio do pai dela surtando falando q ia me matar 💀,0,53,False
"Ô tempo, colabore aí, a ansiedade pra ver o rostinho do meu bayby vai me matar. 🥺💙",0,17,False
[USER] E vai me matar junto 🥰,0,7,False
G- Qualquer coisa pode me matar amigo mas tenho que contar...[USER] e [USER] seu filho o [USER] foi beijado pela [USER] ...Se eles não estão namorando eu não sei oque é isso,0,32,False
ninguém pode me matar... porque eu já morri aqui :/,1,10,False
"Essa noite sonhei que os traficantes da minha cidade estavam me perseguindo, pra me matar ... Foi tipo filme de ação e até a hora que eu acordei tava viva ainda",0,31,False
começo o meu dia entrando no twitter e dou de cara com ELA tentando me matar.,0,16,False
vou me matar o biden ta pedindo,0,7,False
"""— Eu não sabia mais o que fazer. Então, agora, aqui estou, meu orgulho jogado pela privada, esperando que eu possa ficar no refúgio de solteiro do novo namorado da minha ex-namorada, e quero me matar."" KKKKKKKKKKKKKKKKKKK",0,37,False
sério a Beatriz vai me matar mano akkakakakakakkakakakkakakakakkakaka,0,8,False
nossa imagina ter que lidar com um neoliberal todo dia meu deus kkkk eu reclamando da vida e ele soltando discurso de coach eu ia me matar,0,27,False
"vou começar a ficar meio off aqui pq vou me matar de estudar pra concurso público fml, a uniter precisa de emprego também",0,23,False
"sonhei q eu tentava me matar e q minha mãe estava internada, obrigada sonho, vc me tranquiliza tanto",0,18,False
[USER] [USER] [USER] Você sabe a minha realidade pra saber se não vai me matar? Lixo humano,0,17,False
[USER] [USER] nossa amizade nunca mais foi a mesma depois que você tentou me matar - rita lee,0,18,False
"Champions league, libertadores e BBB. Se isso não é um dia bom, pode me matar. Me levem embora.",0,18,False
[USER] o cara mandou eu me matar,0,7,False
primeiro dia de invitational os cara já mete faze x liquid quer me matar do coração caraio,0,17,False
"[USER] Na época meu primo havia sido arrancado do armário e estava depre por causa disso, no mesmo mês havia lançado a 1ª temp de 13 reasons why. Minha mãe juntou esses acontecimentos e deduziu que eu queria me matar (?), viajou de RO pro PR só pra eu me assumir de forma “suave” kkk",0,55,False
meu pai tá querendo me matar hoje 🙃,0,8,False
"[USER] [USER] hahahaa eu tenho uma hernia na lombar desde 2012, de tempos em tempos ela tenta me matar",0,19,False
vão me matar,0,3,False
billie eilish vc quer me matar?????,0,6,False
O Niall ainda vai me matar algum dia serio,0,9,False
oq rolou na lista de espera da uff meu deus vou me matar,0,13,False
"[USER] Flavio tem que mostrar que ele não estar morto. essa é a sua chance. há, ele é tão quanto ao pai, nas retoricas. o circo vai bommm.",0,28,False
"crl eu nunca vi um cara falar tanta merda quanto esse maluco do coach quantico, parei na metade se não vou me matar",0,23,False
Se brinca de escorrega por que pode me matar???,0,9,False
kagiura aoaixonado pelo hirano mas ele não sabe bem como o amor funciona e ele vai descobrindo isso conforme os sentimentos dele crescem e eu to triste quero me matar nunca vou viver isso,0,34,False
"a existência está superestimada de qualquer maneira 50 anos depois, eles não se lembrarão de você estar morto",0,18,False
pra minha melhor amiga me matar ✨,0,7,False
[USER] amg odeio esta missão vou me matar,0,8,False
Minha mãe vai me matar quem amou,0,7,False
minha insegurança e meu orgulho vão me matar,0,8,False
deixei minha capinha de molho no negocio por 12h e continua amarela vou me matar,0,15,False
"eu sinto sua falta mas você está 100000 vezes melhor sem mim, e isso tira o peso na consciência de ter te deixado ir embora md",0,26,False
"Manoooo vou me matar de tanto farmar dima, mas eu pego aquele punho VTmnc, skin linda da porra (eu só quero aqle punho 🥺🥺😭)",0,24,False
A JULIA ESCUTANDO MEU AUDIO COM O MIC DA AULA ABERTO EU VOY ME MATAR,0,15,False
"[USER] O hino da esquerda Ibis Meu caminho é de pedra, como posso sonhar Sonho feito de brisa, vento vem terminar Vou fechar o meu pranto, vou querer me matar",0,30,False
[USER] //quando tu me matar bota essa no enterro!,0,9,False
"[USER] mas aí que é bom, vc paga por um ano depois não precisa mais pq todo mundo já vai estar morto mesmo",0,23,False
Cansado de viver nesse lugar imundo 👎,1,7,False
"[USER] [USER] Tu q vai me matar, assassina 😔😡",0,9,False
"É hj q minha sinceridade vai me matar, to ate vendo",0,11,False
A curiosidade de querer saber das coisas ainda vai me matar de ânsia ou fomentar inseguranças dlque também me matam 🤡,0,21,False
"que inferno, ela trancou o perfil acabou de me matar. quero saber das fofoca",0,14,False
esses sonhos um dia ainda vao me matar 😩,0,9,False
[USER] me ressucitava só pra me matar,0,7,False
"Todo dia mandam os e-mails na parte da manhã, hoje que chegou o dia tão esperado da resposta, nada ainda. Querem me matar de ansiedade mesmo.",0,26,False
[USER] Eu vim antes q vc viesse p sp só pra me matar KKKKKKKKKK,0,14,False
"Sou a cara de meu pai, vou morrer sozinho com meu rancor, igual a ele",0,15,False
"[USER] [USER] [USER] toda vez q eu dava uma gargalhada. E dizia q ia me matar. Ele entrou no metrô q já tinha saído. Eu moderei nas minhas gargalhadas em público só por conta disso. Eu olhei rápido pra esse senhor em um momento e ele tava com muita raiva e agitado, mas não desconfiei q fosse comigo",0,58,False
billie vai me matar de ansiedade,0,6,False
eu vou me matar todos os caras que sou fã flertando na minha frente,0,14,False
[USER] ele com arminha pronto pra me matar 🥰🥰🥰🤏🏻🤏🏻🤏🏻,0,9,False
toda vez q eu lembro q n mergulhei nesse lugar pra n estragar minha chapinha durante a viagem eu tenho vontade d me matar,0,24,False
eu odeio cólica vou me matar,0,6,False
O [USER] é tão BURRO jogando Zelda que dá vontade de me matar,0,13,False
[USER] [USER] SAMUEL VOU ME MATAR SE ELA COLOCAR ESSA BOMBA NO ÁLBUM,0,13,False
[USER] [USER] se eu me matar a culpa vai ser sua beatriz,0,12,False
minha mãe me deu spoiler de sombra e ossos eu vou me matar,0,13,False
eu não quero mais viver meu deus eu não aguento mais,1,11,False
só faço merda vou me matar,1,6,False
elas estao juntas no dormitório eu quero me matar.,0,9,False
eu ontem: vou me matar sem zueira 😭 eu hj: krlh que vida incrível mó paz 😋💜😍💕,0,17,False
muito boa essa sinto vontade de me matar toda vez,1,10,False
alexa toca vou morrer sozinho by jao,0,7,False
"ODEIO quando eu perco o botão de ""tweets recentes"" e tenho q subir um caralho de coisa vou me matar.",0,20,False
[USER] Antes nego queria me matar e tudo kkkkkkkkkkkk,0,9,False
fodase vou me matar,1,4,False
n fritei o ovo direito e a gema ficou mole por dentro eu quero me matar eu comi gema mole eu me odeio,0,23,False
BILLIE EILISH POR QUE 3 MESESSSS VOCÊ QUER ME MATAR?,0,10,False
Esse ai vai morrer sozinho se continuar nisso,0,8,False
"essa ansiedade ainda vai me matar, senhorr😩😅🤦🏾‍♀️",0,7,False
EU APAGUEI O KOGO DEM QUERER VOU ME MATAR,0,9,False
[USER] Deus me livre ficar sem meu amor 😪 tu ainda vai me matar do coração FDP 😢,0,18,False
Me falou pra ser paciente e calmo pq vão querer me matar na unha e cara tá muito certo,0,19,False
"O CARA ME CONFUNDIU COM MEU IRMÃO, DEVO ME MATAR?????",0,10,False
eu vou me matar de todas as formas que eu encontrar,1,11,False
essa demora ainda vai me matar de ansiedade aaaaaaa,0,9,False
"Tô achando meu perfil estranho, quero me matar",0,8,False
MY FUTURE NO ALBUM VOU ME MATAR FRACASSO JÁ PODE CANCELAR ESSA ERA,0,13,False
"[USER] [USER] [USER] [USER] Prende ele oh, ele tentou me matar, sorte que eu desviei",0,15,False
"Se o ator que fizer o Nikolai for tão carismático e charmoso quanto o Ben e ter tanta química com jessie quanto ele, malina vai estar morto feat enterrado. E então Leigh vai ter que largar seu orgulho e admitir que errou ou vai cometer o mesmo erro duas vezes.",0,50,False
Quer me matar é visualizar e não me responde 🤬,0,10,False
A GENTE VAI TA DE FERIAS MEUS DEUS EU VIU ME MATAR QUE ESSE DIA CHEGUE LOGO 😭😭😭😭😭😭,0,18,False
NAO GENTE NAO E POSSÍVEL EU VOU ME MATAR,1,9,False
"A Regina pra tinker bell quando caiu da varanda foi tipo ""eu não tentei me matar, mas se eu tivesse morrido tava mais que ótimo""",0,25,False
mano eu vou me matar,1,5,False
a faculdade ainda vai me matar de ódio ou ansiedade,0,10,False
Se um dia a velocidade me matar saiba que morri sorrindo paul Walker,0,13,False
Essas minhas dores um dia ainda vão me matar véi 😣🤦🏾‍♀️,0,11,False
"Vou encher o cu de trago e fazer loucurada com um bruxo meu, eu e ele sem carteira no carro do meu primo... vou correr o risco de matar alguém ou me matar e depois vou pedir dinheiro pra ajudar na minha cagada. Algum amigo pra fechar comigo nessa aventura?",0,50,False
[USER] se isso é estar morto meus amores,0,8,False
A porra do meu coração quer me matar 😓,0,9,False
Essa dor no estômago e essa coceira vai me matar,0,10,False
o financeiro da una ainda vai me matar de raiva algum dia 🤯,0,13,False
eu to cansado de viver a vida por viver,1,9,False
[USER] [USER] [USER] esse dinheiro bem aí pra um corte que vai sarar em 5 dias? meu deus eu quero me matar,0,22,False
ERA SO DEIXAR A GENTE ESCOLHER CUCETAAAAAAAAAA VAI SE FUDEEEER EU CAÍ NO GRUPO DO SAMURAI EU VOU ME MATAR,0,20,False
[USER] KKKKKKKK mano tem um brownie lá que parece mt bom mas deve ser 30 reais vou me matar,0,19,False
"[USER] Ah sim, vc é tipo o it a coisa? Sabe que tem permissão pra me matar fa ok?",0,19,False
[USER] Uma Boa ideia unha postiça nunca usei mas tem pequena né pq se for grande capaz de eu me matar com elas,0,23,False
eu amo o conceito dos crentes de agradeça a deus por vc nao estar morto obrigada senhor pelo mimo de nao fazer uma carreta passar por cima de mim e me mandar diretamente para o inferno vc é tudooo,0,39,False
Ele já cantou 4 músicas eu vou me matar,0,9,False
eu não quero mais viver só incomodo e atrapalho,1,9,False
[USER] que homem lindo me matar,0,6,False
desisto vou me matar eu nao sabia,1,7,False
[USER] VC QUIS ME MATAR PRIMEIRO,0,6,False
[USER] HYGOR ELES NÃO POSTAM NO TT SELA EU VOU ME MATAR,0,12,False
"ela ainda ia deixa o Damon morrer sozinho, quem faria uma coisa dessas mano!!:!:?:?:!:?:!/ s s q[USER]",0,17,False
Aiai eu só quero ver se amanhã a minha mãe vai me matar ou só me espancar mesmo 😍😍😍👼👼👼,0,19,False
"[USER] Oww meu bem,okok,n vou me matar.",0,7,False
não acredito que ela tá passando anime na aula vou me matar,0,12,False
O PULL NA MINHA SECUNDARIA EU VOU ME MATAR O NATSUME PISTOLA,0,12,False
Tenho coração fraco e sou uma pessoa muito ansiosa!!! Vocês querem me matar???,0,13,False
queria poder mandar o Getúlio Vargas enfiar o Plano Cohen no cu uma pena o desgraçado já estar morto,0,19,False
"nossa eu quero me matar de vergonha depois de ler minha conversas antigas no messenger, depois de anos sem instalar isso pra queee",0,23,False
vc vai morrer sozinho com a sua mão agindo assim...,0,10,False
Comi muito vou me matar,0,5,False
[USER] [USER] quando eles forem a gente já vai estar morto,0,11,False
"quero me matar, so de imaginar ela ficando com algm doi meu coracao, pelo menos ela vai ta feliz",1,19,False
"ultimamente tô sempre sonhando que tem alguém querendo me matar, devo me procurar?",0,13,False
"Manchei de tinta o meu pijama preferido, vou me matar 👍🏾",0,11,False
"[USER] Por mim nem grade tinha, ja iria logo pro colo do capeta, vai pra cadeia dps volta a cometer crime, melhor morto, morto não comete crime !!",0,28,False
[USER] nao vai perder se eu n me matar😏😏😏😏,0,9,False
[USER] Vc quer me matar 😭😭,0,6,False
EU VOU ME SUICIDAR,1,4,False
Não aguento mais minha vida de empreguete,0,7,False
[USER] Depois desse seu comentário vou até me matar,0,9,False
se eu namorasse o joe e depois ele terminasse comigo eu ia me matar e nem to brincando,0,18,False
[USER] vai me matar do coração,0,6,False
o ead e essa jararaca de professor vão me matar um dia,0,12,False
como pode ser um homem tão gostoso eu vou me matar,0,11,False
"Eu comprei 11 case na Shopee pro meu celular. Mainha vai me matar quando chegar, pse.",0,16,False
"[USER] Paulo Jegue vai morrer sozinho, mas nao larga o ministério. Vaidade monstruosa!!",0,13,False
"Eu estava em uma cidade onde td mundo era cego, ai eu descobri que era por causa de um demônio (ou algo do tipo) e ele queria me matar, ai teve perseguição em uma cabana na floresta, cortamos a cabeça dele, apareceu um urso e comeu a cabeça, ai o coiso possuiu o urso, acordei",0,55,False
"[USER] Poxa... Aí é complicado, o Rook eu encontrei ele a semana atrás quando o vil queria me matar, ele me ajudou e sumiu... Não temos paradeiro dele, e o ruggie abriu um restaurante com o Jamil lá na cidade dele, ele ele vai demorar pra vim, mas vou mandar o recado pra ele pd deixar",0,56,False
eu acabei de ver uma imagem da sucrose comendo o albedo com um pintao......... eu nao quero mais viver,0,19,False
"queria ter coragem de acabar com tudo, me matar ou sla",1,11,False
Eu esqueço de privar td mundo da minha família do status qnd eu posto algm tiktok ou meme q eles entendem errado só faltam me matar k,0,27,False
mds jafar ta me encarando como se fosse me matar,0,10,False
[USER] minha mãe vai me matar,0,6,False
Essa minha ansiedade vai me matar 😭,1,7,False
[USER] [USER] segunda vez que me marcam nesse video hoje meus oomfs estao tentando me matar sabem que eu nao resisto ao jinho de cabelo preto,0,26,False
fui na academia hoje com a minha mãe ela quer me matar,0,12,False
mano odeio isso q saco parece q ta todo mundo me[USER] vou me matar to falando sério,1,17,False
"porra, spotify família vai ficar 34 reais? meu padrasto vai querer me matar",0,13,False
[USER] EU NAO QUERO MAIS VIVER,1,6,False
"Eu fiz várias comprinha boba na shopee, minha mãe vai me matar 🤣🤦🏽‍♀️",0,13,False
"Mano nmrl eu gastei 5k de v-bucks no code da org pra firma receber, vou me matar kkkk",0,18,False
Todo mês eu dizendo que minha tpm ainda há de me matar,0,12,False
porém amanhã tem prova de física pra me matar,0,9,False
"Se eu não der um jeito no meu sedentarismo, ele vai me matar.",0,13,False
Nunca quis tanto me matar,1,5,False
"a lett ainda vai me matar do coração, eu tô avisando",0,11,False
ai sinceramente eu vou me matar fds,1,7,False
[USER] A PATRICIA QUER ME MATAR HAHAHAHAH,0,7,False
[USER] Mas fazer o favor de vir aqui me matar vc não vem né boneca??,0,15,False
[USER] pronto cara precisava me matar do coração assi nao,0,10,False
"minha vizinha quer me matar escutando belo, tá vindo aí o mais temido entre os brothers: a famosa bad",0,19,False
nada mais pode me matar pq eu já morri na segunda foto,0,12,False
"essa professora tá de brincadeira com a minha cara eu atrasei todas as outras matérias pra entregar as 300 atividades que ela passa de uma vez só e sem explicar, entreguei TUDO em dia e ela me deu dois de média pq uma das atividades estavam em PDF vou me matar fds",0,52,False
meu gato escuta o barulho da água e só falta querer me matar,0,13,False
"[USER] assim eu pegaria também, eu vi ela fazendo a matrícula do meu lado e ainda assim fiquei c medo, se acontecesse algo comigo mainha ia me ressuscitar pra me matar dnv de cacete 🤝tmj",0,35,False
Mano o Mafuyu cantando com o Yuki mds eu vou me matar Yuki me espera eu eu tô chegando,0,19,False
elas vão me matar sem zoeira,0,6,False
cólica vai me matar,0,4,False
bighit só falta me matar vei,0,6,False
SÉRIO PAR JISUNG PQ TENTA ME MATAR?,0,7,False
ESSA MULHER QUER ME MATAR,0,5,False
toda vez que eu tô triste eu penso em me matar,1,11,False
"Bah só vou me matar nesse projeto da facu pq preciso do money, essa lenga por dinheiro aqui em casa me enlouquece.",0,22,False
"MANO EU VOU ME MATAR SERIO KKKKKKKKKKKKKKKKKKKKKKK""menstruacao é coisa de mulher porca""",0,12,False
[USER] quer me matar do coracao,0,6,False
yuqi minha querida n tinha necessidade de vc me matar desse jeito,0,12,False
"[USER] amg ele acabou de tentar me matar, nada mais justo pagar na mesma moeda",0,15,False
Esse elenco vai me matar,0,5,False
"se eu nao me matar essa semana, nao me mato nunca mais",1,12,False
essa mulher quer me matar de curiosidade,0,7,False
Eu tô morrendo de cólica tipo eu tenho certeza que meu útero tá tentando me matar pq n é possível,0,20,False
"[USER] Não tenho fome, pão eu ainda tento, as vezes, mas quer me matar é cheiro de ovo...eu não sei como esse povo encara ovo de manha!😂😂😂😂",0,27,False
[USER] é tu q quer me matar,0,7,False
"vo comprar bolinha de piercing e colar nos lugares q eu quero furar e apenas aparecer, se meu pai n me matar ai eu vou lá e furo stonks",0,29,False
Gente pelo amor de Deus eu vou me matar,1,9,False
a minha mae vai me matar quando ela chegar em casa,0,11,False
"Tô quase fazendo uma tatuagem no pescoço hj, e escondendo com o cabelo até o mês que vem pro meu pai não me matar agr kkkkkkkk",0,26,False
Vontade de desativar tudo e me matar logo,1,8,False
"eu babo na minha gata, sei q ela sempre tenta me matar, mas amo ela",0,15,False
"mais um motivo pra me matar, se seguir assim eu não duro até meu aniversário",1,15,False
esses dois jovens lindos tentaram me matar VIOLÊCIA CONTRA O IDOSO É CRIME,0,13,False
kkkk v5 você vai me matar de ansiedade por isso vou dormir,0,12,False
"Meu aparelho vai me matar, minha boca tá toda cortada q odio",0,12,False
Eu me pergunto isso o TEMPO INTEIRO sobre tudo o que ele lança... O que ali na narrativa é real e o que é um personagem! CRL ele quer me matar,0,31,False
[USER] Eu sonhei que alguém tava tentando me matar 😢,0,10,False
[USER] E mais os mongos ficam tentando me matar,0,9,False
"eu chorando no banheiro* meu pai: luiza? cade vc? morreu ai? eu: infelizmente não ele: oloko filha, abre aí tadinho, ele acha q eu ainda tento me matar KKKKKKKKK",0,29,False
"Eu fico imaginando o Jorge nisso, eu ia me matar de rir",0,12,False
"[USER] sim, 2 delas temtadwm me matar",0,7,False
Ontem foi aniversário do meu sobrinho e eu esqueci de dar parabéns 🤡🤡🤡🤡🤡 minha irmã vai me matar,0,18,False
"[USER] é bem isso amg, e eu tô me ocupando aprendendo novos instrumentos, se não só limpar casa e ler iria me matar",0,23,False
Eu fico imaginando eu num ligar que tenha esse brinquedo cheio de criança Aí eu vou ficar rindo que nem hiena engasgada das criança se batendo e os pais delas vou querer me matar,0,34,False
E cara ele falou que ia atrás de mim na escola Por que o burrão aqui Deu todas as informações 😃👍 E o foda é que eu tava com mt medo dos meus pais descobrirem Eles iam me matar na hora Só que no dia eu não podia faltar pq era jogos e eu era titular no time,0,58,False
"spoilers soc . . . ""Sua risada me perseguia ao acordar.” “Você sempre odiou minha risada.” “Eu amava sua risada, Nina. E seu coração feroz de guerreira. Eu poderia ter te amado também.” Eu juro que vou me matar eu juro mesmo eu não aguento mais",0,46,False
a menina do meu estágio deve estar querendo me matar 🤸🏽‍♀️,0,11,False
minha mãe vai me matar quando aparecer com mais um gato em casa 🥰,0,14,False
"sobrou tanto doce do aniversário do mano, vou me matar comendo",0,11,False
[USER] vou me matar felipe,1,5,False
Ficarei o dia todo sem oculos entao so falarei aq amanha pq tenho q me matar p ver as letras,0,20,False
[USER] Minha escola quer me matar,0,6,False
"minha mãe me mandou ir almoçar e mandei foto de um todinho pra ela, to vendo que ela vai me matar",0,21,False
"[USER] Independente da questão ""nazista"" eu também não apertaria a mão de quem, caso houvesse oportunidade, tentaria me matar. Sobre o fato do nazismo, existem alguns documentários que dizem que nem todo alemão era nazistas muitos foram obrigados a se alistar ou morriam como traidores.",0,45,False
"[USER] por causa de tudo, quero me matar",1,8,False
Mamãe vai me matar se eu fazer ela gastar mais 250 reais com outra blusa do flamengo mas a do mundial ta tão lindinha,0,24,False
[USER] Amg eu gosto mt de aranha aquelas peluda grandona mas ej morro de medo dela me matar kkkkkkk agonia mas ao mesmo tempo gosto mt,0,26,False
"Pelo visto a minha vida vai ser só dor e sofrimento, então pode me matar Deus, eu n quero mais",1,20,False
"manchei minha blusa toda tentando passar um ngc no cabelo, minha mae vai me matar vou com deus",0,18,False
"[USER] não entendi nada, mas fiquei toda arrepiada e curiosa, vai me matar de novo",0,15,False
[USER] nossa depois dessa ate vou me matar,0,8,False
[USER] aff mano se for assim qualquer sonho meu envolve alguém querendo me matar ja sonhei que o lucifer queria me matar,0,22,False
a summer vai me matar mas enfimKKKKKKKK,0,7,False
sabrina vai me matar,0,4,False
real madrid e flamengo no mesmo dia é pra me matar,0,11,False
"falando nisso eu sonhei com a camila cabello querendo me matar, alguma camila ira estragar meu dia fica vendo",0,19,False
PITA QUE PAIRU FUDEU Q ODIO ELA COMENTOU UM NEGCOIO ME MATEM Q ODIOODIODOIODOIODOIODIODIDODIDDODID VOI ME MATAR SEROAAAAAAAAAAAAAAAAAAAAAAAAAAAAAAAAAAAAAAAAAAAAAAAAAAAAAAAAAAAAAAAAAAAAAAAAAAAAAAAAAAAAAAAAAAAAAAAAAAAAAAAAAAAAAAAAAAAAAAAAAAAAAAAAAAAAAAAAAAAAAAAAAAAAAAAAAAAAAAAAAA,0,18,False
"MEUS PAIS VAO ME MATAR, ELES SO SUSSEGAM QUANDO ME VEEM OU CHORANDO OU ME CORTANDO",1,16,False
[USER] [USER] [USER] Cala a boca caramba eu em. Não sei se ele tá falando que só acredita vendo meu amigo que é maior que o seu ou se é tu tentando me matar,0,34,False
"quer me matar é ficar fazendo joguinho de interesse, seus amigos não fazem isso kkkkkk",0,15,False
"Dificuldade pra dizer que ama Escrever sobre a vida é mais simples que viver Se nosso prazer só se encontra na cama Sinceramente, eu não quero mais viver (...)",0,29,False
"A Ana e a Cris quer me matar do coração, quero ver o rostinho do neném delas logooo",0,18,False
"[USER] vou me matar, ja tem das duas tb amg, escolhe alguém de fora da stan list, pode ser a bella com a devon?",0,24,False
[USER] Gi eu vou passar mal vei... esse filme vai me matar mano,0,13,False
meu deus eu sujei a mesa toda de tinta meu pai vai me matar,0,14,False
"[USER] eita prr, vai fazer oq? me matar? me atropelar? me jogar de algum lugar?",0,15,False
mds não tem jeito vou ter que me matar,1,9,False
"Então vem... me faz amar você que eu tô louco pra dizer que não vou mais te deixar, eu não quero mais viver sozinho, sem você… 🎼🤍💘",0,27,False
[USER] lembro nem o ano minha mãe só falta me matar pq na ginecologista tem que falar né,0,18,False
[USER] fofo pq se fosse cmh ia me matar,0,9,False
"esse projeto de administração vai me matar e eu não consigo fazer nada meia boca old, então eu vou acabar comigo mas vou entregar um projeto perfeito",0,27,False
[USER] q odio vou me matar,1,6,False
nossa nao to acreditando que eu tava passando os stories de boa e o menino me posta a foto de uma lacraia gigante eu vou me matar,0,27,False
Eu vou ME MATAR,1,4,False
Um minuto de silencio para essa perfeição. O Gulf sabe como me matar,0,13,False
[USER] [USER] [USER] Ele já tentou me matar..,0,8,False
"[USER] Então... Tem a ver com aquelas ameaças que te contei a um tempo atrás. Tentaram me matar, eu fui atropelado.",0,21,False
[USER] MEU DEUS GOCE QUER ME MATAR,0,7,False
Paulo Gustavo sai logo desse hospital pra vc me matar de rir e chorar no 4 anda eu confio 🙏🏻,0,20,False
"minha vida tem sido dormir, estudar, comer, malhar, chorar e tentar não me matar👍🏼",1,14,False
sim eu quero me matar,1,5,False
"bom dia, perdi todas as minhas aulas, minha mãe vai me matar",0,12,False
meu deus eu vou me matar meu deus to um passo de jogar tudo da q de cima fi,1,19,False
"Se o ódio do governo não me matar, o colesterol mata",0,11,False
A minha amiga vai me matar 🤡🤡 Te amo [USER],0,10,False
ultimo comprimido do anticoncepcional e n tem outra cartela acho que vo ter q me matar ne 😷,0,18,False
[USER] eu lembro ate hj q eu sonhei q o segurança da moto q faz uiuiui tentava me matar,0,19,False
MDS NETFLIX MEUDEUS NÃO PRECISA ME MATAR TÃO CEDO ASSIM LIMDA EIEHWJSIHWISUQIAIOQJSOQHSOQHSJQJIAJAJAJQISJOQJSIAOAO,0,12,False
eu vou ME MATAR de rir,0,6,False
"nossa acordei só agora, pq tem gente mandando eu me matar?",0,11,False
mulher que tirou a foto da minha identidade você é uma vagabunda piranha desgraça puta vadia calcinha dura nojenta eu espero que você caia da escada eu te odeio você é ridícula tomara que perca o emprego tbm eu vou me matar por sua causa e você vai receber uma carta,0,51,False
Josh vai me matar,0,4,False
deus ta implorando pra eu me matar não é possível,1,10,False
pq eu sou assim vou me matar,1,7,False
[USER] nanda eu vo me matar mano,1,7,False
"mas uma manhã nada produtiva, mds a preguiça vai me matar ainda",0,12,False
vo me matar,1,3,False
me matar pelo porr da empresa p esperarem até literalmente o último dia de contrato p me contarem que não vão renovar,0,22,False
Um aviso d q eu vo encontrar o teccho e ele vai pedir pra comer sapo dai eu vou invadir o predio do vizinho ora catar sapo pra ele e os sapos vao tentar me matar ??? Ok ent,0,39,False
[USER] VOCE QUER ME MATAR EH ISTO????,0,7,False
ESSE HOMEM VAI ME MATAR,0,5,False
"tira a máscara do meu interior, revela quem eu sou, eu não quero mais viver, como eu estou quero a sua vida em mim Senhor! Tira a máscara do meu interior, revela quem eu sou...",0,35,False
td dia eu fazendo meus amigos se sentirem desconfortáveis talvez eu devesse me matar,1,14,False
o amaro querendo me matar do coração falando que o livro nao tinha chegado,0,14,False
[USER] minha mae vai me matar por n fzr o cha dela I vote for at the,0,17,False
acho q essa pessoa pode me matar e ainda assim a maria eduarda não vai deixar de gostar dela nunca! muito bom❤️,0,22,False
qualquer dia desses meu período mesntrual vai me matar,0,9,False
vou me matar ora acabar com isso logo,1,8,False
"matando a distância tipo voodoo cês tá igual rodrigo faro, chorando por causa do... gugu! rimando mais que o kendrick chapando mais do hendrix se alguém me matar eu sou fênix de adidas, public enemy hennessy xan e lean possuído igual emily",0,42,False
"Vontade de me matar, bullying, ansiedade e disforia de gênero",1,10,False
"Ele quer me matar, sério.",0,5,False
"Se o estágio não me matar eu juro que mato o estágio! Que merda essa droga em EAD!!!!!!! Nada é realista, mas gente te que ser. Ah toma no cu! SÓ QUERO ME FORMAR! Quando tiver dando aula de vdd eu me viro, não tô aprendendo nada que já não soubesse mesmo.",0,52,False
enxaqueca ainda vai me matar um dia 😷,0,8,False
vou me matar 😜🤞🏽,1,4,False
meu deus eu amo tanto a risada do gyu vou me matar,0,12,False
[USER] o mano vou me matar,1,6,False
"Quando minha mãe descobri que fiz recarga no meu celular com o cartão dela, vai me matar ctz kkkkkkkkkkkk",0,19,False
"Você nasceu sozinho, vai morrer sozinho, conte somente com você. .",0,11,False
minha mae queria me fazer cheirar álcool essa mulher quer me matar só pode,0,14,False
[USER] Não sou que quero me matar. Paz ✌,0,9,False
tá querendo me matar do coração é jun,0,8,False
[USER] vc eh tao linda jeaus vou me matar,0,9,False
essas provas tão pra me matar,0,6,False
"Deus, me explique, pq eu sonhei quenum monstro gigante feito de tinta branca pra parede ia me matar?",0,18,False
"[USER] Sofro com isso com o vizinho de cima , tenho medo de ir falar e sei lá o cara ser agressivo e me matar 😂 q gente ri mas o que tem de gente sem noção",0,37,False
[USER] Vcs querem me matar do coração,0,7,False
na moral vou me matar,1,5,False
"Mano, hoje eu sonhei que era bióloga marinha de um projeto nos EUA e um dia fomos mergulhar pra explorar uma espécie rara de peixe. Analisando o peixe descobri que ele produzia uma substância que ajudava no combate à covid 19, aí o governo americano meio que mandou me matar kkk",0,51,False
estou indo me matar neste exato momento. adeus.,1,8,False
[USER] [USER] Essa mulher ainda vai me matar com tanta beleza 🥵,0,12,False
ai mas que estresse tpm DESGRAÇADA PUTINHA DE MERDA quero matar alguém e me matar depois,0,16,False
Essa mulher ainda vai me matar com tanta beleza... TO PASSANDO MAL CARLA DAYS 🗣️,0,15,False
"O cara dentro do ônibus falando que está na hora da morte, tá me dando vontade de descer do ônibus e ir andando, vai morrer sozinho, eu em 🙄",0,29,False
"o jao vai morrer sozinho mesmo, tadinho",0,7,False
shawn tá querendo me matar,0,5,False
[USER] bom dia best vou me matar,1,7,False
"vsf fazia tempo que não ficava mal assim, acho q nunca me senti tão idiota vontade de me matar",1,19,False
EU NÃO QUERO MAIS VIVER,1,5,False
"Sinto que tô sempre incomodando todo mundo, vou perder meu emprego e me matar",1,14,False
c verem essa foto vão me matar,0,7,False
eu queria era me matar,1,5,False
"quando eu tenho crise me sinto mt culpada pq aqui acham q eu quero estar assim, q ridiculo. minha mãe faz eu me sentir culpada por isso e ela nem percebe da vontade de me matar, só pelo peso q eu sinto q sou.",1,44,False
essa cena vai me matar de ansiedade,0,7,False
[USER] [USER] Já mandaram eu me matar por não achar o L bonito a,0,14,False
lunna clara acabou de me matar do coração após uma crise alérgica e eu achei que ela tava morrendo,0,19,False
[USER] ainda vai me matar,0,5,False
a realidade é que a vida de todos ia ser melhor sem mim,1,13,False
O GATILHO MANO EU CHORO SÓ DE OUVIR QUALQUER MENCAO DE TURNÊ AGR ELE QUER ME MATAR DE CHORAR,0,19,False
como faz para abandonar a escola sem minha mãe me matar,0,11,False
shawn tirou o dia pra me matar,0,7,False
mano do ceu esse menino ainda vai me matar do coração,0,11,False
Ele tá tentando me matar,0,5,False
"Benjamim ainda vai me matar do coração....abriu a porta sozinho e foi pra beira da escada, nunca corri e gritei tantoooo Que desesperoooo",0,23,False
Academia vai me matar essa semana de novo 😭,0,9,False
[USER] CAMPA MAIS VAI ME MATAR NÃO,0,7,False
Não ta funcionando😭😭😭 vou me matar😭😭😭😭,1,6,False
Tailane vai me matar que eu cortei o cabelo,0,9,False
Ela vai me matar do coração é hj msm 😍🤤,0,10,False
vou ter que me matar de estudar programação 🙈,0,9,False
nossa q vontade de me matar 🥰🥰🥰🥰🥰🥰🥰🥰🥰🥰🥰🥰🥰🥰🥰🥰🥰🥰🥰🥰🥰🥰puta que pariumlk,1,9,False
eu to muito ansiosa essas semanas vou me matar em crise até meu pai vir,1,15,False
"Quer me matar é contar piada pra mim,a pessoa se sentir pqp É aquilo né,quem tem boca fala o que quer😉",0,21,False
"serio, eu já to de saco cheio do colégio e dessa merda toda. Esse ano eu me formo e depois disso nunca mais piso em um colégio na vida, vou fugir até da faculdade. não quero me matar de estudar pra la na frente não conseguir ser ""alguem"" na vida.",0,50,False
[USER] ainda vão me matar qualquer dia! Dá até vontade de se apaixonar hahaha,0,14,False
"[USER] Lu- amg , tu quer me Matar me chamando de lu?🥰🔫 Sou do estado do rio , moro em rb",0,21,False
catita so faltou me matar na ultrassonografia,0,7,False
[USER] Pra ter esses álbuns imagino kkk Acredita que eu perdi uma oportunidade de ter a versão da Tiffany de IGAB?? Minha irmã quis me matar por ter escolhido um álbum do Boyfriend na época ao invés das Soshis kkk (tira fotinho da coleção dps se vc quiser xD Acho tão fofinho),0,52,False
"[USER] [USER] [USER] se fosse assim ninguém podia falar ""morta"" ou ""vou me matar"" pq é piada com homicídio e suicídio kkkkkkkkkkkk.",0,22,False
"[USER] [USER] queria ser criativa a ponto de ter sonho assim meus sonhos ou são até q bem realistas, ou extremamente ridículos do tipo minha coisa q segura bolsa ter vida e um clone do mal dela querer me matar (e eu nn conseguindo me mexer)",0,46,False
Corretor do convênio tá querendo me matar,0,7,False
"Eu aceitava Se for sequestro pra me matar, bom Se for pra ser modelo em Dubai, bom também Tudo lucro fml",0,21,False
Tirando a parte que ele queria me matar pq eu sai o final de semana todo sem ele 🥺😂,0,19,False
Tirei 7.5 na prova mais fácil do mundo alg me dá um tiro. A minha mãe vai me matar,0,19,False
carregador i luminaria de bonus ainda vai explodir e me matar besta eh o vei que vendeu so por 20,0,20,False
tava fazendo a prova esse tempo todo sem ta na aula vão me matar,0,14,False
Todo dia ele me manda umas coisas que eu me derreto esse menino vai me matar ainda kkkkk,0,18,False
a cólica vai me matar esse mês slcc😭😭,0,8,False
eca comi um chocolate de menta quero me matar,0,9,False
[USER] MAMÃE VC QUER ME MATAR,0,6,False
a gata quer me matar MAS TA LINDA PERFEITA CHEIROSA y ARRUMADA VAI COM TUDO RAINHA PISE EM TODES COM SUA BELEZA,0,22,False
essa maya vai me matar do coração,0,7,False
tentando não ficar mal pq eu dormi demais e perdi a hora da aula de hoje meu deus é só assistir a aula gravada pq meu cérebro quer me matar pq eu em 8 meses de ensino remoto perdi UMA aula UMA única vez pq tô CANSADA?,0,47,False
[USER] cadê o resultado da primeira chamada da listda de espera??? vc quer me matar do coração????????,0,17,False
[USER] PQP MULHER VC VAI ME MATAR,0,7,False
Eu já acordei querendo me matar,1,6,False
minha mãe quer me matar,0,5,False
"[USER] vou morrer sozinho, no caixão só cabe umkkkj",0,9,False
[USER] sempre foi um sinal pra eu não ser fã dele porque se fosse algum outro eu ia me matar de verdade,0,22,False
"[USER] eu usava um de arma, minha mãe ficava pra me matar mas faz parte",0,15,False
mais um dia e eu querendo me matar,1,8,False
"[USER] [USER] caralho jeca, você quer me matar?",0,8,False
"gostei da sua motivação mas eu estou no fundo do poço, posso dar até algumas risadas, mas aqui, está marcado que preciso me matar",1,24,False
a Beatriz vai me matar akakkakakakakkakakakak,0,6,False
"[USER] aff bel, quer me matar",0,6,False
"[USER] sim pqp, mó medo de chega na parte tóxica do twitter, pode ter alguém te assediando, sendo homofobico, mandando me matar, eu não tenho cabeça pra isso não",0,29,False
Toda vez que eu coloco o pé na minha casa eu tenho vontade de me matar. Incrível,1,17,False
"Acabei de entrar no Insta, Mew do céu, quer me matar do coração?! 😱😍",0,14,False
essa olimpíada vai me matar,0,5,False
Minha tia esqueceu de comprar Dangerous e Eros Vou me matar,0,11,False
[USER] [USER] [USER] SEGUNDA VEZ Q ME MANDAM ISSO. VCS QUEREM ME MATAR,0,13,False
"O início do sonho lá atrás quando era um pobre mancebo que odiava a minha própria aparência e achava que ia morrer sozinho, até que ouvi o [USER] , [USER] ,[USER] , [USER] , [USER] e [USER] falando que sim, você consegue, com suor e lábia você consegue.",0,48,False
Hoje é dia do Flamengo me matar do coração de novo,0,11,False
[USER] vou me matar 😁,1,5,False
"gente a aurea no nossa tarde para me matar? filha, posso ter aulas ou tenho que congelar a matrícula para te acompanhar?",0,22,False
"[USER] [USER] no dia q vc me matar do coração vc me paga, infernooooo",0,14,False
Tão tentando me matar essa hora do dia,0,8,False
"[USER] ele ainda vai me matar, olhe o que eu tô falando",0,12,False
Um mlk falou pra eu me matar só pq eu fqlei q eu n gostq da Dínamo e q eu gostei do pack das comidas kkkkk,0,26,False
Q odio n da pra da banho no meu cachorro sem ele me matar primeiro,0,15,False
"sinto muito pela morte da sua tia, mas vc disse que as coisas que eu falei na call te afetaram e causaram ansiedade em ti mas eu nao falei nd demais. mandaram eu me matar no meu ccat e etc e mesmo assim eu nao liguei, se fosse não é madura o suficiente pra lidar com opiniões",0,57,False
"[USER] eu tô começando a ficar com medo, vei acho que New Moon tá escondida debaixo da minha cama p esperar o momento perfeito e me matar enquanto eu estiver dormindo",0,31,False
"[USER] Vou mandar na Dm, medo de o estúdio tentar me matar Kk",0,13,False
"gente era meme, não precisa me matar",0,7,False
nunca vou esquecer do dia que sonhei com um palhaço tentado me matar des daquele dia tenho trauma com palhaço 🥶🥶,0,21,False
"Esse remédio vai me matar, comecei a tomar hoje e já estou com a boca amargando e muito muito enjoada",0,20,False
essa professora vai me matar QUE INFERNO,0,7,False
"Se eu depender da minha voz pra ser atraente eu vou morrer sozinho, ela parece a voz do Chico Bento criança",0,21,False
"Ai gente, oque alguém está esperando pra me matar?",1,9,False
"gente pelo amor de deus um dia esse homem vai me matar, eu não tava preparada pra isso",0,18,False
bem que eu podia me matar né,1,7,False
[USER] [USER] niall vc vai me matar uma hora to nem brincando,0,12,False
[USER] Faz sentido vc me[USER]!!! Olha seu nome,0,8,False
[USER] realidade: vc vai morrer sozinho,0,6,False
"[USER] Ele ainda vai me matar, não aguento mais ouvir a voz dele",0,13,False
hoje minha rinite vai me matar,0,6,False
Hoje eu sonhei que eu era uma winks e as outras winks queriam me matar,0,15,False
[USER] vai ter que me matar pra ficar com ele sua cu de fossa,0,14,False
[USER] que desilusão eu nao quero mais viver,1,8,False
SHAWN VC QUER ME MATAR PORRA,0,6,False
Minha mae vai me matar amanhã,0,6,False
SHAWN PETER RAUL MENDES VC VAI ME MATAR FILHO DA MAE,0,11,False
essa professora tá querendo me matar só pode,0,8,False
GAROTOOOOOOOO VC VAI ME MATAR,0,5,False
luísa vc acha quer me matar a essa hora da manhã,0,11,False
Chico Buarque 🤝Tim Maia Seu jorge Me matar a cada dia com suas músicas,0,14,False
ele vai me matar do coração,0,6,False
O SHANW QUER ME MATAR SERIOOO AAAAA,0,7,False
Hahahahhaha meus amigos the sendeiros querem me matar quando falo um negócio desses,0,13,False
[USER] ESSE LIVR VAI ME MATAR TA DANDO TUDO CERTO TO COM MEDO PQ AINDA N TA PERTO DO FINAL,0,20,False
[USER] vou me matar to falando,1,6,False
Eu falto me matar pra dar uma boa imagem pra cá pra vir fi de pica inventar merda de mim Se lascar,0,22,False
[USER] Véi menos de uma semana de tattoo e ele arrancou as casquinhas todas cê tem noção? Kkkkk ainda me diz que saiu sozinho kkkkkkkk é pra me matar de raiva um trem desse,0,34,False
Quer me matar d raiva e mecher nas minhas coisas sem me falar,0,13,False
SHAWN MENDES VOCE QUER ME MATAR BEHSNSKSJSUSB EU NAO TAVA PRONTA PRA TANTO MIMO,0,14,False
"Agora vou contar a triste história de 2 Neymar que se conheceram no meio da partida, ele ia me matar mas aí agachei para ele pois eu tava fazendo missão, aí ele tbm agachou para mim, aí nós vivemos felizes até que ele foi enfrentar um cara e morreu (1-2)",0,50,False
"Tá um sabão de liso o piso ainda, minha mãe vai me Matar",0,13,False
quero me matar não acredito,1,5,False
GENTE A NICOLLI VAI ME MATAR ALGUM DIA,0,8,False
Eu to apagando todas minha redes sociais e indo me matar,1,11,False
[USER] vc quer me matar ne,0,6,False
se eu contar isso p minha irmã é certo que ela vai me matar,0,14,False
vo apresentar trbalho meud eus wuenodio eu vo me matar,0,10,False
"1 ano sem ver o breno, quando vejo ele tenta me matar 🙃",0,13,False
"Um lado ruim de morar sozinho é que sempre que eu passo mal, penso que vou morrer sozinho e só vão sentir minha falta e achar meu corpo na semana que vem",0,32,False
pelo amor de deus se quer me matar me dá um tiro cara assim doi mais,0,16,False
As vezes me matar resolveriam todos meus problemas,1,8,False
[USER] Me chama de nazista e vem me matar de tanto sentar em mim 😼,0,15,False
"Tentando ensinar meu cachorro a puxar o skate, todo dia procurando uma forma diferente de me matar",0,17,False
o sotaquezinho dele vou me matar,0,6,False
"[USER] [USER] Como tu vai me matar, tem nem meu rosto",0,11,False
"[USER] eu vou me matar essa semana ainda e tu querendo cuidar do meu futuro, eh mole",0,17,False
Nessian ainda vai me MATAR de amor eu JURO,0,9,False
"Nu quer me matar de raiva, faça isso !",0,9,False
MEU DEUS SHAWN MENDES VAI ME MATAR,0,7,False
[USER] nossa amiga que professora CHATA sério eu vou me matar ela é muito chata,0,15,False
ja abri a boca pro meu irmão do presente de aniversário dele 🙃🙃🙃 vão me matar,0,16,False
se eu me matar é culpa do paulo,1,8,False
[USER] sarinha fudeu tudo lek não vai ter maracanã no final do ano minha mãe vai me matar,0,18,False
Tô salvando um monte de unha pra Fernanda fazer no dia da minha manutenção kkkkkkkkkkkkkk ela vai me matar,0,19,False
"Millena pegou o Uno da Isabelle e espalhou tudo no chão, ela vai me matar",0,15,False
"Não Faço ideia de onde tá o fone da minha mãe, ela vai me matar",0,15,False
A TELLA ESCREVEU O NOME NA CARTA ELA VAI TROCAR DE LUGAR COM A MÃE EU VOU ME MATAR,0,19,False
sofia wylie vc vai me matar neste filme.,0,8,False
vontade de me matar quando o uber n quer fechar as janelas moço vai estragar toda a minha franja,0,19,False
"[USER] Eu nunca iria receber aquele Clóvis Paiva sendo prefeito, por isso digo que seu eu fosse político essa galera iria querer me matar. Keko tem que bater na mesa e dizer que vai ter reforma agrária, pois político tem que ser viril e visionário.",0,45,False
sinusite vai me matar ctz,0,5,False
"Sonhei que meu ex tava querendo me matar, esse corno filho da puta. Já é a segunda vez que eu sonho com essa praga só essa semana.",0,27,False
Minha vó vai me matar... mas fazer o que né,0,10,False
[USER] TIA EU JA TENHO UM Meu pai vai me matar,0,11,False
Graças a indi eu sonhei que eu a [USER] tava na lalu e a [USER] me dando bronca falando q eu ia morrer e que ela ia me matar dnv. (AS SUAS PALAVRAS ESTÃO FUDENDO O MEU SONO DONA INDI).,0,40,False
FORAM 30 CARALHOKKKKKKKKKKKKK ELE VAI ME MATAR.,0,7,False
[USER] Seria ainda mais perfeita se não tentasse me matar toda vez que eu tento comer 😔,0,17,False
caralho cara quero me matar :|,1,6,False
"Queria alguém pra conversar, sinto que posso me matar a qualquer momento.",1,12,False
"vou comprar um negócio, minha mãe vai me matar, mas vou aceitar o risco pq é muito legal, mas ela vai me matar",0,23,False
Um dia essa azia vai me matar,0,7,False
SHAWN E TARZAN PAREM DE ME MATAR COM TANTA FOFURA,0,10,False
me matar talvez seja a melhor opção,1,7,False
entendi vou me matar ent,1,5,False
[USER] [USER] eu vou me matar,1,6,False
SHAWNFILHO DA PUTA TA QUERENDL ME MATAR DESGRAÇADO,0,8,False
[USER] boto mesmo EAE? VAI ME MATAR?,0,7,False
me odeio me odeio me odeio me odeio para um caralho e quero ME MATAR AGORA,1,16,False
[USER] Ai é pra me matar,0,6,False
[USER] [USER] Tu quer é me matar. Huahsuhaushuha! Eu tô malhando aqui na Machida do xopen.,0,16,False
ok vou me matar,1,4,False
[USER] MEU DEUS ANA NN se ele postar foto c aquele cabelo lambido destacando o cabecao dele eu vou me matar mas na realidade ele n vai postar nada plssss,0,30,False
"Haru você disse que ia fazer uma thread com as nossas duplas, não que ia tentar me matar do coração",0,20,False
A única coisa que eu quero agora eh me matar de 400 formas diferentes 🙏,1,15,False
Vontade de me matar.,1,4,False
minha mãe tá preocupada comigo e agora eu quero me matar,1,11,False
gente sério eu vou me matar,1,6,False
[USER] [USER] [USER] Milena tu queres me matar n é possível 😭😭,0,12,False
nunca quis tanto me matar,1,5,False
Queria estar morto,1,3,False
[USER] rê vc quer me matar essa música mds vc cantando ainda,0,12,False
shawn pelo amor de deus vc quer me matar,0,9,False
Se eu não sair logo vou me matar,1,8,False
QUER ME MATAR KEREM FILHO DUMA ÉGUA,0,7,False
nao aguento mais ser inútil pra humanidade vo te q me matar,1,12,False
Meu treino de pernas vai me matar? Todos os dias kkkkk,0,11,False
A CONTA DA VIVIAN CAIU PQ ELA MANDOU EU ME MATAR ONTEM KKKKKKKKKKKKKKKKKKKKKKKKKKKKKKKKKKKKKKKKKKKKKKKKKKKKKKKKKKKKKKKKKKKKKKKKKKKKKK,0,13,False
[USER] Tu ia ser a primeira a me matar,0,9,False
gigi quer me matar do coração hoje aaa,0,8,False
se eu me matar não vou ter aula mais né Boa ideia🤘,0,12,False
meu pai vai me matar,0,5,False
THE B VOCÊ VAI ME MATAR AINDAAAAA,0,7,False
[USER] Quer me matar que coisa lindaaaaa,0,7,False
o wes quer me matar,0,5,False
[USER] Quem mandou me estuprar em 2018 após eu ter que me mudar por conta da denúncia fiz? Quem tentou me matar colocando fio desencapado vazando corrente elétrica na geladeira da kitnet onde morava em 2019? E por quê?,0,39,False
deus me mata eu juro que você pode me matar agora me mata me mata,1,15,False
"“ Se a minha INTENSIDADE ainda for me matar, eu prefiro ter poesias e histórias pra contar” FALTAM 7 dias para meu Girah. SARINHA NO MAIS VOCE",0,27,False
[USER] Se ela me matar eu vou fica puta,0,9,False
Essa faculdade ainda vai me matar,0,6,False
rtx1660 4 mil reais. quero me matar,0,7,False
Lara vai me matar qualquer dia desses😭😭😭😂😂😂,0,7,False
"Tenho que parar de comer lanche de segunda a domingo, isso vai me matar a qualquer momento",0,17,False
"Quer me matar é mandar eu ir pagar conta, morro de medo de perder dinheiro dos outros 😏",0,18,False
jaja faz um ano que a menina disse que ia comprar uma arma e me matar quando as aulas voltarem comenta [USER],0,22,False
Vitória vai me matar,0,4,False
"[USER] [USER] CARALHOOW, quer me matar logo ? Ksskkssk aí mano te amo na moral, tava precisando ler isso",0,19,False
"Minha irmã fez panqueca e me serviu na cama, de certo ela está planejando me matar até às 20h",0,19,False
só wesley p quase me matar do coração uma hora dessa 🤡😡,0,12,False
"[USER] guilherme, eu universo já tentou me matar diversas vezes, afogado, eletrocutado, por doença, por queda, etc... você acha mesmo que eu vou morrer? eu sou imortal",0,27,False
me odeio quero me matar,1,5,False
queria contar a fofoca pras minhas amigas vou? não pq? pq com certeza elas vão me matar [USER] e [USER] AMO VOCES LINDAS NAO ME MATEM 😍😍😍😍😍,0,27,False
Meu serviço ainda vai me matar tnc,0,7,False
Amanhã tem dentista e a doutora vai me matar kkkk,0,10,False
"Eu tive um pesadelo c gatos assassinos q tavam invadindo minha casa, dps eu tive q correr d uma vaca q qria me matar Ou eu tenho um problema ou os animais me odeiam mesmo",0,35,False
hoje foi o pior dia que escolheram pra me dar folga e me deixar em casa sem nada pra pensar além de me matar,1,24,False
"mds eu *preciso* me matar, agr n é nem vontade e sim necessidade pqp",1,14,False
[USER] Vitor eu vou me matar serio,1,7,False
Esses dias mesmo sonhei que o mundo tinha sido destruído por uns monstros sinistros e a [USER] era uma vampira que queria me matar,0,24,False
mas atualizando num geral minha vida: tudo ta uma merda olha que delicia a depressao me pegou de um jeito me fodeu todinha awwn owwn minha crises tao pior e a vontade de me matar eh diaria e toda hora. to me sentindo vazia sozinha um lixo e tô achando que eu tenho alguma outra+,1,55,False
"rapa quer me matar é maltratar os outros, principalmente por picuinhas. cuidado amiga, você tá quem tá montando sua forca",0,20,False
[USER] [USER] você. quer. me. matar?,0,6,False
terminei a prova foi de boa so vou ali fora me matar,0,12,False
a ponto de me matar,1,5,False
Deixei meu celular com meus sobrinhos quase perco a ligaçao dele minha irma ia me matar kkkkk,0,17,False
obg mãe por fzr eu querer me matar todo dia da munha vida,1,13,False
[USER] qUER ME MATAR,0,4,False
Eu fiz uma merda gigantesca no Instagram do nosso evento meu professor vai me matar,0,15,False
"o colde começar com gold, é pra me matar msm",0,10,False
Faculdade pq queres me matar? vote for at the,0,9,False
"você quer me matar, é só ficar fazendo barulho comendo do meu lado",0,13,False
"nao mas ja comentei ""nossa que lindo ele solteiro?"" e tavam juntos quis me matar",0,15,False
[USER] as provas da faculdade tão tentando me matar 😔👊 obrigadaaa vida,0,12,False
não sei diferenciar lauda de página se eu me matar de escrever e ver que não tinha necessidade eu vou trancar o curso,0,23,False
não eu NÃO quero tratamento eu QUERO acabar com meu sofrimento,1,11,False
[USER] Ai tu quer me matar kkkkk,0,7,False
Lembra que eu falei que hoje ia ser bom. Mais um vez errado. Falo pessoal vou me matar,1,18,False
oi (vou me matar em breve ;-;),1,7,False
Vou tocar quarta pra eu n me matar pq nur,0,10,False
devo me matar agora ou depois?,1,6,False
