label,tweet,Happiness,Sadness,Anger,Disgust,Surprise,Fear,Sentiment,n_words
0,เป็นได้แค่คนคุย มันทรมานจังเนาะ. ?? ...,0,1,0,0,0,0,2,11
0,กุรอคุยมาทั้งวัน!! แต่ได้คำตอบสั้นๆว่า.. ฝันดี??,0,1,1,0,0,0,2,15
0,เมื่อกี้ยังอยู่กับเพื่อน ดื่มไวน์ เม้ามอยเฮฮา พอกลับถึงบ้านอยู่ตัวคนเดียว กลับกลายเป็นโคตรเศร้าเฉยเลย,0,1,0,0,1,0,2,22
0,บางคนอาจสงสัยการแอดมิดหวอดจิตเวชว่าต่างจากแอดมิดธรรมดายังไงบ้าง เราเคยแอดมิดในรพ.จิตเวชค่ะ เนื่องจาก มีแนวโน้มฆ่าตัวตาย ตอนนั้นหมอคุยๆเสร็จถามว่า แอดมิดได้ไหม เราก็โอเค จากนั่นก็มีผู้ช่วยมาพาไปทำเรื่องค่ะ เข้าวันแรกให้เข้าตึกสามัญก่อนตามประสาน้องใหม่ (1),0,0,0,0,0,0,0,62
0,ด่วน! นายกฯ ออกแถลงการณ์ แจงสถานการณ์”ปาบึก”สั่งทุกหน่วยเร่งช่วยปชช.,0,0,0,0,1,0,0,18
0,อาการมันกลับมาอีกแล้ว... ฝันถึงอาการนี้ด้วย อาการมันหนักขึ้นทุกวันจริงๆ เหนื่อยแล้ว...,0,1,0,0,0,1,2,19
0,เซนติเมตรนี่ใช่คนเดียวกับกลุ่มสไตลิสที่วางยานิ้งนางงามป่าว แค่สงสัยเฉยเฉย เด้อออออ,0,0,0,0,0,0,0,22
0,ไม่ได้หัวเราะนานแล้ว จนลืมไปว่าเสียงหัวเราะเสียงตอนตัวเองขำมันเป็นยังไง และความรู้สึกตอนนั้นมันเป็นยังไง,0,1,0,0,0,1,2,23
0,รอดูความเป็นธรรมของตวามยุติธรรม...,0,0,1,1,0,0,0,8
0,สุดท้ายแล้วความรักมันไม่สุขสมหวังเสมอไปหรอกบางทีความรักอาจจะคือการนั่งมองเขามีความสุขนั่งมองเขายิ้มกับคนที่เขารักก็ได้. ????,0,1,0,0,0,0,2,30
0,เราแค่อยากมีเพื่อนเข้าใจเราแค่นี้เองเราไม่ได้เป็นตัวประหลาดนะไม่ใช่มอนเตอร์นะเราก้แค่อยากมีใครสักคนอยู่ข้างๆเเละค่อยให้กำลังใจกันอ่ะ,0,1,1,0,0,1,2,36
0,นั่งซดเบียร์วนไป,1,0,0,0,0,0,0,5
0,ไม่เคยรักวันจันทร์เท่านี้เลย จะได้หาหมอแล้ว อาการมันแย่ลงอีกแล้ว เวรกกรมอะไรอีก,1,1,0,0,1,1,0,22
0,เค้าแค่คุยกะมึงเล่นๆๆ???? อย่าเผลอให้ใจเค้าล่ะ...,0,1,1,0,0,1,2,15
0,ครั้งนึงผมเคยบอกเพื่อนผมว่าผมป่วยเป็นโรคซึมเศร้า เค้าก็บอกผมว่าอย่าทำร้ายตัวเองนะสัญญาก่อน แต่พอสักพักเค้าก็หายไปเลย พอเพื่อนหลายๆคนเริ่มรู้ก็เริ่มตีตัวออกห่างจนทุกวันนี้ผมกล้าจะบอกใครเลยว่าผมรู้สึกยังไง,0,1,0,1,1,1,2,52
0,แกไม่มันทรมานจริงๆ มันไม่ใช่การเรียกความสนใจใดแต่มันทรมาน,0,1,0,1,0,1,2,15
0,พลังทำลายร้างมันสูง,0,0,0,0,1,0,0,5
0,มันจะมีพวกผู้ใหญ่ประเภทนึ่งที่พูดโดนไม่สนใจเด็กว่าเขาจะรู้สึกยังไง ‘การที่เทอเป็นเเบบนี้ก็เเค่ข้ออ้าง’ ‘ลองเลิกคิดว่าตังเองเป็นสิ’ กูละอยากจะตะโกนดังๆว่า ‘อีควาย!!!ถ้ากูเลือกเกิดได้กูก็อยากมีความสุขเหมือนกันเเหละสัส’,0,0,1,1,0,0,2,67
0,ภายนอกยิ้มภายในร้องไห้จนไม่รู้จะร้องยังไงเเล้ว,0,1,0,0,0,0,2,11
1,ปีนี้มีคนรู้จักผูกคอตาย ไม่รุ้สึกอะไรเลย นอกจากอิจฉา เก่งจังนะ,0,0,1,0,1,0,0,15
1,ตอนอยากตายก้ไม่อยากให้ใครมาเดือดร้อนด้วย ตอนอยากมีชีวิตอยู่ก้ไม่เก็นต้องให้ใครมาเดือนร้อนด้วยเช่นกัน ทำเองก็ดูแลตัวเอง ????,0,0,0,1,0,0,2,30
0,แกก็พยายามแก้ไขตัวเองสิ จะได้ไม่มีคนเกลียดแก... แต่แบบ เราไม่เห็นโอกาสให้เราได้แก้ไขเลยว่ะ มิหนํ่าซํ้ายังกลายเป็นตัวกลากิณีไปอีก เชี้ยเอ้ย..,0,0,1,1,0,0,2,39
0,เหนื่อย.. มีใครรับรู้มั้ย? ฉันเหนื่อย!!!,0,1,1,0,0,0,2,10
0,เหมือนเป็นตัวปัญหาให้ครอบครัวเลย,0,1,0,1,0,0,2,6
1,ไม่อยากเป็นภาระของใครแล้ว,0,1,0,1,0,1,2,7
1,บางครั้งก็อยากหายไป บางครั้งก็ถามตัวเองว่าอยู่ให้เป็นภาระคนในครอบครัวทำไม แต่ก็ไม่ได้คำตอบ แต่มีสิ่งหนึ่งที่ได้กลับมาคือ แค่ไม่อยากเห็นแม่ร้องไห้อีก ก็แค่นั้นแหละ,0,1,0,1,0,1,2,40
0,เบื่อ วันที่ไม่มีใครอยู่สักคน,0,1,0,0,0,0,2,8
0,อยากให้เธอรับรู้ถึงความรู้สึกเราบ้าง????,0,1,0,0,0,0,2,9
0,หมาดำตัวนั้น วิ่งตามฉันตลอดเวลา,0,0,0,0,0,1,0,8
0,เธอเริ่มรักเขา แต่เรายังรักเธอ,0,1,0,0,0,0,2,9
0,อิจฉาเขาเนาะ ที่มีเราค่อยอยู่ข้างๆ??,0,1,1,0,0,0,0,10
0,เบาๆ,0,0,0,0,0,0,0,2
0,พอเปนโรคนี้มันเหมือนเราสร้างเกราะกำบังตัวเองจากสิ่งรอบๆตัวทุกอย่าง ไม่สามารถเปิดใจให้ใครได้ และใครก้อไม่สามารถผ่านเข้ามาได้เหมือนกัน,0,1,0,0,0,1,2,32
0,เจ้าสาวป่วยมะเร็งตับแต่งงานกลาง รพ.เสียชีวิตแล้ว เตือนใจคนปวดท้องบ่อย อย่าคิดว่าไม่มีอะไร,0,1,0,0,1,0,2,19
0,ถ้าเราเป็นแม่คน เราจะไม่เป็นแบบแม่เรา' ถ้ารู้ว่าตัวเราไม่มีความสามารถดูแลมนุษย์คนนึงได้ ก็ไม่ควรจะเอาเขามาทรมาน ทำแบบนั้นมันเจ็บปวด เหมือนตายทั้งที่ยังหายใจ,0,1,1,1,0,0,2,42
1,ชักอยากตายอีกแล้วสิแต่จะทำยังไงล้ะให้ทรมานน้อยที่สุด มีแต่เรื่อง มีแต่ปัญหา ไอเรื่องพวกนี้ก็เกิดจากเราทั้งนั้น,0,1,1,1,0,0,2,28
1,อ่อนแอ.. อ่อนไหว อยากตาย..,0,1,0,0,0,0,2,6
0,ทำไมเวลานัดกัน แล้วมีคนอื่นมานัดซ้อนทีหลัง เธอถึงเลือกที่จะเทเราตลอดเลยล่ะ เราไม่เคยสำคัญเลยหรอ?,0,1,1,0,0,0,2,26
0,ถ้าอยากคุยเล่นๆเรื่อยๆ อย่ามาคุยกับกู? สนใจกูบ้าง,0,1,1,0,0,0,2,15
1,ไม่อยากคุยกับใคร ไม่อยากระบาย ไม่อยากเจอใคร ไม่อยากไปไหน ไม่อยากอยู่แล้ว,0,1,0,0,0,0,2,19
0,ไม่มีแผล ไม่ได้แปลว่าไม่ช้ำใน,0,1,0,0,0,0,0,9
0,ทั้งๆที่รอยทั้งหมดจะหาดีแล้วแท้ๆ ทั้งๆที่คิดว่าตัวเองต้องดีขึ้นแล้วแท้ๆ ทั้งๆที่ก่อนหน้านี้หัวเราะยิ้มได้แล้วแท้ๆ ทั้งๆที่พยายามมากๆแล้วแต่ก็ยังเป็นได้แค่ไอขี้แพ้ แย่ แย่ทุกอย่าง เหนื่อยแล้ว อยากเข้าใจตัวเองจัง แต่ไม่รู้ทำไม เพราะอะไรเหมือนกัน,0,1,1,1,0,0,2,53
0,โลกจอมปลอม,0,0,1,1,0,0,2,2
0,เอาไว้ให้ทุกอย่างลงตัว แล้วกลับมาเริ่มใหม่ไปด้วยกันนะ,1,0,0,0,0,0,1,10
0,คนที่เหมือนจะเข้าใจ แต่พอวันนี้รู้แล้ว ว่าจริงๆแล้ว ไม่มีใครเข้าใจเลย มีแต่ครที่เป็นเหมือนกับเรา ถึงเข้าใจ,0,1,0,0,1,0,2,27
0,ไม่รู้จะเริ่มจากตรงไหน??????,0,1,0,0,0,0,0,7
0,"เราคงตกนรกแล้วละ เพราะเราเล่นโกหกว่า ""เรามีความสุขดี"" ทั้งครอบครัว ทั้งคนอื่นๆ หรือแม้แต่ตัวเอง",0,1,0,1,0,1,2,22
0,ไม่อยากให้ใครรู้เลยค่ะ ??,0,1,0,0,0,1,2,8
0,ทำไมต้องอ่อนเเอ เเค่เขาไม่แคร์ จะงอเเงทำไม????,0,1,0,0,0,0,2,14
0,ผมจะฝืนตัวเองได้นานแค่ไหมกัน??,0,1,0,0,0,1,2,10
0,ไม่ได้รอเธอ แต่รอเวลา เพราะรู้แล้วว่าเวลาไม่ได้พาเธอกลับมา แต่เวลาช่วยให้ลืมเธอ,0,1,0,0,0,0,2,22
0,ไม่มีใคร เข้มแข็ง ได้ตลอดเวลาหรอก,0,1,0,0,0,0,2,7
0,ไม่มีสมาธิเลย.,0,0,0,0,0,0,0,4
0,เพราะคนแพ้ มันไม่คู่ควร,0,1,0,0,0,0,2,6
1,มียานอนหลับมั้ย แบบที่หลับแล้วไม่ต้องตื่นมาอีกเลย,0,1,0,0,0,0,2,12
0,จงทบทวนตัวเองว่าจริงๆแล้วเราแย่แค่ไหน ถึงมีแต่คนผลักออกจากชีวิต เป็นคนที่ไม่มีใครต้องการ ????,0,1,0,0,0,0,2,25
0,ไม่มีใครอยู่ข้างเราเลยสินะ,0,1,0,0,0,0,2,9
0,วันนี้พี่พุดเรื่องกินยาเยอะเด่วเป็นไตนะ อยากหายมั้ย หนุไม่พยายามเลย ล่าสุดไม่ต้องไปหาหมอ... ไปบวชแทน เค้าชอบถามว่าทำไมถึงดิ่ง ถามหาเหตุผล,0,0,0,1,0,0,2,36
0,มาพยายามด้วยกันนะคะ หาหมอ ออกกำลัง นอนให้พอ อันนี้หัวใจหลักของการรักษาโรคนี้เลยค่ะ ชอบคหสต.นี้,1,0,0,0,0,0,1,23
0,ขับรถผ่านป่า กรุณาให้เกียรติเจ้าของบ้านด้วย ???? จากดวงดาวประดับป่า กลายเป็นดาวประดับท้องฟ้า ขอมากไปมั้ย??,0,0,1,0,0,0,0,20
0,อย่าปลูกดอกไม้... ถ้าไม่มีเวลารดน้ำ ??ความรักก้เช่นกัน??,0,1,0,0,0,0,2,14
0,ค้นพบว่าการติ่งใครหรือวงใดวงหนึ่ง ก็เป็นการนำพาเราออกมาจากโลกมืดได้ดี แต่ไม่ทั้งหมด เราอาจจะมีความสุขในโลกของการเป็นติ่ง แต่พออยู่กับตัวเองก็กลับมาเศร้า คิดมาก ร้องไห้ อ่อนไหวอยู่ดี,1,1,0,0,1,0,2,42
0,ทุกวันนี้ที่ยิ้มได้ หัวเราะได้ มีความสุขได้ ไม่ใช่ดพราะครอบครัวเลย,1,1,0,0,1,0,2,15
0,คำพูดเป็นสิ่งสำคัญของโรคนี้หลายคนอาจมองว่าเขา สำออย ตอแหล เรียกร้องความสนใจ แล้วมีใครบ้างละที่ อยากทำให้ตัวเองโดนด่า ใครล่ะที่จะอยากร้องไห้ทุกคืน ใครล่ะที่ไม่อยากมีความสุข ใครที่อยากทำร้ายตัวเอง คุณไม่มีทางเข้าใจถ้าคุณไม่เป็นฉัน มันทรมานกว่าที่คุณคิด มันไม่สนุกเลย,0,1,1,1,0,0,2,63
1,ถ้าบอกแม่ว่ากำลังจะตาย แม่จะเสียใจไหมนะ ..,0,1,0,1,0,1,2,12
0,Blue ไม่ได้แปลว่าสีน้ำเงินเท่านั้นนะ ในแง่ของความรู้สึก Blue บอกได้ถึงอารมณ์ที่ซึมเศร้าได้อีกด้วย ??,0,0,0,0,1,0,0,21
0,ทุกอย่างมีเหตุผล หากไม่คิดที่รับฟัง ก็อย่าให้เราพูดถึงมันเลย,0,1,1,0,0,0,2,14
1,ถ้าชีวิตมันเหนื่อยมาก ก็ปล่อยให้มันจบๆไปเถอะ,0,1,0,0,0,0,2,13
0,บางครั้งเราก็อารมณ์ดีเมื่ออยู่กับหลายๆคน แต่พออยู่คนเดียวแค่นั้นแหละ...,0,1,0,0,1,0,2,16
0,รอยยิ้มที่สร้างขึ้นมา ทำไมมันไม่มีความสุขเลยละ หรือว่ามันปลอม,0,1,0,1,0,0,2,14
1,ทำไมชีวิตต้องมาเจออะไรเเบบนี้ด้วย. *ตายดีกว่า,0,1,1,1,0,0,2,13
0,น้ำตามันไหลมาเยือนหน้าซ้ำแล้วซ้ำเล่า,0,1,0,0,0,0,2,7
0,เราเป็นหนึ่งคนที่ไม่บอกที่บ้านว่าเราเป็น หลายๆอย่างมันทำให้เราคิดว่าดีแล้วที่เราไม่บอกเขา อย่าให้เขามารับรู้อะไรแบบนี้เลย แค่นี้เขาก็เหนื่อยกับเรามากพอแล้ว,0,1,0,0,0,1,2,41
0,ต้องคุยแบบไหนถึงจะได้คบ ? ??,0,1,0,0,0,0,2,10
0,เหมือนทุกอย่างเคลื่อนที่ไปข้างหน้า แต่ฉันกลับยืนอยู่ที่เดิม.,0,1,0,0,0,0,2,13
0,เพราะว่าตอนอยู่ก็ไม่เห็นจะมีใครรักขนาดคนในครอบครัวยังไม่รักเลย5555555,0,1,0,1,0,0,2,16
0,เเล้วเราจะกลับมาเข้มเเข็งมากพอ ในวันที่เรารักตัวเอง??,1,1,0,0,0,0,1,15
0,"ลองหยุดคาดหวังอะไรที่มันเป็นไปไม่ได้ดูไหม? ""เผื่อมันจะเหนื่อยน้อยลง""",0,1,0,0,0,0,0,17
0,ในขณะที่ผมพยายามสู้กับสิ่งที่ผมเป็น แต่คนรอบข้างกลับทำให้ผมอยากยอมแพ้ มันทำให้ผมรู้ว่า..ที่พยายามไปทั้งหมดสูญเปล่า . . ผมเสียใจนะ ผมคงยอมแพ้แล้วจริงๆ,0,1,1,0,0,0,2,38
0,ใจแม่งหวิว แม่งดิ่งอีกแล้ว ทำไมต้องเจอกับคนเหี้ยๆตลอดเลยวะ ไม่อยากร้องไห้ แต่ก็ต้องร้องออกมา ไม่ไหวแล้วอ่ะ เอาเราออกไปจากจุดนี้ทีนะ,0,1,1,1,0,0,2,39
0,คำว่ารัก คำว่าคิดถึง ที่ครอบครัวพูดออกมา เราไม่รู้ว่าเราสามารถเชื่อคำพูดของคุณได้มากแค่ไหน:(,0,1,0,1,0,1,2,25
0,ถ้าทำตัวแบบนี้ก็คงสอบไม่ติดหรอก ไม่น่าเชื่อเลยว่าจะเป็นคำพูดมาจากคนเป็นแม่,0,1,1,1,0,0,2,20
0,มึงเล่นกูส้ะ ไม่เหลือที่ให้ยืนแล้ว กูเขย่งจนปลายเล็บตีนไม่แตะพื้นแล้วไอ่สัส บัดซบ!! ??,0,0,1,1,0,0,2,24
0,ต้องการคนเข้าใจ ไม่ใช่ซ้ำเติม :(,0,1,0,0,0,0,2,7
0,เวลาเดือดร้อนขอให้เราช่วย เวลาเราขอความช่วย... หายหนีหมด,0,1,1,0,1,0,2,14
0,เราต้องเสียใจขนาดไหนถึงแกจะสนใจเราว่ะ,0,1,0,0,0,0,2,11
0,"ผมชอบคำๆหนึ่งของคุณนะ แต่มันมาวันที่คุณมีเขาอยู่แล้ว คุณพูดกะผมว่า ""ถ้าเราแต่งงานกันผมจะสร้างบ้านแบบนี้แล้วเราก็มาอยู่ด้วยกัน มีคุณมีผมแค่นั้นพอแล้ว""",0,1,0,0,0,0,0,41
0,ขอบคุณที่ทำให้รู้ว่าโดนเย็ดครั้งแรกเจ็บ แต่สุดท้ายโดนเย็ดเสร็จก็โดนทิ้ง,0,1,1,0,0,0,2,17
0,ตอนนี้ขอแค่ใครซัก?คน? ใครก็ได้ที่จะอยู่กับเราในเวลาแบบ?นี้? ????,0,1,0,0,0,0,2,20
0,คำพูดมันฆ่ากูได้พวกมึงไม่รู้หรอก??,0,1,0,1,0,0,2,11
1,ครั้งนี้มันหนักจริงๆ สัมผัสได้เลยว่าถ้าดิ่งอีกแค่ครั้งเดียว เราคงได้ไปจริงๆ,0,1,0,0,0,1,2,19
0,ต้องตอบคำถามมากมายในใจ ฉันเองไม่อาจจะหาความจริงใดใด.,0,1,0,0,1,0,2,14
0,ใครที่เคยไปพบแพทย์เขาจะถามอะไรเราบ้างเหรอคะเขาจะให้เราทำอะไรบ้างเหรอเราอยากรู้จากคนที่ไปพบมา,0,0,0,0,0,0,0,30
0,เราแสดงละครเก่งนะ ทุกวันนี้ก็แสดงว่าปกติเพื่อปิดว่าไม่ปกติ เราเก่งมั้ย,0,1,0,0,1,0,2,16
0,เลือกคนที่ทำให้เห็นว่ารัก ไม่ใช่คนที่พูดว่ารักแต่ไม่เคยทำให้เห็นเลย ..??,0,1,0,0,0,0,2,20
0,บางที่ก็เหนื่อยที่เปนแบบนี้ทำงานแทบตายรีบทำให้เสร็จ พอหัวหน้าแมร่งหาว่าเราไม่ได้ทำ แต่กับอีกพวกที่เพิ่งทำเสือกบอกว่าขยัน,0,1,1,1,0,0,2,31
0,น่าแปลกเนาะ... ?? เราจะรู้จักกันมากขึ้น กว่าตอนที่เรารักกัน พบกันครั้งแรก ก็เมื่อตอนที่เราแยกจากกันไป... FernNi,0,1,0,0,1,0,2,25
0,เอาจริงๆสำหรับบางคนแม่งไม่ต้องการอะไรเลยนอกจากใครสักคนที่สามารถทำให้ยิ้มในแต่ละวันเข้ามาเติมเต็มส่วนที่ขาดหาย แค่นั่นจริง,0,1,0,0,0,0,2,27
1,ฉันเกลียดครอบครัว พวกเขากดดันให้ฉันฆ่าตัวตาย เขาไม่มีวันรู้สึกผิด เรื่องในอดีตมันหลอกหลอนฉัน อยู่ตลอดเวลา,0,1,1,1,0,0,2,22
0,หยุดไม่ได้น่ะสิ หยุดนานงานไม่เดิน เงินไม่มี,0,1,0,0,0,1,2,13
1,ทำไมคนที่ปกติแต่ต้องป่วยเพราะpm2.5ถึงไม่ใช่คนที่ต้องการตายอย่างเรา,0,1,0,0,0,0,2,19
0,เรากำลังยัดเยียดตัวเราให้กับคนอื่นมาแบกรับความน่าสมเพช?ของเราอีกแล้ว เกลียดตัวเอง,0,0,0,1,0,0,2,17
0,เป็นตัวปัญหายังไม่พอเป็นตัวสร้างปัญหาอีก เคยมีอะไรดีในชีวิตมั้ง ไม่ต้องเอาก็ได้ชีวิตนี้ถ้ามันทำให้พวกคุณลำบาก และถ้าคุณสบายใจที่ไม่มีเราอยู่ใกล้ๆ เรายอม . Track (Lazy Day (ควัน) : Chom Chumkasian) (,0,1,1,1,0,0,2,51
0,2 -3 สัปดาห์ก่อน เพื่อนร่วมงาน อายุ45ปีขึ้นไป มาปรึกษา มีพฤติกรรม กลัวที่แคบ นอนไม่หลับ เดินเข้าห้องน้ำคนเดียวไม่ได้ ทานข้าวน้อยลง อยากขนมหวานมากขึ้น เข้าข่าย แนะนำไป ร.พ. พบจิตแพทย์ รับยาคลายเครียด ยานอนหลับ ดีขึ้นเพราะได้ปลดล็อคอารมณ์ที่ตนเก็บไว้ คือต้องการคนระบาย,0,0,0,0,1,0,0,53
0,มนุษย์มักมองเป็นตลก / เราตลกไม่ออกนะ.,0,1,1,1,0,0,2,12
1,วันนี้ท้องฟ้าสวยจริงๆนะ อยากไปอยู่บนนั้นแล้วจริงๆ,0,1,0,0,0,0,0,12
0,ไม่เคยคิดเลยเนอะว่าชีวิตจะต้องเจออะไรมากมายแค่นี้ จะต้องเหนื่อยขนาดนี้ เหนื่อยอ่ะ เหนื่อยมาก แม่งโครตท้อเลย ทำไมแม่งเหนื่อยขนาดนี้ว่ะ แต่ก็ทำอะไรไม่ได้ต้องสู้เพื่อพ่อแม่ทุกคนที่เรารัก ชีวิตยังมีพรุ้งนี้ให้เริ่มใหม่ ต้องมีสักวันและที่เป็นวันของเรา ??,0,1,0,0,0,0,2,65
0,คุณรู้ความตั้งใจของเราจริงๆไหม คุณรู้หรือป่าวว่าเราอยากทำอะไร เราชอบอะไร หรือคุณรับรู้หรือป่าวว่าเราเองก็ลูกคุณนะ,0,1,1,0,0,0,2,31
0,ยายังไม่ได้กิน555 ว่าเเล้วทำไมถึงทรมาณเเบบนี้,0,0,0,0,1,0,2,13
1,?? : กลับมารอบนี้เธอจะอยู่กับฉันนานมั้ย ? ?? : นานสิฉันจะเอาตัวเธอไปอยู่ด้วยนะ : ) ?? : จริงหรอน่าสนุกจังฉันก็อยากไปอยู่กับเธอด้วย,0,0,0,0,0,1,1,42
0,ทำไมเราร้องไห้ง่ายขนาดนี้อ่ะ ไม่เอาาาา,0,1,0,0,1,0,2,10
1,Loser มาก ขนาดจะฆ่าตัวตายยังทำไม่ได้ ไม่มีเชือก ไม่มีปืน ไม่มีถ่าน จะเอามีดมาแทงตัวเองก็กลัวไม่ตาย จะออกไปข้างนอกบ้านยังไม่กล้า เป็นได้แค่เป็ดที่ทำอะไรก็ไม่ดีสักอย่าง,0,1,1,1,0,0,2,47
0,อยู่ห้องมืดๆ เงียบๆ คนเดียวเมื่อไหร่ เกมมมมมม,0,0,0,0,0,1,2,8
0,แผลเป็นที่ด้านชาจนไม่สามารถจะบอกใคร แต่มองว่าสวยงามถึงแม้ไม่มีวันต่อไป,0,1,0,0,0,0,2,17
0,ไม่รู้หรอกว่าเราหายดีแล้วหรือยัง เราใช้ชีวิตปกติได้ แค่ยังฟัง รับรู้ คำบางคำ ความรู้สึกบางความรู้สึก และห้ามความคิดตัวเองไม่ได้ ถามว่าอยู่ได้ไหม ก็ไม่ตายนะ แต่มันต้องเก็บกดทุกๆเรื่องไว้ในใจ ไม่กล้าบอกใคร เราเลยอึดอัดทั้งตัวเองและคนที่มาอยู่ใกล้เรา (2),0,1,1,1,0,1,2,62
1,เหนื่อย เบื่อ อยากตายแล้ว,0,1,0,0,0,0,2,5
0,ทำไมแกเฉยได้ขนาดนี้วะ..,0,1,1,0,1,0,2,7
0,ตามหาเพื่อนค่ะ ชื่อ ชมพู บินไปจากไลน์จนป่านนี้ยังไม่เจอเลยแง,0,0,0,0,0,1,2,16
0,เด้ก400คน ซื้อแซลม่อนไปกินที่สวนสัตว์ และเด้กทุกคนรู้สึกเครียดที่เห็นPangolin จากนั้นเด้ก400คนก้เอาน้ำมันหอมระเหยมาดม??,0,0,0,0,0,0,0,33
0,เริ่มรู้สึกว่าไม่สบาย สิวก็ขึ้นเต็มหน้าเลย แต่อยากทำงาน..เสียดายเงิน แต่เราก็คงแย่แน่ๆ(หรือเปล่า) จะลองทำแล้วรับผลการกระทำตัวเองได้ไหม ดูพรุ่งนี้ก่อนก็ได้ ????,0,0,0,0,0,1,2,43
0,บางทีการที่เก็บไว้ในใจก็ดีกว่าการพูดออกไป ??,0,0,0,0,0,1,2,13
0,อาการมันกลับมาอีกแล้ว .,0,0,0,0,0,1,2,5
1,ผมเหมือนกำลังตกลงไปในหลุมที่มีแต่หนามแหลมคม มันค่อยๆทิ่มแทงผม ไม่มีแม้แสงไฟไม่มีแม้ทางออก ผมไม่สามารถทำไรต่อ นอกจากการอดทนจนกว่าจะหมดลมหายใจ,0,1,0,0,0,1,2,37
0,ประเทศไทยเข้าสู่โหมดแห่งการเลือกตั้งแล้ว ประชาชนจะดูข่าวเลือกตั้งอย่างไรโดยไม่เครียด และมีประโยชน์ในการตัดสินใจกาบัตรวันที่ 24 มีนาคมนี้,0,0,0,0,0,1,0,26
0,ถามว่าเหนื่อยมั้ย เหนื่อยมั้ย ต้องพักนะ,0,0,0,0,0,1,0,9
0,สำคัญบางเวลา????,0,1,0,0,0,0,2,3
0,แล้วเธอก็หายไป เหลือไว้แค่ความทรงจำ????,0,1,0,0,0,0,2,10
0,ในเฟซโครตวุ่นวายกับพวกที่ทำร้ายผม แต่ในทวิตผมอุ่นใจที่ได้ระบาย,1,0,0,1,0,0,0,18
1,ตื่นมาทำไม... ทำไมไม่หลับๆแล้ว ตายไปเลย,0,1,1,1,0,0,2,12
0,ต่อหน้าทุกคนกูคือคนปกติคนนึง เข้มแข็ง เฮฮา แต่หลายครั้งก็มีน้ำตาเวลาอยู่คนเดียว,0,1,0,0,0,0,2,18
0,ได้แต่เก็บไว้ ความรู้สึกพวกนี้ ไม่เข้าใจ อย่าตัดสินได้ไหม คุณไม่รู้หรอกว่ามีนยากแค่ไหนที่ต้องสู้กับมัน สู้กับความคิด ความรู้สึกที่พร้อมจะตายทุกเมื่อน่ะ,0,1,0,1,0,0,2,36
0,เหนื่อยก็แค่ยิ้ม ไม่โอเคก็แค่เงียบ,0,1,0,0,0,0,2,9
1,อยู่แล้วมีแต่ปัญหา อยากหายไปสักที,0,1,1,1,0,0,2,8
0,ชอบมากไหม บอกได้นะ ชอบมากนะ บอกได้ไหม,1,0,0,0,0,0,0,12
0,ยิ้มของผม... มันช่างเปลี่ยนไปเยอะเลยเนอะ???????? พวกคุณว่างั้นไหม?,0,1,0,0,0,1,2,16
1,"ถ้าวันหนึ่งฉันจากไปคุณจะรู้สึกเสียใจไหม? ,I'm going to pass away. (???)",0,1,0,0,0,1,2,17
0,กว่าจะพบว่าเป็น ตอนกำลังจะขึ้นปี3 อาการที่มองข้ามมาตลอดตั้งแต่ขึ้นมัธยมคิดว่าไม่เป็นไร จนเกือบจะเดินไม่ได้ถึงไปหาหมอ ใช้เป็นเดือนถึงพบว่าเป็น ต้องผ่าตัดกระดูกคอใส่ไทเทเนี่ยมดามคอไว้ อยู่รพ.21วัน,0,0,0,0,1,0,0,51
1,ขอโทษทุกคนที่เป็นภาระ ขอโทษทุกคนที่ทำให้เหนื่อย ขอโทษทุกคนที่เป็นตัวถ่วง ขอโทษทุกคนที่ทำให้หนักใจ แต่ถ้าขอได้ ก็ขอให้ตายไปเลยคืนนี้ ไหลตายไปเลย จะได้จบๆไป พน.ตื่นมาไม่เจอก็ลาก่อนนะ,0,1,0,1,0,0,2,48
0,ยิ่งแผลเพิ่มมากเท่าไหร่ก็นับเวลาถอยหลังมากเท่านั้น,0,1,0,0,0,0,2,11
1,โคตรอยากตายเลยว่ะ ไม่อยากมีวันพรุ่งนี้ เหนื่อย เหนื่อยไม่มีใครเข้าใจจริงๆ พอบ่น ก็มองเหมือนอ่อนแอ แล้วไงต่อ เลิกกรีดได้ ก็งั้นเราทำเพื่อตัวเอง เราทำไรก็ลงที่ตัวเองอยู่ดี อะไรที่เราทำไป นั้นเราคิดดีแล้ว,0,1,1,0,0,0,2,51
0,ตั้งแต่วันนั้นมาไม่เคยชอบชีวิตตัวเองอีกเลย,0,1,0,1,0,0,2,10
0,ระแวงทุกคนที่เข้ามา กลัวทุกคนที่บอกหวังดี กลัวทุกครั้งที่สบตา...,0,0,0,0,0,1,2,13
0,ในวันที่เราอ่อนแอ ก็อยากจะมีคนคอยปลอบ ในวันที่เราโอเคก็อยากจะมีคนคอยยิ้มให้ ในทุกๆวันที่เราเจอเรื่องตลก. เราก็อยากเล่าให้เขาฟัง แต่ทำไมมันถึงเป็นเรื่องที่หน้ารำคานสำหรับเค้าไปหมดทุกอย่าง,0,1,0,0,0,0,2,51
0,ลองเข้ามาสิ? จะได้รู้ว่าทำไมเราต้องถอยห่าง?,0,0,0,0,0,1,2,13
0,เราอ่อนแอมากตอนนั้น5555 แต่เราก็คาดหวังไม่ได้ว่าจะให้ทุกคนเข้าใจเรา ยังดีที่พอมีคนที่ยินดีฟัง และพยายามเข้าใจเราบ้าง ก็ได้แต่เก็บเอามาเล่าให้เขาฟัง ซึ่งกว่าจะมีคนที่เข้าใจได้ เสียน้ำตา เสียตัวตนไปเท่าไรก็ไม่รู้,1,1,0,0,1,0,0,56
0,เวลาดาวน์มากๆแล้วดึงสติกลับมาไม่ได้นี่คือหลุดเลยนะ แต่ก็เหนื่อยวะต้องคอยดึงตัวเองให้กลับมาตลอด,0,1,0,0,0,0,2,26
0,โมโหง่ายหัวร้อนชิบหายจะทำให้ไม่มีใครรักรึป่าววะ // อร๊ากกกกก,0,0,1,0,0,1,2,16
0,เสียใจด้วยนะคะ หลับให้สบายนะ ??,0,1,0,0,0,0,0,8
0,ตอนนี้หลงทาง หาทางออกไม่เจอ,0,1,0,0,0,0,2,6
0,วันๆนึงต้องรับอีกกี่อารมณ์ มันเหนื่อยนะ ที่ต้องรู้สึกเจ็บปวดใจอยู่ทุกวัน อยากให้ใครหลายๆคนเข้าใจใหม่นะ ไม่ได้เป็นโรคเรียกร้องความสนใจ...,0,1,1,0,0,0,2,32
0,ความเครียดของฉันทำไมมันเยอะจังนะ ทำไมฉันต้องมีความคิดแบบนี้ด้วย,0,1,0,0,0,0,2,15
1,ถ้าสามารถลองตายได้ มันคงจะดี...,0,1,0,0,0,0,2,9
0,การที่จะรักใครสักคนได้มันไม่ใช่เรื่องง่ายๆเลยนะ????????,0,1,0,0,0,0,2,15
0,'อยู่กับกูได้ไหม ไม่ไปไหนได้ไหม กูสัญญาว่าจะไม่ทำตัวงี่เง่า ไม่ทำตัวน่ารําคาญ ขอแค่มึงอยู่กับกูได้ไหม'' คำพูดของคนโง่แบบกูในวันนั้น ... 'ทุเรศสิ้นดี',0,1,1,1,0,0,2,45
0,I know l'm not the best ฉันรู้ฉันไม่ใช่คนที่ดีที่สุด ?,0,1,0,0,0,0,0,17
0,นานๆถี่????,0,0,0,0,0,0,0,3
0,โดนเหมือนเดิมซ้ำๆ แกร่งแค่ไหนก็พัง การทายามันแค่ปกปิด พอสะกิดมันก็เหวอะ,0,1,0,0,0,0,2,18
0,ต่อให้รวยล้นฟ้าแต่ถ้าไม่มีปัญญาหาความสุข ก็เหมือนตกนรก,0,1,0,0,0,0,2,13
0,เป็นเด็กโชคร้ายที่ถูกบังคับมาตลอดชีวิต,0,1,0,0,0,0,2,8
0,รับปรึกษาปัญหานะคะ????? rt ตามทัก ทุกกันได้ทุกเรื่องเลยค่ะ อยากระบายอะไรก็ได้ค่ะ ลาลันจะรับฟังเอง!?? เรื่องไหนที่ไม่มีคนรับฟังทักมาหาลาลันนะคะ สัญญาเลยค่ะว่ามันจะเป็นความลับของเรา??????,1,0,0,0,0,0,1,48
1,ทำไมรู้สึดโดดเดี่ยวอยู่คนเดียวนะ เหนื่อยกับทุกสิ่งที่เกิดขึ้นเหนื่อยกับทุกอย่าง อยากหลับไปแบบไม่ต้องตื่นมาเลยอยากลืมทุกสิ่ง,0,1,0,0,0,0,2,26
0,มันก็เป็นแค่ภาพติดตาและความทรงจำแต่แค่มันยังติดอยู่ในหัวใจและความคิด,0,1,0,0,0,0,0,17
0,แปลกนะฉันจำได้ว่ามีอยู่1ครั้ง ที่แม่ฉันบอกให้ฉันระบายออกมา ร้องไห้ออกมา พอฉันทำแม่ฉันบอกให้ฉันเงียบให้ฉันหยุดร้องแล้วทุกอย่างจะดีขึ้น,0,1,0,1,1,0,2,36
0,ทุกเพลงมักจะมีคนบางคนซ่อนไว้เสมอ.,0,1,0,0,0,0,0,10
0,ทนกับคำว่า ไม่เป็นไร ชั่งมัน ไม่คิดมาก เอาใหม่ รอบหน้า ที่จริงมีเยอะและแต่จะไม่เอาใครเป็นภาระอีกละ,0,1,1,0,0,1,2,26
1,อยากหายไปแล้วจริงๆถ้าจากโรคไม่ได้ก็ช่วยทำให้ตัวฉันหายไปทีเถอะ?,0,1,0,0,0,1,2,20
0,พอเถอะกับคำว่ารัก?? กูกลัวแล้ว????,0,0,0,0,0,1,2,11
0,วันหนึ่งเราจะยอมแพ้ กับสิ่งที่เราเคยพยายามกับมันมากถึงมากที่สุด ??,0,1,0,0,0,0,2,17
1,ผูกคอตายก็แล้ว กินยาเกินขนาดก็แล้ว เอายามากินกับเหล้าก็แล้ว ถ้าไม่มีใครเอาของมีคมในห้องไปซ่อน ป่านนี้คงได้ตายสมใจแล้วหล่ะ เป็นตัวน่ารังเกียจ สร้างปัญหา การถูกข่มขืนตอนเด็ก ทำให้เราป่วยจนถึงวันนี้ และมันหนักขึ้นเพราะแรงกดดันทางสังคม งาน เงิน ครอบครัว อยู่ไม่ไหวแล้ว,0,1,1,1,0,0,2,60
0,ถ้ามึงยังติดเกม มึงก้อไม่ควรมีแฟนป่ะว่ะ,0,0,1,0,0,0,2,13
1,เราไม่น่าเกิดมาเลยเถอะ,0,1,0,1,0,0,2,7
0,ดวงจันทร์ที่คุณหมายปอง ครอบครองไม่ได้นะ(?•??•??),0,1,0,0,0,0,0,9
0,ต่อหน้าชมว่าเยี้ยม ลับหลังคอยเสี้ยม ให้คนละเลาะกัน..??,0,0,1,1,0,0,2,12
0,อยากไปนั่งโง่ๆอยู่ริมทะเลคนเดียว.,0,1,0,0,0,0,0,9
0,ขนาดภาพถ่ายยังไม่ชัดเจน นับประสาอะไรกับใจคนว่าเขาจะชัดเจนกับเรา... แม่งเอ้ยย!! ????????,0,1,1,0,0,0,2,22
0,ก่อนเข้าห้องสอบ อย่างกับนางฟ้า พอออกมาอย่างกับศพ,0,1,1,0,1,0,2,12
0,ฟ้าใจร้ายที่ให้เรารักกัน แต่ก็ต้องเลิกกัน,0,1,0,0,0,0,2,11
0,คนขับเก๋งควรถูกยึดใบขับขี่ ไม่ให้ขับขี่ตลอดชีวิต,0,0,1,0,0,0,0,10
0,ทุกคนบอกฉันเป็นคนร่าเริง ไม่น่าเป็นโรคนี้หรอก แต่ฉันกลับคิดว่าฉันมีสองคนคนที่ร้องไห้จะเป็นจะตายกับอีกคนที่คอยแต่ยิ้มรับทุกปัญหา ฉันเลือกที่แสดงด้านที่ดีออกไปแต่ใจฉันมันชาหมดแล้ว,0,1,0,0,0,1,2,53
0,คนใกล้ชิด คนสนิท เพื่อน ครอบครัว คนรอบข้าง คือคนที่น่ากลัวที่สุด.,0,1,0,0,0,0,2,12
0,เราไม่รู้ว่าอาการเราหนักจริงหรือเราคิดไปเอง การแยกความคิดกับความจริงไม่ออกนี่มันแย่นะ,0,0,0,0,0,1,2,24
0,หิ้วข้าวจากที่ทำงานมาให้ กะเอามาให้กิน แต่โบ๊ไม่อยู่ละ ?? ?? ๒๒ กุมภาพันธ์ ๒๕๖๒ โบ๊ ?? @ Home Jangjubjub - กลางดง,0,1,0,0,0,0,2,29
0,สังเกตตัวเองอยู่สักพักล่ะ หลายๆอาทิตย์ที่ผ่านมากลายเป็นคนเก็บอารมณ์ไม่อยู่ โมโห หงุดหงิด ไม่พอใจกับอะไรทั้งนั้น กลายเป็นคนนิสัยไม่ดีไปเลยอ่ะ,0,1,1,1,0,0,2,30
0,มีอาการหลายอย่างที่เป็นสัญญาณเตือนของโรคหัวใจ ที่กลัวเพราะแม่ก็เป็น แต่ไม่คิดจะไปตรวจหรืออะไรเลยคือปลงมากลุกขึ้นมาทำทุกอย่างที่แม่อยากให้ทำ ถ้าไม่มีเราแม่ยังมีน้อง ส่วนเกินน่ะหายไปเงียบๆ ก็ดีแล้ว,0,1,0,0,0,1,2,50
0,เหมือนพ่อแม่จะเข้าใจ แต่ไม่เลย,0,1,0,0,0,0,2,6
1,บางทีอยากจะหายจากโรคนี้ แต่บางทีก็อยากจะหายไปจากโลกนี้,0,1,1,1,0,0,2,16
1,ผมฆ่าตัวตนของผมไปแล้ว...,0,1,0,0,0,0,2,8
0,ภาพหลอนยังคงคอยซ้ำเติมฉันเสมอมา,0,0,0,0,0,1,2,6
0,กินยาไม่ครบ ตื่นกลางดึกเลยจ้า,0,0,0,0,1,0,0,8
0,ใครก็ได้ช่วยดึงฉันออกไปจากสิ่งนี้ที.,0,1,0,1,0,1,2,11
0,เคยเป็นคนยิ้มเก่งแต่ตอนนี้อ่อนแอเก่ง,0,1,0,1,0,0,2,9
0,อยากร้องอีก แต่บอกตัวเองว่าพอก่อน,0,0,0,1,0,0,2,9
0,"ผมรักคุณไม่แพ้เขา แต่คุณรักเขา ""ไม่ใช่ผม""",0,1,0,0,0,0,2,15
0,ถ้าอยากจะพูดอะไร พูดออกมาเลยก่อนที่มันจะสายเกิน,0,1,0,0,0,0,0,13
0,ทำไมหรอ หรือเพราะเราร่าเริงมาตลอดเพราะเราทำตัวเข้มแข็งและปกป้องคนอื่นมาตลอด... แล้วเราจะไม่มีสิทธิ์เป็น เลยหรอ... แต่ชั่งเถอะเราเป็นไปแล้วบอกพวกคุณไปแล้ว..พวกคุณเองก็รับรู้ทุกอย่าง ตอนนี้เรายังสู้กับความคิดตัวเองไหว แล้วถ้าวันนึงเราไม่ไหว... ละ,0,1,1,1,0,0,2,60
0,ทำตัวร่าเริง ทั้งๆที่ดิ่งคือโคตรฝืน,0,1,0,1,0,0,2,8
1,ขอให้คืนนี้หลับไป แล้วไม่ตื่นขึ้นมาอีกเลย.,0,1,0,0,0,0,2,11
0,เอาอีกสิ พังมันอีก เอาให้ขาดใจไปเลยสิ เอาให้ตายไปเลย,0,0,1,0,0,0,2,17
0,ฉันแต่งนิทานใว้1เรื่อง มีตัวละครหลักอยู่3ตัว รอง2ตัว มี รูดอฟท์ (แมวเปอเซีย) แดนี่ (หมาซามอยด์) ฝ่าบาท (เจ้าชาย) แต่หารู้ไม่ว่า ตอนจบเจ้าชายต้องตาย แต่ฉันไม่อยากให้เขาตาย ถ้าเราดัดแปลงเล็กน้อย เจ้าชายจะอยู่รอดไหมนะ? รึต้องตาย? มาดูกัน:),0,0,0,0,0,0,2,66
0,ฝันดีนะ แม้ว่าจะต้องข่มตานอนก็ตาม,0,1,0,0,0,0,0,8
0,มันไม่ใช่ ความผิดพลาด มันคือ ความผิดเพี้ยน ของชีวิต,0,0,0,0,0,1,2,10
0,อะไรคือความสุขของเรากันเเน่วะ,0,1,0,0,0,1,2,8
0,อะไที่มันหายไปแล้ว ..,0,1,0,0,0,0,0,8
0,หรือฉันควรจะรอคอย กับวัน... ที่ไม่มีจริง,0,1,0,0,0,0,2,11
0,ไม่ได้กิน คนหยั่มกุ แต่นวล ฟราย มรึงให้ เมียซักผ้า ย้ำ ให้เมียซักผ้า บร้าาาา ???? ไม่ไปฟังพระนะ หลับให้สบาย,0,0,1,0,0,0,2,30
0,ป๊อบ โดน แฟนคลับ เท,0,1,0,0,1,0,2,4
1,เราก็ยัง... ตื่นขึ้นมา .. ทรมานอีกวัน,0,1,0,0,0,0,2,10
1,เหนื่อยอะ.. เหมือนไม่อยากจะอยู่เพิ่อรับอะไรอีกแล้วอะ..,0,1,0,0,0,0,2,14
0,จะรักเธออย่างนี้ แม้ไม่มี เธออยู่เดินร่วมทาง ??,0,1,0,0,0,0,2,12
0,จมให้สุดไปเลย ไม่ต้องขึ้นมาอีกแล้วว,0,1,0,1,0,0,2,10
0,"คนไม่เข้าใจ นี่ก็น่าเวทนานะ เพราะ ""ความเห็นอกเห็นใจคนอื่น"" มันมืดบอด ทำให้ตัดสินคนมีภาวะ ตามประสบการณ์ของตนเองฝ่ายเดียวและเหมาครอบจักรวาล บ้างก็ว่าโรคเอาแต่ใจ เรียกร้องความสนใจบ้าง คนมันมืดมิดในจิตใจแล้ว ไฉนไยจะต้องข้องเกี่ยวกับพวกเขาล่ะ ปล่อยเขาเชื่อไป โถ",0,1,0,1,0,0,2,56
0,สวัสดีมนุษย์ซึมเศร้า วันนี้เรามีคำถาม ถ้าหากเราเป็นผู้ป่วยที่อาการดีขึ้นเเล้ว เเต่คนที่เรารักมากๆ ดันมาเป็นเเทน พอเราคุยกับเค้าเราจะดาวน์ลงมากๆ เราควรทำยังไงดี เฮ้อ,0,1,0,0,0,1,2,44
0,อย่ามาตัดสินเรา ด้วยกฎเกณฑ์ของสังคม คุณไม่มีทางรู้หรอก ในแต่ละวันเราต้องเจอกับอะไรบ้าง อย่าเปรียบเทียบ เพราะความอดทนของคนมีไม่เท่ากัน ดังนั้นใครดีกว่า ก็ช่างห่าเค้าดิ,0,1,1,1,0,0,2,37
0,อย่าคิดมาก คำนี้อย่าบอกเรา ไปบอกสารเคมีในสมองเราดีกว่า เราพยายามเลิกคิดมากมาหลายปีแล้ว มันไม่ง่าย,0,1,1,0,0,0,2,25
0,ขอพื้นที่นิดนึงนะ??,0,0,0,0,0,0,0,5
0,คนบางคนไม่รู้อะไรแต่เขาก็ให้กำลังใจแต่คนบางคนที่รู้ทุกอย่างกับเหยียบย่ำ,0,1,0,0,1,0,2,17
0,เช้าวันนี้ตื่นมาพร้อมกับข่าวของการสูญเสีย ไม่มีงานเลี้ยงใดที่จะไม่มีวันเลิกลา แต่ใครจะเป็นคนเดินออกจากงานเลี้ยงนั้นไปก่อน ??,0,1,0,0,0,0,2,31
0,ทำไมไม่เข้าใจ.,0,1,1,0,0,0,2,4
1,ข้างนึงข้อมือ ข้างนึงมือ55555,0,0,0,0,0,0,2,7
0,ท้องฟ้าในแต่ละวันมันไม่เหมือนกันเลย ก็เหมือนคนคนหนึ่งแหละ เปลี่ยนตัวเองได้ทุกเวลา :(,0,1,0,0,0,0,2,18
0,??ทำไมเราต้องแคร์คนอื่น ทั้งๆที่คนอื่นไม่เคยแคร์เรา,0,1,0,0,0,0,2,13
0,การที่เราจะรู้สึกกับใครสักคน มันยากนะเพราะมันไม่ใช่แค่กับใครก็ได้.,0,1,0,0,0,0,2,20
0,ขอแค่ใครสักคนที่เข้าใจ,0,1,0,0,0,1,0,7
0,[USER] อยากให้พี่ได้ฟังครับ สวัสดีครับทุกคนผมอาร์ม อย่ายอมแพ้ครับทุกคนลองอ่านบทสัมภาษณ์ผมและฟังเพลงนี้ไปด้วยกันเปิดใจให้มากกว่าหูและรู็สึกถึงโรคนี้ให้มากขึ้นผมเป็นกำลังใจให้ทุกๆในสังคมไทย,1,0,0,0,0,0,1,47
0,ไม่ฆ่าตัวตาย เพราะกลัวไม่ตาย,0,1,0,0,0,1,2,6
0,คุณคนเก่งของพีช ตอนนี้ยังโทษตัวเองอยู่รึเปล่า ไม่โทษตัวเองแล้วนะ เรื่องผิดพลาดที่เกิดขึ้นไม่ว่าจะเป็นเรื่องไหนก็ตาม คุณคนเก่งไม่ผิดนะ ทุกอย่างย่อมมีความผิดพลาดครับ อย่าโทษตัวเองเลยนะคุณคนเก่ง ถ้ามีเรื่องเครียดพีชจะรับฟังคุณเอง คุณคนเก่งยังมีพีชอยู่ข้างๆนะครับ ????,0,0,0,0,0,1,1,59
0,แพ้หมดท่าเลยครับ .,0,1,0,0,0,0,2,5
0,เพียงแค่นึกถึงวันพรุ่งนี้แล้วคิดว่าเราต้องผ่านพ้นไปให้ได้,0,1,0,0,0,0,0,11
0,พอยิ่งโต story ในชีวิตมันก็ยิ่ง dark ขึ้น,0,1,0,0,0,1,2,11
0,เรื่อง สมควรเอามาล้อเล่นไหมอ่ะแล้วคอมเม้นก็มีแต่สนุกสนาน คนที่เขาเป็นโรคนี้จริงๆจะถูกมองยังไงไม่ขำอ่ะเหี้ยมาก ????????,0,0,1,0,0,0,2,30
0,ตอนนี้ลองเขียนบันทึกอาการป่วยของตัวเองลงเว็บ Storylog และ minimore คือไม่รู้ว่าอันไหนดีกว่ากันเลยลงทั้ง 2 ที่เลย แต่สำหรับเรา เรารู้สึกว่า Storylog เหมือนห้องเล็กๆ ที่มีโต๊ะเขียนหนังสือ โคมไฟสีส้มให้ความอบอุ่น แต่ minimore เรารู้สึกถึงพื้นที่โล่งกว้าง แต่กลับอึดอัด,1,0,0,0,0,0,2,54
0,จะบอกพ่อแม่ยังไงดี เราคิดว่าเราเป็นเพราะพ่อแม่นี่แหละ5555555 ไม่อยากบอก ไม่อยากเป็นภาระเลย เดี๋ยวก็มีเรื่องค่าใช้จ่ายอีก แต่รู้ตัวเองว่าตัวเองเริ่มไม่ไหวแล้วอ่ะ,0,1,0,1,0,1,2,37
0,เราทำได้ แค่ต้องใช้เวลา ?,0,1,0,0,0,0,0,6
0,เหนื่อยกับอาการแบบนี้ ขอบคุณที่พูดคำนั่นตอกหน้า,0,1,1,0,0,0,2,10
0,ทุกคน คือเรามีปัญหา เราเป็นคนใช้สายชาร์จแบตและหนูฟังไม่ทนเลย เราใช้งานปกตินะ แต่พอใช้ไปใช้มา ก็ชาร์จไม่เข้ามั่งละ หูฟังก็ไม่ได้ยินบ้างละ ตอนนี้พวกสายชาร์จกองถมที่ได้แล้วว มีต่อ??,0,0,1,0,0,0,2,50
0,ใครอยู่โคราช รบกวนแแนะนำ รพ. หรือ คลินิก เกี่ยวกับโรคนี้หน่อยค่ะ พอดีเราพึ่งย้ายมาโคราช ยังไม่รู้อะไรเกี่ยวกับที่นี่เลยค่ะ คิดว่าตัวเองเป็น ค่ะ ตั้งแต่ปีที่แล้ว แต่ตอนนั้นยังไม่คิดว่าจะหาหมอค่ะ เพราะอยากตายมากกว่า แต่ตอนนี้อยากหายแล้ว รบกวนด้วยนะคะ,0,0,0,0,0,1,0,58
0,ภาวะซึมเศร้า หลังคลอด ความเสี่ยงอันตราย ที่คุณแม่ต้องรู้ via [USER],0,0,0,0,0,0,0,12
1,ผมไม่มีค่าอยู่เเร้ว ตายไปก้อไม่มีใครสนใจด้วยซ้ำ,0,1,0,1,0,0,2,13
0,มันดิ่งมันคิดอะไรไม่ออกไม่มีกะจิตใจจะทำอะไรเเล้วว... อยากดึงใครบางคนเข้ามากอดโดยที่ไม่ต้องมีข้อเเม้อะไร อยากมีความรู้สึกที่เหนื่อยเเต่รู้ว่าไม่ได้อยู่คนเดียว,0,1,0,0,0,1,2,37
0,"เด็กขนาดนี้เป็นโรคนี้ด้วยเหรอ? ""โรคตอแหล"" ""สำออย"" ""เรียกร้องความสนใจ"" ลองมาเป็นดูสิ แล้วจะรู้ว่าเรียกร้องความสนใจมั๊ย มาเป็นดูสิว่าเครียดขนาดไหน มาเป็นดูสิว่าต้องแกล้งเข้มแข็งเท่าไหร่ มาเป็นดูสิว่าในใจอยากตายมากแค่ไหน มาเป็นดูสิว่าอายุเท่านี้ต้องเจอกับอะไรบ้าง",0,1,1,0,0,0,2,72
0,ถ้าคุณรักเรา คุณจะไม่ทำแบบนี้กับเรา,0,1,1,0,0,0,2,11
1,อยากหายไป,0,1,0,0,0,0,2,3
0,ความรู้สึกที่ร้องไห้ไม่ออกเเม่งโครตเเย่ รู้สึกเเค่มันจุกว่างเปล่าไปหมดมันเเย่มากจริงๆ,0,1,0,0,0,0,2,19
0,ขอให้คุณโชคดีนะ...,0,1,0,0,0,0,1,5
0,ต้องกินยานานแค่ไหน โดย สมาคมจิตแพทย์แห่งประเทศไทย,0,0,0,0,0,0,0,12
0,บางทีก็อยากให้ปีศาจหายไป บางทีก็อยากให้ปีศาจกลับมา เพราะเราไม่มีนาย ก็คือเราไม่มีใครแล้ว :),0,1,0,0,0,1,2,26
0,ให้น้ำตามันได้หลินไหลออกมา..,0,1,0,0,0,0,2,8
1,ถ้าเราบอกว่าเราอ่อนแอ เรายอมแพ้ มันจะสามารถจบทุกอย่างได้ไหมอะ เพราะถ้าได้เราจะทำ ในเมื่อสิ่งที่เป็นอยู่ตอนนี้เราไม่มีความสุขเลย,0,1,0,0,0,1,2,32
0,กระดาษที่เธอขยำก็เหมือนกับใจของเราต่อให้เอาไปรีดยังไงก็ยังมีรอยยับอยู่ดี,0,1,0,0,0,0,2,19
0,ผมไม่เป็นไร คุณล่ะโอเคมั้ย??,0,1,0,0,0,0,0,7
0,ดึกแล้ว?เรามานอนกันเถอะนะ? วันนี้ทุกคน?พยายาม?กัน?ดีมากแล้ว? ทำทุกอย่าง?เต็ม?ที่แล้ว? พรุ่งนี้?เราจะผ่านไป?ได้?ด้วยดี? เราค่อยๆไปพร้อมๆกัน?,1,0,0,0,0,0,0,45
0,ฉันไม่ใช่ปาล์มมี่ค่ะ ที่จะคิดมากอะ ตื่นค่ะตื่น,0,0,1,0,0,0,2,12
1,ไม่เคยแม้แต่กรีดข้อมือ เพราะไม่อยากให้ใครมองว่าเรียกร้องความสนใจ แต่เลือกกินยาจะโอเวอร์โดส จะได้ดูเหมือนแค่หลับไปเฉย ๆ แต่จะโอเวอร์โดสกี่ครั้ง สุดท้ายก็ต้องตื่น,0,1,0,0,0,1,2,37
0,มันเป็นเรื่องแย่ที่ฉันต้องร้องไห้ซ้ำๆ ใครๆต่างก็พูดว่าทำไมฉันถึงไม่ทำแบบนั้นแบบนี้... ฉันพยายามแล้ว... ขอโทษด้วยที่ทำไม่ได้: ),0,1,0,0,0,0,2,33
0,ชอบมากๆเลยนะไม่ได้หมายถึงท้องฟ้า แต่หมายถึงคุณ???,1,0,0,0,0,0,1,13
0,ร้องให้กับใครได้บ้าง ไม่ชอบความรู้สึกนี้เลย อยากจะร่าเริง เพื่อกลบความคิดหงุดหงิด แต่ทำไมไม่รู้มันหงุดหงิด มันกดดัน กดดันตัวเองไม่พอยังจะกดดันคนอื่นอีก,0,1,1,1,0,0,2,35
0,มันคงเป็นเวรกรรม,0,1,0,0,0,0,0,4
0,ตอนนี้ผมรู้สึกว่าตัวเองเป็นอ่อนแอมากๆเลยครับ ไร้ค่ามากๆเหนื่อย????,0,1,0,1,0,0,2,16
0,สำหรับเรากินยามา3ปี คิดว่าดีขึ้น เคยหยุดยาเอง 6 สัปดาห์ 2-3 สัปดาห์ อารมณ์แบบ เฮ้ย!อยู่ได้ว่ะ แฮปปี้มาก สัปดาห์ที่ 5 เริ่มเหวี่ยง เหงา หนาว สั่น วิ้งๆเวียนๆ ดิ่ง ดาวน์ ครบ วูบ แอดมิท เริ่มรักษาใหม่แต่ต้น จะบอกว่าในทุกวัน แฮปปี้แค่ไหน อย่าหยุดยาจนกว่าหมอจะสั่ง,0,0,0,0,1,0,0,65
0,รู้ว่าปลายทางแสนยาวเดินยังไงก็ไม่ถึง ถ้าคุณไม่เดินหนีเราคงได้รักกัน,0,1,0,0,0,0,2,20
0,ไม่รู้ว่านานเเค่ไหนเเล้วที่เป็นเเบบนี้พอรู้ตัวอีกทีก็หลับไปพร้อมยาทุกคืน...,0,1,0,0,0,0,2,21
0,มองรูปตัวเองสมัยก่อนเเล้วกลับมามองที่พุงตัวเองตอนนี้,0,1,0,0,0,0,0,11
1,ถ้าตายได้ก็ดี เหนื่อยเหมือนกัน,0,1,0,1,0,0,2,6
0,กุเหมือนคนบ้าประสาทหลอน พร่ำเพ้อ อ้อนวอน จมดิ้ง สับสน ไม่รู้ต้องไปต่อยังไง ต้องลุกเดินไปทางไหน สิ่งที่เคยมีมันขาดหายไป สิ่งที่จะเกิดขึ้นมาใฟม่ตอนนี้ก็หายไปแล้ว,0,1,0,1,0,1,2,38
0,คับป๋าเลง,0,1,0,0,0,0,0,3
0,จะดิ่งลงเหวอีกแล้ว รอบนี้เหวลึกซะด้วยเห้ออออชีวิตกู ...,0,1,0,0,0,0,2,17
0,มีคนบอกว่าถ้าฉันผอมจะได้มีแฟน ไม่มีใครบอกให้กูลดเพื่อนสุขภาพเลยทั้งๆที่กูอยากลดน้ำหนักเพื่อสุขภาพตัวเอง555,0,0,0,1,1,0,0,30
0,ถ้าโลกมันกลมจริง วนกลับมาเจอกันอีกสักครั้งได้มั้ย,0,1,0,0,0,0,0,12
1,เราไม่ได้อยากรู้สึกแบบนี้เลย ทุกครั้งที่เรารู้สึกแย่ สมองมันพาเราไปจบที่ความตายเสมอ เรารู้ว่าตัวเองไม่ได้อยากตาย แต่บางครั้งเราก็ยั้งตัวเองไว้ไม่ได้ เป็น มันไม่สนุกเลย,0,1,0,1,0,1,2,42
1,เวลาคนๆนึงเสียชีวิต หลายๆคนก็จะมาแสดงความรัก ความคิดถึง ตามเฟส ตาม ig บางทีเราก็อยากรู้ถ้าเราเสียไป จะมีใครบ้างที่ทำแบบนั้น,0,1,0,0,0,0,2,33
0,วุ่ น ทั่ ว ไ ท ย,0,0,0,0,0,0,2,7
0,วันนี้ก็เป็นอีกวันหนึ่งที่ดิ่งสุดๆ ถึงจะดิ่งอยู่ทุกวันก็เถอะ,0,1,0,0,0,0,2,16
0,อารมณ์แบบนี้อีกเดือนครึ่ง day : 1,0,1,0,0,0,0,0,8
0,เพื่อนก็เฟค ครอบครัวก็กดดัน เเละยังผิดหวังในเกือบทุกเรื่อง จนเรื่องดีที่เราทำ กลับไม่มีใครเห็นเลย มีเเต่ตัวเราเอง ที่รู้ว่า เขาทำอะไร เเละเราทำอะไร,0,1,0,0,0,0,2,41
0,ยานอนหลับก็เอาอาการดิ่งไม่อยู่,0,1,0,0,1,1,2,7
0,จะรอเธออยู่ตรงนี้ไม่ไปไหน,0,1,0,0,0,0,0,8
0,เรื่องบางเรื่องมันอธิบายไม่ได้เลยจริงๆกลัวมันพัง,0,1,0,0,0,1,2,12
0,กูเเค่ตัดหน้าม้าได้ตัดคอมึงอย่าเสือกไอสัด.?,0,0,1,0,0,0,2,13
1,คนอะไรคิดวิธีการตายอยู่ทุกเวลา,0,0,0,0,1,0,2,7
0,ตั้งแต่แพนจากไปอาการซึมเศร้ากลับมารุนแรงอีกครั้ง ไม่อยากทำอะไร ใส่หูฟังโดยไม่เปิดอะไรลดการรับรู้ น้ำตามาแล้วหยุด ซักพักไหลอีกแล้วก็หยุด,0,1,0,0,0,0,2,30
1,ทำไมมันทรมานอย่างงี่ว่ะ ใครก็ได้ฆ่ากูให้ตายสักที ได้โปรดเถอะ,0,0,1,1,0,0,2,15
0,เหมือนมันกำลังจะลงเหวไปเรื่อยๆ,0,1,0,0,0,1,2,7
1,พรุ่งนี้อาจไม่มีฉัน,0,1,0,0,0,0,2,5
0,ครอบครัวเขาไม่ต้องการฉัน ทุกอย่างบีบบังคับฉันให้เป็นแบบนี้,0,1,0,0,0,0,2,10
1,ถึงเราจะอยากตายแค่ไหน สุดท้ายแล้วเราก็ยังเป็นมนุษย์ ที่กลัวความตายอยู่ดี,0,1,0,0,0,1,2,18
0,"ถ้าวันไหนเรา""ยอมแพ้"" คุณต้องดูแลตัวเองดีๆนะ??",0,1,0,0,0,0,0,14
0,กูเป็นใครอยู่วะตอนนี้,0,0,0,1,0,0,0,6
0,ไม่มีชั้นแล้วนับตั้งแต่นี้ไปเมื่อเราไม่ใช่ชั้นเลยต้องลา,0,1,0,0,0,0,2,14
0,ความสัมพันธ์แม่ลูก ความสัมพันธ์ที่แม่เกลียดลูก รักลูกไม่เท่ากัน มันมีอยู่จริง หรือเราคิดไปเอง,0,1,0,0,0,0,2,21
0,ภาระ ภาระ ภาระ น่าสมเพช.,0,1,0,1,0,0,2,5
0,ฉันไม่เคยเป็นคงามสุขของใครได้เลย...,0,1,0,1,0,0,2,12
1,ถ้าหนูหายไปครอบครัวจะเสียใจไหม ไม่,0,1,0,0,0,0,2,9
0,บางเวลา คนที่เรารักคือคนที่ทำให้เจ็บปวดที่สุด,0,1,0,0,0,0,2,11
0,[USER] ขอบคุณที่ประโยคนี้เข้ามาในวันที่เราแตกสลายและกำลังจะทิ้งทุกอย่างไป ขอบคุณที่ทำให้ เรารู้ว่า ถ้าเราเดาไม่ผิด ไรท์คุณคือน้กรบ เหมือนกับเรา ขอบคุณจริงๆที่ไต้ฝุ่นคือตัวละครที่ทำให้เรายังอยากอยุ่ต่อและไม่ได้เริ่มทำอะไรแบบนั้นเหมือนที่เคยเป็นมา,1,0,0,0,0,0,1,58
0,กับบางคนเราก็เลือกที่จะให้ความสัมพันธ์กลับไปเป็น 0 อีกครั้งดีกว่า,0,1,0,0,0,0,2,14
0,อะไรทำให้เราป่วยได้วะ...,0,0,1,0,1,0,2,7
1,เเค่อยากตายโดยที่ไม่สร้างปัญหาไว้ให้กับคนข้างหลังเเละไม่มีผลกระทบต่อใคร :(,0,1,0,0,0,0,2,19
0,สุดท้ายก็ไม่มีใครเข้าใจ,0,1,0,0,1,0,2,6
0,ห่วงได้ไหม คิดถึงได้ไหม มีสิทธิ์อะไรในตัวคุณบ้างอ่ะ :(,0,1,0,0,0,0,2,14
0,เราต้องฝึกให้ตัวเองเป็นคนใจเย็น นั้นแหละคือวิถีของคนฉลาด ถ้าเราไม่เคยรับรู้ถึงความเจ็บปวด เราก็คงไม่ได้เรียนรู้ถึงชีวิตเราเลย,0,0,0,0,0,0,0,30
0,บางครั้งก็เหนื่อยพูดอะไรไปเเล้วไม่มีคนฟัง เเล้วจะต้องพูดต้องออกความเห็นอะไรอีก...,0,0,1,1,0,0,2,20
0,เมื่อไหร่จะเลิกคิดว่าเราเรียกร้องความสนใจ,0,1,1,1,0,0,2,8
0,มันจะหายได้ยังไง ในเมื่อตัวเราเองก็คิดว่ายังไงมันก็ไม่หายไปแล้วอะ,0,1,0,0,0,0,2,20
0,ทำไมเราไม่รักคนที่รักเราว่ะ ไปรักคนที่ไม่รักเราทำไม เจ็บเปล่าๆ,0,1,1,1,0,0,2,18
0,Something take time • บางสิ่งบางอย่าง ต้องใช้เวลา?? •,0,1,0,0,0,0,0,9
0,กับครอบครัวก็หนักสมองเกินครึ่งเเล้ว,0,1,1,1,0,0,2,7
0,ทำไมมันเหนื่อยขนาดนี้นะ,0,1,0,1,0,0,2,6
0,ร้องไห้ก็ไม่ได้ พูดก็ไม่ได้ ไม่ได้กลัวครอบครัวเป็นห่วงนะ กลัวโดนว่าซ้ำ แล้วจะหนักกว่าเดิม,0,1,0,1,0,1,2,23
0,คิดว่าจะหลุดพ้นแล้ว เลิกหลอกตัวเองเหอะหน่าเรา,0,1,0,0,0,0,2,11
0,แอบเห็นคนมาขายยาใน อยากบอกว่าระวังตัวกันด้วยเน้อ ยาบางชนิดก็เป็นยาอันตรายที่ห้ามจำหน่าย (หมอต้องสั่งถึงจะจ่ายได้) ถ้ายาหมด/ไม่พอก่อนพบหมอครั้งหน้า แนะนำให้ไปหาหมอก่อนวันนัดนะ ไม่ว่าจะด้วยเหตุผลอะไรก็ตาม ไม่ควรซื้อยามาทานเองนะคะ,0,0,0,0,0,1,1,63
0,อย่าฝืนทำเพื่อเราเลยถ้าไม่มีความสุข,0,1,0,0,0,0,0,9
0,ไม่เข้าใจอย่างนึงทำนู่นทำนี่หละง่วงจัง พอหัวถึงหมอนตาสว่าง วอททท???,0,0,0,0,1,0,0,20
0,อาการเเต่ก่อนเศร้าก็ร้องไห้ เเต่ตอนนี้เศร้าอยากร้องไห้นะเเต่มันร้องไม่ออก เหมือนจะไม่รู้สึกเเต่ก็รู้สึกนะ โรคอะไรไม่รู้ทรมานว่ะ,0,1,1,1,0,0,2,31
1,บางทีการจากไปของเรา... อะไรมันอาจจะดีขึ้นก็ได้นะ,0,1,0,0,0,0,2,12
0,ไม่มีใครผิดเลยค่ะ หนูผิดอยู่คนเดียว สบายใจเถอะค่ะ??,0,1,0,1,0,0,2,14
0,มันทำให้รู้เลยนะว่าครอบครัว มันไม่ได้เป็นที่ปรึกษา ไม่ได้เป็นที่ปลอดภัย มันทำให้แย่ลงทุกวันด้วยซ้ำ,0,1,0,1,0,0,2,22
0,มีคนๆนึงขี่ม้าขาวมา ดูแลผู้หญิงคนนึงแล้วกล่าวว่ามาเพื่อดูแลแทนคนๆนึงที่เธอนั้นรัก..ถามว่าทำไมคนชายคนนั้นไม่มาดูแลเธอเลย ทั้งที่เธอรักชายคนนั้นหมดใจ คนที่ขี่ม้าขาวจะให้ชายคนนั้นมาดูแลทั้งที่เขามีคนรักอยู่แล้วในตอนนั้นหรือ?,0,1,0,0,0,0,2,64
0,ขอวิธีร้องไห้โดยที่น้ำตาจะไม่เปื้อนเปลือกตาหน่อย,0,1,0,1,0,0,0,10
1,ถ้าตายไป จะมีใครเสียใจมั้ย,0,1,0,0,0,0,2,8
0,เวลาดิ่งมันไม่เลือกเวลาหรอกนะ เพราะต่อให้นั่งทำงานอยู่ ยังต้องรีบวิ่งไปร้องไห้ในห้องน้ำ แล้วกลับออกมาเหมือนไม่มีอะไรเกิดขึ้น ยังยิ้ม ยังพูดคุยได้ปกติ,0,1,0,1,0,0,2,35
0,ถ้าไม่รู้อะไรเลยอย่าทำเหมือนรู้,0,0,1,0,0,0,0,9
0,เราไม่จำเป็นต้องอธิบายตัวเองให้คนอื่นเข้าใจ เพราะความเป็นจริงแล้วไม่มีใครแคร์เราขนาดนั้น,0,0,1,1,0,0,0,18
1,น่าจะอยู่ไม่ถึงวันแบบนี้นะ อยากตายแทบจะทุกวัน ไม่อยากอยู่แล้ว,0,1,0,0,0,0,2,14
0,เธอบอกว่าเธออยากช่วยเธอบอกเธอจะให้กำลังใจเธอบอกว่าเธอรับได้แต่ก็แปลกนะที่เรากลับจำสิ่งที่เธอพูดมาไม่ได้เลยหรือว่าเราไม่รับรู้อะไรเเล้วจริงๆ??,0,1,0,0,1,0,2,40
0,โฟกัสความรู้สึกวันนี้ก็พอแล้ว,0,1,0,0,0,0,0,5
0,ดึกแล้วเน้อออ อย่าลืมกินยาก่อนนอนกันนะจ๊ะ,1,0,0,0,0,0,1,12
0,คนอย่างเราอยู่คนเดียวดีที่สุดเเล้ว ??,0,1,0,0,0,0,0,9
1,ทุกๆวันต้องมานั่งคิดว่า ถ้าตายๆไปได้คงดี แม่ม โคตรอึดอัดเลยโว้ยยยนย,0,1,1,1,0,0,2,21
0,ผมอาร์มนะ ทุกคนครับมาลองฟังกันนะ ผมอยากให้ลองฟังเพลงผมดูผมเขียนถึงโรคซึมเศร้า จากการที่น้องสาวผมป่วยทำให้ผมอยากแชร์เพลงนี้ให้สังคมบอกให้สังคมเปิดใจ บอกให้คนที่ป่วยรู้ถึงกำลังใจ ช่วยส่งต่อเพลงนี้ให้สังคมกันนะครับ,1,0,0,0,0,0,0,57
0,บางอย่างก็ไม่อยากพูดออกมา พูดออกมามันก็ไม่ได้อะไรอยู่ดีเป็นเพราะอย่างนี้เราเลยปล่อยให้เค้าคิดไปแบบที่เค้าอยากจะคิด เรารู้ตัวเองดีว่าเราทำอะไรอยู่..??,0,1,0,1,0,0,2,40
0,แค่ไม่อยากให้คนอื่นเป็นเหมือนเรา,0,1,0,0,0,1,2,8
0,เม่งโครตไม่ชอบการถูกหลอกเลยว่ะ??,0,1,1,0,0,0,2,11
0,ขายหนังสือ เป็นหนังสือเกี่ยวกับ ราคา120 สนใจDMมาคุยก่อนได้นะคะ,0,0,0,0,0,0,0,14
0,กูมันใจง่าย ที่ไปเเอบชอบมึง,0,1,0,0,0,0,2,10
0,เป็นอีกครอบครัวที่น่ารัก เรื่องดีๆของคืนนี้,1,0,0,0,0,0,1,10
0,ไม่เคยคิดว่าวันนี้จะรู้สึกแบบนี้ ... ภาวะซึมเศร้าระยะเริ่มต้น ... รีบไปหาหมอดีกว่านะ เครียดเกิน,0,1,0,1,1,1,0,21
0,จะให้ลืมเขาได้ยังไง ก็ในเมื่อเขาเคยมีความสุขกับเรา ถึงจะสุขแค่ไม่นานก็เถอะ,0,1,0,0,0,0,0,22
0,มันหนักมากเลยนะ กับสิ่งที่เราแบกมันอยู่ตอนนี้ จะวางลงก็ไม่ได้ จะไปต่อก็แทบไม่ไหวแล้ว,0,1,0,0,0,1,2,27
0,ภาวะเครียดแท้ๆ,0,0,0,1,0,0,0,3
0,17:33 ฟ้ากำลังจะมืดความรู้สึกเศร้ากำลังจะกลับมา,0,1,0,1,0,1,2,8
0,ของเรามันเกิดจากไอ้เฮ็งซวยคนหนึ่งที่มาหลอกเรา สำหรับคนอื่นมันอาจจะไม่ร้ายแรง แต่สำหรับเราอ่ะ มันเทียบเท่าฝันร้ายที่สุดของทุกคนเลย,0,1,1,0,0,0,2,30
1,เขาจึงทำร้ายตัวเอง เพื่อให้ได้เห็นแผล เห็นเลือด เห็นรอยฟกช้ำ เห็นที่มาของความเจ็บปวดรวมถึงเป็นการระบายความรู้สึก ใจจริงลึกๆแล้วเขาก็รักตัวเองนะ แต่เขาต้องการเห็นความเจ็บปวดแบบรูปธรรม ไม่ใช่ความเจ็บปวดแค่นามธรรมหรือความเจ็บแบบไม่มีที่มา,0,1,0,0,0,0,2,48
0,ตอนกลางคืนที่ไรชอบดิ่งทุกที,0,1,0,0,0,0,2,6
0,วันรวมญาติ = วันมหาวิปโยค เป็นวันที่คำพูดทำลายล้างมารวมกันโดยมิได้นัดหมาย ไว้อาลัยแด่เทศกาล,0,1,0,1,0,1,2,19
0,ใช่ค่ะ..เราเอง เราไม่รู้จะทำยังไงเหมือนกัน เรื่องมันเงียบมาก ช่วยหน่อยนะคะ,0,1,0,1,0,0,0,19
1,พารา 18 เม็ด นอนหลับ 7 เม็ด ถึงตายมั้ยพอดีอยากตาย,0,0,0,1,0,0,2,11
0,มันแย่ไปหมด,0,1,0,0,0,0,2,4
0,น้องเลื่อนผ่านไปโดยไม่อ่านแม้แต่หัวกระทู้ ????,0,1,0,0,0,0,0,11
0,ฉัน คนที่เคยร่าเริงที่สุดในโลก,0,1,0,1,0,0,0,8
0,สนุกกันไหมกูนอนร้องไห้อยู่คนเดียวเลยว่ะ555555555,0,1,1,1,0,0,2,11
0,ท่ามกลางความหลากหลายของสังคม มาตรฐานของคนๆ หนึ่ง ไม่สามารถใช้วัดเด็กทุกคนได้ เพราะเด็กแต่ละคนไม่มีใครเหมือนกันเเละเเต่ล่ะคนเเตกต่างกันไป,0,0,1,0,0,0,1,32
0,พอเเล้วกับการที่ให้ใจไป เเต่เขาไม่เห็นค่า,0,1,0,0,0,0,2,13
0,พวกคุณก็ดีแต่ ทำร้ายชั้ล ทำร้ายชั้ลทำไม ???? ชั้ลไม่เคยไปทำอะไรพวกคุณเลย,0,1,1,0,0,0,2,17
0,เคยตั้งใจจะปรึกษาจะเล่าให้เพื่อนฟังแต่เหมือนเพื่อนไม่อยากฟังอ่ะเลยลบข้อความทิ้งไป,0,1,0,0,0,1,2,21
0,โดนครอบครัวเอาไปนินทา สนุกมากไหม รู้แล้วว่าไม่รัก ไม่ต้องแสดงออกมากขนาดนี้ก็ได้,0,1,1,1,0,0,2,19
0,คุณจะเห็นฉันเป็นอะไรฉันไม่รู้ แต่ที่รู้ๆ คุณคือคนที่ฉันรัก ??,1,1,0,0,0,0,1,20
0,เศร้า ก็แค่กอดตัวเอง อยากกอดใครสักคน อยากงอแง อยากร้องไห้ อยากระบายให้ฟัง,0,1,0,0,0,0,2,18
0,ชั้นสงสารลูก ลูกหลับแล้วชั้นก็ต้องมานอนร้องไห้ข้างตัวเค้าทุกคืน แม่ขอโทด แม่ขอโทด เจ็บมากมั๊ย แม่ไม่ดีเลย,0,1,0,1,0,0,2,29
0,มันน่าเศร้าตรงที่คำบอกเลิกมันดูพูดง่ายมาสำหรับคุณ,0,1,0,0,0,0,2,13
0,เคยรำคานตัวเอง จนเผลอทำร้ายตัวเองป่ะ แบบไม่ได้อยากตายแค่รำคาน ไม่มีความสุข,0,1,1,1,0,0,2,19
0,ตื่นกลางดึก ตื่นมาเศร้า การนอนหลับคือเหมือนได้ขึ้นสวรรค์อ่า,0,1,0,0,0,0,0,13
0,ไม่มีเรามันดีกว่าไหม,0,1,0,0,0,0,2,6
0,ต้องคิดถึงขนาดไหนถึงจะได้กอด ??,0,1,0,0,0,0,0,9
0,หม่ำๆมั้ย หม่ำๆกันนน,1,0,0,0,0,0,0,7
1,ไม่โอเคอ่ะ ไม่โอเคเลย เราไม่มีความสุข เราไม่ปกติ เราอยากไปสงบแล้ว ไม่ได้เหนื่อยกาย แต่หัวใจเราเหนื่อย .. แต่ .. ใช่เรามีแต่ แต่เราเป็นห่วงลูกน้อยของเรา,0,1,0,0,0,1,2,39
0,ช่วยเราทีเราเจ็บมาก,0,1,0,0,0,0,2,6
0,???ด่วน???? เรียนก็ทำได้ อยากทำเป็นรายได้เสริมก็ได้ คนทำงานประจำก็ทำได้ ว่างงานก็ได้ ??-ตอบแชท ??รับอายุ18ปีขึ้นไป รายละเอียด?คลิก?=>,0,0,0,0,0,0,0,31
0,สีหน้าแบบตอนที่คิดว่าที่ตรงนั้นมันน่าจะเป็นที่ของเรา ??,0,1,1,0,1,0,2,12
0,เราทำได้ทุกอย่าง ยกเว้นทำใจเลิกชอบคุณ ...,0,1,0,0,0,0,2,9
0,วิธีบอกพ่อแม่ว่าเป็นซึมเศร้า เผื่อช่วยหลายๆคนได้…,0,0,0,0,0,0,1,12
0,เราร้องไห้ทำไมเราก็ยังไม่รู้เลย,0,1,0,0,0,0,2,9
0,ไม่ไหวต่อหน้าคนอื่นได้ด้วยหรอวะ,0,1,0,0,0,1,2,8
0,คนที่ทำร้ายเรามากที่สุดไม่ใช่คนอื่นแต่เป็นคนในครอบครัวเราต่างหากอาจไม่ใช่การกระทำแต่เป็นคำพูดเขาพูดทำร้ายจิตใจเราโดยไม่รู้สึกรู้สาอะไรคนที่ทำร้ายเรามากที่สุดคือคนที่ขึ้นชื่อว่า'พ่อแม่'คนที่เขาบอกว่ารักเรามากที่สุด,0,1,0,0,0,0,2,53
0,คืนนี้คงเป็นคืนที่เลวร้ายอีกแล้วสินะ ฉันจะผ่านมันไปได้จริงๆใช่ไหม,0,1,0,0,0,1,2,17
1,พ่อกับแม่บอกว่าถ้าฆ่าตัวตายคราวนี้จะฆ่าเองกับมือไม่ต้องฆ่าเอง...,0,1,1,0,0,0,2,17
0,วันนี้เป็นยังไงกันบ้างคะแชร์กันได้นะ อย่าลืมทานข้าวทานยาด้วยนะคะ แล้วก็ฝันดีค่ะสำหรับคืนนี้ เราจะผ่านมันไปด้วยกันนะ????,1,0,0,0,0,0,1,30
0,เพราะเเคร์คนอื่นนี้เเหละ เลยทำให้กลายเป็นเเบบนี้,0,1,0,1,0,0,2,12
0,แล้วไงไปกวาดบ้านเวลากินข้าวด้วยกัน แล้วพอมีเวลากินด้วยกัน คำพูดลูกแม่งสำคัญน้อยกว่าคำพยากรณ์อากาศ พอข่าวมาปุปเงียบอย่าคุย แล้วจะให้กูทำไงวะ เวลาอยากพูดอะไรแม่งก็ไม่ฟัง แล้วจะพูดไปทำไม,0,1,1,0,0,0,2,51
0,เธอเข้ามาทำให้รู้จักเพลง เพลงนึงที่ได้ฟังเเล้วก็นึกถึงเธอตลอด เธอเข้ามาทำให้รู้ว่าเกม เกมนี้น่าเล่น เรายังเก็บเธอไว้ในเรืองราวตลอดถึงแม้ว่ามันจะนานมาแล้วก็ตาม,0,1,0,0,0,0,0,39
0,บรรยากาศรอบตัวมันโหวงง คิดถึงแมวที่ทะยอยตายจากไป ?? หันไปมองดูหลานที่นอนกรน หลับสนิทเพราะยา สงสารจับใจ เมื่อไหร่จะหายน้อลูก,0,1,0,0,0,0,2,27
0,ความรู้สึก คำพูด มันละเอียดอ่อนสำหรับเรามากนะ เราไม่สามารถเอาความซึมเศร้าไปต่อรองกับใครเพื่อทำให้เราดูเป็นคนพิเศษขึ้น คือถ้าไม่ต้องเข้าใจเรา ก็อยากก้าวเข้ามาก็พอ เราขอร้อง,0,1,0,0,0,0,2,39
0,ปิดตำนาน ‘กลม บางกรวย’ เสียชีวิตแล้ว คลิกอ่านได้ที่นี่ ??,0,0,0,0,0,0,0,14
0,วันหยุดที่ฉันต้องการที่สุดคือการอยู่บ้าน อยู่คนเดียวในห้องนอนของฉันก็เพียงพอแล้ว,1,0,0,0,0,0,0,18
0,ช่วงนี้ คนเป็น จะโดนโจมตีแบบเหมารวมบ่อยมาก เพราะอาการทึกทักไปเองของคนที่คิดว่าจะเป็น อาการแบบนี้ต้องให้แพทย์วินิจฉัยนะ ไม่ใช่ฉันดิ่งแบบนี้ ฉันกรีดร้องเอาแต่ใจ ฉันเศร้าเสียใจเหลือเกิน แล้วฉันจะเข้าข่ายซึมเศร้าและมาคิดว่าตัวเองเป็นและอุปทานว่าต้องกรีดแขน พบแพทย์ซะ,0,0,1,1,0,0,0,62
0,คิดถึงตอนเรายังคบกันอยู่วะ น่าเสียดายที่ช่วงเวลาเหล่านั้น มันก็มีวันหมดอายุเช่นกัน - แด่ช่วงเวลาของเราที่ไม่หวนกลับคืน FernNi,0,1,0,0,0,0,2,27
0,ครอบครัวคือสิ่งที่อึดอัดที่สุด,0,1,0,1,0,0,2,6
0,ทำอะไรไม่ได้อีกแล้วถ้าคนจะไป ต่อให้ยื้อหรือรั้งมากแค่ไหน ก็ไม่มีทาง ทำได้เพียงทำใจเเละยอมรับความจริง??,0,1,0,0,0,0,2,27
0,มันคือห้องที่ไม่มีทางออก...,0,1,0,0,0,1,2,9
0,เเค่เพื่อน:),0,1,0,0,0,0,0,3
0,ถ้าคุณมองเข้ามา ผมก็แค่ไอ้คนขี้เกียจคนนึง,0,1,0,1,0,0,2,12
0,รักกันไว้นะ ในวันที่เธอยังหายใจ คุณไม่มีทางรู้ได้ ว่าความตาย... จะมาพรากคุณไปเมื่อไร . . อาลัยแด่ ..Mr. ผู้ป่วยที่ฉันดูแลเมื่อวาน ??,0,1,0,0,0,1,0,34
0,วันนี้ชาวทวิตเป็นอะไรกัน ????ยังไงก้อเป็นกำลังใจให้แล้วกัน??????,0,0,0,0,0,0,1,15
0,เราทำให้คุณเสียใจอีกแล้ว,0,1,0,0,0,0,2,5
0,ไม่ไหวแล้ว,0,1,0,0,0,0,2,3
0,หมอให้กินยาก็ไม่ยอมกิน...,0,0,1,0,0,0,2,9
0,OG Highhot และแร็ป เยียวยาได้,1,0,0,0,0,0,1,6
0,ก่อนที่เราจะป่วยด้วย เราได้มีโอกาสคบหาดูใจกับคนคนนึง ซึ่งไม่เคยบอกเรามาก่อนว่าป่วยเป็นโรคนี้ แต่เราที่ตอนนั้นอยู่ในสภาวะสงสัยตัวเองอยู่ ก็พยายามศึกษา หาหนังสือมาอ่าน ดูยูทูป อ่านบล็อกต่างๆทั้งไทยและเทศเพื่อให้รู้จักตัวโรค,0,0,0,0,1,1,0,57
0,ตอนนี้เหมือนฉันกำลังเดินฝ่ามรสุมพายุที่ถาโถมโหมกระหน่ำอยู่ ตัวเปียกโชกไม่รู้จะป่วยวันไหนและล้มลงเมื่อไร แต่ฉันยังคงเดินอยู่แม้ว่าจะหมดแรงไปเรื่อยๆ ??,0,1,0,0,0,1,2,34
0,เราไม่แน่ใจว่ามันคลื่นไส้ พะอืดพะอมเพราผลข้างเคียงของยาหรือว่าเราแพ้กุ้ง,0,0,0,1,0,1,0,15
0,เมื่อวันที่ล้ม เมื่อวันที่ความรักของคนอื่นล้วนจอมปลอม เมื่อวันที่ทุกคนหันหลังให้อยู่โดดเดี่ยว เมื่อนั้น จะเป็นเมื่อที่หันกลับมารักตัวเอง และยืดหยัดอีกครั้งอย่างเข้มแข็ง ต้องสู้กับโลกจัญไรนี้ไปจนแก่เฒ่าเลยนะ ต้องยืนหยัดท่ามกลางความโดดเดี่ยวนั้นให้ได้สิ,0,1,0,0,0,0,2,49
0,เมื่อไหร่กันนะที่รู้สึกว่าการอยู่ในห้องคนเดียวเงียบๆ ถึงมีความสุขกว่าการอยู่กับครอบครัว,0,1,0,0,0,0,2,18
1,ห้องแคบๆ ห้องมืดๆ มีแค่ฉันและน้ำตา และความรู้สึกที่หนักอึ้งไปหมด ไม่มีคำพูด ไม่มีเสียงหัวเราะ ไม่มีรอยยิ้ม หลับลง และตื่นขึ้นมาอีกวัน และหลายครั้งที่ฉันไม่อยากตื่นพบวันใหม่ I always wanna die (sometime),0,1,0,0,0,0,2,47
0,คือเราอยากทราบว่าเพื่อนๆที่เป็น และ/หรือ ตอนนี้ทำงานอะไรกันอยู่หรอคะ แล้วสามารถทำงานได้ปกติมั้ย ถ้าใครเห็นทวิตนี้รบกวนตอบกันหน่อยนะคะ ขอบคุณค่ะ,0,0,0,0,0,1,2,38
0,ยุนกิยังสามารถข้ามผ่านมันมาได้ ใครที่เป็นอยู่ก็สู้ๆแล้วมันจะผ่านไปนะคะ รักตัวเองให้มากๆ แบบที่บังทันพยายามจะสื่อให้เรารู้ ?? อยากให้กำลังใจทุกๆคน,1,0,0,0,0,0,1,41
0,ไม่พร้อมจะเดินต่อไปจริงๆ เวลาความสุขมีนิดเดียวจริงๆ,0,1,0,0,0,1,2,11
0,ท้องฟ้าที่เคยสดใสในวันนั้นไม่เหมือนเดิมแล้วนะ วันนี้มันหม่นๆเหมือนมีหมอกหนาที่ปกคลุมอยู่จนทำให้มองไม่เห็นทางข้างหน้าว่าเป็นถนนหรือหุบเหว...,0,1,0,0,0,1,2,32
0,แด่ ..อะไรก็ตามที่เราถูกยัดเยียดให้รับมา โดยที่เราไม่เคยต้องการ,0,0,0,1,0,0,2,15
1,อยากหายไป?,0,1,0,0,0,0,2,4
0,ฉันไม่มีดวงความรักเอาซะเลย,0,1,0,0,0,0,2,8
0,โกหกเนาะ โกหกจริงๆนั้นหละ ก็ทำตามที่บอกทุกอย่างแล้วไงทำไมต้องหนีเราไปมีคนอื่น,0,1,1,1,0,0,2,20
0,อาการหลงๆลืมๆ เริ่มหนักขึ้น,0,0,0,0,0,1,2,8
0,กลัวที่สุดคือการจากลา เกลียดที่สุดคือการโกหกและหักหลัง สุดท้ายสิ่งที่ฉันกลัวและเกลียดที่สุดก็เกิดขึ้น,0,0,1,0,0,1,2,23
0,นั่งอยู่ใต้ต้นไม้ลมเย็นๆ ฟังเสียงนกร้อง มองท้องฟ้า นี่แหละความสุข,1,0,0,0,0,0,1,15
0,ติดแอลกอฮอล์อีกแล้วทำไงดีคะ ต้องไปเรียนด้วย ??,0,1,0,0,0,1,2,12
0,โกหกใจตัวเองบ่อยๆเหนื่อยบ้างไหมทำไมไม่ลองถามใจมันดูบ้างว่ามันยังไหวไหม??,0,0,0,1,0,1,2,20
0,ชวนคุยไม่เก่ง.…แต่ยิ้มเก่งมากก ????,1,0,0,0,0,0,1,11
1,ฉันเหนื่อยกับการอยู่บนโลกใบนี้แล้ว มันรู้สึกแย่นะเมื่อรู้ว่าทุกๆวันได้ตื่นมาอีกแล้ว อิจฉาคนตาย และอยากแลกชีวิตกับคนที่เขายังไม่อยากตายจัง,0,1,0,1,0,0,2,38
1,เราจะคิดถึง คนที่สำคัญ เมื่อต้องจากกันไป ..เราจะคิดถึง วันที่สวยงาม เมื่อเวลาผ่านไป จะคิดถึงเวลาที่เรามีกัน เมื่อเธอต้องไป และตอนนี้รู้ไหม ว่าฉันคิดถึงเธอมากแค่ไหน ไม่เคย ไม่เคย จะลืม .. อยากเปิดเพลงนี้ในงานศพตัวเอง??,0,1,0,0,0,0,2,57
0,ตอนแรกก็ไม่คิดว่าจะเป็นโรคบ้าไนี่หรอก แต่พอเราศึกษาและสังเกตตัวเองมาเรื่อยๆ ... เราไม่น่าค้นพบมันจนเจอเลย,0,1,1,1,1,0,2,29
0,ฉันไม่มีความสุขเลย :-!,0,1,0,0,0,0,2,5
1,ถ้าเราหายไปจากโลกนี้ได้ เขาคงจะสบายใจมากกว่านี้,0,1,0,1,0,0,2,13
0,จริงๆสิ่งที่อยากทำมันก็มีอยู่นะ แต่การที่จะต้องแลกกับความทรมานในการดำเนินชีวิตเนี่ย มันคุ้มค่าไหมนะ นี่แหละถึงตัดสินใจไม่ได้สักทีว่าควรอยู่หรือตาย,0,1,0,0,0,1,2,36
0,โลกเสียใจยังไงก็มีพระจันทร์,0,1,0,0,0,0,0,6
0,ฝันดีนะคะพวกคุณ วันนี้เป็นยังไงกันบ้างคะ เหนื่อยไหม โอเคกันไหมคะ ถ้าอยากระบายมันอึดอัดทักมาได้นะคะ อีกอย่างเราอยู่ข้างๆพวกคุณเสมอนะ????,1,0,0,0,0,0,1,33
1,ตายก่อนวันเปิดเทอมผิดไหมว่ะ? ????,0,1,0,0,0,0,2,9
0,พยามเข้มเเข็งที่สุดแล้วนะ แล้วก็ไม่รู้ว่าจะทนไปได้อีกนานเท่าไหร่ด้วยเหมือนกัน,0,1,0,0,0,1,2,20
0,ไม่ใช่ไม่อยากนอน แต่มันนอนไม่ได้ความคิดมันไหลผ่านหัวอยู่ตลอด,0,1,0,0,0,0,2,16
0,ทำไมชอบทำเหมือนตัวเองไม่เป็นอะไร ทั้งที่ในใจมันเป็นแผล...,0,1,0,0,0,0,2,12
0,การที่เราได้ระบายลงในทวิตก็ดีอย่างนึงนะ เพราะในขณะตรงข้ามเราไปเล่าให้คนรอบข้างเราฟัง เขายังช่วยอะไรเราไม่ได้เลยนอกจากคําว่า “เดี๋ยวก็หาย” “คิดไปเอง” ทั้งๆที่คุณไม่เข้าใจเลยเราเลย,0,1,0,0,0,0,2,56
0,ใครที่ยังไม่นอนนอนไม่หลับหรือมีอะไรอยากระบายหรือเหงาไม่มีเพื่อนคุยเดมมาหาซันได้นะคะ?ซันอาจเป็นที่ปรึกษาได้ไม่ดีพอเเต่ซันรับฟังคนเก่งได้นะคะ,1,0,0,0,0,0,1,38
0,เพิ่มยา เพิ่มยา เพิ่มยาาาา,0,1,0,0,0,0,0,7
0,ร้องไห้ให้ได้อะไรขึ้นมาวะ,0,0,1,1,0,0,2,6
0,เอาจริงๆนะเพลงคือสิ่งเดียวที่เยียวยาความรู้สึกของเราได้ในทุกช่วงของความรู้สึก,1,1,0,0,0,0,0,18
0,เหงาาาา ท่ามกลางผู้คน ขอแค่สักคนที่เข้าใจเราก็พอ,0,1,0,0,0,0,2,13
0,เห็นมีแต่คนอยากเป็นโรคบ้าบอนี้... แลกกับเรามั้ยเราไม่อยากเป็นเลยวะ...,0,1,0,1,0,0,2,20
0,ยังรักเหมือนเดิมแหละ... แต่กลับไปเป็นเหมือนเดิมไม่ได้แล้วเหมือนกัน,0,1,0,0,0,0,2,13
0,"คุณรักเค้ารึปล่าว 'รักสิ' ""งั้นคุณก็ปล่อยให้เค้าไปเจอคนที่ดีกว่าสิ"" 'อืม????' ฉันเองนั้นรู้ว่าคุณหน่ะรักเค้าจนสามารถปล่อยเค้าไปได้เเม้ว่าคุณจะเจ็บเเค่ไหนก็ตาม?? เธอทำดีที่สุดเเล้ว เธอหน่ะเก่งที่สุดเเล้ว??",0,1,0,0,0,0,2,60
0,ถ้าไม่จริงจังแล้วจะมาคุยกับเราทำไม??,0,1,1,0,0,0,2,11
0,อัพเดทตัวเอง อย่าเครียด,0,0,0,0,0,1,0,4
0,ถ้าเหนื่อยนัก..ก็หยุดพักสักหน่อย.. เพื่อมีแรงก้าวเดินต่อไป.. ??เที่ยวนาตาชม??ใกล้กรุงเทพ??,1,0,0,0,0,0,1,23
0,คิดถึงเหลือเกิน??,0,1,0,0,0,0,0,3
1,เหนื่อยจัง อยากหายไปจัง ไม่อยากอยู่แล้วจริงๆไม่ไหวแล้วจริงๆนะ,0,1,0,0,0,0,2,15
0,เห้ย กูโอเค กูต้องโอเคดิ,0,1,0,1,0,0,0,7
1,ความรู้สึกตอนนี้ก็เหมือนตายทั้งเป็นนั่นแหละ. :( อยากอยู่ก็ไม่อยาก อยากตายก็ทำไม่ได้ รู้สึกเป็นว่าภาระเขา ก็รู้สึก ทั้งท้อ ทั้งเหนื่อย ทั้งเศร้า แต่ก็ยังเป็นห่วงเขา คนที่ดูแลเรา ก็ทำได้แต่อยู่ต่อไปทั้งแบบนี้แหละ... _.,0,1,0,1,0,1,2,51
0,คิดเหี้ยอะไรอยู่ก็ไม่รู้ อีบ้า สติๆๆๆ อิดอก,0,0,1,1,0,0,2,13
0,เรื่องของเราไม่เคยสำคัญอะไร กับใครเลยสักอย่าง มันดูเป็นเรื่องที่น่ามองข้าม ไร้ตัวตน ดูเป็นสิ่งที่ไม่ต้องรักษาความรู้สึกกันก็ได้.,0,1,0,1,0,0,2,30
0,มีสิทธิ์คุย แต่ไม่มีสิทธิ์รู้สึก .??????,0,1,0,0,0,0,2,7
0,ความรู้สึก? ในเวลา2-3ปี?,0,0,0,0,0,0,0,9
1,ถ้าวันนึงฉันเดินจากไป ขอให้รู้ไว้ ฉันทำเต็มที่แล้ว?,0,1,0,0,0,0,2,14
0,ไม่ชอบวะ พอได้รัก ได้ชอบใคร แล้วให้ใจเค้าไปหมด,0,1,1,0,0,0,2,14
0,วันนี้สตั้นกับคำที่พ่อพูดกับแม่ว่า “กูเลิกไปนานแล้ว ถ้าไม่ติดที่มีลูก” ... คือแบบ... มันรู้สึกเจ็บเหมือนเราเป็นภาระของเค้าเลย,0,1,0,1,1,0,2,37
0,สุดท้ายเราก็เป็นคนพาตัวเองลงเหวนี้สินะ,0,1,0,0,0,0,2,12
0,เครียด เครียดมาก ปวดหัว เบื่อ รำคาญ หงุดหงิด,0,0,1,0,0,0,2,7
0,รู้สึกแผ่นดินสูงขึ้น มิลนึง,0,0,0,1,0,0,2,7
0,???? เออ__กูก็แปลกใจ!! ว่าทำไมวันนี้กูเดินสะดุดบ่อยจัง.. อ้อ!!__ที่แท้แผ่นดินมันสูงขึ้นนี้เอง,0,0,0,1,1,0,0,25
0,พล.อ.เปรม ติณสูลานนท์ ประธานองคมนตรีและรัฐบุรุษ ถึงแก่อสัญกรรม ณโรงพยาบาลพระมงกุฎเกล้า สิริรวมอายุ 99 ปี,0,1,0,0,0,0,0,23
0,คุยกันไหมคะ,0,0,0,0,0,0,1,4
0,เรามักโดนทิ้งในตอนที่เรารักเขาเเล้วจริงๆ...,0,1,0,0,0,0,2,12
0,คำพูดที่พูดออกมาอย่างไม่คิดถึงคนฟัง คิดบ้างมั้ยว่าคนฟังได้ยินแล้วมันจะรู้สึกยังไง ถ้าเราทำแบบนั้นบ้าง คุณจะโอเคมั้ยล่ะ,0,1,1,0,0,0,2,30
1,พาเราหนีออกไปจากโลกใบนี้ที ได้โปรด...,0,1,0,0,0,0,2,13
1,สวัสดีค่ะ เราชื่อโอปอล์ ตอนนี้อายุ14ค่ะ เราจะเล่าตอนื่คิดจะฆ่าตัวตายให้ฟัง เราเคยสงสัยว่าทำไมต้องฆ่าตัวตาย มันแย่ขนาดนั้นเลยหรอ มันไม่ไหวขนาดนั้นเลยหรอ แล้วพอเรามาเจอกับตัวเอง เราถึงรับนู้ว่ามันไม่ไหวจริงๆอะ (1),0,1,0,0,1,0,2,57
1,สวรรค์ชั่งใจร้ายคนอยากตายกลับให้อยู่,0,0,1,0,1,0,2,9
0,สรุป > บัญชีที่เป็นศูนย์กลางมากที่สุดตามลำดับ คือ [USER] [USER] [USER] [USER] [USER] [USER] [USER] [USER] [USER] [USER] Top hashtags:,0,0,0,0,0,0,0,23
0,ฟ้าเขียนให้เราทรมานขนาดนี้เลยหรอ,0,1,0,1,0,0,2,9
0,เพลงเศร้าเคล้าน้ำตา. ????????,0,1,0,0,0,0,0,6
0,ป๋าเปรมก็คืออยู่จนเลือประธานสภาเสร็จอะ ขอให้ไปสู่สุขตินะคะ??,0,1,0,0,1,0,2,18
0,อย่ามายุ่งกับเราได้มั้ย อึดอัด,0,0,1,0,0,0,2,8
0,เบื่อทุกอย่างที่เคยชอบกินข้าวไม่ค่อยได้ไม่หิวอะไรจากที่เป็นคนกินเยอะกินจุกกินจิกทุกวันนี้ไม่อยากอะไรเลย นอนก็ไม่หลับตัวสั่นใจสั่นไปหมด ไม่รู้สาเหตุ ทรมานมากนะแต่ไม่ถึงขั้นอยากตาย,0,1,0,0,1,0,2,45
0,อยากนัดเจอ หรือไม่ก็สร้างกลุ่ม ให้พวกเรามาคุยกัน เพราะเรารู้สึกว่าไม่มีใครเข้าใจพวกเรานอกจากพวกเราเอง,0,1,0,0,0,0,0,24
1,หมดแรงแล้ว อยากนอนโง่ๆ แล้วหายไปเลย จะได้ไม่ต้องเป็นภาระพ่อแม่,0,1,0,1,0,0,2,16
0,เคยสงสัยกันด้วยหรอ? ว่าทำไมเด็กที่ร่าเริงคนนึง ปัจจุบันจะต้องมากลายเป็นคนแบบนี้:),0,1,1,1,1,0,2,21
0,ขนกาดำ กำแน่นมือ คนที่รัก จะจากไป อยากให้อยู่ ยื้อชีวิต ขอเวลาทำใจ บอกฉัน ฉันช่วยได้ ไม่เสียหาย ไงก็ตาย แต่อยากใช้เวลา อยู่กับวันดีๆ อีกซักนิด ... บอกฉัน ฉันช่วยได้,0,1,0,0,0,0,0,43
0,ทำไมมองโลกในแง่ดีไม่ได้เลยวะ,0,1,0,1,0,0,2,6
0,นอนได้ชม.เดียวตื่นแบบนี้ซ้ำๆทั้งคืนก็ไม่ไหวเด้อ,0,0,0,0,1,0,0,12
0,รักตัวเองให้มาก อย่าไปคาดหวังกับใคร เพราะคำว่าตลอดไปไม่มีอยู่จริง,0,1,0,0,0,0,0,17
0,ครอบครัวที่สมบูรณ์นี้แหละความฝันของฉัน,0,1,0,0,0,0,0,7
0,รู้สึกเหมือนตัวเองต้องมาเป็นภาระ ของคนอื่น ไม่มีใครรู้หรอกว่ากว่าจะมาถึงตรงนี้เราแม่งเจออะไรมาบ้าง อดทนมานานแค่ไหน การที่บอกให้เรา”สู้ๆนะ”เลือกในสิ่งที่เราชอบทำในสิ่งที่เรารัก แต่ไม่เคยคิดจะ ซัพพอร์ต มันก็มีค่าเป็น 0 อยู่ดี,0,1,0,1,0,1,2,65
0,ร้องไห้จนรู้สึกเบลอไปหมด มันเคว้งมาก ไม่รู้ว่าตอนนี้เรากำลังรู้สึกอะไร ร้องไห้เพราะอะไร รู้แค่ว่าอยากร้องไห้ มันเหมือนลอยไปในอากาศ มันลอยไปหมดเลย มันไม่มีสติ ไม่รู้ว่าต้องทำอะไรต่อไป,0,1,0,0,0,0,2,45
0,เรารู้ว่าแฟนเราไม่เชื่อว่าความรักของเราจะทำให้เขาหายจาก ได้ ดูเหมือนเขาไม่ไว้ใจเรา ไม่คิดว่าเราจะอดทนและดูแลเขาได้อย่างที่เราพูดจริงๆ ซึ่งเราไม่โกรธกับการรู้สึกแบบนั้น แต่เราไม่เข้าใจว่าทำไมวะ มึงลองให้กูได้ทำเต็มที่สักนิดก่อนไม่ได้หรอ .. และเราจบกันที่วันนั้น,0,1,1,0,0,0,2,71
1,อยากให้มีมือๆนึงดึงเราขึ้นมายามเมื่อเราดิ่ง,0,1,0,0,0,1,2,14
0,เวลาเกิดอาการจาก? ที่เป็นอยู่ก็จะกลับไปอ่านข้อความกำลังใจจากคนๆนึงเสมอ? ช่วยได้เยอะเลย ช่วยให้เรารักตัวเองเพิ่มขึ้น? อดทนให้มากขึ้น? เพื่อตัวเอง? รักตัวเองให้เยอะๆนะ? กอดๆ? สู้ไปด้วยกันนะคะ? ??,1,0,0,0,0,0,1,54
0,เป็นโรคนี้ไม่ได้สนุก หรือมีคนปลอบเลย มันไม่มีใครเข้าใจกันเท่ากับคนที่เป็นเหมือนกัน,0,1,0,0,0,0,2,21
1,เข้าใจความรู้สึกของคนที่เครียดแล้วคิดฆ่าตัวตายเลย แมร่งโครตอึดอัดคุยกับใครมากก็ไม่ได้ ทำไรก็ไม่ได้ อะไรก็ไม่ได้ มืดแปดด้านไปหมด,0,1,0,0,0,0,2,33
0,สิ้นแล้ว!? พล.อ.เปรม? ติณสูลานนท์? ประธาน?องคมนตรี?และรัฐบุรุษ?ของไทย?,0,0,0,0,0,0,0,23
0,บางทีก็แย่นะ ที่จะทำอะไรก็ต้องใช้ผู้ปกครอง เห็นใจคนไม่มีพ่อไม่มีแม่บ้างดิ,0,1,1,0,0,0,2,21
0,รอยเก่ายังไม่หายเลยนะ...,0,1,0,0,0,0,2,8
0,ถ้าขาดยาไปสามวันจะเป็นไรป่าวอะเฉพาะยาตอนเย็น ยาหมด,0,0,0,0,0,1,2,15
1,กินยานานขนาดไหน แต่ในหัวไม่เคยเอาเรื่องตายออกได้เลย แล้วยิ่งมีข่าวคนเป็นซึมเศร้าฆ่าตัวตาย ยิ่งเป็นแรงบันดาลใจอยากทำได้แบบนี้บ้าง อารมณ์อ่อนไหวง่ายเลย,0,1,0,0,0,0,2,34
0,พูด แอม ไฟด์ แต่น้ำตาไหลถึงตีน,0,1,0,0,0,0,2,8
0,พล.อ. เปรม ติณสูลานนท์ ถึงแก่อสัญกรรมในวัย 98 ปี เมื่อช่วงเช้าของวันนี้ (26 พ.ค. 2562) ทีมงาน จาม ขอร่วมไว้อาลัย การจากไปของรัฐบุรุษผู้วายชนม์ อ่านข่าว พล.อ.เปรม ติณสูลานนท์ ประธานองคมนตรี 2 แผ่นดิน ถึง แก่อสัญกรรม,0,1,0,0,0,0,0,50
1,"‘ I’m not ok, I feel so scattered... ‘ ... ฉันไม่โอเคเลย, รู้สึกแหลกสลายเป็นเสี่ยงๆ",0,1,0,0,0,0,2,24
0,เป็นคนขี้แพ้มาตลอดเลย เปิดใจทีไรแม่งก็พัง พอแล้วนะ บอกตัวเอง,0,1,0,0,0,0,2,17
0,ความสัมพันธ์ส้นตีนไรวะ มีกูที่เสียใจอยู่คนเดียว... ????,0,1,1,0,0,0,2,12
0,คนที่เข้าใจ บางทีอาจจะไม่เข้าใจอะไรเลยก็ได้,0,1,0,0,0,0,2,10
0,ยานอนหลับ4เม็ด ก็นอนไม่หลับ กูจะบ้าตายแล้ว,0,0,1,0,1,0,2,10
1,ตอนเด็กเคยโดนเเก้วบาดมือร้องไห้เเทบตาย. โตมากรีดเเขนตัวเองมันไม่เจ็บเเต่ทำไมถึงร้องไห้?.,0,1,0,0,1,0,2,28
0,ตอนนี้รู้สึก มือชาเท้าชาตัวเริ่มชาไม่มีอาการหิวข้าวนอนวันละ4ชั่วโม นอกนั้นอยู่กับทรส กินไรไปอ้วก กินได้นิดเดียว ปัสสาวะเป็นสีเหลืองเข้ม ปวดตรงข้อมือกับหลังมากๆ เราอยู่มา3วันกับแค่น้ำเปล่าขวดเดียว อาการแบบนี้คือยังไงคะ,0,0,0,0,0,1,2,56
0,ดิ่งแต่เช้าอีกแล้วเหรอ555,0,1,0,0,1,0,2,5
0,เกลียดตัวเองมั๊ย?? เกลียดสิ,0,1,0,1,0,0,2,6
0,สุดท้ายความรัก... จะสอนให้เราไม่อยากรักใคร..????,0,1,0,0,0,0,2,12
0,เศร้านะแต่ต้องทน เพราะโตแล้ว,0,1,0,0,0,0,2,8
0,เธอสนใจแค่เหตุผลของเธอ... แต่เธอลืมสนใจความรู้สึกของเรา..????,0,1,0,0,0,0,2,15
0,ทำไมตัวตนเราหายไปเลยอ่ะ กลับมาได้ไหมตัวฉัน,0,1,0,0,0,0,2,12
0,"เราแค่ต้องการคนที่อยู่ข้างๆแค่นั้นเอง แค่ต้องการคนที่ถามเวลาเราท้อเราเหนื่อยว่า""เหนื่อยไหมไหวรึเปล่า""แต่ไม่เคยมีใครถามคำถามนี้กับเราเลย??",0,1,0,0,0,0,2,37
0,พยายามเก็บน้ำตา ไม่ให้ใครเห็น,0,1,0,0,0,1,2,7
1,ทำไมต้องตายในเมื่อการมีชีวิตอยู่ต่ออาจทำให้ทุกอย่างดีขึ้น? ทำไมต้องอยู่ต่อในเมื่ออยู่แล้วต้องทุกข์ทรมาน,0,1,0,1,0,0,2,23
0,เหนื่อยนะบางทีกับคำดูถูก คนอื่นดูถูกเราเลือกที่เมินเฉย แต่นี่ครอบครัวไง พอคุณรู้ว่าเราเป็นอะไร คุณจะเอาคำนั้นมาอ้าง บอกเราไม่ดีอย่างนู้นอย่างนี้ ไม่เหมือนคนนู้นคนนี้ คุณไม่เคยเข้าใจอะไรเราหรอก เราเหนื่อยกับการต่อสู้คนเดียวแล้วจริงๆ..,0,1,1,1,0,0,2,58
0,ขอบคุณที่สอนให้รู้ว่ารักคืออะไร,1,1,0,0,0,0,0,9
0,กินยาแล้วอ้วกต้องกินใหม่ป้ะครับ.,0,0,0,0,0,1,0,10
0,คนมีวิ่งข้ามรั้ว ส่วนแมวนี่วิ่งข้ามโต๊ะ Cr. คุณ Tassanaporn,0,0,0,0,0,0,0,13
0,ผ่านมาครึ่งปีละ กูยังจมอยู่ที่เดิมอยู่เลย กูเหนื่อยอะ เมื่อไหร่มันจะจบสักทีปัญหาในชีวิตกู จะต้องให้กูทนกับอีกครึ่งปีหรอ กูพอเเล้ว เหนื่อยปล่อยกูไปเถอะ,0,1,1,0,0,0,2,42
0,หายเศร้าแค่วัน สองวัน มันก็กลับมาเศร้าอีกแล้ว..,0,1,0,0,1,0,2,12
0,“ยังสำคัญไหม ถ้าไม่จะได้ถอย”,0,1,0,0,0,0,2,10
0,ทุกวันนี้ก็ยังยิ้มหัวเราะได้นะ เพียงแต่ว่าในรอยยิ้มกับเสียงหัวเราะตอนนี้มันเต็มไปด้วยความเศร้าก็เท่านั้นเอง,0,1,0,0,0,0,2,18
0,เกลียดโรคซึมเศร้าก็ตอนมันมีช่วงให้เราได้สุขเป็นระยะเวลาหนึ่ง... แล้วทุกข์มันก็กลับมาครอบงำเราอีก เหนื่อยก็ทำได้เเค่แอบร้องไห้ ทรมานนะใช่ว่ามันจะดี,0,1,0,0,0,0,2,37
0,ไม่อยากเห็นแม่เหนื่อยอีกต่อไปแล้วอะ,0,1,0,0,0,0,2,8
0,ได้แต่ให้คนอื่น ทำเพื่อคนอื่น เมื่อไหร่จะได้รับบ้างสักที แม่งโคตรไร้ค่าเลยกู,0,1,0,1,0,0,2,18
1,เรากลัวว่าสักวันเราอาจจะลงมือทำในสิ่งที่ทุกคนคาดไม่ถึงเลยก็ได้ เราอาจจะฆ่าตัวตาย หรือฆ่ายกครอบครัวเลยดี,0,1,1,0,0,1,2,23
0,^^ฉันต้องทำตัวแบบไหน ถึงจะพอใจที่เธอต้องการ????^^,0,1,0,0,0,0,2,13
0,“อยู่คนเดียวสบายใจสุด” อันนี้จริงสุด,0,1,0,0,0,0,0,9
0,อยู่กับคนอื่นมันก็ดีนะ แต่พอกลับมาอยู่คนเดียวมันก็ดาวน์สะงั้น...,0,1,0,0,1,0,2,17
0,เยาวชนไทยเสี่ยงเป็นภาวะซึมเศร้า-ฆ่าตัวตาย,0,0,0,0,0,0,2,8
1,: พรุ่งนี้วันอะไร? : วันตายกูมั้ง...,0,1,1,1,0,0,2,11
1,:เหนื่อยมั้ยที่ต้องทนกับความรู้สึกแบบนี้ :เหนื่อยย :ตายสิ่:),0,1,0,0,0,0,2,16
1,ชีวิตเจอแต่เรื่องที่ต้องยอมคนอื่นตลอดไง ถึงอยากตายไปไวๆ:(,0,1,0,0,0,0,2,17
1,อยู่กับคนอื่นมันก็มีความสุขนะ ยิ้มนะ แต่ทำไมเวลาอยู่คนเดียวแล้วดิ่งจังว่ะ ร้องไห้จังว่ะ...,0,1,0,0,0,0,2,22
1,ไม่อยากอยุ่เป็นความอึดอัดของใคร ตายๆไปคงดีเพื่อจะมีคนรู้สึกดีกับตัวเราบ้าง,0,1,0,1,0,0,2,21
1,พ่อเรากำลังจะมีลูกกับภรรยาคนใหม่ ทำไหมฉันถึงทำใจไม่ได้นะ ปกติก็เครียดพอแล้ว เจอแบบนี้เครียดจนหาทางออกไม่ได้ ไม่อยากอยู่ต่อเลย,0,1,0,0,1,1,2,31
0,บางคนไม่ได้ชอบการอยู่คนเดียวหรอกนะเเต่เขาเเค่รู้สึกว่า ไม่มีสักพื้นที่ในโลกนี้ที่เป็นของเขา เขาเลยเลือกที่จะอยู่เเค่ในพื้นที่ ที่เหมือนเซฟโซนของตัวเอง,0,1,0,0,0,0,0,39
0,จากที่บ้านพูดว่าส่งไม่ไหวแล้วนะ คือเราป่วยเป็น มาปีกว่าแล้วไง ต่อไปคงต้องทำงานไปด้วย เรียนไปด้วย ส่งตัวเองนะ เข้าใจที่บ้านแหละเขาไม่พูดความจริงไอ่เรามันก็ตัวภาระดีๆนี่เอง ไหนจะค่ากิน ค่ายา ค่าเทอม บลาๆอีก ??,0,1,0,1,0,0,2,57
0,ไว้ระบายล้วนๆเลย,0,1,0,0,0,0,0,5
1,เราเลือกเกิดไม่ได้แต่เราเลือกตายได้:),0,1,0,0,0,0,2,11
1,เราจะตายก่อนถึงงานแต่งมั้ยนะ ที่ไม่มีความสุขที่สุดในโลก,0,1,0,0,0,1,2,14
0,พอเราบอกถึงความเจ็บปวดของเราทำไมไม่เคยมีใครเห็นมันเลย ข้อเสียของเราคงจะเป็นความสามารถในการเก็บความรู้สึก,0,1,0,0,0,0,2,25
0,โรคซึมเศร้ามันไม่ใช่เทรนลองมาเป็นเข้าจริงๆทรมานมากอ่ะ,0,1,1,0,0,0,2,15
1,แปลกเนาะ.!..คนอยากตายกลับไม่ตาย คนอยู่เฉยๆกลับตายซะงั้น,0,1,0,0,1,0,2,16
0,บอกเขาไปที่เลิกกับฉัน ??เพราะฉันมันไม่ดี??????,0,1,0,0,0,0,2,14
0,ปล่อยฉันไปได้แล้ว,0,1,0,0,0,0,2,5
1,อยากตาย แต่ตายไม่ได้,0,1,0,0,0,1,2,6
1,ฉันยอมตาย ดีกว่าจะต้องมารับรู้ความรู้สึกนี้,0,1,1,0,0,0,2,10
0,เดอะทอยส์ ปล่อยของกลางเวที ทำสาวๆแห่กรี๊ด งานนี้ถือว่าคืนกำไรให้แฟนเพลง (คลิป),1,0,0,0,0,0,1,20
0,ทะเลาะกับผัว ไม่จำเป็นต้องลาออกจากงานนะ เลิกผัว แต่ยังจำเป็นต้องมีอาชีพค่ะ,0,0,1,0,0,0,2,16
0,สงสารแต่แม่ที่คอยมารับอารมณ์ลูกคนนี้ เรามันลูกอกตัญญู ฮือๆสงสารก้อสงสารแต่ก้อทำอะไรเพื่อแม่ไม่ได้เลยสักอย่าง,0,1,0,1,0,0,2,30
0,อย่าบอกให้เราหยุดทำร้ายตัวเอง เพราะเราหยุดมันไม่ได้,0,1,0,0,0,0,2,13
0,จ่านิว,0,1,0,0,0,0,2,2
0,ความในใจถึงเพื่อนสมัยเรียนมัธยมซึ่งนานทีจะได้เจอกันได้ใช้เวลาร่วมกับพวกมันก็เป็นเรื่องที่คุ้มค่าที่สุดเท่าที่ในชีวิตเคยประสบมา,1,1,0,0,0,0,1,28
0,อุ้ยไม่เจ็บแล้วนะ ไปอยู่บนสวรรค์แล้ว ??,0,1,0,0,0,0,0,11
1,เหมือนการตายเป็นสิ่งเดียวที่มีในความคิด,0,1,0,1,0,0,2,9
0,ทักมาคุยกันหน่อยสิ,0,1,0,0,0,0,0,6
0,พี่เคยดูซีรี่ย์ที่เขาเล่น เธอเสียชีวิตแล้ว ??,0,1,0,0,1,0,2,12
0,"ชอบเขา แต่เขาชอบคนนั้น รักเขา แต่เขารักคนนั้น เราโพสถึงเขา เขาโพสถึงคนนั้น เราทักหาเขา เขาทักหาคนอื่น เราแอบมองเขา เขาแอบมองคนนั้น คือ""กู""ค่ะ!",0,1,0,0,0,0,2,44
1,อยู่ๆน้ำตาก็ไหล? มันไม่รู้สึกอะไร?เลย?ก็ได้แต่ขับรถไปร้องไห้ไป?ปแวบนึงที่คิดว่าขับรถชนไปซะเลยก็ดี.. แต่รถพี่งออก //?ไม่อยากเห็นภาพใด?แม้แต่ท้องฟ้า? อยากจะพักตาลงชั่วกาล?,0,1,0,0,0,1,2,54
0,นุ๊ก สุทธิดา เคลื่อนไหวแล้ว หลังถูกจับโยง ดารา ส. คดี ปุ๊กกี้ ชาลาล่า,0,0,0,0,0,0,0,17
0,คำถาม 18+ !! เมื่อ ออฟฟี่ แม็กซิมท้อง 9 เดือน,0,0,0,0,0,0,0,12
0,การรออะไรสักอย่าง แล้วไม่มีจุดหมายแม่งโคตรน่าเศร้าเลยหวะ^_^,0,1,0,0,0,0,2,16
1,ขอตายได้มัยถ้าชีวิตจะแย่ขนาดนี้,0,1,0,0,0,0,2,10
1,สุดท้ายอาการแย่กว่าเดิมเพราะสิ่งแวดล้อมเดิมๆ มหาลัยก็จะเอาแบบนี้ แม่จะเอาอย่างนั้น ส่วนนี่คิอรำคาญ ช่วยหยุดเถียงบ้างเหอะ ขอให้เส้นเลือดสมองแตดตายไปเลยตัวกู,0,1,1,1,0,0,2,36
0,ใจผมที่ให้คุณไปอ่ะ ถ้าคุณอยากจะ ทำร้ายมันก็เชิญ ผมยอม??????,0,1,0,0,0,0,2,18
1,เราไม่รู้ว่าเราเป็นหรือป่าวแต่เราโครตไม่อยากมีชีวิตอยู่เลยอ่ะคิดจะอยากจะตายตลอดไม่มีความสุขเลยมันหดหู่มากๆเหมือนโลกนี้ไม่มีใครเข้าใจไม่มีใครเลยจริงๆ,0,1,0,0,0,0,2,42
1,รู้สึกผิดอย่างเดียวคือทำไมฉันไม่ตายไปจากโลกที่ไม่น่าอยู่แบบนี้นะ,0,1,0,1,0,0,2,17
0,ตื่นมาทำไมตอนนี้..,0,0,0,0,1,0,0,5
0,"อย่าให้โรคมันบงการเรามากนะ มันไม่ดีหรอก ""การทำร้ายตัวเองไม่ใช่ทางออกที่ดีที่สุด""",0,0,0,0,0,1,1,22
1,อยากหายไปจากโลกนี้,0,1,0,0,0,0,2,6
0,คำบางคำที่พูดมา มันสามารถทำให้คนคนหนึ่งฆ่าตัวตายได้เสมอนะ คิดจะพูดอะไรเกรงใจคนที่อยู่ตรงนี้หน่อย ไม่ใช่พูดออกมาแล้วแทงใจดำ ให้เขาไปอยู่ในจุดๆเดิม,0,1,1,0,0,0,2,39
0,????เบื่อไหม กับอะไีรที่มันเดิมๆ????,0,1,0,0,0,0,2,11
0,"I hope I can do it without hope. ""ฉันหวังว่าฉันจะสามารถทำมันได้ โดยไม่มีหวังเลย""",0,1,0,0,0,1,0,24
1,เหมือนจะถึงทางตัน,0,1,0,0,0,0,2,4
1,กดมีดมันให้ลึกกว่านี้สิ..,0,0,1,0,0,0,2,9
0,เมนชั่นมาหาเราได้นะ ยินดีรับฟัง คุณไม่ได้อยู่คนเดียวบนโลกใบนี้นะ สู้ๆ,1,0,0,0,0,0,1,20
0,ถ้าผมรบกวนขอโทษนะครับ ผมอาร์มนะ มาแลกเปลี่ยนกำลัใจกับผมกับเพลงนี้ อย่ายอมแพ้และตัวคุณมีค่าที่สุด หวังว่าพวกคุณจะได้ยินเพลงนี้จากผมนะครับ ผมส่งต่อทุกวันให้ทุกคนเลยครับ กอดๆอย่ายอมแพ้คุณไม่ผิด ดูแลทั้งตัวและใจด้วยนะตัวคุณมีค่ามากๆ อย่ายอมแพ้ครับ,1,0,0,0,0,0,1,65
0,คุณรู้มั้ย ว่ามีหลายคนกำลังเป็นไอ้โรคบ้าๆนี่ แต่ไม่มีใครรู้,0,1,1,0,0,0,2,19
0,เร็วเกินไปตั้งตัวไม่ทัน! เท่ง เถิดเทิง เสียใจ น้ำตาล เดอะสตาร์ ด่วนลาจาก,0,1,0,0,1,0,2,13
0,เราไม่อาจรู้ได้เลย? ว่าใครจะจากเราไปวันไหน? วันนี้เรายังยิ้มและหัวเราะ? เราอาจยังโกรธ?หรือขุ่นเคืองใจ? แต่ถ้าวันนี้ลมหายใจสิ้นสุดลง? วันพรุ่งนี้?คงไม่มีวันมาถึง? คงไม่มีรอยยิ้มและเสียงหัวเราะ? ไม่มีใครอยู่รอปรับความเข้าใจ.. ทุกสิ่งสิ้นสุดเมื่อหมดลมหายใจ..,0,1,0,0,0,1,2,66
0,อย่าเปิดประเด็น เดี๋ยวเป็นคดี.????,0,0,0,0,0,1,0,6
0,ฉันเหมือนคนหลงทาง แต่ก็ไม่มีที่ให้กลับไป,0,1,0,0,0,1,2,12
0,แล้วคุณก็หายไป คุณsafe zone,0,1,0,0,0,0,2,8
0,เราเดินมาถึงจุดๆนึงแล้วพึ่งมารู้อีกทีว่าเราเดินผิดทาง ทั้งเสียเวลาทั้งเหนื่อยฟรี.,0,1,0,0,1,0,2,21
1,ที่กูเป็นแบบนี้ก็เพราะคนรอบตัวนี้แหละอีเหี้ยอยสกตายว่ะกูทำไรได้มั้ง!!!!,0,1,1,0,0,0,2,21
1,รู้สึกไม่ไหวแล้วอะ ตายได้ไหม?,0,1,0,0,0,0,2,9
1,ไม่ไหวแล้วทุกคน หวังว่าเราจะได้เจอกันอีกนะ??,0,1,0,0,0,0,2,13
0,กอดฉันที,0,1,0,0,0,0,2,3
0,คงมีแต่เบาหวาน????????????? ที่ต้องการคนอย่างเรา????,0,1,0,0,0,0,2,11
0,แพทย์เผยสาเหตุ “น้ำตาล เดอะสตาร์”เสียชีวิต,0,0,0,0,0,0,0,8
0,ทำไมถึงชอบเค้า หลายคนถาม แต่เราเองยังไม่รู้เลยทำไมถึงชอบ คงเพราะความสดใสของเค้ามั้ง...,1,1,0,0,1,0,0,25
0,ตอนนี้สงใสว่าตัวเองเป็นใบโพล่าหรือว่าโรคซึมเศร้ากันแน่?,0,0,0,0,0,1,2,14
0,ฉันเหนื่อย,0,1,0,0,0,0,2,2
0,ฉันไม่อยากเจอใคร ไม่อยากแสดงท่าทีว่าฉันโอเค ทั้งที่ข้างในฉันไม่เคยยิ้มเลย ฉันเหนื่อย,0,1,0,0,0,1,2,20
0,ครอบครัว?เห็นว่า? เป็นเรื่องตลกครับ? เขาบอกให้ผมเลิกบำบัด?และเอายาผมไปทิ้งลงถังขยะโดยไม่บอกผมยกเลิกนัดที่หมอนัดผมด้วยคำว่าอายคนอื่นเพราะ?ว่าคิดว่าผมเป็นบ้าที่เข้าจิตเวชทุกๆเดือน? แต่ผมเหนื่อยผมอยากบำบัดต่อทำไงดีครับ,0,1,1,0,0,1,2,63
0,ร้องออกมาจนได้บ้าที่สุด,0,1,1,0,0,0,2,5
0,สุดช็อก! วินัย ไกรบุตร ป่วยโรคหายาก “ตุ่มน้ำพอง” เผยสุดทรมาน พบ1ใน4แสนคน,0,1,0,0,1,0,0,24
0,มันมากกว่าการที่ซึมแล้วเศร้า มันมากกว่านั้นเยอะ หึ-),0,1,1,0,0,0,2,14
0,ไม่รู้ตัวเองนะว่าเป็นไหมแค่อยากหาที่ระบายหาคนรับฟังคือนี่้ป็นเด็กเรียนเป็นประธานนักเรียนเป็นเด็กที่ครูไว้ใจเด็กกิจกรรมทำหมดแต่ไม่รู้ทำไมถึงโดนเพื่อนเกลียดหาว่าเด็กครูด้วยความที่เป็นประธานแล้วเวลาไม่พอนี่เลยจะทำงานล้วงหน้ารีบทำก่อนส่งก็จะโดนเพื่นแซะโดนนินทา (ต่อ),0,1,0,0,0,1,2,73
1,บางทีมันก็เป็นแบบนี้จริงๆนะ หลังจากเราผ่านอะไรเลวร้ายมา อยากหายไปเลย พยามลองคิดว่าถ้าไม่ตื่นขึ้นมาคงจะดีไม่ต้องมารับรู้ไม่ต้องมาเผชิญกับเรื่องต่างๆอีก มันรู้สึกเหนื่อยไปหมด ไม่ไหวแล้ว,0,1,0,1,0,0,2,45
0,ตกใจอยู่ๆก็ติดเทรน,0,0,0,0,1,0,0,7
0,คิดไปเองรึเปล่าๆๆๆๆๆๆ ทำไมต้องเจอแต่ไอ้ประโยคบ้าๆนี่ซ้ำแล้วซ้ำเล่า รู้มั้ยกว่าจะผ่านไปแต่ละวันได้นี่มันทรมานขนาดไหน ไม่ได้ขอให้เมตตา ไม่ได้ขอให้สงสาร ไม่ได้ต้องการเรียกร้องความสนใจ แต่ขอแค่อย่าดูถูก หยุดสร้างบาดแผลเพิ่มจะได้มั้ย,0,1,1,0,0,1,2,54
0,เช้าตื่นมาก็เจอกับคนที่บ้านพร้อมคำดูถูกก็เอาเถอะก็ไม่มีใครเชื่อว่านี่จะวอบได้อยู่แล้ว แถมพาทแรกก็ฟาวไปอีกสมใจเค้าแล้วละ แล้วอารมมันขึ้นมา 5-6 วันแล้วละแม่งสะกิดนิดเดียวคือพัง ไม่ใช่ 5 นาทีดี 5 นาทีร้ายนะจ๊ะ (3),0,1,0,1,0,0,2,66
0,เราไม่ใช่จิตแพทย์ ไม่ใช่นักจิตวิทยา ไม่ใช่คนที่คอยแต่บอกให้พวกเธอสู้ ไม่ใช่คนที่ดูถูกในตัวพวกเธอ ไม่ใช่คนที่คาดหวังในสิ่งที่ไม่ใช่ตัวเธอ ไม่ใช่คนที่คอยบอกให้เธอลุกแต่ไม่ได้ช่วยดึง แต่เราแค่อยากเป็นคนที่ฟังพวกเธอ จะเล่าอะไรก็ได้ จะเล่าตอนไหนก็ได้ น่าสนใจนะ เราอยากฟัง,1,0,0,0,0,0,1,77
0,มันดีมากเลยนะมึงที่คนไม่รู้จักกันแต่เป็น เหมือนกันมาให้กำลังใจกันให้คำปรึกษากันโดยที่เราไม่ได้สนิทกันแต่มีความทุกข์เหมือนกัน มันดูอบอุ่นดีนะ มากอดกันหน่อยมา????,1,0,0,0,0,0,1,39
1,แก คือเราไม่เคยคิดอยากตายเว้ย แต่เราอึดอัดข้างใน เราเลยต้องกรีดเพื่อให้เจ็บข้างนอกแทน แค่นั้นเอง,0,1,0,0,0,0,2,23
0,เรื่องใกล้ตัวกว่าที่คิด via [USER] เรื่องนี้เขียนไว้นานแล้วแต่ยังคงเป็นประโยชน์อยู่เสมอ,1,0,0,0,0,0,0,18
0,จะต้องสะดุ้งตื่นไปอีกนานแค่ไหนอ่ะ เหนื่อยมากๆแล้ว อยากนอนแบบคนปกติบ้าง,0,1,1,0,1,0,2,19
0,ฉันเพียงอยากขอช่วยทำให้ฉันหายไป,0,1,0,0,0,0,2,9
0,เป็นมั้ยที่รู้สึกเหงานะ แต่ก็ชอบอยู่คนเดียว รู้สึกเวลาไปกับคนอื่นแล้วอึดอัด ยกเว้นจะเจอคนที่เราสบายใจจริงๆ ที่ต้องรู้จักมานานมาก,0,1,0,1,0,0,2,32
0,ก็ตัวคนเดียวตลอด ไม่เห็นจะเป็นไรเลย????,0,1,0,0,0,0,0,8
0,ไบโพลาาาาาา เรียกพ่อแล้วไง อารมณ์เยอะขนาดนี้ พบ ไหม ??,0,0,0,0,0,0,0,15
1,ไม่ชอบเลยความรู้สึกที่อยู่ดีๆก็อยากตายขึ้นมา เราว่าครอบครัวเราก็ดีนะแต่ทำไมถึงเป็นงี้วะ ต้องตื่นมาแล้วรู้สึกว่าการที่มีชีวิตอยู่มันเป็นภาระให้คนอื่น พยายามดึงตัวเองแล้วแต่มันไม่ไหวจริงๆ,0,1,0,1,0,0,2,45
0,ที่สุดของความดิ่ง เราฟูมฟายมากแค่ใน ในความรู้สึกก็ยังไม่พอ,0,1,0,0,0,0,2,15
0,วอลเปเปอร์มือถือเสริมดวง นำโชคทั้งงาน เงิน ความรัก.,1,0,0,0,0,0,0,11
0,โลกมันร้าย หรือเป็นฉันเองที่อ่อนแอ ??,0,1,0,1,0,0,2,10
0,คลิปนี้คือดีมากนะ แบบฟังแล้วมันทำให้เรารู้สึกว่า คนมีอาการซึมเศร้าเค้ารู้สึกยังไง สาเหตุที่ทำให้รู้สึกแบบนั้นคืออะไร มันเป็นการเข้าใจคนที่เป็น กับการวัดว่าตัวเองเคยรู้สึกแบบนี้รึป่าวงี้ ทั้งคลิปพูดอิ้งหมด แต่การแสดงออกคือดีมากๆ,1,0,0,0,0,0,1,55
0,ไม่น่าเลย ไม่น่าเปิดใจ เชื่อคำพูดของคนเลย สุดท้ายใครจะรับเราได้ กับคนที่มองเหมือนเราเป็นคนบ้าคนนึง ต่อไปนี้จะไม่เชื่อใครอีกแล้ว พังทุกที โรคที่ทุกคนรังเกียจ :-(,0,1,0,1,0,1,2,38
0,ไม่รู้ว่าคนที่เป็นเขารู้สึกแบบไหนหรอก ไม่กล้าไปหาหมอด้วยเพราะกลัวจะโชคร้าย แต่กำลังพยายามทำให้ตัวเองมีความสุขอยู่ถึงแม้จะยากก็ตาม,0,1,0,0,0,1,2,31
0,"ช็อคเปรี้ยงทั้งวงการอีก 1 คู่ !! ""อ้น สราวุธ"" ประกาศขอ ""ลาล่า โปงลางสะออน"" แต่งงานสายฟ้าแลบกลางไอจี",0,0,0,0,1,0,0,27
0,ฉันแค่เหนื่อย เหนื่อยจริงๆ,0,1,0,0,0,0,2,5
0,บางครั้งเราก็อาจจะไม่รู้ตัวว่าเราเป็นโรคซึมเศร้า...,0,1,0,0,1,0,2,11
0,คุณต้องเข้มแข็งนะ รู้ไหม เมื่อคุณทำได้ คุณจะรู้สึกตัวเองน่ารักมากๆเลย ??,1,0,0,0,0,0,1,18
0,"ไม่มีคุณในวันนั้น ไม่มีผมในวันนี้ Good night, Grandfather.",0,1,0,0,0,0,0,15
0,"คุณใช้คำพูดแย่ๆพวกนั้นทำร้ายคนอื่น แล้วคุณก็บอกว่า ""อย่าคิดมาก""",0,1,1,0,0,0,2,18
0,เป็นไปได้ก็อยากออกไปอยู่คนเดียว ไม่อยากเจอผู้คน ไม่อยากรู้เรื่องราวอะไรทั้งนั้น,0,1,0,0,0,1,2,16
0,รู้สึกเหมือนตัวเองเป็นหุ่นยนต์ที่ต้องใส่แบตเตอรี่ วันไหนใช้พลังงานเยอะเกิน แบตก็จะหมดและไม่สามารถรับอะไรได้อีกแล้ว พอกลับบ้านก็ต้องไปนอนชาร์ตพลังงานเพื่อรอสำหรับวันต่อไป วนลูปชีวิตแบบเดิมๆ,0,1,0,0,0,0,2,45
0,อยากให้แกเจอคนแบบแกอ่ะ จะได้รู้ว่าสิ่งที่เราต้องเจอมันแย่ขนาดไหน.,0,1,0,0,0,0,2,22
0,บางทีย้อนไปดูตอนแรกของซีรีย์เยอะไปเห็นเว่ยอิงร้องไห้ เอามือไปเช็ดจอเฉยเลย เราอะอินจัด,0,1,0,0,0,0,0,24
0,ทุกๆที่ได้ยินเสียงเค้ามันมีความสุขตลอดและเศร้าในเวลาเดียวกัน,1,1,0,0,0,0,0,11
1,เค้าบอกว่าจงสร้างความสุขให้ตัวเราเอง555ด้วยการกรีดเเขนตัวเองนะหรอ? ใช่ฉันมีความสุขที่ได้ระบายมันออกมา..,0,1,0,0,1,0,2,28
0,แกคือสิ่งสุดท้ายที่ฉันยังห่วง ขอให้แกดูแลตัวเองให้ดี,0,1,0,0,0,0,0,13
0,การที่ฉันร้องไห้มันเป็นเรื่องตลกเเละไร้สาระหรอ..,0,1,1,0,0,0,2,12
0,อยากไปเป็นเด็ก จะได้ไม่รับรู้อะไร,0,1,0,0,0,1,2,9
0,ด้วยรักและอาลัยครับ @ วัดถ้ำสิงขร อ.คีรีรัฐนิคม,0,1,0,0,0,0,2,13
0,ชอบสังเกตพฤติกรรมมนุษย์นะ เท่าที่สังเกตมาพบว่า คนที่เป็นคนดีมาก ประเสริฐเลิศเลอ เสียสละเพื่อเพื่อนมนุษย์แบบเกินมาตรฐาน ถ้าไม่ได้เป็น ก็มักจะเป็น ไม่รู้สิ ก็เพิ่งสังเกตมาไม่นาน เกิดมาไม่กี่ทศวรรษเอง,0,0,0,0,1,0,0,45
0,"กิจกรรม ""S O S ซึมเศร้าในวัยรุ่น เข้าใจ รับมือได้"" ที่ศูนย์เรียนรู้สุขภาวะ สสส.",1,0,0,0,0,0,0,16
0,คิดถึงมึงหว่ะ????,0,1,0,0,0,0,0,4
1,ก็รู้อยู่หรอกว่าความตายไม่ใช่ทางแก้ปัญหาที่ดี... แต่ทำไมถึงคิดตลอดเลยนะ,0,1,0,0,1,0,2,19
0,ศิษย์ร่ำไห้! รื้อสำนักปฏิบัติธรรม ตามคำสั่งศาล,0,1,0,0,0,0,0,8
1,อยากเดินโง่ๆ ให้รถชนตาย ก็เราเป็นภาระเค้าหนิ...,0,1,0,1,0,0,2,14
1,"ผมจะคอยบอกตัวเองเสมอ "" พรุ่งนี้ค่อยจากโลกไป "" มันดูเหมือนหลอกตัวเอง ผมก็แค่ยื้อเวลาเพื่อหาคำตอบของเรื่องราวทั้งหมด จะได้จากไปอย่างสงบสักที ??",0,1,0,0,0,0,0,34
0,ซื้อ atarax แก้ผื่นคันมาให้แม่ อ่านดูคุณสมบัติ แก้วิตกกังวลได้ ใครเคยกินแล้วเป็นยังไงบ้าง เพราะช่วงที่เป็นหวัดกิน คลอเฟแล้วเหมือน ดีขึ้น ช่วงนั้นคิดว่า คงได้นอนเยอะขึ้นเลยดีขึ้นเอง,0,0,0,0,0,1,1,42
0,"*คนที่เป็นโรคซึมเศร้า -พวกเราไม่ได้แกล้งเศร้า -พวกเราไม่ได้ต้องการเรียกร้องความสนใจ -ในแบบที่พวกเธอคิดกันหรอกนะ *ถ้าพวกเราเลือกได้ -พวกเราก็คงไม่อยากตกอยู่ในสภาวะแบบ นี้หรอกนะ -กว่าจะผ่านไปได้แต่ละวันแต่ละวัน -พวกเราทรมาณมากเลยนะ ""คุณไม่ได้เป็นแบบเราคุณจะไม่เข้าใจ""",0,1,0,1,0,0,2,73
0,"แม่เข้ามาสวมกอดแล้วบอกกับผมว่า "" ลูกต้องเริ่มยอมรับความจริง และไม่หลีกหนีมันนะลูก ทำเพื่อแม่ได้ไหม? แม่อยากเห็นลูกดีขึ้น "" ตอนนั้นผมยังไม่ตอบอะไร เพราะที่ผ่านมาผมเป๋นแบบนั้นมาตลอด ""แม่ครับ ผมยอมรับความจริงแล้วครับ และจะไม่โกหก ผมไม่มีใครเลยครับแม่ และผมหมดแรงแล้ว """,0,1,0,1,0,0,2,70
0,คนเดียวมันสบายใจกว่าจริงๆ รู้สึกเหงามากเลยนะแต่มันไม่ต้องคอยฝืนทำเรื่องอื่นอ่ะ,0,1,0,0,0,0,0,19
0,จะไปจากเราก็ไม่เป็นไร แต่ถ้าจะกลับมา อย่ากลับมาในตอนที่เราไม่รู้สึกอะไรอีกแล้วละกัน...,0,1,0,0,0,0,2,22
0,ฐานะรวย=สวย,0,0,0,0,0,0,0,4
0,ตัดกระดาษ??ต้องใช้กรรไกร?? ตัดหัวใจ??ต้องใช้เวลา??,0,1,0,0,0,0,2,13
0,เจอกับหนังสือเล่มนี้เข้า ดีนะ ทำให้เข้าใจลักษณะของความเครียดที่เข้าข่ายโรคต่างๆมากขึ้น ตอนแรกคิดว่าตัวเองเป็นซึมเศร้า แต่อ่านแล้วเหมือนจะเข้าอาการ PMS มากกว่า ลักษณะแบบผญ.เป็นเมนส์ ขี้หงุดหงิด อารมณ์เสียกะเรื่องหยุมหยิม,1,0,0,0,0,0,0,44
0,จำไม่ได้เลยว่ามีความสุขครั้งล่าสุดตอนไหน,0,1,0,0,0,0,2,10
0,สวัสดีค่ะ มีเรื่องอยากมาระบาย เพราะนี่ไม่สามารถระบายให้ใครฟังได้เลยในชีวิตจริงหากพิมคำไหนผิดพลาดเกิดความเข้าใจผิดต่างๆขออภัยด้วยนะคะ,0,1,0,0,0,0,2,28
0,เคยดิ่งแล้วแฟนเก่าทักมาปลอบใจไหม? แม่งโคตรอยากกอดอยากขอบคุณเขาเลย,1,0,0,0,0,0,1,19
0,ผ๋มโง่เองเเหละ ที่ยังม่ใปไหนสักที????,0,1,0,1,0,0,2,12
0,ในความนิ่งเฉย เต็มไปด้วยพันล้านความรู้สึก ..??????,0,1,0,0,0,0,2,8
0,??กดติดตามเพจ?? [USER] [USER] [USER] cr. เพจ เหนอ ------------------------------------------,0,0,0,0,0,0,0,14
1,พอปรับยาแล้ว ดีนะเศร้ามากกว่าเดิม ร้องไห้มากกว่าเดิม และรู้สึกอยากหายไป เบื่องานที่ทำซ้ำๆ เบื่อเพื่อนร่วมงานที่คอยแต่ถามประโยคเดิม ๆ เบื่อหมอที่ไม่เจอยาที่พอดีซักที อยากเลิกรักษา ??,0,1,1,0,0,0,2,45
0,มึงคิดว่ากูร้องไห้ป้ะ?,0,1,0,0,0,0,0,7
0,ให้เวลาตัวเองได้เศร้าบ้าง อย่าฝืนเลยถ้ามันไม่ไหว ก็ปล่อยให้มันเศร้าให้สุดๆปลดปล่อยอารมณ์ให้มันเป็นไปอย่างที่มันอยากจะเป็น แต่ได้โปรดอย่าคิดทำร้ายตัวเองเลยนะ เรายังอยากเจอคุณในทุกๆวันนะ,1,0,0,0,0,0,1,50
0,"ทำไมไม่พูด!! ""มีอะไรทำไมไม่บอก!!"" ""อย่าทำให้แม่เดือดร้อนสิ"" ประโยคเหล่านี้คนพูดไม่รู้หรอว่ามันเเย่แค่ไหน :ถึงเราพูด คุณก็ไม่ฟัง :ถึงเราบอก คุณก็ปล่อยผ่านอยู่ดี :แล้วเราต้องทำยังไง ไม่ต้องมีเราอยู่มั้ย ?เราไม่เคยทำเพื่อเราเลย ทำดีแค่ไหนก็ไม่เห็นค่า เหนื่อยนะ",0,1,1,1,0,0,2,74
1,เบื่อทุกอย่าง ไม่อยากลุก ไม่อยากไปไหน ไม่อยากเจอใคร ไม่อยากพูดกับใคร อยากอยู่เงียบๆ อยากหายไปในที่ๆไม่มีใครรู้จัก,0,1,0,0,0,0,2,30
1,อ้างว้างเหลือเกิน,0,1,0,0,0,0,2,2
0,จำไว้เลยนะ ถ้ามึงมานั่งตั้งคำถามว่าความชัดเจนของสัมพันธ์นี้อยู่ตรงไหน นั่นคือมันชัดเจนแล้วว่าไม่ชัดเจน.,0,1,1,0,0,0,2,25
0,จริงๆก็อยากสนิทกับใครสักคนนะ แต่เรากลัว พอสนิทกันได้ระดับหนึ่งมันจะมีจุดที่รู้สึกว่าเราอยู่ใกล้เขามากเกินไป แล้วเราก็ดีดตัวออกมาจากเขาทันทีเลย ดังนั้นเราก็ไม่รู้เหมือนกันว่าเรากลัวอะไรกันแน่...,0,1,0,0,0,1,2,52
0,เหนื่อยกับการที่ต้องทำตัวโอเคกับทุกเรื่อง,0,1,0,0,0,0,2,10
0,อยากหนีไปอยู่ที่ใครไม่มีวันเจอกู,0,1,0,0,0,0,2,11
0,ความรู้สึกดีๆที่เคยให้ไป. มันพังไปหมดตอนที่พี่ทิ้งหนูไปแล้ว,0,1,0,0,0,0,2,18
0,ต่อไปฉันจะไปหลบภัยอยู่ที่ไหนละ,0,1,0,0,0,1,2,8
1,น้องที่ทำงานถามว่า ทำไมเดี๋ยวนี้ไม่ทำอาหารมากินเลย เราก็ได้แต่ตอบไปว่า ขี้เกียจ แต่ความเป็นจริงคือไม่กล้าเข้าครัว กลัวอยู่ดีๆเอามีดมาแทงตัวเอง เพราะความคิดเรื่องการฆ่าตัวตายนี่แหละ,0,1,0,0,0,1,2,36
0,ถามหาแล้ว,0,0,0,0,0,1,2,2
0,ฉันควรอยู่ในที่ที่ควรอยู่สินะ555 คงไม่มีอะไรเหมาะเท่าอยู่ตรงนั้น ตรงที่ทุกคนทิ้งทุกอย่างที่ไม่ต้องการ..,0,1,0,1,0,0,2,29
0,เข้มแข็งไว้นะ ยังมีเรื่องอีกเยอะ ที่จะผ่านเข้ามาในชีวิตเรา,1,0,0,0,0,0,1,13
0,ถ้าวันนี้ไม่มีพี่เราอยู่ด้วยเราคงทำร้ายตัวเองไปแล้วละ,0,1,0,0,1,0,0,15
0,ล่าสุดฉันไปยืนร้องไห้กลางห้าง เจอเพื่อนในสาขา2คนที่ทำงานในนั้น ก็รู้สึกกลัว ไม่ได้อยากเจอ เพราะเราจะทำตัวอึดอัดใส่คนอื่น และแม่ก็ว่าเรานู้นนี่ มันเป็นคำพูดที่ดูธรรมดามาก แต่มีผลกระทบต่อความคิดของเรา เรายิ่งคิดมาก เลยยืนร้องไห้กลางห้าง พร้อมจับรถเข็นไว้ด้วย คนมองอยู่,0,1,0,1,0,1,2,66
0,ใช้ชีวิตยังไงให้มีความสุข แต่ความสุขต้องไม่ใช่ความทุกข์ของคนอื่น FernNi,0,1,0,0,0,0,0,13
1,1ความลับที่ฉันเก็บมันมาตลอด3ปี และในอีกกี่สิบปีข้างหน้าฉันก็ยังจะเก็บมันไว้ ให้มันตายไปพร้อมกับลมหายใจของฉันในวันนั้น ว่าโลกอีกโลกของฉันมันทรมานเพียงใด.,0,1,0,0,0,1,2,44
0,เราก็เพลา ๆ โพสความรู้สึก ไว้บ้าง แม้จุดประสงค์หลักที่เราสร้่างทวีตขึ้นมา เพื่อมาระบายก็จริง แต่อย่าลืมนะ ว่ามีคนฟอลเราเยอะแล้ว แล้วเขาก็ไม่ได้อยากเต็มใจเห็นสิ่งที่เราทวีตเช่นกัน,0,1,0,0,0,0,2,46
0,????อย่าเอาคนในอดีต มาตัดสินคนปัจจุบัน... มันไม่แฟร์????,0,0,1,0,0,0,0,14
0,เธออยู่ทุกครั้งที่หลับ :),0,0,0,0,0,0,0,5
0,ยิ่งเก่าก็ยิ่งแพง เหมือนกับแฟนที่คบกันมานานเท่าไหร่ ก็ยิ่งมีค่าสำหรับผมเท่านั้นแหละ???? :,0,1,0,0,0,0,2,22
1,เอาจริงก็ไม่ได้อยากอยู่เลย,0,1,0,1,0,0,2,6
1,คนที่เป็นโรคซึมเศร้า เวลามีปัญหา คือมันออกจากปัญหาไม่ได้จริงๆ มีได้รับแรงกดดันเยอะๆ ยิ่งรู้สึกหาทางออกไม่ได้ เหมือนปมเชือกที่มัดแน่นจนแกะไม่ออก ทุกอย่างมันถาโถมจนอยากตายให้มันจบๆไป,0,1,0,0,0,0,2,45
0,สลด! บิ๊กไบก์ เสียหลักพุ่งชนป้ายระวังโค้งอันตราย ปากซอยฉลองกรุง ร่างกระเด็นดับคาที่ 2ศพ,0,1,0,0,0,0,2,19
0,(2) และใครที่ไม่เคยสัมผัสกับโรคซึมเศร้า อยากให้ลบภาพที่คิดออกไปก่อน เราไม่ได้หดหู่ตลอดเวลา และก็ร้องไห้ออกมาเมื่อรู้สึกอึดอัดย้ำคิดย้ำทำ ก็มีบางครั้งบางคราว แต่ถ้าบังเอิญเจอกัน เราก็เหมือนคนปกติ พูดคุยและยิ้มได้ ??,0,1,0,0,0,0,2,48
1,มันจะมีครั้งหนึ่งที่เเบบไม่ไหวเเล้วจนจะเอาคัตเตอร์มาเเทงคอตัวเอง เเต่ก็นั้นล่ะทำไม่ได้.. เพราะเรารู้ว่ามันต้องเจ็บมากเเน่ๆ เหอะๆ จะเป็นไปได้มั้ยวะที่ไม่ต้องฆ่าตัวตายเเต่เเค่หายไป หายไปสักที่หนึ่งที่มีเเต่ความสุข ที่ที่ทำให้เรายิ้มได้เเบบจริงๆ,0,1,0,0,0,1,2,62
0,ไม่มีที่มา ไม่มีที่ไป มันคือส่วนหนึ่งในตัวตนของฉัน เหมือนมันเกิดมาพร้อมกับฉัน และคงตายไปด้วยกัน,0,1,0,0,0,0,2,25
0,ควรดีใจหรือน้อยใจดี ที่แฟนตัวเองยังคุยกับคนที่เคยชอบคนที่เคยรักอยู่,0,1,0,0,0,0,2,20
0,อะไรคือการที่เราร้องไห้แล้วบอกขี้แย ตอแหล สำออย ถ้าคุณเป็นแบบฉัน คุณยังจะยิ้มออกหรือไม่?,0,1,1,0,0,0,2,23
0,มันพูดไปเรื่อย สส.ขาดวุฒิภาวะกับความอยากดัง ! เห็นแล้วอ๋อ มันเป็นอย่างนี้นี่เอง คนไม่มีวุฒิภาวะ_ขายขำ ปชช.ทั้งปนะเทศ ?,0,0,1,0,0,0,2,32
1,ภาระ=กู ส่วนเกิน=กู ขยะ=กู มึงจะเกิดมาทำไม...,0,1,0,1,0,0,2,15
1,ที่ไม่กรีดแขน... ไม่ได้กลัวเจ็บ ไม่ได้กลัวตาย แต่เพราะไม่อยากฟังคำดูถูก และความเห็นใจจากใคร ถ้าจะตาย ก็จะตายโดยไม่บอกใคร ตายอย่างเงียบๆ ดีกว่า สบายใจกว่าเยอะเลย,0,1,0,1,0,0,2,43
0,??เซฟอย่างเดียวหรอ รี+ติดตามด้วยสิ?? Cr. sad._.bitch [pinterest]????,0,0,0,0,0,0,0,16
0,ไม่ใช่ทุกคนที่จะมีเซฟโซน...,0,1,0,0,0,0,2,9
1,อย่าเอาการเรียน ครอบครัว เพื่อน มากดดันเราได้ไหม แค่นี้ก็เหนื่อยจนอยากตายแล้วนะ,0,1,1,0,0,0,2,18
0,พอตกเย็นยิ่งต้องกอดตัวเองให้แน่นๆ ไม่ชอบอารมณ์แบบนี้เลย,0,1,0,0,0,1,2,15
0,เราคิดว่าแม่เข้าใจเราแล้วซ่ะอีก แต่ที่ไหนได้แม่ไม่เคยเข้าใจ ไม่เคยเลยสักนิดเดียว แม่รับรู้ว่าเราป่วยเป็น พาไปหาหมอ ตอนนอนรพ.แม่ก็ไปหาทุกวัน(เพราะทำงานที่รพ.อยู่แล้ว) เราอยู่ในสภาพที่นอนในกรงขัง 2 ชั้น ออกไปไหนก็ไม่ได้อยู่เป็นเดือนมาสองรอบ แม่ไม่เคยเข้าใจเลยซินะ ??,0,1,1,0,1,0,2,72
1,เบื่อทุกอย่างในชีวิต อยากตาย ไม่อยากอยู่,0,1,0,0,0,0,2,9
0,ครึ่งนึงของชีวิตถูกลิขิตด้วยโชคชะตา... แต่อีกครึ่งของความสำเร็จที่ได้มา... คือชะตา ที่เรากล้าลิขิตเอง ??????,1,0,0,0,0,0,0,25
0,โคตรเกลียดการยิ้มแบบหลอก ๆ ของตัวเองเลย ไม่ใช่ยิ้มแบบมีความสุขอะ แต่ยิ้มเพราะต้องยิ้ม ยิ้มเพราะแสดงออกอย่างอื่นไม่ได้ แม่งโคตรทรมานเลยเว้ย ทุกครั้งที่ต้องยิ้มคือแม่งโคตรเจ็บอะ!!! ??,0,1,0,1,0,0,2,43
1,จะไม่กรีดให้เห็นหรอก,0,1,0,0,0,1,2,6
0,ใส่ใจเเล้วเข้าจริงจังกับมึงอยู่บ่,0,1,0,0,0,0,2,8
1,อยากจะเเดกยาเข้าไปเยอะๆ ก็รู้ว่าไม่ตายหรอก เเถมจะทำให้ทุกอย่างเเย่กว่าเดิมอีก เเต่ก็อยากทำ,0,1,1,0,0,0,2,26
0,ตกดึกทีไรต้องมีความคิดฆ่าตัวตายเข้ามาในหัวทุกคืน บางทียังไม่ได้เศร้าอะไรเลย นอนเฉยๆจู่ๆก็นึกถึงเรื่องก่อนๆที่เคยเศร้าอ่ะแล้วก็มานอนคิดว่าเราอยู่ไปทำไม โทษตัวเองเสมอว่าเรามันทำไรก็ไม่ดีเป็นแบบนี้ทุกคืนอ่ะ เราจะไม่ยอมแพ้ให้แกมาครอบครองจิตใจเราหรอก,0,1,0,1,1,1,2,65
0,..บางครั้ง..ก็รู้สึกว่าตัวเอง... แกล้งทำเป็นเข้มแข็งจนเหนื่อยนะ... เหนื่อยมากๆเลย... แต่ก็บอกใครไม่ได้ ??,0,1,0,0,0,0,2,27
1,ถ้าวันไหนเราไม่อยู่แล้ว ไม่ต้องเสียใจ ถือว่าทางนั้นเป็นทางที่เราคิดว่าทำแบบนี้มันดีที่สุดแล้ว,0,1,0,0,0,0,2,22
0,ถึงแม้ฉันจะบอกคุณว่าไม่เป็นไรแต่เหมือนว่าสุดท้ายคุณก็โทษตัวเองอยู่ดี..,0,1,0,0,0,0,2,16
0,ไม่ตลกและไม่ควรเอามาเล่น โรคซึมเศร้าไม่ใช่อาการหงอยๆซึมๆ ไปศึกษามาให้ดีเหอะและพอได้แล้วกับการเอาโรคที่ละเอียดอ่อนมาเล่นมาเป็นแคปชั่นน่ะ มันคือโรคที่ทำให้ใครหลายๆคนเสียชีวิตได้เลยนะ โดยสต.คือไม่โอเค ใครจะว่าเราซีเรียสเกินไปก็แล้วแต่นะ,0,0,1,0,0,0,2,64
0,ในชีวิตนี้มีแต่ความผิดหวัง,0,1,0,0,0,0,2,6
0,ไม่ได้กลัวการเริ่มต้นใหม่ แต่กลัวว่ามันจะจบแบบเดิมมากกว่า ????,0,1,0,0,0,1,2,16
0,ไม่เป็นไรนะ สักวัน มันก็จะดีขึ้นเอง ?????,1,1,0,0,0,0,1,9
1,ขอตายเลยได้ไหมคะ ทรมาณมามากพอแล้ว ????????????????,0,1,0,0,0,0,2,11
0,ทุกๆคนกำลังกรีดร้อง ฉันพยายามส่งเสียงออกไปบ้าง แต่ไม่มีใครได้ยินเลย...,0,1,0,0,0,0,2,17
0,คือไม่ถึงขั้นง่วงนะ แต่ถ้าเป็นปกติ มันจะคุมสติ ไปลงเตียง เลิกจับมือถือ ทำสมาธิแล้วนอนได้ แต่ช่วงนี้ไม่ได้เลย มันเครียดจนไม่อยากนอน มันเลยต้องหาอะไรทำจนง่วงแล้วหลับไปกับสิ่งนั้น,0,1,0,1,0,0,2,46
0,กลับมาอีกแล้ว มันมาอีกแล้ว,0,0,0,0,1,0,0,5
0,ไปไม่เป็นเลยกู,0,0,0,0,1,0,0,5
0,"แม่ชอบโทรมาก่อนนอนแล้วบอกฉันว่า ""รักตัวเองให้มากๆรักแม่รักน้องเด้อ"" รู้..รู้ว่าแม่ห่วงไม่อยากเห็นรอยแผล เป็นที่แขนลูก แต่เขาไม่เคยรู้เลยว่าฉัน รู้สึกแย่ทุกครั้งที่ได้ยิน ก็ไม่รู้ว่าทำไม มีแต่ความรู้สึกผิดมันเหมือนตัวกระตุ้นอีกอย่างให้ทำขอโทษนะคะแต่ฉันรักพวกเขามากนะ",0,1,0,1,0,1,2,70
0,ชีวิตต้องเดินไปข้างหน้า ถึงแม้จะเจออุปสรรคอะไรก็ตาม เราต้องสู้ต่อไป?????,1,0,0,0,0,0,1,14
1,ต้องฝืนไปอีกนานแค่ไหน อยากตายมากแค่ไหนก็ตายไม่ได้ มันทรมานนะรู้มั้ย??,0,1,1,0,0,0,2,22
0,รำคาญ? หงุดหงิด,0,0,1,0,0,0,2,3
0,วันนี้ก็ปวดหัวอีกเเล้ว,0,1,1,0,0,0,2,5
0,โกรธ=ร้องไห้ เครียด=ร้องไห้ หงุดหงิด=ร้องไห้ เบื่อ=ร้องไห้ รำคาน=ร้องไห้ ตอนนี้ในชีวิตมีแต่น้ำตา,0,1,1,0,0,0,2,22
1,ความเป็นจริงที่น่ากลัวที่สุด คือเราไม่อยากอยู่ในโลกความจริงนี้อีกแล้วเพราะเราไม่สามารถหาความสุขจากมันได้อีกต่อไป... แต่สุดท้ายเราก็ต้องอยู่??,0,1,0,0,0,0,2,32
0,วันที่2ผ่านไป,0,0,0,0,0,0,0,4
1,ไม่ไหวจริงๆ ดิ่งอีกแล้ว เบื่อมาก มันไม่ไหว ทำไมต้องดิ่ง ทำไมต้องร้องไห้ มันไม่ไหวรู้มั้ย มันอยากตาย,0,1,0,0,0,0,2,24
0,ยอมแพ้แล้ว? ได้มั้ยนะ?,0,1,0,0,0,0,2,7
0,ยอมเจ็บ ไม่ยอมจน ซัดน้ำยาล้างห้องน้ำดับ,0,1,0,0,0,0,2,10
0,มาแลกเปลี่ยนกันค่ะ รักษา มานานเท่าไหร่/สาเหตุที่ตัดสินใจไปรับการรักษา/อาการ ณ ปัจจุบัน ปล.ถ้าใครอยสกบอกว่าทานยาตัวไหน มีเอฟเฟคยังไงก็ได้นะคะ ถือว่าเป็นวิทยาทานให้กับเพื่อนผู้ป่วยค่ะ,1,0,0,0,0,0,1,44
0,ใครที่ว่า เกิดมาจาก การสูญเสียครั้งใหญ่ไปเท่านั้นหล่ะ ไม่ใช่หรอกน่ะ โรคนี้เกิดขึ้นไม่ง่ายเเละไม่ยากเลย เเค่เกิดจากชีวิตประจำวัน ของคนเราทุกวันนี้หล่ะ ที่เเย่งกันเด่น กันดังคำพูดที่ทกเถียง ว่ากล่าวกันไปมา หรือ ครอบครัวที่เคยอบอุ่น เเล้สเปลี่ยนเเปลงไป กาผิดหวังกับคนรัก,0,1,0,0,0,0,0,61
1,เกลียดตัวเองที่ชอบหนีปัญหาจังค่ะ เเต่อดีตชอบมาย้ำซ้ำๆ เรายึดติดเกินไปจนกำลังจะทำปัจจุบันพังซ้ำรอยเดิมอยู่ใช่ไหม ตอนนี้ไม่รู้อะไรเลยจริงๆ ไม่อยากรับรู้อะไรอีกเเล้ว ...,0,1,0,1,0,0,2,40
0,เป็นนิสัยร่าเริงที่ไม่ค่อยดี :(,0,1,0,0,0,0,2,6
0,ฉันผู้อาภัพในความสุข ต้องทนทุกข์กับความรู้สึกที่ฉันไม่ได้สร้าง,0,1,0,0,0,0,2,13
0,เพื่อนชวนไปเที่ยว เราตอบว่าไม่ไปได้ไหม เพื่อนตอบมาว่าต้องไป เราตอบตกลง เเต่พอตอนจะไปเราทักไปบอกเพื่อนว่าเเต่งตัวเสร็จแล้ว คำตอบที่ได้คือ เเกไม่ไปก็ได้นะ รักษาตัวเองก่อน รอบหน้าเดี๋ยวพาไป คือเพื่อนเเค่ชวนเล่นๆ เเต่เราจริงจังไง พวกเเกรังเกียจเรา??,0,1,1,1,0,0,2,68
0,?? กูไม่ชอบให้มึงอยู่ใกล้ใคร ?? งั้นก็ไปบอกมันกลับไปที่เดิมดิ ?? เคร งั้นกูจะไปบอกว่ามึงบอก ?? ก็ลองไปพูดแบบนั้นซิ ?? ทำไม จะทำไม ?? เราก็เลิกกัน ??••••••••••••••••••••••••••••••• คือกูผิดอะไร?? จะเลิกก็เลิก,0,1,1,0,1,0,2,57
0,พวกเขาเอาแต่ต้องการให้เราทำอะไรก็ได้ที่เขาพอใจ แต่ไม่เคยคิดถึงจิตใจเราบ้างเลย,0,1,0,0,0,0,2,19
0,ทุกคนจะต้องมีสิ่งขับเคลื่อนในชีวิต สำหรับเรามันคือ ความรัก การขับเคลื่อนที่ทำให้ชีวิตดำเนินไปอย่างมีความสุขในทุกๆวัน FernNi,1,0,0,0,0,0,1,25
0,หวังว่าจะช่วยใครได้บ้าง ไม่มากก็น้อยนะคะ... จากใจคนที่เคยเป็น,1,0,0,0,0,0,1,19
0,ตำรวจ 191 ทลาย แหล่งผลิต เหล้า-ไวน์ปลอมยี่ห้อดัง กลางกรุงเทพ รวบคาบ้าน ได้3ผู้ต้องหา,0,0,0,0,0,0,0,18
0,เจ็บอีกกี่ครั้ง ก็ไม่เคยจำ ถึงจะถูกเทเป็นพันครั้ง ก็จำไม่ได้อยู่ดี 555?? ...,0,1,0,0,0,0,2,23
0,ไม่ได้เป็นโรคนี้ แค่รู้สึกเศร้า จริงๆปีที่แล้วเคยรู้สึกแบบนี้ รู้สึกเคว้งค้างติดกันประมาณ 6-7เดือน แต่ยังไม่ได้หาหมอเลย แปลกที่อาทิตย์นี้ช่ววนี้มันกลับไปรู้สึกแบบนั้นอีกแล้ว ควรทำไงดี,0,1,0,0,1,1,2,45
0,รู้ว่าคำขอโทษมันไม่พอกับสิ่งที่ทำไป ขอโทษซ้ำแล้วซ้ำเล่า แต่ก็ยังทำไปอีก แย่จังอ่ะ ไม่เคยทำให้เขาได้ดั่งใจเลย ทำให้เขาเจ็บใจอยู่เรื่อย รู้สึกผิดว้ะ ??,0,1,0,1,0,0,2,37
0,สรุปแล้วหนูต้องโทษอะไร ต้องโทษตัวเองไหม,0,1,0,0,0,0,2,8
0,มันเป็นตลกร้ายตรงไหนรู้ป่ะ? ตรงที่ 'คนเป็นไม่อยากเป็น แต่คนที่ไม่เป็นเสือกอยากเป็น',0,1,0,0,0,0,2,25
1,ถ้าเราตาย เราไม่ได้ฆ่าตัวตาย แต่ คำพูดของคนรอบตัวตางหาก ที่คอยฆ่าเราทุกวันๆ และถ้าถึงจุดจบที่ทนไม่ไหวละเราตัดสินใจจริงๆ ขอให้จำไว้ว่า เราไม่ได้ฆ่าตัวตายเพราะอยากตาย..,0,1,1,0,0,0,2,41
0,อยากจะลืมว่าเคยเป็นคนที่เก่งแค่ไหน จะได้ไม่ต้องเอาตัวเองมาเปรียบเทียบกับตัวเอง ว่าเราแย่กว่าเดิมหรือเราจะกลับมาเป็นคนเดิมได้เมื่อไหร่,0,1,0,0,0,0,2,34
0,ส่งมาเรียมครั้งสุดท้าย ก่อนส่งซากไปสตัฟฟ์ยังพิพิธภัณฑ์วิทยาศาสตร์ คลองหลวง จังหวัดปทุมธานี ก่อนนำมาจัดแสดงไว้ที่สถานแสดงพันธุ์สัตว์น้ำภูเก็ต ตามพระดำริสมเด็จพระเจ้าลูกเธอ เจ้าฟ้าสิริวัณณวรี นารีรัตนราชกัญญา,0,1,0,0,0,0,0,41
0,หรือว่ามันควรจบจริงๆสักที,0,1,0,0,0,0,2,6
0,คุณคงไม่อยากเห็นเเผลพวกนี้หรอก มันเเทนความทรมานฉันทั้งชีวิตเลยล่ะ เเผลเป็นพันบนตัวฉัน มันคงพอจะบอกพวกคุณได้บ้างว่าฉันกำลังทนกับอะไรอยู่,0,1,0,0,0,0,2,43
0,อยากมีความสุข,0,1,0,0,0,0,2,2
0,กะเฮาแค่คนคุย เฮ็ดทุกอย่างกะคือแฟน แต่บ่มีสิทธิ์ควงแขนเปิดโตเป็นของใจ????????,0,1,0,0,0,0,2,20
0,อึดอัดทุกครั้งที่กลับเข้าบ้าน,0,1,0,1,0,0,2,5
0,ไม่ใช่เรื่องตลกที่คนคนนึงจะต้องอยู่ในโลกสีดำโดยที่ไม่มีใครเข้าใจ...,0,1,0,0,0,0,2,20
0,ไม่ใช่แค่งดทิ้ง ลง เมื่อ ขยะส่วนมาก มากจากแผ่นดิน จากบ้าน จากถนน ลงท่อ ไหลตามคลอง ลอยลงสู่ทะเล สัตว์น้ำกินเข้าไป อย่าง ที่เราเห็นข่าว ที่ลอยไปๆจะแตกตัวเป็น กิน เรากินปลา,0,0,1,0,0,0,0,44
0,เค้าว่ากันว่า 'อยู่ให้ถูกที่แล้วจะมีตัวตน' แล้วไหนล่ะที่ของเรา? เราไม่เคยรู้สึกว่าเรามีตัวตนเลย? เหมือนเป็นคนน่ารำคาญ?มากกว่า? เป็นส่วนเกินที่ด่างพร้อย? ของโลกที่แสนงดงามใบนี้?,0,1,0,1,0,1,2,49
0,ก็รู้แหละว่าเป็นไปไม่ได้ แต่ก็ชอบเธอไปแล้วอ่ะ,0,1,0,0,0,0,0,12
0,ยั ง เ ด็ ก อ ยู่ แ ท้,0,1,0,0,0,0,2,9
1,ไม่อยากฆ่าตัวตาย แค่อยากหายไปจากโลก คือคำตอบของเราที่ตอบหมอไป จากคำามจะเลือกฆ่าตัวตายด้วยวิธีไหน,0,1,0,0,0,1,2,26
0,ไม่มีใครรู้อนาคตหรอก เพราะถ้าเรารู้อนาคต ปัจจุบันเราคงไม่ทุกข์ขนาดนี้…,0,1,0,0,0,0,2,19
0,เห้อๆๆ ไหนเรื่องเรียนต่อ ????????,0,1,0,0,0,0,2,6
0,สุดท้ายแล้วเค้าก็ไม่ได้ใส่ใจความรู้สึกเราจริงๆ,0,1,0,0,0,0,2,10
0,รู้สึกน้อยใจกับทุกอย่างเลยได้มั้ย,0,1,0,0,0,0,2,7
0,"ก็ไม่อยากให้มีเราเข้าไปข้องเกี่ยวในชีวิตอยู่แล้ว บางครั้งก็อยากจะตะโกนออกไปแบบนิรา ""มึงจะเอาอะไรจากกูอีก""",0,1,1,0,0,0,2,29
1,จะไม่เสียใจเลย ถ้าวันไหนไม่ได้ตื่นมาอีกเเล้ว,0,1,0,0,0,0,2,13
1,อยากลบตัวเองออกจากชีวิตทุกคนเลยว่ะ,0,1,0,1,0,0,2,8
1,ฉันฆ่าตัวเองตายในทุกๆวัน,0,1,0,0,0,0,2,7
1,ไม่รู้จะอดทนไปเพื่ออะไรแล้ว ต่อให้เราดีขึ้น ชีวิตเราจะดีขึ้นจริงหรอ? ต่อให้เราพยายามมากขึ้น มันจะมีความหมายงั้นหรอ? ไม่จริงทั้งหมดนั่นแหละ นั่นคือเหตุผลที่ฉันอยากหายไปจากโลกใบนี้,0,1,1,1,0,1,2,44
0,เหนื่อยนะที่ต้องพยายามลืมคุณทุกๆวัน memory.??,0,1,0,0,0,0,2,11
0,เด็กปั๊มเคราะห์ร้าย 6โจ๋รุมกระทืบเตะไม่ยั้ง สลบคาที่ ขี่จยย.เข้ามาเติมน้ำมัน 20บาท,0,0,0,0,0,0,2,18
0,ตัวเองยังเอาไม่รอดเลย ดันอยากเป็นหมอ เห้อ,0,1,0,1,0,1,2,11
0,พอดึกแล้วมันเศร้า ไม่รู้จะเศร้าทำไม รู้สึกว่างเปล่ามาก เห้อ เศร้าจนอยู่ๆก็จะร้องไห้ อีก2อาทิตย์กว่ายาจะออกฤทธิ์,0,1,0,0,0,0,2,28
0,ชั่งมันเถอะ หมายถึง ชั่งเราเหอะ ชั่งทุกอย่างที่เป็นเรา ไม่ว่าคำพูด ท่าทาง การกระทำ หรืออะไรก็ตาม ได้โปรด ชั่งเราเถอะ,0,1,0,1,0,0,2,24
1,คือไม่เข้าใจเลยนะคะว่าทำไมครอบครัวต้องคาดหวังกับทุกๆอย่างที่เราทำ กำหมดทุกอย่างตามบรรทัดฐานของตัวเอง เราพยายามนะ พยายามแล้วที่จะทำ แต่มันทำไม่ได้ เห็นเรากรีดข้อมือก็หาว่าเราโง่ โดยไม่เคยถามเลยว่าทำทำไม เอาตรงๆก็คือ ไม่มีความสุขเลยสักนิด. ภาวนาให้แค่ตัวเองตายเร็วๆ(1),0,1,1,1,0,0,2,68
0,'?ดูสิเด็กคนนั้นดูมีความสุขจัง''? ''?ครอบครัวนั้นดูอบอุ่นจัง'' -?------------------- ''ทำไมถึงทำตัวเเย่เเบบนี้'' ''ทำไมถึงทำอย่างที่ฉันอยากให้เป็นไม่ได้!!'' ''ฉันบอกกี่ครั้งเเล้วดูเด็กคนนั้นสิเขาดีกว่าเเก่'' สิ่่งที่คุณเห็นภายนอกมันก็เเค่ภาพลวงตา...,0,1,0,1,0,0,2,65
0,ทำไมมันเจ็บปวดจังนะ????,0,1,0,0,0,0,2,6
1,ชีวิตไม่น่าอยู่ อยากนอนแล้วตายไปเลย,0,1,0,0,0,0,2,9
0,เพิ่งรู้ว่าเวลาเลือดออกแล้วมันรู้สึกดี,0,1,0,0,0,0,0,10
0,เหมือนเป็นโรคกลัวเสียงรอสายโทรศัพท์อะ กลัวว่าเค้าจะไม่รับ กลัวว่าจะมีเรื่องที่ทำให้เสียใจ,0,1,0,0,0,1,2,20
0,มึงก็ได้แค่ฝันนั้นแหละ ชักช้าลีลาแบบนี้มึงจะได้อะไรกับเขา ไหนพ่อคนที่คอยให้กำลังใจหนูเวลาโดนแม่ด่า พ่อคนนั้นของหนูหายไปไหนแล้วหรือเป็นเพราะหนูพ่อถึงเป็นแบบนี้ เป็นเพราะหนูที่เป็นแบบนี้ใช่มั้ยพ่อเลยเกลียดหนู,0,1,0,1,1,0,2,54
0,เข้าใจฟีลแบบ.. บ้านก็ไม่ใช่save sone โรงเรียนก็ไม่ใช่save sone เพื่อนที่ไว้ใจได้ก็ไม่มีโดนเเกล้งไปวันๆ กลับบ้านมาก็ทะเลาะกับครอบครัว เเล้วจะให้ไปอยู่ไหนวะ?,0,1,1,1,0,0,2,45
1,เราจะอยู่ไปทำไม,0,1,0,0,0,0,2,5
0,ไม่อยากเอาโรคนี้มาเป็นข้ออ้างให้ใครมาอยู่กับเรา หรือคนที่เข้าใจเพราะไม่มีทางเข้าใจหรอก,0,1,0,1,0,0,2,23
0,คงามสดใสในตัวเราจะไม่มีอีกแล้ว,0,1,0,0,0,0,2,9
0,ขอเรามีความสุขจริงๆสักครั้งไม่ได้หรอ:(,0,1,0,0,0,0,2,9
0,ความรู้สึกแบบนี้มันกลับมาอีกแล้วหรอ...,0,1,0,0,1,1,2,7
0,กอดฉันด้วยความรักสิ ฉันต้องการแค่นั้น ไม่ต้องพูดอะไร แต่กอด,0,1,0,0,0,0,0,13
1,อยากหยิบมีดมาแทงตัวเอง,0,1,1,0,0,0,2,6
0,สิ่งที่เป็นที่ต้องต่อสู้อยู่ก็เจ็บปวดพออยู่แล้ว... อย่าทำให้ฉันรู้สึกว่าสิ่งที่ฉันทำมันไม่มีคุณค่าในสายตาคุณไปมากกว่านี้เลย...,0,1,0,1,0,1,2,31
0,ตอนที่เว่ยอิงพูดว่า ไม่เสียดายหากตายด้วยน้ำมือของหานกวงจวิน คือโคตรเจ็บปวด ถ้าเราเป็นวั่งจีคงขาดใจตายไปตรงนั้น ทำไมเว่ยอิงถึงได้พูดแบบนั้นออกมา เห็นน้ำตาพ่อไม่ได้ หนูร้องตามพ่อไปแล้ว คนอาภัพ เขาไม่ฟังที่พี่พูดอีกแล้ว,0,1,0,0,0,0,2,57
0,ยังไหวอยู่มั้ยสถานะตอนนี้,0,1,0,0,0,0,0,5
0,"หน้าสวยแต่เป็น ""สิว"" ก็กลุ้มใจเนอะ เป็น ""สิว"" หน้าคล้ำ พอ ""สิว"" หาย จากสิวก็ยังอยู่ หายกลุ้มใจได้แล้วค่ะ นะคะ",0,1,0,0,0,0,0,31
0,ใครพอจะมีไลน์กลุ่มสำหรีบคุยเรื่องนี้ไหมขอหน่อยค่ะ,0,0,0,0,0,1,0,16
0,มาถึงจุดที่ เครียดลงกระเพาะ ปวดท้อง,0,1,0,0,1,0,2,7
0,ถ้าเปรียบเทียบความรู้สึกของฉัน...,0,0,0,0,0,0,0,6
1,เลือดคมๆกับมีดแดงๆ???? พอจะทำให้ฉันรู้สึกดีขึ้นบ้างในตอนนี้,0,1,0,0,0,0,0,17
0,ไปลืมเขาให้ได้ก่อนไหม แล้วเราค่อยกลับมาคุยกัน:(,0,1,0,0,0,0,2,13
0,มีใครรู้สึกว่า จากที่กินยามา รู้สึกว่าตัวเองอยากจะอาเจียนบ่อย ขี้หลงขี้ลืม ทำอะไรช้าลง บ้างคะ บางทีเราลืมแม้กระทั่งกินยา5555 แต่บางครั้งเรามีตัวกระตุกบ้างค่ะ ไม่รู้ว่าเป็นอะไร มีใครเป็นมั้ย?,0,0,0,0,0,1,2,47
0,มีคำถามถึงผู้ป่วย ค่ะ ใครรักษาแล้วหายขาดหรืออาการคงที่แล้วบ้างคะ อยากรู้ว่าใช้เวลาเท่าไร เป็นไปได้ไหมที่ 1 ปีก็หายได้ถ้าเคร่องครัดกับการรักษา,0,0,0,0,0,1,0,34
0,จะเดินต่อก็ไม่ได้ จะหันหลังกลับก็ไม่ได้ จะเลือกทางใหม่ก็กลัวเจ็บ เหมือนพายุที่มันถล่มแล้วเราไม่มีที่หลบต้องเผชิญหน้ากับมันคนเดียว มันอาจจะไม่ถึงตาย แต่มันก็บาดเจ็บหนักอยู่เหมือนกัน,0,1,0,1,0,1,2,46
0,ออนยาใหม่ หมอนัดสองอาทิตย์ ปวดหัวทุกวันเลย :(,0,1,0,0,0,0,2,11
0,เราเหนื่อยใจทั้งๆที่ไม่รู้ว่าเพราะอะไร เราร้องไห้อย่างไร้เหตุผล เราท้อกับทุกสิ่งอย่าง,0,1,0,0,0,0,2,17
0,ป่วยแบบที่ไม่เคยได้รับการรักษา ฮีลตัวเองด้วยคำว่ายังมีงานที่รออยู่ทุกครั้ง คนที่ใช้ยาแนะนำหน่อยได้มั้ยคะว่าควรเริ่มต้นยังไง,0,1,0,0,0,1,2,32
1,-เหนื่อยไหม :เหนื่อยสิ -งั้นหายไปสิจะได้ไม่เหนื่อย :อื้อ เข้าใจเเล้ว:),0,1,0,0,0,0,0,20
0,เราเป็นคนที่เครียดว่าจะหาเงิรมาใช้หนี้ยังไง ใช้ในชีวิตประจำวันยังไง แล้วพอเราหาเงินให้ซื้อในสิ่งที่อยากได้ไม่ได้ ทำไมเราต้องเป็นฝ่ายโดนโกธร ???,0,1,1,0,0,1,2,37
1,เด็กคนหนึ่ง ทำไมต้องมาเจออะไรเเบบนี้ต้องมาสู้กับใจตัวเอง สู้กับโชคชีวีตตัวเอง,0,1,0,0,0,0,2,22
0,เขาเห็นแก่ตัวเอง เอาแต่ใจตัวเองมากเกินไป,0,1,1,0,0,0,2,5
0,สิ่งที่เงิน..ซื้อไม่ได้..คือเวลา,0,1,0,0,0,0,0,10
0,ตอนแรกคิดว่าเราจะดีขึ้นอยู่แล้วแต่ไม่เลย,0,1,0,0,1,0,2,9
0,ยิ่งดึก ความเจ็บปวดทุกอย่างยิ่งชัดเจน.,0,1,0,0,0,0,2,8
0,ต่อให้คนอยู่เป็นร้อย แต่ก็เหมือนอยู่ตัวคนเดียว,0,1,0,1,0,0,2,10
0,ถึงเป็แค่หมา..แต่มันก็มีหัวใจ ??,0,1,0,1,0,0,2,11
0,อ ย า ก ห ลุ ด พ้ น จ า ก สั ง ค ม เ เ บ บ นี้ ...,0,1,0,1,0,0,2,22
0,กินหมดนี้คงไม่เปฺ็นอะไรหรอก :):,0,1,0,0,0,0,0,9
0,ความเงียบเป็นประโยคบอกลาที่เจ็บที่สุด ??,0,1,0,0,0,0,2,9
0,ทำไมเราถึงได้อ่อนแอ ดิ่งได้แม้กระทั่งคำพูดบูลลี่,0,1,0,0,1,0,2,11
0,ชีวิตคนเรามันมีค่าแค่ไหนวะ?,0,1,0,1,0,0,2,8
1,อยากตายอีกแล้ว ตลกจัง,0,1,0,0,0,0,2,5
0,ถึงจะรักเธอเท่าไหร่ เธอก็คงไม่เข้าใจ ก็ปล่อยให้เธอไปตามทางเดิน ??????????????????,0,1,0,0,0,0,2,18
0,เหนื่อยมากนะเหนื่อยมากไม่ไหวแล้ว,0,1,0,0,0,0,2,8
1,"ราตรีสวัสดิ์ วิงวอนต่อพระจันทร์?? ""ขอให้ฉันไม่ตื่นขึ้นมาอีกเลย""",0,1,0,0,0,0,2,14
0,ขาดยาก่อนเจอหมอ1วัน จะลงเเดงเเล้ว อยู่ไม่สุขเลย ฮืออออ ตื้อไปหมด เหมือนคนจะตาย,0,1,0,0,0,1,2,24
0,ว้าาา ไม่เคยมีใครรักผมจริงๆเลย555... ??_ผ ม มั น แ ย่_??,0,1,0,1,0,0,2,20
0,จะสมานเร็วขึ้นจริงมั้ยคะ55555555,0,0,0,0,0,1,0,8
1,ก็ไม่ได้กรีดข้อมือมาหลายเดือนแล้วเหมือนกันนะ พอไม่ได้ทำแล้วทำไมใจมันเรียกร้องขนาดนี้วะ เห็นมีดเห็นคัตเตอร์เป็นไม่ได้จะต้องมีความคิดว่าแทงๆกรี้ดๆตลอด ได้บ้า พอที ขอร้อง,0,1,0,1,0,1,2,44
1,มาร้องไห้ มากอดกูตอนกูจะตายมันก็ไม่ได้อะไรหรอก,0,1,1,0,0,0,2,15
1,สุดท้ายแล้วโลกก็ทำให้รู้ว่าเรามันตัวคนเดียวในโลก,0,1,0,1,1,0,2,13
1,ทุกคืน..ได้เเต่ภาวนาให้หลับไปตลอดกาลเเล้วไม่ต้องตื่นขึ้นมาอีกเลย เเละมันก็ไม่เคยเป็นจริง...,0,1,0,0,1,0,2,23
0,อืม...,0,1,0,0,0,0,0,2
0,อยากให้มันมีความรู้เรื่องโรคซึมเศร้า ปัญหาอาการทางจิตต่างๆ ครอบคลุมเข้าถึงภายในครอบครัวอะ คือพอมีข่าวแล้วคือครอบครัวตีความผิดๆ อธิบายไปในบางเรื่องที่รู้เค้าก็ไม่เข้าใจ เค้าหาว่ากูเป็นโรคซึมเศร้าไปอีก กูก็อธิบายว่ามีภาวะก่อนจะเป็นไม่ใชอยู่ๆจะเป็นเลย โอ้ยรำคญว่ะแม่ง,0,0,1,0,0,0,2,65
0,เขาพูดว่าเราเป็นคนติสท์ ซึ่งมีเส้นบางๆกับคำว่าบ้า,0,0,0,0,0,0,0,15
1,ถ้าเราหายไปสักคนทุกอย่างยังคงเหมือนเดิม และบางอย่าง... อาจดีขึ้น,0,1,0,1,0,0,2,14
0,มึงลงเฟสว่า มึงไม่มีคนคุยไม่มีแฟน!!!!อีดอกแล้วกูล่ะคุยกันทุกวัน กูล่ะอีสัส!!ควย!!!สัส มึงบอกพี่น้อง พี่น้องพ่อมึงบอกฝันดี ปลุกกันตื่นหรอวะ พี่น้องที่จะไปไหนก็ต้องบอกกันหรอวะ!!,0,1,1,0,0,0,2,52
1,ความเศร้ากัดกินฉันในทุกวัน รอวันที่มันจะกัดกินลมหายใจสุดท้ายของฉันแค่นั้นเอง.,0,1,0,0,0,0,2,19
0,ขอแสดงความเสียใจด้วยนะคะ ??,0,1,0,0,0,0,2,6
0,ก็แค่หวังว่าจะได้กลับมาเดินด้วยกันอีกครั้งหนึ่ง :),0,1,0,0,0,0,0,12
1,อะไรก็ไม่ได้ดั่งใจสักอย่าง จะกรีดแขนใบมีดยังไม่คมเลย,0,1,1,0,1,0,2,17
1,ข้างนอกบอกไม่เป็นไร..ในใจเหมือนจะตาย,0,1,0,0,0,0,2,9
1,เราอยากหายจากโรค(โลก)นี้,0,1,0,0,0,0,2,9
0,ที่เห็นกูยิ้มๆ ไม่ใช่ว่ากูมีความสุข น่ะ,0,1,0,0,0,0,2,11
0,เหมือนมันเข้ามาใกล้อีกแล้ว,0,1,0,0,0,1,2,5
1,ทุกคนพยายามช่วย ทุกคนตามหา ทุกคนบอกเข้าใจ แต่รู้มั้ยว่าเรามองไม่เห็นตรงนั้นเลย หลุมดำนี้มันมองไม่เห็นอะไร มันมืดมนไปหมด :),0,1,0,0,0,1,2,26
0,ทั้งหวาดกลัวความมืดและชอบมันในเวลาเดียวกัน,0,1,0,0,0,0,2,7
0,พอเห็นเพื่อนอยู่ด้วยกันเยอะๆแล้วดูมีความสุขจัง แต่พอเราไปอยู่ด้วยเรากลับรู้สึกอึดอัดเอง พอได้อยู่คนเดียวก็เหงา อ้างว้าง ก้มลงมองมือตัวเองที่มันสั่นอีกแล้ว ความรู้สึกของการโดนทิ้ง จนไม่กล้าเข้าสังคม,1,1,0,1,0,1,2,45
0,ขอเพลงที่เกี่ยวกับโรคซึมเศร้าหน่อยค้าบบบบบ,0,1,0,0,0,0,0,9
0,ขอบคุณและขอโทษ,1,1,0,0,0,0,0,3
0,แด่ไฟนอลนี้จ่ะ ดองนานล้ะ งานน่ะ //ปาดนั้มตาา ฮื่อออ,0,1,0,0,0,0,0,18
0,คุณรู้มั้ยคนที่ดูยิ้มแย้มอารมณ์ดีมองทุกอย่างเป็นเรื่องตลกคุณแน่ใจนะว่านั้นคือตัวตนเค้าจริงๆ แน่ใจนะว่าคุณเห็นเค้าทั้ง2มุนแล้ว ไม่แน่อาจจะมีอีกมุมที่คุณไม่เคยได้เห็นในตัวเขากำลังนั่งร้องไห้อย่างน่าสงสารแบบที่ไม่มีใครรู้และเค้าก็ไม่เอามันออกมาให้คุณได้เห็นก็ได้,0,1,0,0,0,0,2,70
0,อยากให้มันเป้นเหมือนเดิม เหมือนวันแรกที่รู้จักกัน : ),0,1,0,0,0,0,2,14
0,ผิดสัญญาอีกแล้ว ขอโทษนะ,0,1,0,0,0,0,2,4
0,อยากจะเป็นประโยชน์ต่อคนอื่นจัง บริจาคอวัยวะทำแล้ว บริจาคหนังสือทำแล้ว จะทำอะไรต่อดี,1,1,0,0,0,0,0,19
0,ก่อนจะทำอะไรคิดให้ดีๆนะ เพราะอะไรที่มันไปแล้ว มันจะไม่กลับมาอีก,0,1,1,0,0,0,2,19
1,บางทีก็สงสัยนะ?... ว่าเป็นอะไรมากป่ะ? ต้องการจะสื่ออะไร?แค่นี้เครียดไม่พอเหรอ?อยากหายจากอาการที่เป็นอยู่นะ... แต่ที่คุณทำกับเราอยู่มันทำให้เรายิ่งแย่นะ... บางทีถ้าไม่รู้จะพูดอะไรก็เงียบเหอะ... เราไม่พร้อมจะฟังอะไรลบๆจากคุณ... ที่ต้องรับมืออยู่ตอนนี้ก็หนักพอแล้ว...,0,1,1,0,0,0,2,75
0,ท้อแท้จัง คุยกับใครได้บ้าง,0,1,0,0,0,0,2,7
0,สวัสดี ครบรอบห้าปีกับการไปหาจิตแพทย์ครั้งแรก ห้าปีกับการรักษา,0,1,0,0,0,0,0,13
0,ที่ฝนตกเพราะ ท้องฟ้าหลั่งน้ำตาให้ชะตากรรมการสอบกุวันนี้เป็นแน่,0,1,0,0,0,0,2,13
0,เหนื่อยเหมือนกัน ที่ต้องทำเป็นเข้มเเข็ง :(,0,1,0,0,0,0,2,9
0,เวลามันดิ่งมากๆอะไรก็ไม่สารารถดึงตัวเองขึ้นมาได้,0,1,0,0,0,0,2,16
0,คำพูดบางคำก็ไม่คิดว่ามันจะออกมาจากปากคนที่เรารัก และคนที่บอกว่ารักเรา,0,1,0,0,1,0,2,23
0,กูมีค่ามั้ยว้ะในสายตามันอ่ะ..,0,1,0,0,0,0,2,9
0,ถามตัวเองสิ เข้มแข็งได้แค่นี้หรอ,0,1,0,0,0,0,2,7
0,มีใครเป็นเหมือนเรามั้ย ที่กินน้ำก่อนกินยา เพราะไม่ชอบเวลายาแห้งๆไปอยู่บนลิ้น ก็เลยจะชอบอมน้ำไว้ก่อนแล้วค่อยกินยา แปลกป่ะ ? 5555,0,0,0,0,0,0,0,38
0,อยู่มหาลัยมาสองปี ไม่เคยโทรไปร้องไห้กับที่บ้าน แต่วันนี้ มันอยู่ในจุดนี้ ไม่ไหวจริงๆ อยากพัก อยากกลับบ้าน อยากนอนกอดยายแล้วตื่นมาเจอทุกๆคนในบ้าน พร้อมหน้ากัน ... ดิ่งอีกแล้วสินะ ??,0,1,0,0,0,1,2,46
0,ชีวิตนี้ไม่อยากผิดหวังอีกแล้วมันเหนื่อย,0,1,0,0,0,1,2,8
0,เพื่อนที่คอยอยู่ข้างๆเรา ปลอบเรา ก็คือน้ำตา...,0,1,0,0,0,0,2,12
0,มัวเเต่ให้เด็กรับงานนอก จนงานเพลงของวงไปไม่ถึงไหน,0,0,1,0,0,0,2,15
0,ว่างก็บอก ไม่ว่างก็บอกอย่าหายไปเฉยๆ,0,0,1,0,0,0,2,12
0,เหล้ามันขม ผมก็เช่นกัน ??????,0,0,0,0,1,0,0,7
1,ไม่ว่ากี่ครั้งที่โดยทำร้ายจิตใจโดยการนอกใจ การด่า สาบแช่งจากคนรัก ทำทุกอย่างเพื่อครอบครัว ยอมแทบทุกอย่าง แต่ก็ยังโดนด่า หยาบคายแม้เรื่องเล็กๆ ปวดใจที่สุดเลยเหมือนโดนบีบหัวใจ แทบทนไม่ไหว... และทุกครั้ง ที่โดนแบบนี้ ก็อยากตายๆไปให้จบๆ มันไม่เคยหายจากชีวิตฉัน,0,1,1,1,0,0,2,63
0,บางทีเราแค่อยากให้อยู่ข้างๆ เราเหงา อ้างว้าง แต่ไม่เป็นไรทุกทีก็อยู่คนเดียวอยู่แล้ว... !!!????,0,1,0,0,0,0,2,19
0,คุยกับมันสนุกไหม คนปัจจุบัญเสียใจอยู่ ซักวันผมจะไปเอง,0,1,0,0,0,0,2,17
0,บ่อยไปแล้วนะ,0,1,0,0,1,0,2,4
0,มันเหนื่อยนะ ที่ทำไปแล้วได้อะไร อยู่ไปแล้วได้อะไร? ถามตัวเองตลอด แต่ก็.. ไม่เคยมี 'คำตอบ 'เลยว่าทำไม??,0,1,0,0,0,0,2,31
0,เข้าใจเราหน่อยได้ไหม?,0,1,0,0,0,0,2,6
0,ผมว่าผมไม่โอเครกับการเป็นมนุษย์100ปัญหาอยู่ตรอดเวลาแบบนี้นะ มันโครตจะแย่ทั่งเรื่องของตัวเองก็แล้วคนอื่นก็ชอบมากวนไม่เข้าท่า นี้ที่หนักๆคือ กับ ที่เป็นอยู่อันนึงก็เจอเรื่องปวดหัวไม่ได้อันนึงก็คนพูดแย่ๆใส่ไม่ได้ แล้วคือคนทำแบ่ๆใส่คือเยอะมากเหมือนไม่เห็นหัวกันอะ,0,1,1,1,0,0,2,76
0,"ทุกครั้งที่เอาหน้าฟุบลงหมอนถ้าคนอื่นมาเห็น มักจะคิดว่า""ไม่อึดอัดหรอ?หายใจออกหรอ?"" แต่สำหรับเรา... แม่งคือที่ๆดีมาก ที่ๆไม่ต้องมองอะไร และปลอดภัยที่สุด",1,1,0,0,0,0,0,36
1,การกัดตัวเองเเรงๆมันก็สะใจดีนะ เป็นรอยด้วย,0,1,0,0,0,0,2,14
0,"เธอเหมือนหนังสือเล่มเก่า ที่เราอ่านจบแบบหักมุมไปแล้ว': แล้วหน้าสุดท้ายมันเขียนว่า ""พบกันในเล่มถัดไป""?? .",0,1,0,0,1,0,2,27
0,ได้ทำแล้วสะใจดี!!ว่าจะไมแล้วนะ จะกลับตัวจะเลิกทำแล้วแต่สภาพแวดล้อมไม่อำนวย ยิ่งเป็นหนักขึ้นทุกวันๆ,0,1,1,0,1,0,2,26
1,การที่ไม่มีใครเข้าใจมันทรมานมากๆเลยเนอะ ไม่อยากอยู่แล้ว อยากไปให้พ้นๆโลกนี้สักที ????????,0,1,0,1,0,0,2,22
0,อ่าา? สุดท้ายก็ไม่เข้าใจสินะ? ไอ้เราก็บ้า? ไปหวังมาก?,0,1,0,0,0,0,2,19
1,ไม่ต้องรอจนถึงวันเกิดแล้วเพราะในหัวมันคิดได้ตลอดว่าทุกวันคือวันตาย ทนไม่ไหวแล้ว??,0,1,0,0,0,0,2,18
0,พระเชิญวิญญาณ เหม จากคอนโด ไม่ได้ – เผยมีสิ่งสำคัญหายไป วอนนำมาคืน!,0,0,1,0,0,0,0,19
0,เข้าใจแล้วฟิวที่แบบ หัวเราะ ยิ้มแต่น้ำตาจะไหลออกมาอ่ะ ข้างในแม่งโคตรพัง มันพังจนแบบไม่เหลืออะไรเลย คนที่เป็นแบบนี้มันต้องเจ็บปวดมากๆๆๆๆ แต่ต้องทำว่าไม่เป็นไร ?? โอเคเว้ยย ????,0,1,0,0,0,0,2,45
1,กัดปากตัวเองจนเลือดไหลไม่หยุด,0,0,0,1,0,0,2,8
0,เธอพิเศษกว่าคนอื่นตั้งเยอะ,1,0,0,0,0,0,0,6
0,หวยคนอุดร เลขเด็ดสามตัวบน สองตัวล่าง งวดวันที่ 1/10/62,0,0,0,0,0,0,0,14
0,"อย่าให้ผมต้องพัฒนาความรู้สึก... จนไปถึงจุดสูงสุด... ที่เรียกกันว่า""ความเฉยชา""...",0,1,0,0,0,0,2,18
1,ยาแก้แพ้10เม็ดกินแล้วจะตายรึแต่สลบคะ?,0,0,0,0,0,1,2,14
0,บางครั้งหนูก็อยากให้แม่อยู่กับหนู คิดถึงหนู ถามหนูว่าหนูเหนื่อยไหม กอดหนู โทรหาหนูบาง หนูอยากกินข้าวฝีมือแม่ หนูอยากเล่าให้แม่ฟังว่าหนูไม่มีความสุขเลย,0,1,0,0,0,0,2,39
0,หาข้อคิดวันละนิดเพื่อคุยกับตัวเอง เพราะเราไม่สามารถเปลี่ยนอะไรคนอื่นได้ แต่เราสามารถเปลี่ยนตัวเองได้,1,0,0,0,0,0,1,23
0,ทำแบบทดสอบ 9 ข้อ หาคำตอบคุณกำลังป่วย โรคซึมเศร้า หรือไม่?,0,0,0,0,0,0,0,13
0,ถ้าไม่โทรเอง คงไม่คิดโทรหาเราเลยเนอะ พ่อแม่ของฉัน,0,1,0,0,0,0,2,15
1,ความตายไม่ได้น่ากลัว แต่ความขี้ขลาดต่างหากที่น่ากลัวสำหรับเรา,0,1,0,0,0,1,2,11
1,ตอนบีบคอมันชาไปทั้งตัวเลย5555,0,0,0,0,1,0,2,9
0,มีคนอยากรับฟังเราจริงๆหรอ มีคนอยากอยู่ข้างๆเราจริงๆหรอ เหตุผลที่เราเป็นคุณคงมองว่ามันเล็กน้อย และงี่เง่า,0,1,0,1,0,0,2,25
0,อ้อมกอดจากคนที่ไว้ใจเยียวยารักษาได้ไวกว่ายาจากโรงพยาบาล,0,1,0,0,0,0,0,13
0,เราอาจบอกไม่ได้ว่าเราเข้าใจคนเป็นโรคซึมเศร้ามั๊ย แต่เราเข้าใจความรู้สึกที่ครั้งหนึ่งเหมือนโลกตรงหน้ามันมืด เหมือนเราอยู่ตัวคนเดียวบนโลก อยากพูดอยากบอกอะไรใคร แต่ก็ไม่รู้จะพูดให้ใครฟัง กลัวไม่มีคนเข้าใจ และการที่ต้องจมกับความรู้สึกนั้นตัวคนเดียวมันทรมานมากจริงๆ.,0,1,0,0,0,1,2,64
0,ทำไมอยู่ดีๆ ก็ร้องไห้แบบไม่หยุด ทั้งที่สมองกลับว่างเปล่า ไม่มีแรงจูงใจในการร้องไห้เลย แต่ความรู้สึกมันกลับอึดอัดอย่างบอกไม่ถูก,0,1,0,0,0,0,2,26
0,ทำไมในหัวมีแต่เรื่องที่แย่ๆเต็มไปหมด เราจำความสุขที่เราทำกับเพื่อนครอบครัวไม่ได้เลย,0,1,0,0,0,0,2,22
1,ทำไมฉันตื่นขึ้นมาเเล้ว ได้เเต่ยินเสียงทะเลาะ ทำไมฉันไม่หายไปจากโลนี้ซะที,0,1,1,0,0,0,2,20
0,"ยิ่งโตขึ้นยิ่งรู้ว่า""เพื่อน""ไม่ได้รักเราทุกคน",0,1,0,0,0,0,2,14
1,ฝันร้ายที่สุดของหนู คือต้องตื่นมาแล้วพบว่าตัวเองยังหายใจ,0,1,0,1,0,0,2,14
1,ในหัวมีแต่ภาพตัวเองผูกคอตายนับครั้งไม่ถ้วน แต่ไม่ได้อยากตาย ไม่ได้อยากจบแบบนั้น อยากมีความสุข แต่มันยาก,0,1,0,1,0,1,2,27
1,ความรู้สึกอยากตายของผม มันกลับมาอีกแล้ว,0,1,0,0,0,0,2,8
0,สอบถามคนที่เป็น ถ้าเกิดมีอาการเครียดๆ หรือ อารมณ์แปรปรวนง่าย หงุดหงิดง่าย มีการทานอาหารเสริมอะไรบ้างไหมคะ,0,0,0,0,0,1,0,24
0,ทำไมคนรอบข้าง?หรือแม้แต่ครอบครัว?ถึงไม่เข้าใจโรคที่เราเป็?นบ้าง? ทำไมว่ะ?,0,1,0,0,0,0,2,22
0,ชอบการใส่หูฟังนะ ไม่ได้ยินเสียงใครบ่น ด่า ไม่ต้องรับรู้สิ่งเร้าทางเสียง ก็สบายใจกว่าตอนไม่ใส่อ่ะ,1,1,0,0,0,0,0,23
0,"วันนี้ ,, รู้สึกเหงา เศร้า หดหู่ ร้องไห้กับข่าวที่ไม่เกี่ยวกับตัวเอง อารมณ์อ่อนไหวกว่าปกติ ร้องไห้ทั้งวัน เราอยากมีคนอยู่ข้างๆ แต่มองไปแล้วทุกคนมีเรื่องที่ต้องทำ เราไม่อยากรบกวนเวลาเค้า การกอดตัวเองมันอุ่นเลย",0,1,0,0,0,0,2,46
0,ผมอาร์มที่ส่งต่อเพลงนี้และ SOS ครับ อย่ายอมแพ้และตัวคุณมีค่าที่สุด หวังว่าพวกคุณจะได้ยินเพลงนี้จากผมนะครับ ผมส่งต่อทุกวันให้ทุกคนเลยครับ กอดๆอย่ายอมแพ้คุณไม่ผิดที่คุณป่วยนะ กอดตัวเองและหัวใจไว้ครับ ผมจะเป็นหนึ่งกำลังใจให้ทุกคนนะ,1,0,0,0,0,0,1,57
0,ส่งโรงพยาบาลทัน clorazeplate 5 mg 8 เม็ด clonazepam 2 mg 3 เม็ด ยาแก้ลำไส้แปรปรวนอีก 5 เม็ด escitalopram 10 mg 19 เม็ด เหล้ารี อีก 8 ฝาเพียว คิดว่าตายนะถ้าไม่มีคนมาเจอ,0,0,0,0,0,1,2,41
0,เป็นภาพธรรมดานะ แต่จุกอกอะ ...,0,1,0,0,0,0,2,9
0,เพิ่งทวีตไปไม่นานเกี่ยวกับทัศนคติของเราเกี่ยวกับวงการกฎหมาย ไม่นานนักก็มีข่าวผู้พิพากษายิงตัวตาย,0,1,0,0,0,0,2,21
0,ด่าฉันตอแหลแล้วตอแหลได้เท่าฉันมั้ยล่ะ ถ้าไม่ได้ก็หุบปาก,0,0,1,0,0,0,2,15
0,ถ้าไม่ได้ใส่รองเท้าคู่เดียวกัน อย่ามาทำเป็นรู้ดีเรื่องของฉันนักเลย??,0,0,1,0,0,0,2,17
0,อย่าไปเดินวนแบบนาฬิกา?? แต่จงเดินไปข้าหน้าอย่างปฏิทิน????,0,0,0,0,0,0,0,16
0,9 ข้อ เช็กซึมเศร้า หรือไม่ เช็กได้รู้ผลพร้อมข้อแนะนำในการดูแลทันที,0,0,0,0,0,0,0,15
0,จะแกล้งโง่ก็ลำบาก พอรู้มากก็เสียใจ,0,1,0,0,0,0,2,9
0,คิดได้แค่นี้เองหรอ.. คนที่ฆ่าตัวตายน่ะ มีแต่คนโง่เท่านั้นแหละ,0,0,1,1,0,0,2,14
0,ทุกการเปลี่ยนแปลง มันจะพาเราไปอยู่ในจุดที่เหมาะสมกับเราเสมอ,0,1,0,0,0,0,0,15
0,ก็ว่าทำไมแม่งดรอปไม่ได้กินยามาเกือบ 2 อาทิตย์ แถมเจอเครื่องเครียดๆติดๆกันไม่ดรอปไม่รู้จะว่าไงแล้ว,0,1,0,0,1,0,2,30
1,อยากตายเป็นบ้าเลยวะ5555,0,1,0,1,0,0,2,6
1,ฉันหวังว่าความตายของฉันจะมีเหตุผลมากกว่าการมีชีวิตอยู่-Joker,0,1,0,0,0,0,2,13
0,(4) อีกไม่นานสังคมไทยก้จะเป็นเช่นในหนัง ไม่ว่าเรื่องใดๆ ก้ตาม ถ้ามันส่งผลกระทบโดยตรงกับคนกลุ่มใหญ่ ก้อาจจะมีคนออกมาประท้วงแบบในหนังก้ได้ ตัวอย่างในหนังเข่นตัดงบสังคมสงเคราะห์ มองข้ามปัญหาต่างๆ ทางสังคม ลงสมัครรับเลือกตั้งพอได้เป็นก้มองข้ามปัญหา,0,0,1,0,0,0,2,54
0,มึงอยากเรียกร้องความสนใจรึไงวะ,0,1,1,0,0,0,2,7
0,ไม่ใช่แค่เกลียดพวกคุณหรอก เราเกลียดตัวเองด้วย55555555,0,1,1,1,1,0,2,11
0,บางเรื่องอาจจะเสียใจที่ตัดสินใจไปแล้ว แต่กับบางเรื่องก็อาจจะต้องเสียใจที่ไม่ตัดสินใจซักที..,0,1,0,0,0,1,2,22
0,ทุกคนปฏิบัติกับเราเหมือนลืมว่าเราเป็นโรคซึมเศร้า แล้วก็พร้อมจะอ้างเสมอว่าเราเอา มาเป็นข้ออ้าง,0,1,0,0,0,0,2,21
0,ก็ยังชอบอยู่ แต่ใจมันยอมแพ้แล้ว,0,1,0,0,0,0,2,9
0,มีคนบอกว่าเราอาการหนัก เราเป็นหนักเกิน ให้เราดรอปเรียนออกไปใช้ชีวิตอยู่กับพ่อแม่ เราจะออกไปได้ยังไง ในเมื่อความฝันของพ่อแม่คือให้เราเรียนจบ เรียนจบแบบคนอื่นทั่วไป จบแบบปกติ เราทำลายฝันพ่อแม่ไม่ได้ เราเลือกที่จะกลับไปอยู่บ้านให้ตัวเองสบายใจ แต่พ่อแม่เป็นทุกข์ไม่ได้,0,1,0,0,0,1,2,64
0,??กดติดตามเพจ?? [USER] [USER] [USER],0,0,0,0,0,0,0,8
0,ผมผิดอะไรทำไมทุกคนต้องทำร้ายผม ผมผิดอะไรทำไมทุกคนถึงทิ้งผมไว้คนเดียว ผมผิดอะไรทำไมถึงไม่มีใครต้องการผม ผมผิดอะไรทำไมไม่เคยได้รักคืนมา ถ้าผมหายไปผมขอโทษนะ...,0,1,0,1,0,0,2,46
0,บางครั้ง ?โรคซึมเศร้า? กับโรค ?เรียกร้องความสนใจ? มันก็ใกล้กัน จนทำให้คนรอบข้างเข้าใจผิด คิดว่าเราแค่เรียกร้องความสนใจ,0,0,1,0,0,0,2,26
0,ยอมเป็นตัวตลกเพราะอยากให้คุณยิ้มแม้ผมจะร้องไห้ก็ตาม,0,1,0,0,0,0,2,13
0,วินาทีที่มีเพียงฉัน ท้องฟ้าขมุกขมัว และความรู้สึกที่พร้อมจะทิ้งทุกสิ่งทุกอย่างไปชั่วขณะ ถูกชะล้างไปกับสายฝนที่ผสมกับหยดน้ำตา ค่อยๆไหลออกไปจากข้างบนสู่ข้างล่าง จากสมองแสนวุ่นวายผ่านจิตใจที่อ่อนล้าออกสู่พื้นดิน ไหล ผ่านมา ผ่านไปอยู่หลายวินาที,0,1,0,0,0,0,2,53
0,และเขาทำให้เราร้องไห้อีกครั้ง เขาช่างไม่ได้เรื่องจนถึงวันสุดท้ายจริงๆ เลิกกันไปให้จบๆ,0,1,1,0,0,0,2,17
0,ถ้าไม่มีมินฮยอน ไม่มีidolอีกหลายๆคนทุกวันนี้คงไม่มีเราแล้ว,1,1,0,0,0,0,0,18
0,หนูผิดหรอที่เกืเมา? หนูผิดหรอที่ไม่ทำตามที่แม่บอก? หนูผิดหรอ? ที่อยากจะขอทำอะไรที่หนูอยากทำบ้าง? ขอทำสิางที่หนูรักบ้างได่มั้ย? ขอร้อง? ถ้าหนูผิดมาก? และแม่ไม่ต้องการหนู? สักวันหนูจะไม่มาคอยทำตัวให้แม่ด่า? และตีหนูอีกเลย? แม่จัได้สบายใจนะคะ??,0,1,0,1,0,0,2,80
1,ก่อนนอนก็เศร้า ตื่นมาก็เศร้า อยู่ๆก็ร้องไห้ บางครั้งก็อยากตาย เป็นเหี้ยไรนักหนาก็ไม่รู้??,0,1,0,0,0,0,2,24
0,อ่านบทความนี้จบแล้วบอกได้คำเดียวว่าไม่อยากให้มี อยู่ในประเทศไทยเลยครับ สารเลวจริงๆ,0,1,1,0,0,0,2,21
0,มันไม่ตลกเลยสักนิด : ),0,1,1,0,0,0,2,7
0,ทรมานมากนะที่ต้องแอบร้องไห้คนเดียวทุกวัน,0,1,0,0,0,0,2,9
0,ตี3กับความรู้สึกที่พัง??,0,1,0,0,0,0,2,7
0,พวกคุณไม่เข้าใจ??,0,1,1,0,0,0,2,4
0,I'm strong But now I'm tired. ฉันเข้มแข็งนะ แต่ตอนนี้ฉันเหนื่อย:(,0,1,0,0,0,0,2,17
0,คือเจอเรื่องแย่ๆ คนนิสัยแย่ๆ สังคมแย่ๆ ในชีวิตประจำวันจนรู้สึกชินชาไปแล้ว แต่กับคำบางคำ ประโยคบางประโยค พวกที่สื่อความหมายถึงการสูญเสีย การแตกสลาย การจากลา พวกนี้แค่ได้ยินนี่ก็รับไม่ไหวแล้วจริงๆ,0,1,0,0,0,0,2,49
0,เราจึงอยากใช้พื้นที่ตรงนี้เป็นที่ระบายความรู้สึกเล็กๆน้อยๆที่เราไม่สามารถพูดกับใครได้ และเป็นบันทึกเพื่อดูการเปบี่ยนแปลงทัศนคติของตัวเองขณะรักษาสุขภาพจิต,1,0,0,0,0,0,0,35
0,อยู่ในจุดที่งอแงกับใครไม่ได้เลยค่ะ ???,0,1,0,0,0,0,2,12
0,ทุกคน ช่วยเราหน่อย~ เพื่อนเราน่าจะมีอาการซึมเศร้า มันเอาใบมีดโกนมากรีดนิ้ว มันบอกมันอยากทำให้ตัวเองเจ็บ เราไม่รู้จะช่วยมันยังไง เราควรทำไงดี? ช่วยให้ข้อมูลหน่อยนะฮะ,0,0,0,0,0,1,2,42
0,ใส่ใจเรามากกว่านี้หน่อยสิ.,0,1,0,0,0,0,2,7
0,ชั้นรักแก ????,1,1,0,0,0,0,2,4
0,กว่าจะผ่านไปได้ในแต่ละคืน มันทรมานมากๆเลย,0,1,0,0,0,0,2,13
0,เป็นโรคซึมเศร้าหรอ . เป็นจริงหรอเรียกร้องความสนใจรึป่าว///. อีควายไม่มีใครอยากเป็นโรค. ไม่มีอยากคิดมาก ไม่มีใครอยากให้มึงสนใจ ถ้าวันนึงนี่เป็นระดับฆ่าตัวตาย ก่อนตายนี่จะเอามีดแทงมึงก่อนอิเวรรรรร,0,0,1,0,0,0,2,50
0,เราเหนื่อยมามากพอเเล้ว??,0,1,0,0,0,0,2,7
0,เราเชื่อว่าคนที่เป็น 100% เลย ไม่มีใครอยากเป็นโรคเฮงซวยนี่หรอก เจออะไรก็รู้สึกบีบ และบั่นทอนกำลังใจ แถมคนที่ควรเข้าใจก็ไม่เข้าใจ เลือกได้คงไม่อยากเป็น เหนื่อยใจ,0,1,0,1,0,0,2,40
0,เห็นคนเค้าเถียงกันเรื่อง ไม่เหมือนกัน ด่ากันเอาเองว่าคิดไปเองบ้างละคนเป็นต้องกินยา ไม่ได้กินยา=ไม่ป่วย เเต่สุดท้ายคนเหล่านี้ก็ต้องการกำลังใจทั้งนั้น ไม่ใช่เหรอ ไม่ใช่ทุกคนที่โดน แล้ว กลับได้ เราเป็นเรา โล่ของเราไม่แข็งแรงอย่าเทียบกันเลย,0,1,1,0,0,0,2,60
0,อยากร้องไห้มากเลย ณ.วินาทีนี้ มันเครียด เครียดไปหมดเลย...,0,1,0,0,0,0,2,15
0,ครอบครัว=อึดอัด โรงเรียน=กดดัน สังคม=น่ารำคาญ ห้องนอน=เซฟโซนที่ดีที่สุด,0,1,0,1,0,0,2,16
0,โดนBully ในที่มำงาน ทุกคนหัวเราะ รวมหัวกันพยายามผลักเราออกจากพวกเขา ปตากลับเป็นความรู้สคกโล่งสำหรับเรา แต่ที่เกลียกคือคำพูดที่ถูก bully และคำพูดเสียดสีต่อสิ่งที่เรสเป็น เอาความผิดพลาดของเรามาเป็นเครื่องมือทำร้ายเรา แม้แต่น้องที่เราไว้ใจมากที่สุด ก็ทำร้ายเรา,0,1,1,1,0,0,2,59
1,เราอาจจะอยู่รอดไม่เกินคืนนี้,0,1,0,0,0,0,2,6
0,เม้นหลายเม้นวายป่วงมาก แต่เป็ดขอยืนยันคำเดิม โรคซึมเศร้าอันตรายแต่รักษาหายได้ อ้างว่าเป็นเฉยๆไม่ได้ จะต้องให้หมอวินิจฉัยเท่านั้น หายจากโรคเองไม่ได้ต้องทานยาควบคู่กับทำกิจกรรมอื่นๆ ย้ำๆๆๆ ย้ำรอบที่ล้าน,0,0,1,0,0,0,0,50
0,ทำไมถึงคิดว่าการบุลลี่เป็นเรื่องปกติ ทั้งที่มันทำลายชีวิตคนไปหลายคนแล้ว,0,1,1,0,0,0,2,18
0,ทำไมร้องไห้บ่อยแบบนี้ อ่อนแอเกินไปแล้วนะ,0,1,0,1,0,0,2,8
0,วนลูบ เหนื่อยเนอะ/:),0,1,0,0,0,0,2,5
1,อยู่ในจุดที่อยากตายให้จบๆไปเลยมากกว่ากินยารักษาตัวเองให้ดีขึ้น,0,1,0,1,0,0,2,18
0,"ความจริงๆ ของ ""การศึกษา"" ?โรงเรียนดังระดับประเทศ : เด็กเรียนเก่ง อนาคตของชาติ ? โรงเรียนที่ไม่ใช่ : เด็กโง่ โดนตราหน้าว่าควาย หมดอนาคต. ========================= เด็กคนนึงที่สอบ รร.ชื่อดังระดับประเทศไม่ติด เครียดจนเป็น """,0,0,0,1,0,0,2,49
0,บุญตัดรอนวิบากกรรม (บาป) ได้อย่างไร ?,0,0,0,0,0,0,0,9
1,"คุณยมทูตคะ ""อะไร"" ""หนูมีความสุขจังเลยค่ะ"" ""ทั้งๆที่เธอตายเนี้ยนะ"" ""ค่ะ หนูรู้สึกเหมือนได้ออกมายังโลกที่มีความสุขกว่าโลกที่ หนูเคยอยู่ ได้ปลดปล่อยความรู้แย่ๆออกมา "" ""... (เธออาจเป็นวิญญาณตนแรกที่บ้าบอที่สุด)""",0,1,0,0,0,0,0,57
0,เห้อออ เราต้องทนอยู่กับมันอีกนานแค่ไหน,0,1,0,0,0,0,2,12
1,ทำไมยังให้เรากรีดเข้าไปตรงเส้นเลือดว่ะผ ทำได้แต่รอยแมวขวั้น,0,0,1,0,1,0,2,15
0,ผมอยากรู้แค่ว่าถ้าผมหายไป ผู้คนจะสนใจผมไหม แต่คงไม่สินะ เพราะผมไม่เคยมีตัวตนในสายตาใครอยู่แล้ว...,0,1,0,1,0,0,2,29
1,ใช่สิเรามันบาปหนา ไม่เคยมีอะไรดีหรอก ถ้าบาปมันหนามากเมื่อไหร่จะตายๆไปว่ะ บุญที่ใช้อยู่เมื่อไหร่จะหมด จะได้ตายๆไปซักทีไม่ต้องมาทนกับอะไรเเบบนี้อีก,0,1,1,1,0,0,2,44
1,อยากหายไปว่ะ,0,1,0,0,0,0,2,4
1,วันนี้เจอเรื่องกระทบจิตใจเรื่องหนึ่ง เครียด ปวดหัว นอนไม่หลับ รู้สึกอยากตาย มากกว่าต้องมานอนทรมานอยู่แบบนี้ โลกก็ไม่ได้ดีเท่าไหร่,0,1,0,1,0,0,2,25
0,บางครั้งเราสามารถรับรู้ได้นะว่าการระบายความเครียดของเราให้คนอื่นฟัง เขาก็ฟังผ่านๆไปงั้น และบางทีเขาก็รำคาญ ซึ่ง มันทำให้เราไม่อยากระบาย เพราะไม่อยากสร้างคสามรำคาญหรือภาระให้ใคร,0,1,0,1,0,0,0,43
0,คิดถึงแม่มาก...,0,1,0,0,0,0,2,5
0,โลกมันโหดร้าย //หรือว่าเราอ่อนแอ.,0,1,0,0,0,0,2,8
0,โรงพยาบาลก็ไม่ต่างอะไรกับนรกหรอก,0,1,0,1,0,0,2,8
0,ฝืนยิ้มเสมอแล้วบอกคนอื่นว่าเราไม่เปนไร????,0,1,0,0,0,0,2,11
1,รูปกับที่มองเมื่อวานแต่ทำไมวันนี้รู้สึกหดหู่เศร้าใจทุกเช้าต้องตื่นมาพบว่าเรายังหายใจอยู่ตอนเย็นต้องพร่ำบอกตัวเองว่าขอหลับแบบไม่ตื่นเลยได้มั้ยอ่อนแอเหลือเกิน..ความตายช่วยมาพาเราไปจากตรงนี้สักที,0,1,0,0,0,0,2,48
0,"เราได้ยินเสียงกระซิบทุกคืนเลยรู้มั้ยว่าเราได้ยินว่ายังไง""แค่นี้ก็ท้อแล้วหรอ"" อืมท้อแล้วไม่ไว้แล้วเหนื่อย",0,1,0,0,0,0,2,27
0,พวกคุณไม่เคยรู้อะไรเกี่ยวกับเราเลย สักนิดก็ไม่เคย,0,1,0,1,0,0,2,12
0,พรุ่งนี้ไปเรียนอะ ไม่นอนซักที555,0,0,0,0,0,0,2,9
1,เบื่อจังเลยโว้ยยยย!!!! เรามีชีวิตไปเพื่ออะไรรรรร??? อยากตายไปให้พ้นๆ แต่ก็ไม่กล้าทำ แม่งเอ้ยยยย!!!!฿&!?:/{>$?,0,1,0,0,0,1,2,30
0,ทุกอย่างที่ทำมา มันพังลงต่อหน้าต่อตา แล้วเราต้องยิ้มรับมันเหรอ ?,0,1,0,0,0,0,2,16
0,เขาบอกกันว่าถ้าวันหนึ่งเรา คิดถึงใครสักคน แม้ว่าตอนนั้นเขาไม่ได้อยู่กับเราแล้ว ขอแค่ให้เราคิดถึงเขา แม้เป็นเพียงความทรงจำ แต่ก็ขอเป็นเพียงความทรงที่ดี ให้กับเราก็พอแล้ว แค่นั้นเขาจะเคียงข้างเราเสมอ,1,1,0,0,0,0,0,50
1,ถ้ายานอนหลับใช้ฆ่าตัวตายไม่ได้ เราก็ใช้ให้มันเป็นส่วนหนึ่งในวิธีการสิ ??,0,0,0,1,0,0,2,17
1,อยากหายไปจากโลกนี้มากๆเลยครับ,0,1,0,0,0,0,2,10
1,กูเนี่ยไร้ค่าสุดเเล้ว,0,1,0,1,0,0,2,5
1,เราอยากจากไปแล้ว เราไม่อยากอยู่แล้ว ความรู้สึกมันเกินไปแล้ว เจ็บปวด ทรมาน เกินจะทนแล้ว... ??,0,1,0,0,0,0,2,20
1,ถ้าตายไปพ่อแม่จะเสียใจ และจะมีใครรู้มั้ยว่าพวกเค้านี่เเหละไล่เราไห้ไปตายในทุกๆวัน,0,1,0,1,0,0,2,27
0,เวลาที่หลับอยู่มันดีมากๆครับ เพราะมันทำใผ้ผมไม่รส.อะไร,0,1,0,0,0,0,0,16
0,ไม่กล้าบอกเรื่องนี้กับใคร ไม่กล้าระบายกับใคร กลัวเขามองเราเป็นตัวประหลาด กลัวเขามองว่าเราเรียกร้องความสนใจ เลยต้องพยายามทำตัวให้ปกติเวลาอยู่กับคนอื่น เวลาดิ่งก็ต้องฮีลตัวเองเงียบๆคนเดียว มันทรมานมากนะที่เจ็บอยู่ในใจแต่บอกใครไม่ได้,0,1,0,1,0,1,2,57
0,ผมต้องเป็นฝ่ายยอมคุณตลอดงั้นหรอ,0,0,1,0,0,0,2,9
0,จะเดินต่อไหม,0,0,0,0,0,1,0,4
1,อยากให้ไปตายมากใช่มั้ย ได้นะ ไม่อยากอยู่แล้วเหมือนกัน,0,1,1,1,0,0,2,13
0,มันอึนไปหมด ไม่เข้าใจตัวเอง ช๊อคก็ไม่ช๊อคเสียใจไหมก็ไม่รู้มันสงบไปหมดหัวมันตื้อไปหมด และน้ำตาก็ไหลออกมาเอง,0,1,0,0,0,0,2,30
1,ความตายใช่ไหมที่จะจบทุกอย่าง?,0,1,0,0,0,0,2,6
0,คนเป็นโรคซึมเศร้า เขารู้สึกแบบนี้ทุกคนรึเปล่า,0,0,0,0,0,1,0,8
0,สุดท้ายก็ไม่มีใครเข้าใจในสิ่งที่เราเป็นอยู่??,0,1,0,0,0,0,2,12
1,รู้สึกชอบแผลตัวเอง????,1,0,0,0,0,0,1,5
0,สะใจกันใช่มั้ยที่เห็นกูเป็นแบบนี้,0,0,1,0,0,0,2,9
0,ร้องไห้แบบไม่มีเหตุผลอีกแล้ว,0,1,0,0,0,0,2,5
0,มันเป็นเพราะปิดกั้นตัวเองเหรอ ตอนนี้คนที่เชื่อใจได้มีสักกี่คน มันคือจุดเปลี่ยนทั้งหมด กับพ่อแม่ก็พูดคุยไม่ได้ เค้าดิ่งอยู่แล้ว พวกเค้าชอบพูดว่าชีวิตตัวเองแย่แค่ไหนทำเพื่อเราแค่ไหน แล้วเราจะพูดความในใจพวกนี้ได้ยังไง แม้แต่เราเองยังไม่รู้ว่ามันเป็นอะไรเลย,0,1,0,1,0,0,2,62
0,ลมหนาวพัดพาความสุขเข้ามาแล้วก็พัดมันผ่านไป,0,1,0,0,0,0,2,9
0,ชีวิตเจอแต่เรื่องแย่ๆ ??,0,1,0,1,0,0,2,7
1,หนีออกจากบ้านไปให้รถชนตายก็น่าสนุกไม่น้อยนะ ว่ามั้ย:),0,1,0,0,0,0,2,15
0,ยากู150เม็ดเลยอิเชี้ยยยยกับอีก35เม็ดป่ะ คือจะร้องงแล้วอะเหนื่อยกับการกินยา,0,1,0,0,0,0,2,24
0,เป็นลูกที่ขนาดพ่อแม่ยังไม่รักอะ แย่ไหมล่ะ ทรมานมากไหม แล้วฉันจะยืนได้ตรงไหนของโลกใบนี้,0,1,0,1,0,0,2,25
0,ไม่รู้ว่าเธอหายไปไหน แต่อยากให้เธอกลับมานะ,0,1,0,0,0,0,2,13
0,ทุกวันนี้เราอยู่เพื่อพ่อ พ่อเราเป็นโรคประสาทบวกโรคซึมเศร้าขั้นรุนแรง พ่อเรากินเหล้าเมาเกือบทุกวัน แต่เราก็จะอยู่เพื่อเขา เรารู้ถ้าเราจากเขาไป เขาต้องแย่ลง,0,1,0,0,0,1,2,39
0,เหตุผลหลักๆที่คนที่เป็น ยังไม่ฆ่าตัวตายคือ 1.มีคนรั้งไว้ 2.ใจไม่แข็งพอ 3.รอวันที่ได้มีความสุขอีกครั้ง 4.กำลังวางแผนการฆ่าตัวตาย 5.ฆ่าตัวตายไม่สำเร็จ 6.ยังอดทนไหวอยู่ 7.กำลังรักษา 8.เหนื่อยจนไม่อยากทำอะไรต้องการนอนเฉยๆ มันต้องอะไรสักอย่างในนี้แหละนะ,0,1,0,0,1,0,0,70
0,หน้าที่หลักคือทำให้คนรอบข้างยิ้ม มีความสุข หน้าที่รองคือร้องไห้และดิ่งอยู่คนเดียวในห้องนอน...,0,1,0,0,0,0,2,21
0,ฉันคนนี้ มองคนที่สั่นเทาในกระจกบานนั้น คนที่เต็มไปด้วยน้ำตา,0,1,0,0,0,0,2,15
0,คำถามที่ไร้คำตอบ,0,1,0,0,0,0,0,4
0,ไม่ได้ต้องการจะเรียกร้องอะไรจากคนที่ทำให้เรากลายเป็นแบบนี้...,0,1,0,0,0,0,2,14
0,รู้จัก โรคแบคทีเรียกินเนื้อ หรือ โรคเนื้อเน่า โรคใกล้เคียง บอย ปกรณ์ ถูกแมลงกินเนื้อกัด [USER] [USER],0,0,0,0,0,0,0,20
0,ค? ว? า? ม? รู้? สึ ก? ดี? ที่? เ? ค? ย? มี? มั? น? ห? า? ย? ไ? ป? ไ? ห? น? ??,0,1,0,0,0,0,2,46
0,การมีชีวิตอยู่ทุกวันนี้ เพื่อคนอื่นทั้งนั้น,0,1,0,1,0,0,2,7
0,วันนี้อาจจะเป็นวันที่ดีที่สุดแล้วก็ได้ ไม่ได้ถึงขั้นยิ้มออกมาได้แต่ก็ไม่มีเรื่องอะไรเกิดขึ้นเหมือนวันอื่นๆ??,1,0,0,0,0,0,1,24
0,5เม็ดอีกแล้วเหรอขอให้หลับไวๆแล้วกัน,0,0,0,0,1,0,0,9
0,เออเนอะ เจอแต่คนเหี้ยๆทั้งนั้นเลย,0,1,1,0,0,0,0,9
0,สนใจทุกคน ยกเว้นกู ???,0,0,1,0,1,0,2,5
0,มันว่างเปล่า ตอนนั้นไม่ได้คิดตายจริงจังแค่คิดว่าเดียวคงเลิกคิดได้จนวันนี้ คิดแล้วว่าจะทำอะไรให้เรียบร้อยแล้วจะไปแล้ว มันเหนื่อยมากต้องสู้กับหลายคำพูด การกระทำ ความรู้สึก เสียใจมาก เข้าใจแล้วว่าคนที่เขาไปเขาคิดดีแล้ว เพราะว่าเราก็ทนจนไม่เหลือความรู้สึกแล้ว หมดแล้ว ??,0,1,0,0,0,1,2,61
0,เราเป็นคนหนึ่งที่ป่วย แต่ไม่ได้บอกกับที่บ้าน เราเก็บมันไว้เพราะไม่รู้จะเริ่มยังไง บอกไปแล้วจะมีผลอะไรหรือเปล่า กลัวจะยอมรับไม่ได้ กลัวเค้าไม่เชื่อ กลัวไปต่างๆนานา เราเลยเลือกที่จะอยู่ด้วยตัวของเราเอง เท่าที่เรายังไหว,0,1,0,0,0,1,2,56
0,ยิ่งเราโตขึ้น คนรอบตัวเราจะลดลงเรื่อยๆ,0,1,0,0,0,0,2,10
0,หัวใจดวงนี้กำลังแหลกสลาย แต่นานแค่ไหนจนกว่าหัวใจดวงนี้จะหยุดเจ็บปวด,0,1,0,0,0,1,2,17
1,ขอแค่หลับไปอย่างสงบแล้วไม่ตื่นขึ้นมาอีกเลย,0,1,0,0,0,0,2,12
1,อยากตาย แต่มีอีกชีวิตต้องดูแล,0,1,0,0,0,1,2,8
0,ใช้ชีวิต อย่าให้ความตายชนะเราก็พอ,0,0,0,0,0,1,0,8
1,ถ้าเราหายไปมันคงจะดี,0,1,0,0,0,0,0,7
0,คุณเทลาะกันตั้งแต่ฉันยังเด็ก ทุกวันนี้พวกคุณยังไม่หยุดมัน คนที่ทำร้ายรอยยิ้มไม่ใช่คนไกลเลย ??,0,1,0,1,0,0,2,23
0,เกินจะทนเเต่ก็ต้องทนว่ะ,0,1,1,0,0,0,2,8
1,เป็นความรู้สึกที่พูดไม่ได้อะ มันทรมานมาก..มากเกินไป..,0,1,0,0,0,0,2,14
0,Stop ขอร้องหยุดเถอะหยุดมันหยุดซักที,0,1,0,0,0,0,2,9
0,ไม่อยากกลับไปเป็นซึมเศร้าเลยค่ะมันทรมาณมาก?แต่มันกำลังจะกลับมาอีกแล้ว? หรือเพราะเราไม่รู้จักปรับตัวกับสังคมคะหรือเราไม่ควรโต้แย้งในสิ่งที่พวกเขากำหนดไว้แล้วคิดว่าแบบนั้นถูกต้องแล้ว?,0,1,0,1,0,1,2,46
0,อาบน้ำแป้ปเดียว ออกมาไอ้สัส มึงตกได้แม่นมาก,0,0,0,0,1,0,0,11
0,เรามันก็เป็นได้แค่ ไอ้ขี้แพ้,0,1,0,0,0,0,2,8
1,ฉันรู้สึกโดดเดี่ยวมากเลย,0,1,0,0,0,0,2,5
0,เหนื่อยจริงๆแหละ,0,1,0,0,0,0,2,3
0,เซฟไว้เลย! เลขเด็ด พิกัดล่าง งวด 16/11/62,0,0,0,0,0,0,0,10
0,บางทีก็ต้องการแค่กำลังใจ?จริงๆนะ? แต่ที่ได้มากลับมีเเต่คำต่อว่า?,0,1,0,1,0,0,2,18
0,คือกูแม่งเป็นคนเก็บอาการเก่งมากด้วย เพราะไม่จำเป็นให้ใครรู้ว่ากูรู้สึกยังไง,0,1,0,0,0,0,0,20
0,เคยรักมากแค่ไหนก็ยังรัก เคยต้องรอนานแค่ไหน็ยังจะรอ??????,0,1,0,0,0,0,2,19
0,กรณีเราอารมณ์ฉุนเฉียว ขึ้นสุด ก้าวร้าว แต่พอเวลาผ่านไปเรากลับรู้สึกผิดมากแบบลบไม่ออกเป็นวัน ๆ แบบนี้ควรพบจิตแพทย์ยังอ่ะคะ หรือใช้วิธีธรรมชาติบำบัดไปก่อน,0,1,0,0,0,1,2,36
0,มันอาจจะเป็นความสุขสุดท้ายที่ผมมี ฝากเพจผมหน่อยครับ,1,1,0,0,0,0,0,13
0,ไม่รู้ต้องเป็นแบบนี้ไปอีกนานแค่ไหน อ่อนไหวจัง มือสั่นไปหมดร้องไห้จนหายใจจะไม่ออกแล้ว,0,1,0,0,0,1,2,23
0,วันนี้เป็นวันที่2 ของการลดยาเหลือครึ่งเม็ด แต่เรารู้สึกว่าการได้กินยาแบบ 1 เม็ด จะคุมอาการได้ดีกว่า กังวลน้อยกว่า หายใจได้สะดวกกว่า แพทย์ที่ไปเจอไม่ใช่แพทย์เฉพาะทาง จะได้พบแพทย์จิตเวชกลางเดือนธันวาคม แบบนี้เอาไงดี กังวลอีกแล้ว,0,0,0,0,0,1,2,53
1,เกลียดตัวเองที่ เกิดมา เกลียดตัวเองที่ ทำร้ายตัวเอง เกลียดตัวเองที่ ยอมเป็นตัวตลกให้กับหลายๆคน เกลียดตัวเองที่ ยอมโดนด่าทั้งๆที่ไม่ได้ทำอะไรผิด เกลียดตัวเองที่ อ่อนเเอ เกลียดตัวเองที่ ยังมีชีวิตอยู่…,0,1,1,1,0,0,2,46
0,รักไม่ได้!บอกกับตัวเอง... เมื่อคนที่เรารักคือคนที่รักไม่ได้????,0,1,0,0,0,0,2,19
1,ตื่นมาก็โดนด่าตลอดเลยนะ ถ้าหลับแบบไม่ตื่นจะดีไหมนะ,0,1,0,1,0,0,2,17
0,รอยยิ้มจอมปลอมมันอยู่กับฉันตลอดเลย,0,1,0,0,0,0,2,8
0,อ้างว้าง โดดเดี่ยว สับสน จะเดินไปทางไหนต่อดี ต้องทำยังไงดี ต้องเลือกทางไหน,0,1,0,0,0,1,2,18
0,เหนื่อยกับชวิตที่เป็นอยู่ มันวุ่นวาย?ไปหมด อยากพักบ้าง...,0,1,0,0,0,0,2,16
1,วันนี้เป็นอีกวันหนึ่งที่เราต้องตื่นมาทำงาน ทำไมเราไม่นอนหลับยาวแล้วหายไปจากโลกนี้เลยว่ะ พรุ่งนี้ต้องไปหาหมออีก พอตื่นมาก็ร้องไห้ ตัวกูร้องไห้จนน้ำตาจะได้เป็นแท้งแล้ว... สัส มรึงตกลงจะอยู่ไปอีกนานใช่ไหม... อยู่แค่ว่ามรึงกับกูใครจะไปก่อนกัน,0,1,1,0,0,1,2,67
0,วนกลับมาจุดเดิมอีกเเล้ว คืนนี้ ห้องนี้ ความรู้สึกนี้,0,1,0,0,0,1,2,11
0,ซูมชัด ชุดผีตาโขนของ ฟ้าใส พังหรือปัง เสียงแตกแล้ว!,0,0,0,0,0,0,0,15
1,ซักพักคงหมดแพชชั่นกับการมีชีวิตอยู่,0,1,0,0,0,0,2,10
0,ไม่ว่าจะ jonghyun sully goohara พวกเขาไม่ควรเจออะไรแบบนี้ ทั้ง social bullying หรือสภาวะที่เกิดจากโรคซึมเศร้า มันไม่ตลกเลยที่ชีวิตคนๆหนึ่งต้องเสียไปเพราะความเห็นแก่ตัวเอาแต่ได้ของคนบางกลุ่ม,0,1,0,0,0,0,0,40
0,ดูไว้นะแก มันไม่ใช่เรื่องเล่นๆ และการ มันก็ไม่ใช่เรื่องเล่นๆเช่นกัน เราเป็นคนหนึ่งที่มีเพื่อนเป็นโรคซึมเศร้า คือการใช้ชีวิตของเขาในแต่ละวันมันทรมานมาก ตอนที่ซอลลี่เสีย เราแอบกลัวว่าฮาร่าจะทำเหมือนซอลลี่ ไม่คิดว่ามันจะเป็นจริง สะเทือนใจมาก R.I.P,0,1,1,0,0,0,2,64
0,เกลียกคำนินทาสายตาที่พวกเขามองมาหาเรา อยากให้เราหายไปขนาดนั้นเลย งั้น..เราจะหายไป พวกคุณคงดีใจเยาะ:),0,1,1,0,0,0,2,28
0,โลกใบนี้มันไม่ได้น่าอยู่เลย,0,1,0,1,0,0,2,8
0,รอยยิ้มสุดท้ายที่ได้เห็น หลับให้สบายนะนางฟ้าตัวน้อย??,0,1,0,0,0,0,2,13
0,บ่อยไปมั้ยอ่ะ... จำได้ว่าตอนซอลลี่ก็มีคนเป็นห่วงคูฮาราเหมือนกัน แล้วก็เกิดขึ้นจริงๆ,0,1,0,0,1,0,2,21
0,ความเข้มแข็งขอบคนเรามันไม่เท่ากัน คุณด่าทอเขาต่างๆนาๆ ทั้งๆที่ก็ไม่รู้ว่าเขาเจออะไรมาบ้าง ทุกการตัดสินใจมันมีเหตุผลเสมอ เมื่อเลือกแล้วมันก็คือทางที่ดีที่สุดสำหรับเขา,0,1,0,0,0,0,2,40
0,หลายๆคนรักเราหรือเข้าหาเราเพราะเรามีประโยชน์ แต่วันที่แย่สุดๆ คนอยู่เคียงข้างเรา น้อยมาก บางครั้งก็ไม่มี... ผิดหวังมากเลยนะเวลาเจอแบบนี้ รักแบบไม่มีเงื่อนไขบางครั้งผู้ให้กำเนิดก็ให้ไม่ได้หรอกนะ แต่มีคนหนึ่งที่ให้ได้ คือตัวเราเอง พวกเราคือคนที่โดดเดียวเหมือนกัน,0,1,0,0,0,0,2,62
1,เมื่อไหร่ที่เราตาย เมื่อนั้นแหละที่ทุกคนจะรักเรา..,0,1,0,1,0,0,2,12
0,เมื่อไหร่จะถึงวันนั้น วันที่ไม่ต้องรู้สึกแย่แบบนี้อีกแล้ว วันที่ไม่ต้องเหนื่อยอีกต่อไป วันที่จะได้ยิ้มกว้างๆให้กับโลกที่สดใส ไม่มีอีกแล้วมั้ง,0,1,0,1,0,1,2,28
0,ผมลืมคุณไม่ได้,0,1,0,0,0,0,2,5
1,อยากกินยาพิษชนิดเข้มข้นจัง,0,1,0,0,0,0,2,6
0,ขอบคุณที่ทำให้รู้จักความรู้สึขรักอีกครั้ง ถึงแม้จะมาพร้อมกับความอกหักตั้งแต่ยังไม่ได้สารภาพก็ตาม,1,1,0,0,0,0,2,20
0,อย่าทำให้มีใจเเล้วเดินจากกันไปเลย... ??,0,1,0,0,0,0,2,10
0,ทุกครั้งที่สอบตกไม่ใช่ไม่เครียดนะแต่พยายามที่สุดแล้วเป็นวิชาที่ไม่เก่งเลยแค่ก็ต้องทำให้ดีที่สุดเพื่อคนข้างหลังถึงจะเครียดแค่ไหนก็บอกใครไม่ได้คุยกับใครก็ไม่มีใครเข้าใจต้องเก็บเอาไว้จนมันส่งผลเสียกับตัวเองไม่มีใครทำและก็ไม่มีใครช่วยได้มีแค่ตัวเองที่ต้องช่วยรักษาตัวเอง,0,1,0,1,0,0,2,72
0,บทสนทนาฉันกับแม่ แม่:น่าตาก็ดีฆ่าตัวตายทำไม ฉัน:ก็โลกมันน่าเบื่อ แม่:เกิดมาก็อยู่ไปเถอะ ฉัน:หนูก็ไม่ได้ขอให้หนูเกิดมาสะหน่อย แม่เองก็ไม่ได้อยากให้หนูเกิดมาอยู่แล้วนิหนูเองก็ไม่ได้อยากเกิดมาเหมือนกัน??,0,1,0,1,0,0,2,59
1,แปลกจัง อยู่กับคนมากมายแต่กลับโดดเดี่ยว อยู่ๆ ก็คิดถึงเรื่องตาย ตอนเราตายใครบ้างจะร้องไห้ให้เรานะ ตอนเราอยู่จะมีใครรู้บ้างว่าเราเศร้า เราเหนื่อย เหนื่อยทุกอย่างเลย,0,1,0,0,1,0,2,40
0,อาการแพนิคเป็นยังไงคะ,0,0,0,0,0,1,0,6
0,บอกกูว่าอย่าเป็นแบบนี้ แล้วใครมันอยากเป็นกันวะแม่งTT,0,0,1,0,0,0,2,16
0,ดูข่าวฆ่าตัวตายเพราะ กับแม่อยู่ แม่พูดขึ้นมาว่า 'ฆ่าตัวตายทำไม ไม่สงสารพ่อแม่ที่เขาเลี้ยงดูมาบ้างเหรอ?' ได้ยินแล้วก็อยากถอนหายใจ ไม่ใช่ทุกคนที่จะเข้าใจโรคนี้ คนนอกไม่มีทางรู้หรอกว่าเขาต้องเจออะไรมาบ้าง ต้องเจอแรงกดดันอะไรมาบ้าง มันจะมีจุดนึงแหละที่ทนแรงกดดันไม่ไหว,0,1,0,0,0,0,2,65
0,คือ เศร้ารู้สึกแย่กับเรื่องที่เจออยากจะระบายให้คนรอบข้างสักคนฟังแต่ก็แบบไม่อยากให้เขามาเป็นทุกข์ด้วยอะคือมันไม่ใช่เรื่องของเขาอะแล้วสุดท้ายก็ต้องเก็บไว้กับตัวเองอึดอัดวนไปจ้า,0,1,0,1,0,1,2,47
0,ยิ่งมีข่าวไม่ดีที่บอกว่าสาเหตุมาจากผู้ป่วยซึมเศร้า คือคนส่วนใหญ่ก็ยิ่งมองคนป่วยว่าแย่ไปอีก หาว่าเราจะไปทำร้ายเค้าบ้างล่ะ เหอะๆ สื่อมันมีผลต่อคนกลุ่มใหญ่จริงๆนะ ทุกวันนี้พยายามใช้ชีวิตให้ปกติ แต่พอมาเจอคนไม่เข้าใจมาพูด มามองแย่ๆ ใส่ ก็ท้ออ่ะ ไม่โอเคเลย,0,1,0,0,0,0,2,66
0,ดูแลคนข้างๆเราให้ดีนะ ไม่รู้เลยว่าวันไหนจะเป็นวันสุดท้ายจริงๆ ทำทุกวันให้น่าจดจำ ใส่ใจคนรอบข้างเยอะๆ มีอะไรก็พูดคุยกัน ถ้าใครที่รู้สึกไม่สบายใจทักมาคุยกับเราก็ได้นะ อยากเป็นกลจให้ทุกคนนะ ผ่านมันไปให้ได้ :),1,0,0,0,0,0,1,56
0,มันเจ็บที่ยังรู้สึข เจ็บที่ยังเสยใจ เจ็บทีายังรักรักเธอกว่าใคร,0,1,0,0,0,0,2,20
0,แสดงว่าเข้มแข็งมา4-5ปี ทำไมหน้ากากที่ใช้ทุกวันมันถึงร้าวใกล้ที่จะแตก?? ทนต่อสิพยายามมา4-5ปีแล้วนะก็อยากบอกกับตัวเองแบบนั้นนะแต่มันไม่ไหวจริงๆ,0,1,0,0,0,0,2,43
0,วันนี้เหนื่อยมากเลย หมอบอกให้เล่นโซเชียลได้นะ ไปหาเพื่อนบ้าง กลับไปหาสังคมที่เคยอยู่บ้าง ลองกลับไปเล่นไอจี แต่ทำไมไม่ชอบ ไม่มีความสุข ไม่ได้อยากเล่น รู้สึกเหนื่อย ก็ยังรู้สึกไม่อยากใช้ชีวิตอยู่ดี แต่เราจะหาย ไฟติ้งๆ,1,1,0,0,0,1,1,52
0,วันนี้เลือกที่จะเสพแต่เพลงเศร้าๆ,0,1,0,0,0,0,0,8
0,ใครเป็นซึมเศร้าแล้วหยุดยาเองนี่อย่าทำแบบเรานะ ตอนนี้เริ่มไม่โอเคละ ตอนแรกไปหาหมอ หมอให้ยามา เดือนต่อมาเราก็ไม่ได้ไปละ จะพูดไงดี..ก็หนีหมอแหละ รพ.มันไกลอ่ะให้เดินทางทุกเดือนไม่ไหวหรอก รถส่วนตัวก็ไม่มีด้วย แรกๆก็ไม่อะไรผิดปกติ หลังๆก็จิตตกเหมือนเดิม แหะๆ,0,1,0,0,0,1,2,71
0,คนที่พูดว่าก็ไม่ต้องเก็บมาคิด พอจะทำร้ายตัวเองก็เลิกคิด เตะความคิดนั้นทิ้งไป กูเองก็ไม่ได้อยากคิด คือถ้ากูทำได้ กูคงไม่มาอยู่ในสภาพนี้หรอก . ไอสัส พูดง่าย,0,1,1,0,0,0,2,45
0,ไม่ได้สัมผัสความรู้สึกดีๆมานานแค่ไหนแล้วนะ อยากสัมผัสมันอีกครั้งจัง...,0,1,0,0,0,0,0,18
0,สู้กับตัวเองก็เหนื่อยใจมากพออยู่แล้ว เรายังต้องมาต่่อสู้กับแววตา และท่าทางแย่ๆ ของคุณอีกหรอ เราเหนื่อยมากจริงๆ,0,1,0,1,0,0,2,28
1,สิ่งที่กลัวในการฆ่าตัวตายคือ การไม่ตาย และอีกอย่างที่กลัวคือ การสร้างบอดแผลในใจให้คนที่ยังมีชีวิตอยู่นี่ล่ะ,0,1,0,0,0,1,2,29
0,บางทีก็คิดนะว่าตัวเราเองตอนนี้ไม่ได้ต่างอะไรเลยกับ แค่เราหัวเราะไม่ได้ และร้องไห้ไม่ออก,0,1,0,0,0,0,2,23
0,อดีตมันเปลี่ยนแปลง?ไม่ได้ ไม่ว่าจะเจ็บปวดแค่ไหนก็ตาม (แต่ฉันยังจับอดีตพวกนั้นไม่เคยลืม),0,1,0,0,0,0,2,25
0,อยากไปทำงานมาก แต่พอจะกดสมัครงาน ในหัวก็มีแต่คำว่า ทำไม่ได้หรอกๆๆๆ ไม่ไหวแล้ว,0,1,0,0,0,1,2,24
0,"กูยกตำแหน่ง ""แพะแห่งปี"" ให้เลย คือ เอะอะ อ้าง เกือบทุกคดีฆ่าคนตายเลย เหยกแหม",0,0,1,1,0,0,2,22
0,"ร้องไห้.. โดยไม่มีเหตุผล ""ประจำเลยตัวผม""",0,1,0,0,0,0,2,11
0,ให้โอกาสเราบ้าง ถ้าไม่ใช่ ก็ไม่ต้องรัก??,0,1,0,0,0,1,2,10
0,จากปสก??ตัวเอง ซึมเศร้าเกิดจากโรค แตกต่างกันนะ อกหักแป๊บเดียวก็หาย แต่จากโรค? คือ? แตกสลายยิ่งกว่า มันทรมาน? ฝังรากลึก มันดิ่งมันเจ็บปวด??แม้จะมีชีวิตสวยหรู? มีคนรักมากมาย? แต่อาการกำเริบ? สมองร้าวไปหมด? อยากจะร้อง? ??สุดท้าย?คืออยากตาย????,0,1,0,0,0,0,0,62
0,มนุษย์เป็นสัตว์สังคม ไม่มีทางที่จะอยู่คนเดียวได้ ยังไงก็ต้องออกมาเจอผู้คนอยู่ดี ไม่มีทางที่จะอยู่คนเดียวไปตลอดชีวิต ยังไงก็ต้องคุยกับใครอยู่ดี,0,0,0,1,0,0,0,31
0,ร้องไห้กลางสายฝน?เพียง?เพราะ?แค่ไม่ต้องการ?ให้?ใคร?เห็นน้ำตา?,0,1,0,0,0,1,2,18
0,อย่ารัก อย่าชอบเราเลย เราไม่สามารถดูแลพวกคุณได้ — เราขอโทษ,0,1,0,0,0,0,2,15
0,ปีนี้หาความสุขได้ยากจังวะ ????,0,1,0,0,0,0,2,9
1,ไม่อยากเจอใคร อยากอยู่คนเดียว..ไม่อยากไปไหน..อยากหายไปเงียบๆ,0,1,0,0,0,0,2,18
0,ลองมาเป็นเราดูมั้ย จะได้รู้ว่ามันแย่ขนาดไหน,0,1,0,0,0,0,2,14
0,ไม่ใช่น้อยๆเลยนะครับ กับความรู้สึกที่ให้ไปอ่ะ,0,1,0,0,0,0,0,13
1,เกลียดการเป็นตัวเอง เกลียดการต่อสู้กับตัวเอง เมื่อคืนเกือบเป็นวันสุดท้ายของชีวิต แต่ยังดึงตัวเองกลับมาเพียงแค่ว่าถ้ากินยามันก็กลับมาหายใจอีก!! ถึงได้บอกว่ามันทรมานมันเจ็บปวด มันไร้ค่า มันไม่มีใครเข้าใจ บางทีโลกใบนี้ก็ไม่เหมาะสมกับเราเท่าไหร่????byb,0,1,0,1,0,0,2,56
0,ความเป็นเพื่อนมันคงจะจบแล้วจริงๆมันคงต้องจบกันแค่นี้ ขอโทษสำหรับหลายๆอย่าง ขอโทษที่ทำให้ไม่พอใจ ขอโทษที่ไม่ดีพอจะเป็นเพื่อนที่ดีให้แกได้ เราไม่ได้ทิ้งพวกแก เราไม่ได้ทิ้งเพื่อน,0,1,0,1,0,0,2,44
0,อย่าไปตัดสินเขาเลยว่าทำไมคิดสั้น เพราะจริงๆแล้วคนที่เขาอยากฆ่าตัวตายเป็นเพราะเขาหาความสุขในชีวิตไม่เจอแล้วต่างหาก,0,1,0,0,0,0,2,27
0,ไม่มีใครหรอก ที่จะอยากเป็นผู้ป่วยจิตเวช,0,1,0,0,0,0,2,9
1,เราอยากตายอีกแล้ว แต่เราแค่ทำไม่ได้ ??,0,1,0,0,0,0,2,11
0,อยู่ในจุดที่ ไม่อยากได้อะไรอีกแล้ว อยู่คนเดียวก็สบายดี ไม่เหนื่อย,1,1,0,0,0,0,0,14
1,กูอยากตาย 555555555,0,1,1,0,0,0,2,4
0,ความแตกต่างความเศร้า กับ คือ อยู่กับความเศร้าจนเราไม่สามารถทำอะไรได้ !!,0,1,0,0,0,0,2,15
0,เอาจริงๆมันเหนื่อยมากๆเลยล่ะที่ต้องแบกรับความเครียดไว้คนเดียว แค่ต้องการคนที่ยอมรับเราได้ คอยเป็นกำลังใจ เมื่อก่อนพ่อแม่คือกำลังใจ แต่ตอนนี้เขากลับเป็นคนผลักเราลงเหวลึกที่ไม่มีใครเลย,0,1,0,1,0,0,2,42
0,รักตัวเองให้ได้ดิว้ะ ต้องเข้มแข็งได้แล้วนะ เดือนสุดท้ายแล้วขอให้มีสิ่งดีๆในชีวิตบ้างเถอะ,0,1,0,0,0,0,0,22
1,ร้องไห้จนเหนื่อย อยากตายแต่เมื่อไหร่ที่จะทำมีมารขัดขวางตลอด ปล่อยเราไปเถอะ,0,1,0,0,0,0,2,17
1,ทรมานโคตร ต้องทนกับการนอน ที่สมองคิดแต่วิธีฆ่าตัวตาย อึดอัดโคตร เหนื่อย ท้อ ไม่อยากอยู่แล้ว มีทั้ง ความรู้สึกผิด เสียใจ อยากจะขอโทษ มันแย่ไปหมด อยากจะหยุดมันทุกอย่าง อยากจะพอแล้วกับการมีชีวิต,0,1,0,1,0,0,2,42
0,ถึงแม้ตอนนี้จะได้ยามากินแล้ว แต่คนรอบข้างฉันเขาก็ยังเหมือนเดิม ทุกอย่างลงที่ฉัน โมโหก็มาโกรธใส่ฉัน แล้วอย่างงี้มันจะดีขึ้นได้ยังไง เครียดจะตายอยู่แล้ว,0,1,1,1,0,1,2,36
0,สถิติ ผู้ป่วย อนาคต จะทวีคูณ เพิ่ม 100% ไม่มีทาง ลดลง .,0,0,1,1,0,0,2,12
0,อยู่กับคนบ้า จนนี่คิดว่าบ้าไปด้วยแล้วอ่ะ มันไม่ไหวแล้วอ่ะ,0,1,1,1,0,0,2,17
0,ขอกำลังใจทีค่ะ ช่วงนี้เราดิ่งมากๆ เราไม่ไหวแล้วจริงๆ ขอบคุณมากค่ะ,0,1,0,0,0,1,2,17
0,กินเหล้าน่ะ มีเมา... แต่กินเราน่ะ มีมันส์ ??????,1,0,0,0,0,0,0,13
0,จุดหมายปลายทางของเธอ “ตรงนั้น” เป็นฉันได้หรือเปล่า???,0,0,0,0,0,1,0,11
0,ร้องไห้มันออกมา?ร้องออกมาให้หมดแล้วจบในวันนั้น,0,1,0,0,0,0,2,12
0,ตายก็ไม่ได้ ตอนนี้มีเพิ่มมาอีกคนในท้อง แต่กลัวเกิดมาแล่วเป็นแบบเรา เคยอ่านมามันผ่านแม่สู่ลูก.. ล้านความคิดแต่ทำได้แค่พิมพ์แค่นี้ บัดซบ,0,1,0,0,0,1,2,37
0,โพสต์ บ่น ระบาย = เรียกร้องความสนใจ ทำร้ายตัวเอง = เรียกร้องความสนใจ ฆ่าตัวตาย แต่ไม่ตาย = เรียกร้องความสนใจ ฆ่าตัวตาย แล้วตาย = น่าสงสาร คนพร้อมเข้าใจเยอะ คนรักและห่วงเต็มไปหมด...,0,1,0,1,0,0,2,32
1,ก็หวังว่าถ้าตายแล้วจะมีความสุขกว่าตอนมีชีวิตอยู่,0,1,0,0,0,0,2,12
1,ขอโทษที่มึงไม่เป็นอย่างที่คุณคิด สุดท้ายชั้นก้อคือภาระของคุณจิงๆ,0,1,0,1,0,0,2,17
0,มีใครอยู่รอบกายแค่ไหนก็ได้แค่ร้องไห้คนเดียวอยู่ดี,0,1,0,0,0,0,2,11
0,เหนื่อยเนอะ,0,1,0,0,0,0,2,2
0,รู้สึกไม่สำคัญอีกแล้ว,0,1,0,0,0,0,2,4
1,ถ้าฉันไม่อยู่แล้ว จะมีใครคิดถึงฉันมั้ย จะมีใครมั้ย,0,1,0,0,0,0,2,14
0,เธออยู่ตรงนั้นเหนื่อยไหม..!!เรื่องหัวใจ ตรงนั้นมีใครดูแลเธอหรือเปล่า ทำได้เท่าฉันหรือเปล่า ?? -ติ ว เ ต อ ร์ เ ลิ ฟ- A. PPN ??,0,1,0,0,0,0,2,35
0,พรุ่งนี้ก็ไม่เหนื่อยแล้ว,0,1,0,0,0,0,0,5
1,ถ้าวันใดวันหนึ่งฉันเลือกที่จะตาย ขอให้รู้ไว้ว่าฉันเลือกเพราะอยากให้คนรอบข้างสบาย ฉันไม่อยากเป็นตัวปัญหา ไม่อยากเป็นภาระ ทำให้ทุกๆคนรอบตัวฉันนั้นลำบาก ฉันจะไม่เรียกร้องอะไร ฉันจะตายไปอย่างเงียบๆ ถ้าไม่มีฉันพวกคุณจะสบาย :),0,1,0,1,0,0,2,52
0,ความทุกข์กำลังโอบกอดฉันไว้ มันเหงา และ เศร้าเหลือเกิน,0,1,0,0,0,0,2,10
0,ไม่เหลือใครแล้ว ทั้งครอบครัวเราคือตัวปัญหา,0,1,0,1,0,0,2,9
0,กินข้าวคนเดียวในห้องสี่เหลี่ยมเล็กๆทุกวัน:) ข้าวก็หน้ากินเต่มันไม่อร่อยเลย:(,0,1,0,0,0,0,2,19
0,เธอไม่เข้าใจเราหรอกว่าการเป็นเรามันเหนื่อยแค่ไหน เธอไม่มาอยู่จุดนี้เธอจะไม่มีวันรู้เลยว่าเราทรมานมากแค่ไหน??,0,1,0,0,0,0,2,32
0,ปวดท้องก็ปวด แต่ก็กินข้าวไม่ลง,0,0,1,0,0,0,2,8
0,รู้สึกว่าตัวเองพูดอะไรหลายๆอย่างผิดไป บางทีมันก็พูดตรงกับใจมากเกิน จนตอนนี้รู้สึกผิด บางทีก็รู้สึกว่าพูดถูก สับสน แต่ก็ยังรู้สึกไม่ดี อยู่ดีแหละ เอาตรงๆคือ... ไม่น่าพูดเลยกรู,0,1,1,0,0,1,2,47
0,ขอออกจากบ้านสักพักนะ? อยู่ไม่ไหวจริงๆ?,0,1,0,0,0,0,2,11
1,ในขณะที่ชีวิตคนอื่นดีขึ้น แต่เรากลับถอยลงเรื่อยๆ เหนื่อยกับความรู้สึกนี้จัง เมื่อไหร่จะดีขึ้น,0,1,0,1,0,0,2,18
0,นี่เราพยายามผ่านช่วงเวลาที่เลวร้ายมากๆเพื่อมาเจอช่วงเวลาที่แสนจะเลวร้ายนี่อีกครั้งงั้นหรอ,0,1,1,0,0,0,2,21
0,มีใครหลับรึยัง ขอใครคุยด้วยสักคนได้ไหม ช่วยปลอบใจเราน่ะ,0,1,0,0,0,0,2,17
0,“อีฟ” เปิดใจจบชีวิตรัก “แต๊งค์ พงศกร” หลังฝ่ายชายโพสต์เป็นโรคซึมเศร้า . อีฟ โพสต์ไอจีว่า ”หากทำไม่ดีกับใครอย่าหวังว่าจะได้ดี เพราะคนที่ก่อสุดท้ายต้องรอรับกรรม สิ่งใดที่ทำเอาไว้สิ่งนั้นจะหนุนนำ เพราะทำฉันไรก็ได้ฉะนั้นทุกคน”,0,0,1,0,0,0,2,60
0,อย่าคาดหวังว่าเราจะเป็นแบบนั้นแบบนี้ เพราะนอกจากคุณจะผิดหวัง ยังทำให้เราเสียใจอีกด้วย,0,0,1,0,0,0,2,19
0,ผ่านไปแค่3-4วัน ทำไมรีบขึ้นไวจัง :-(,0,0,0,0,1,0,0,13
0,คนร้องไห้ไม่ใช่คนอ่อนแอ เขาแค่ไม่อยากแบกสิ่งแย่ๆไว้ในชีวิตแค่นั้นเอง,0,1,0,0,0,0,2,18
0,ถ้าเขามีคนใหม่จริงๆก็คงจะยินดีกับเขา “กูอยู่ได้ กูไหว “ ????????,0,1,0,0,0,0,2,19
0,เอาเข้าจริงเวลามีคนมาถามว่าทำไมถึงเป็น เกิดจากอะไร มีเรื่องอะไรให้เครียดหรอ เราก็ไม่รู้จะตอบยังไง เพราะเราเองก็บอกไม่ถูกเหมือนกัน... ยิ้มแห้ง,0,1,0,0,1,0,2,37
0,ต้องเจออะไรบ้างในแต่ละวัน มันท้อไปหมด??,0,1,0,0,0,0,2,11
0,เคยคิดจะกรีดแขนตัวเอง แต่ยังไม่กล้าพอ พอวันนี้ เราน้อยใจแม่มากจนข่วนแขนตัวเอง เราเป็นลูกคนที่3 เป็นลูกที่แม่รักน้อยที่สุด ทำอะไรก็ไม่เคยดีสักอย่าง เราช่วยแม่มาตลอด แต่พี่ชายเราไม่เคยช่วย แม่กลับเป็นห่วงพี่ชายเรา อืม... ทำไมไม่ชินสักที,0,1,1,1,0,1,2,63
1,ยิ่งดึก ยิ่งเหนื่อย ยิ่งมีความคิดว่าอยากตายเต็มหัวไปหมด... ต้องสู้กับความคิดแบบนี้ไปตลอดเลยหรือไงนะ,0,1,0,0,0,1,2,24
0,ถ้าหนูขอพรจากซานต้า ว่าให้พี่ชอบหนูบ้างมันดูมากเกินไปไหม??,0,1,0,0,0,0,2,17
1,อยากตาย แต่กลัวเจ็บปวด ทุกวันได้แต่ตีที่ต้นขาตัวเอง,0,1,1,0,0,1,2,12
0,"ผ่านไปได้อีกวัน ที่วุ่นวายอยู่กับการทำงานบ้่านทั้งวัน แต่ก็อยากใช้ชีวิตให้มีความสุขในทุกๆวัน โดยที่ไม่ต้องพบเจอคำว่า ""ความหวัง"" แต่ไม่รู้จริงๆ ว่าจะต้องทำยังไง",0,1,0,0,0,1,2,39
0,ยกเองจ้าแม่คุณ ยกไม่ไหวอย่าขนมาเยอะ,0,0,1,0,0,0,2,11
0,อยากให้กำลังใจ อยากไปอยู่ข้างๆ อยากกอดทุกคนในนี้,1,0,0,0,0,0,1,11
0,ค่ายาจะเเพงไหมนะ ??,0,0,0,0,0,1,2,9
0,เธอไม่ได้สนใจความรู้สึกของเราจริงๆด้วยซ้ำ,0,1,0,0,0,0,2,9
0,บางครั้งก็ร้องไห้แบบไม่มีสาเหตุเลย,0,1,0,0,0,0,2,8
0,บางเรื่องพยายามช่างแม่งแล้วนะ แต่มันช่างแม่งไม่ลงว่ะ คือมันเป็นเรื่องที่อ่อนไหวมากๆไง..,0,1,1,0,0,0,2,25
0,"วันนี้คุณ... รัก ดูแล เอาใจใส่ และเข้าใจ... ""คนที่รัก"" ซักแค่ไหน???... อย่ามัวทำแต่งาน จนลืมไปว่า... บางที ""เวลา"" ที่มีอยู่... ทุกวัน ทุกเวลา ทุกนาที... สำหรับคุณมัน คือ งาน แต่สำหรับ ""คนที่รัก"" มันคือ... ตอบได้ไหม??? T_T",0,1,0,0,0,0,2,60
0,ทำให้รู้สึกดี~,1,0,0,0,0,0,0,4
0,คนเก่งเช้าวันเสาร์เเบบนี้ตื่นกันหรือยังคะถ้าตื่นเเล้วอย่าลืมทานข้าวนะคะ วันหยุดเเบบนี้อย่าให้น้องเตียงดูดนะฮึบๆๆออกไปหาอะไรสนุกๆทำกันดีกว่า ซันอยู่ตรงนี้นะพร้อมรับฟังคนเก่งเสมอเลยนะ//กอดด,1,0,0,0,0,0,1,49
1,เกลียดบ้านหลังนี้ เกลียดผู้คนที่บ้าน เกลียดการกลับบ้าน ถ้าตายหนีได้ก็จะทำ,0,1,1,1,0,0,2,18
0,โดนคำพูดบั่นทอนจิตใจคือไปไม่เป็นเลยอะทำอะไรไม่ถูกเลย,0,1,0,0,0,0,2,15
0,เราแพ้แล้ว,0,1,0,0,0,0,2,3
0,เกลียดเทศกาล เกลียดการพบเจอญาติ เกลียดคำถามที่ทำร้ายจิตใจ ทำไมอ้วนจัง มีงานทำหรือยัง เงินเท่าไหร่ มีแฟนยัง บางครั้งก็อยากตอบไปว่า เรื่องของกู!!! เกลียดการปั้นหน้า,0,0,1,1,0,0,2,37
0,วันนึงเราเคยพยายามแล้วมันพลาด ก็ถูกทุกคนตีหน้าว่าเรียกร้องความสนใจ แต่ถ้าวันไหนเราทำสำเร็จ วันนั้นก็อย่ามาสนใจเราเลย เราคงเหลือแค่ความทรงจำของพวกคุณ แต่จำแต่ความทรงจำดีๆของเราเท่านั้นนะ555555555555555555,0,1,0,0,0,0,2,45
1,จริงในจริงแล้วก็จริงที่สุด,0,1,0,0,0,0,2,6
0,ความทะยานอยากได้สุขหรือไม่อยากให้มีทุกข์ต่างหากเป็นของควรละ ผู้ที่จะพ้นจากทุกข์ได้ในโลกนี้ ก็ล้วนแล้วแต่ยกทุกข์ขึ้นมาเป็นเหตุทั้งนั้น,1,0,0,0,0,0,1,31
0,‘ครอบครัว’ ไม่ใช่ทางออกของโรคซึมเศร้าเสมอไป,0,1,0,0,0,0,2,10
0,แต่หลังจากคุยกันเสร็จ เดินออกมาก็ได้แต่ร้องไห้ไม่หยุด ร้องเหมือนคนบ้าคุมตัวเองไม่อยู่ สั่นไปทั้งตัว ต้องไปสงบสติในห้องน้ำ แถมออกมามันดันไม่หยุดร้องต่อ ต่อหน้าลูกน้อง ซึ่งยิ่งทำให้เกลียดตัวเอง ไม่ได้อยากร้องให้ลูกน้องเห็น ไม่มีใครว่าอะไรทั้งนั้น แค่ไหลมาเอง รู้สึกแย่มาก,0,1,0,1,0,1,2,62
0,เหนื่อยกับทุกอย่าง:(,0,1,0,0,0,0,2,4
0,สุดท้ายมึงก็ทำกับกูเหมือนคนอื่น ไม่มีรักแท้ในร้านเหล้า????,0,1,0,0,0,0,2,14
0,สถานการณ์ทางจิตใจตอนนี้มันแย่มากเลยฮะ ทำไมเมื่อก่อนมันดีมากเลยอะ ทำไมตอนนี้พอเราล้มแม่งกลับมาพ่นคำเหี้ยๆใส่เราทุกคนเลย เราคิดว่าเราทนไม่ไหวอีกต่อไปแล้ว แต่เราแค่ยังไปไหนไม่ได้ เราไม่เคยเรียกร้องความสนใจจากใครเพราะเราไม่เคยได้มันมาเลย,0,1,1,0,1,0,2,60
1,ถ้าเราไม่ไหวเราจะหายไปเอง :),0,1,0,0,0,0,2,10
0,ชั้นที่ยิ้มได้ ก็เพราะร้องไห้มาก่อน,0,1,0,0,0,0,2,9
0,หยุดเข้ามาในหัวสักทีได้มั้ย,0,0,1,0,0,0,2,7
1,กินยากี่เม็ดถึงจะตายคะ,0,0,0,0,0,1,2,8
0,รู้สึกสำคัญกะเพื่อนว่ะ ทักไปอ่านไม่ตอบ555,0,1,0,0,0,0,2,11
0,อืมแล้วไงต่อหรอ จะให้นอนโรงบาลคนเดียว แล้วไงต่อหรอ เห็นพูดแบบนี้กี่ครั้งแล้ว จะให้นอนโรงบาลคนเดียว ก็เอาสิ เพราะทั้งชีวิตหนูก็อยู่คนเดียวอยู่แล้วนี่,0,1,1,1,0,0,2,37
0,อย่าพูดเลยว่ารักลูกเท่ากัน เพราะการกระทำกับคำพูดมันไม่จริง??,0,1,0,0,0,0,2,15
0,อยากหนาวให้ไปหาเขา แต่ถ้าไม่อยากเหงาให้มาหาเรานะ ??????,1,0,0,0,0,0,0,15
0,รีวิว เมื่อไรจะหาย เบื่อชิบหายเลยโวยยย,0,0,1,0,0,0,2,9
0,เมื่อก่อน เหนื่อยกับอะไรมากสุด? การเรียนละมั้ง ตอนนี้ เหนื่อยกับอะไรมากสุด? เหนื่อยกับการที่ฝืนยิ้มในแต่ละวันเหนื่อยกีบการที่คอยสร้างความสุขให้ทุกคนแต่ตัวเองกลับไม่มีความสุขเหนื่อยกับชีวิตมันเหนื่อยมากจริงๆ,0,1,0,0,0,0,2,45
0,ตื่นมา ออกจากห้องนอนเดินไปที่ครัว ไม่มีอะไรให้กินเลย มีแค่จานที่ยังไม่ได้ล้างวางอยู่ในอ่างล้งจานและบนโต๊ะกินข้าว ไม่มีอะไรให้กิน พ่อแม่ทิ้งไว้ให้ล้าง พอเราทำแบบนั้น เค้าด่าเรา บ่นเรา ทำไมละ แม่ยังทำได้เลยทำไมเราทำไม่ได้,0,1,1,0,1,0,2,62
0,ฉันเศร้าเพราะตัวฉันเคยมีความสุขมากกว่านี้.,0,1,0,0,0,0,2,10
1,อยากหายตัวไป,0,1,0,0,0,0,2,3
0,มาพบจิตแพทย์ อุตส่าห์รวบรวมสาเหตุทำเป็นListให้หมอก็ไม่มีแม้แต่จะอ่าน ต้องมีสติปัญญา ต้องช่วยเหลือตัวเอง ต้องคิดใหม่ หมอคะ ถ้าไม่มีสติปัญญาจะเอาชีวิตรอดมาด้วยตัวเองจนบัดนี้ได้ยังไง ครั้งเดียวพอเลยที่นี่,0,0,1,0,0,0,2,42
0,มองฟ้ามองเขา มองเราบ้างก็ได้นะ ??,0,1,0,0,0,0,0,10
1,ถ้าเลือกเกิดได้ก็ไม่อยากเกิดมาเหมือนกันหรอก..,0,1,1,1,0,0,2,13
0,เราอยากมีเพื่อนคุยจังค่ะ อยากมีคนเข้าใจเราบ้าง 😭,0,1,0,0,0,0,2,14
1,ขอวิธีตายแบบรวดเร็วไร้ความเจ็บปวดด้วย เราทนไม่ไหวแล้ว ขอร้อง,0,1,0,0,0,1,2,12
0,ขอให้มีชีวิตอยู่หรอ แกกำลังขอให้เราอยู่ทรมาณกับชีวิตต่อนะ,0,1,0,1,0,0,2,14
0,ก็อย่าเศร้าดิ ไม่ได้อยากเศร้าปะวะ ก็มึงเป็นแบบนี้อะเมื่อไหร่จะหาย เพราะอะไรเพราะใครที่ทำให้กูเป็นแบบนี้ล่ะ กูไม่อยากเป็นด้วยซ้ำ,0,1,1,1,0,0,2,32
0,รอยแผลแต่ละรอยแผล มักมีความทรงจำ อยู่ในรอยแผลนั้น ยิ่งมองยิ่งรู้สึก ยิ่งสัมผัสยิ่งคิดถึงช่วงเวลานั้น รอยแผลที่เกิดมักไม่เจ็บปวด เท่ารอยแผลที่อยู่ในใจหรอก...,0,1,0,0,0,0,2,33
0,นางพูดได้เต็มปากมากเลยเนอะ สัญญาเก่าอะไรอะ,0,0,1,0,0,0,2,11
0,ทุกคนคะ เราอยากเป็นกำลังใจให้ทุกคนที่กำลังรักษา อยู่ตอนนี้ เข้มแข็งและสู้กับมันให้ชนะนะคะ เราก็สู้มาสุดมากกว่าจะดีขึ้น ทุกอย่างมันจะผ่านไป ถ้าไม่มีใครรับฟังเดมมาเราได้เลยนะ พรุ่งนี้เราจะเริ่มต้นชีวิตใหม่อีกครั้ง หวังว่าจะเริ่มต้นด้วยดี ปล.เรายังออนยาอยู่นะ,1,0,0,0,0,0,1,65
0,ก็เหงาหละครับดูออก😭 😖😖😖😖😖😖😖 💕,0,1,0,0,0,0,0,8
0,ร้องไห้จนน้ำตาไม่ไหลออกมาแล้ว,0,1,0,0,0,0,2,7
0,ไม่มีใครเข้าใจถ้าไม่เจอกับตัวหรอกว่าการอยู่โดยไม่มีความฝันมันเเย่เเค่ไหน,0,1,0,0,0,0,2,19
0,ถ้าใจมึงเก่งเหมือนปากได้ก็คงจะดี:),0,0,1,0,0,0,2,11
1,จน2020แล้ว ก็ยังอยากหลับแล้วไม่ตื่น อยู่เลยนะ,0,1,0,0,0,0,2,12
0,สนิทกับเพดานห้องที่สุดแล้วตอนนี้ นอนไม่หลับมากี่คืนแล้ว🍃,0,1,0,0,0,0,0,13
1,ตอนนี้เข้าใจแล้ว คนที่เป็นและฆ่าตัวตายไปรู้สึกยังไง,0,1,0,0,0,0,2,11
0,คำว่า ‘รัก มันตัดขาดกันง่ายๆเลยหรือ? คนบางคนในแต่ละวินาทีมีคุณค่า จดจำกลัวจะเสียค่าไป แต่กับบางคน เย็นชา แล้วเมินค่านั้นไป คือผม ที่ ไว้ไม่ได้,0,1,0,0,0,0,2,38
0,แม่ชอบจับผิดทุกอย่าง เมื่อวานเราสั่งgrabมากินที่บ้าน ละคือแม่ก็ถามว่าละไหนขยะอะ ไม่เห็นมี เราบอกว่าเราทิ้งแล้ว แม่ตามไปค้นที่ถังขยะ ไม่มี คือเราเอาไปทิ้งเองหน้าปากซอย //แม่หาว่าเราหนีเที่ยว เดี๋ยวคือไร เบื่อกับการโดนจับผิดทุกอย่าง,0,0,1,1,0,0,2,61
0,หายแล้วไม่หา นั่นล่ะหมามึงจำไว้,0,0,1,0,0,0,0,9
0,ขอบคุณที่เข้ามาซับพอร์ตนะ ขอบคุณจริงๆ แต่ก็ขอโทษเหมือนกันถ้าวันนึงเรากล้าพอและทำอะไรโดยไม่คิด เราอาจจะต้องทำให้เธอเสียใจ เราขอโทษจริงๆ,0,1,0,0,0,0,2,33
0,"เราแค่อยากจะบอกว่า... ""ถ้าคุณเป็นหมอรักษาเขาไม่ได้ ก็อย่าเป็นมีดที่พุ่งแทงเขาซ้ำ""",0,1,0,0,0,0,2,26
0,ดิ่งจนได้,0,1,0,0,0,0,2,2
0,รู้แล้วว่าที่เป็นอยู่ตอนนี้คืออะไร,0,1,0,0,0,0,2,7
0,ใครเคยรู้สึกผิดอะไรมากๆไหมครับ ละมีทางไหนที่จะช่วยได้บ้าง คือความผิดที่ผมว่าร้ายแรงมาก คือการปล่อยให้ใครคนนั้นรอ แต่เราดันไม่สามารถไปตามนัดได้ ถึงจะขอโทษไปแล้วก็แต่ แต่เรายังคงรู้สึกผิดมากๆ มากจนไม่กล้าสู้หน้าอีกเลย ใครพอรู้ว่าควรทำอย่างไงบอกทีครับ,0,1,0,0,0,0,2,71
0,ที่เธอเอาไว้เสียบ คือปลั๊ก... แต่ที่เธอต้องเอาไว้รัก คือเรา 😆😁😝,1,0,0,0,0,0,1,16
0,แค่อยู่ ม.6 ตอนนี้ก็เครียดมากอยู่แล้ว ทำไมต้องเป็นอะไรแบบนี้ด้วย,0,1,0,0,0,0,2,15
0,เหนื่อย,0,1,0,0,0,0,2,1
0,พอกินยา ไปเรื่อยๆ เราจะเริ่มเบื่อ แล้วขี้เกียจกิน แล้วก็จะแบบ อยากเอาตังค์ค่ายา ไปซื้อของจำเป็นอย่างอื่น เช่น สกินแคร์ คสอ //สำหรับเรานะ แต่แบบแก มันก็คล้ายๆ แหละ พอเป็นบ่อยๆเข้า เราจะพอจับจุดได้ ว่าตอนไหนเราจะเศร้า,0,0,0,0,0,0,2,56
1,ไม่น่าเกิดมาเลย ไม่น่ามีชีวิตอยู่เลย,0,1,0,1,0,0,2,9
0,ไอ้เวรน่านำคาญจังวะ อยู่บ้านแดกอะไรที่มันปกติให้มันเสร็จๆไปก็จบละ จะต้องออกไปแดกนอกบ้านเพื่อ...,0,0,1,0,0,0,2,30
0,เขาถามว่ายังกินยา อยู่ไหม เราบอกว่าไม่แล้ว เขาบอกว่า เราไม่ได้เป็นหรอก แต่เราเป็นบ้า แล้วก็ขำ ถ้ามองตามเจตนาคือเขาคงอยากพูดอะไรให้เราสบายใจ ติดตลก แต่วิธีการแสดงความหวังดีของเขา มันก็ทำร้ายเราอยู่นะ ทำไมเราต้องเจ็บปวดเพราะต้องทนกับความหวังดีที่ไม่เข้าใจด้วยนะ,0,1,1,0,0,0,2,65
0,คุณชอบคนที่หน้าตาอะ ผมก็แพ้สิค้าบบ,0,0,0,0,0,0,0,12
0,รปภ.หนี้ท่วมสู้ไม่ไหวฆ่าลูกเมียยกครัว4ศพ ก่อนผูกคอตายหน้าบ้าน ทิ้ง จม.ขอโทษญาติ,0,1,0,0,0,0,2,20
1,ทุกคนค่ะ เราจะผ่านมันได้ไหม อยาตายตลอดเวลา เราเกิดมาไม่เคยมีเพื่อนสักคนเลย ครอบครัวก็มีปัญหา ไม่มีใครต้องการเรา เราก็ไม่ต้องการตัวเองเหมือนกัน เราอยากตายยย.,0,1,0,1,0,1,2,40
0,สิ่งที่อยู่ในหัวตลอดเวลา,0,1,0,0,0,0,2,5
1,ถ้ากินยาเกินขนาดจะตายไหมนะ เบื่อโรคนี้ ที่ทำให้โลกของฉันหม่นหมอง,0,1,0,0,0,0,2,17
0,ฉันไม่สามารถจัดการกับอารมณ์ในตอนนี้ได้เลย,0,1,0,0,0,0,2,10
0,ช่วยเราหน่อยนะ แผงสุดท้ายแล้วว,0,1,0,0,0,1,2,8
0,เหนื่อย นอนทั้งวัน รู้สึกไร้ค่าจัง กินยาเร็วก็ตื่นเร็ว ตื่นตี4ทุกวัน แล้วนอนต่อเแบบหลับๆตื่นๆ,0,1,0,0,0,0,2,25
0,ก็อยากบอกความรู้สึกนะ กลัวว่ามันจะดูเหมือนเราเรียกร้องความสนใจ,0,1,0,0,0,1,2,13
0,เหนื่อยยจังงง,0,1,0,0,0,0,2,4
0,เริ่มเรื่องราวคุณกะผมขึ้นมาใหม่ไหม😚,1,0,0,0,0,0,0,10
0,ผมต้องฝืนยิ้มอีกนานแค่ไหน🙂,0,1,0,0,0,0,2,8
0,อยู่ไปทำไมว่ะอยู่ไปเพื่ออะไรว่ะ,0,0,0,1,0,0,2,9
0,ยังคงคิดถึงเสมอ ยังคงรักเธอไม่เคยเปลี่ยนแปลง.,0,1,0,0,0,0,0,10
0,เสียดายที่วัยเด็กของเรามันไม่น่าจดจำเหมือนคนอื่นๆ มันกลายเป็นวัยที่เราต้องทนทุกข์ทรมาน และอยากจะลืมที่สุด,0,1,0,1,0,0,2,23
0,ถ้ามีคนถามว่าเหนื่อยมากมั้ย ทรมานมากมั้ย เจ็บมากรึป่าว แบบนี้คงดีมากๆเลย,0,1,0,0,0,0,2,20
1,ทำไมเราถึงไม่ตายสักที,0,1,0,0,1,0,2,6
1,ฉันก็รักคุณนะเเต่บางครั้งฉันก็อยากตายไปมากกว่า,0,1,0,0,0,0,2,13
0,จากตอนแรกที่เราจมอยู่แล้ว พวกคุณก็ยิ่งเหยียบเราให้จมลึกเข้าไปอีก พวกคุณไม่ได้ยื่นมือมาช่วยเราเลยย,0,1,0,0,0,0,2,25
0,เรื่องเล่าจากยอดภูเขาน้ำแข็ง,0,1,0,0,0,0,0,4
0,พยายามไม่พาตัวเองไปอยู่ในที่ที่รู้สึกแย่..แต่คนอื่นก็พาไปอยู่ดี,0,1,0,0,0,0,2,18
0,ขอความคิดเห็นนหน่อยจิ คือเราอะมีเพื่อนกลุ่มหนึ่ง สนิทกันตั้งแต่ม.- ยันม.- แต่พักหลังมา ตั้งแต่เปิดเทรอม2อะ เพื่อนๆเราเมินเราเก่งมากไม่สนใจเรา มีไรก็ไม่ค่อยบอกแต่ก็มักเป็นคนรู้คนสุดท้ายตลอดอะ เราทนมาหลายเดือน เราเกือบเศร้าอ่ะ,0,1,0,1,0,1,2,64
0,เมื่อความง่วงมา พยายามจะนอนตั้งแต่2-3ทุ่ม ตอนนี้ยังนอนไม่หลับเลย,0,0,0,0,1,1,2,15
0,ปฏิเสธไม่ได้เลยว่าคนรอบข้างมีผลกับการรักษา จริงๆไม่มีใครมาปลอบหรือฟังเราเป็นพิเศษ แต่ทุกคนไม่ได้ปฏิบัติตัวกับเราเป็นพิเศษ คิดว่านี่เป็นส่วนหนึ่งที่ทำให้เรากล้าออกมาเผชิญโลกภายนอกมั้ง,1,0,0,0,0,0,1,42
0,ตอนไม่เหลือใครจริงๆก็ไม่เหลือแม้แต่คนเดียวเลยว่ะ,0,1,0,0,0,0,2,12
0,บางช่วงชีวิต เราแค่ต้องการกำลังใจ เหนื่อยไหม เป็นยังไงบ้าง กินข้าวหรือยัง หนาวก็ห่มผ้าด้วยนะ สู้ๆนะ เป็นกำลังใจให้ อย่ายอมแพ้ เราแค่ต้องการเท่านี้จริงๆ มันเหมือนเป็นแรงขับเคลื่อนให้เดินต่อไปได้ 🖤,1,1,0,0,0,0,1,42
0,คนพูดไม่คิดหรอก แต่คนฟังคิดนะ,0,1,0,0,0,0,2,8
1,ทำไมชีวิตกูถึงบัดซบแบบนี้ว่ะ อยู่ไปก็เป็นภาระคนอื่น เมื่อไรจะตายสักที,0,1,0,1,0,0,2,17
0,"ไม่เสแสร้ง... ไม่แกล้งโง่ สิ่งที่เลือกทำเพื่อถนอมใจ ณ ตอนนี้ คือ เงียบ นิ่งเฉย เว้นระยะห่าง ไม่มีบทสนทนาใดๆ ในเรื่องที่ถูกกล่าวหาว่า ""ไปก้าวก่าย"" ไม่อยากได้ยิน คำพูดใดๆ",0,1,0,0,0,0,2,39
0,หวังแล้วไม่ได้อย่างหวัง มันเจ็บปวดแบบนี้สินะ,0,1,0,0,0,0,2,11
0,อยากกอดใครสักคน เเล้วดึงเราออกมาจากหลุมดำสักที,0,1,0,0,0,0,0,12
0,คนที่เข้าใจ ไม่ได้แปลว่า เขาจะเข้าใจเรา ทุ ก ค รั้ ง ! ! ! มันเหนื่อยนะเวลาที่ตัวเองดิ่ง และมันก็รูู้สึกแย่มากเวลาที่ทำให้ คนอื่นมาเหนื่อยมารู้สึกแย่ไปกับเรา,0,1,0,1,0,0,2,45
0,คนบางคนก็ทำร้ายเราได้มากกว่าที่เราคิด ทำร้ายจนเคยสงสัยว่านี่เราเคยรู้สึกต่อกันดีๆขนาดนั้นได้ยังไง,0,1,0,0,0,0,2,26
0,ความเจ็บปวดนี้มันไม่เคยจางหาย,0,1,0,0,0,0,2,6
0,กูทำไรผิด. กูทำไรผิด. กูทำไรผิด ทำไมทุกคนต้องรังเกียจเรา,0,1,0,1,0,0,2,19
0,เบื่อตัวเอง เบื่อคนรอบข้าง เบื่อทุกอย่าง . .,0,1,0,1,0,0,2,9
0,เรายอมอยู่ในห้องสี่เหลี่ยมแคบๆของเราคนเดียวดีกว่า เราไม่อยากออกไปให้ใครเค้ามาพูดให้เราเสียความรู้สึก ที่เรายิ้มที่เราหัวเราะตอนเค้าว่าเราอ่ะ เค้าจะรู้มั้ยว่าเราอยากหายตัวไปจากตรงนั้น บางทีเราก็ไม่อยากรับรู้อะไรเลย,0,1,0,0,0,0,2,55
1,แม่แท้ๆของเรา ไล่เราไปผูกคอตายทั้งๆที่ตอนแรกตีเราเราก็ยืนมีดให้ฆ่าเราเลย เพราะไม่อยากให้เราเกิดมาอยู่แล้ว ทำไมไม่ฆ่าเราเลย ไม่อยากทนกับความทรมานนี้แล้ว อยากตายอยากตายอยากตายอยากตายอยากตาย ฆ่าฉันสิฆ่าฉันสิฆ่าฉันสิ55555555 จากฟางปรางทิพย์ :),0,1,0,1,0,0,2,67
1,มีทางออกไหนไห้กับเราอีกบ้าง ? นอกจากความคิดที่จะฆ่าตัวตายหรืออยากหายใป...,0,1,0,0,0,1,2,18
0,ขาดยาบ่อยๆ จะเป็นอะไรไหมคะ,0,0,0,0,0,1,2,8
1,คุณไม่มีทางรู้หรอกว่าคนๆหนึ่งต้องเหนื่อยเเละพยายามเเค่ไหนที่จะมีชีวิตต่อไปเพราะต้องให้วันนั้นข้างในเขาทรมานปางตายเเต่คุณก็จะเห็นรอยยิ้มบนหน้าของเขาเสมอ :),0,1,0,0,1,0,2,39
0,คิดถึงเธอ คนที่ที่เคยเฝ้าตอนทำการบ้าน💫😔,0,1,0,0,0,0,2,10
0,ทำไมแค่อ่านแค่นี้ก้ร้องไห้หนักกว่าเดิมแล้วล่ะ:),0,1,0,0,0,0,2,12
0,หมอนัดเดือนกุมภาพันธ์ แต่อยากไปพบหมอแล้ว อยากปรับยาใหม่ ยาตอนนี้มันแรงมาก,0,0,0,0,0,1,2,19
0,คุณเชื่อไหม ? ตั้งแต่ที่บ้านรับรู้ว่าเราเปนโรคซึมเศร้า.. ทุกอย่างก้อเริ่มเปลี่ยน เราเองก้อเปลี่ยนจากที่เคยซ่อนตัวเองในความเจ็บปวด ให้เปนคนที่ร่าเริง และทำเมิ่ลใม่สนใจใคร หรือที่เรียกว่าใส่หน้ากาก ปกปิดความเศร้ามาตลอด ทุกอย่างกลับทำใม่ได้,0,1,0,0,0,0,2,52
0,ฮ่ะโหลลล คนเก่งวันนี้เป็นยังไงกันบ้างเหน่ยมั้ย ทานข้าวกันหรือยังคะ เเล้วลุกจากเตียงกันยังคะเนี่ย ถ้ายังลุกหน่อยนะฮึบๆๆๆ มากอดหน่อยมั้ยเติมพลังกันน//กอดด,1,0,0,0,0,0,1,42
0,ส่งนางฟ้าของ กลับสวรรค์ 🖤😔,0,1,0,0,0,0,2,6
0,เกลียดสถานการณ์แบบนี้ อยากออกไปอยู่คนเดียว ไม่อยากเจอคนที่ทำให้เรารู้สึกเป็นส่วนเกินในบ้านตัวเอง,0,1,1,1,0,0,2,21
0,คนที่แม่งโพสเฟสแชร์นู้นนี้ บอกคนอื่นว่าเป็นซึมเศร้า. มึงเป็นได้ครึ่งนึงของกูไหม มึงเคยดาวได้แบบกูไหม แต่แปลกเนอะ ทุกคนกลับถนอมน้ำใจคนนั้น แต่กับกูไม่เคยมีใครสนใจเลยว่าจะรู้สึกยังไง,0,1,1,1,0,0,2,50
0,"เราสู้จนเหนื่อยแล้วนะ ทำไมยังต้องเจอ "" สู้ดิ คนลำบากกว่าแกยังมีอีกเยอะ "" 🙂",0,1,0,1,0,0,2,22
0,ความจริงมันใกล้เข้ามาแล้วเราไม่อยากตายแต่ให้ทำยังไงไม่มีใครช่วยเรา ทุกคนจับมือเราดึงให้เราลุกขึ้นแต่ไม่พาเราเดินสุดท้ายเราก็ต้องทรุดลงเหมือน เดิมนั้นแหละ เราเดินเองไม่ไหว พอทีเถอะต้องรอวันตายไปวันๆ,0,1,0,0,0,0,2,53
0,คุณกำลังรู้สึกโดดเดี่ยวรู้สึกเหมือนไม่มีใครเข้าใจ อยากระบายหรือแสดงความรู้สึก ก็โดนหาว่าคิดไปเองทั้งที่คุณกำลังเจ็บปวดใช่มั้ย พูดคุยกับใครบางคนที่เค้าอาสาเข้ามารับฟังคุณเพื่อนที่คุณไม่รู้จักแต่พร้อมที่จะรับฟังและช่วยเหลือผ่านแอปพลิเคชั่น MEET AND CHILL,1,0,0,0,0,0,1,53
0,กรูเกลียดโรคซึมเศร้าทำลายชีวิตกรูพังทุกอย่าง7ปีละนะ,0,0,1,0,0,0,2,13
0,เริ่มง่วงตลอดเวลา ใจสั่น มือสั่น หน้ามืด นี่เราเป็นอะไร,0,0,0,0,0,1,0,11
0,คนอื่นมูฟออนเป็นวงกลม กูมูฟออนเป็นเขาวงกต😂,0,1,0,0,0,0,0,11
0,เคราะห์หมดจากบ้านแน่ ๆ,0,0,0,0,0,0,0,6
0,แพทย์ชาวจีนที่ชื่อ Liang Wudong วัย 62 ปี เสียชีวิตจากการปฏิบัติหน้าที่รักษาผู้ติดเชื้อไวรัสโคโรนาสายพันธุ์ใหม่ที่รพ. Hubei Xinhua Hospital ถือเป็นด่านหน้าที่ต่อสู้กับการระบาด,0,1,0,0,0,0,2,35
0,เหนื่อยหรอ อย่าร้องไห้นะ,0,1,0,0,0,0,2,5
0,สุดท้ายแล้ว ตัวเราเองเท่านั้น ที่ต้องการเรามากที่สุด คนที่เขามาก็เพื่อหวังผลกันทั้งนั้น มันไม่มีหลอกความรัก ที่มาจากความรู้สึกจริงๆ อยู่กันตัวเราเองล่ะ ดีแล้วจำไว้ซ่ะ,0,1,0,0,0,0,2,36
0,เขาเหนื่อยกับเรื่องของเขามากพอแล้วอย่าให้เขามาเหนื่อยกับเรื่องของเราเพิ่มเลย🙂🙂,0,1,0,1,0,0,2,20
0,ไปหาหมอมา หมอ: เป็นอย่างไงบ้าง? กู: **น้ำตาไหลพราก** บางทีเราแค่ต้องการคนถามแหละว่าเป็นยังไงสบายดีไหม แล้วรับฟังเราเหมือนที่หมอทำ ไม่ใช่ซ้ำเติมเรา,0,1,0,0,0,0,0,39
0,22:33 อยู่ๆ ก็อยากเศร้า อยากร้องไห้ เหนื่อยในสิ่งที่ทำ ถ้าบอกใคร เขาคงบอกว่าแค่นี้นะหรอ คนอื่นเหนื่อยกว่าเราตัเงเยอะ...,0,1,0,0,0,0,2,30
0,ฉันไม่จำเป็นต้องอธิบายกับคนที่ไม่มีวันเข้าใจในตัวฉัน อย่าทำให้ฉันรู้สึกแย่ไปกว่านี้เลย ฉันไม่อยากทำนิสัยแย่ๆใส่คุณ 🥀,0,1,0,0,0,0,2,33
0,เราสามารถปรึกษาใครเรื่อง ได้บ้างคะ,0,0,0,0,0,1,0,8
0,เขา ~รัก เรา ... ~(นิเสธ)เครื่องหมายในคณิตศาสตร์แปลว่าไม่,0,1,0,0,0,0,0,14
0,ที่เห็นยิ้มก็แค่ฝืน โดนใครว่าอะไรหน่อยมันก็เจ็บไปหมด ร้องไห้ทุกวันไม่สนุกเลย,0,1,0,0,0,0,2,21
0,นานมีบุ๊คส์ขอเรียนเชิญร่วมกิจกรรม Book Talk หนังสือที่จะพาคุณไปรู้จักและเข้าใจ พบกับ คุณแวร์ โซว นักแสดงชื่อดังที่เคยถูกโรคนี้เข้าโจมตี 💥 เข้าร่วมงานฟรี 📆 วันศุกร์ที่ 21 ก.พ. 63 ⏰ เวลา 16.00 - 18.00 น. 📌 ณ ชั้น G B2S เซ็นทรัล ลาดพร้าว,0,0,0,0,0,0,0,55
0,อิจฉาคนที่ทุกข์แบบเปิดเผยจัง,0,1,1,0,0,0,2,7
0,ลาก่อน,0,1,0,0,0,0,2,1
0,เมื่อไหร่จะเข้าใจที่เราเงียบเราไม่พูดอ่ะ เราควบคุมตัวเองอยู่ เข้าใจบ้างได้ไหม ทำไมต้องว่าเราประชดอ่ะ บอกให้เราเข้าใจคนอื่นอยู่ได้ ทั้งที่ไม่เคยมีใครเข้าใจเราเลยอ่ะ ท้ออ่ะ จะให้เราเกิดมาทำไมอ่ะ ทำไมพี่ต้องไปแล้วให้เราแฝเกิดมาอ่เ ะ้าพี่เกิดมาแต่แรกคงไม่มีเราแล้ว,0,1,0,1,0,0,2,70
0,เรากินแอลไป แล้วก็กินยาอันนี้ตามไปจะเป็นไรมั้ยย,0,0,0,0,0,1,2,14
1,ขอโทษที่วันนี้ยังทำไม่ได้ ขอโทษแต่เรื่องทุกอย่างจะจบถ้าฉันตายยยโอ้ววววววจีเนียส,0,1,0,0,0,0,2,21
0,เจอแต่เรื่องราวร้ายๆจะให้อยากมีชีวิตอยู่ได้ยังไง,0,1,0,0,0,0,2,12
1,ทำร้ายตัวเองก็ไม่เห็นตายนิ รู้สึกดีด้วย ทำไมถึงจะไม่ทำละ ในเมื่อสิ่งที่เราทำได้มันมีแค่นี้,0,1,0,0,0,1,2,25
0,ทุกคนรักฉัน... แต่สิ่งที่ทุกคนไม่รู้คือ ความรักของเขากำลังฆ่าฉัน,0,1,0,0,0,0,2,17
0,อยากจะตบปากคนที่แนะนำคนป่วยโรคซึมเศร้าให้รีบปิดไฟหลับตาแล้วนอนไวๆอะไรงี้ คือแบบ... ถ้ากรูทำได้แบบนั้นกรูไม่ต้องไปหาหมอจิตเวช4 ปีหรอกว่ะ,0,0,1,0,0,0,2,38
0,จนวันนี้ได้รู้ว่าความรักเป็นสิ่งที่ไม่แน่นนอนวันหนึ่งมีความรักเข้ามา แล้ววันหนึ่งความรักนั้นก็หายจากเราไป ไม่มีอะไรแน่นอนในชีวิต,0,1,0,0,0,0,2,31
0,เอาจริงๆนะจากใจเลย คนที่เป็น ถึงเค้าจะได้รับกำลังใจขนาดไหนมันก็มีส่วนที่ช่วยในส่วนหนึ่ง แต่สิ่งที่สำคัญเลยเราควรไปหาหมอเพราะมันเป็นที่สารในสมองของเราผิดปกติ ก่อนหน้านี้เรารู้สึกดีขึ้นมากแต่เหมือนอยู่ๆมันก็กลับมาเป็นอีกมันควรได้รับยาพร้อมไปกับกำลังใจ,0,0,0,0,0,0,1,63
0,การโดนทำร้ายจิตใจซ้ำไปซ้ำมานี่ก็เหนื่อยเหมือนกันนะ..,0,1,0,0,0,0,2,11
0,พลาดอีกครั้ง...,0,1,0,0,0,0,2,3
0,ปัจจุบันนี้ก็ยังหยุดร้องไห้ไม่ได้เลย ทุกคืนต้องแอบมานอนน้ำตาไหลไร้เสียง ด้วยสาเหตุอะไรไม่รู้ รู้แต่ว่ามันรู้สึกเจ็บใจ เสียใจ น้อยใจ ทรมาน เหนื่อย ท้อ รู้สึกหมดหวัง กับอะไรสักอย่างที่เราไม่รู้ ถึงกับร้องไห้ข้ามปีเลยนะ : ยังไม่หายดีก็จะต้องเจอน้ำตาทุกวันต่อไป,0,1,0,0,0,1,2,59
0,เราทำอะไรไม่ได้นอกจากกินยาแล้วหลับไป,0,1,0,0,0,0,2,11
0,โลกที่เห็นเป็นเพียงสีเทา ไม่มีแม้แต่แสงสว่าง เป็นเพียงโลกที่มีขาวกับดำ,0,1,0,0,0,0,2,18
1,100วว่าเม็ด ทำไีรกูได้เลย เห้อ,0,0,0,0,1,0,2,10
0,แกเราพัง ทำไมอยู่ๆเรารู้สึกว่าหมอไม่เข้าใจเราวันนี้ เราสติหลุดอะตอนนี้,0,1,0,0,0,1,2,19
0,เลิกหวงแกไม่ได้ซักที:(,0,1,0,0,0,0,2,8
0,ฟังเพลง ที่หลับไปพร้อมกับ คลื่นเดลต้า คลื่นอัลฟ่า ของสมอง เพลงส่งคลื่นความถี่ได้ ไปมีผลต่อการทำงานของสมองให้ผ่อนคลาย วันนี้ลองไป2รอบ มันทำให้เรา มีคุณภาพการนอนที่ดีขึ้น,1,0,0,0,0,0,0,36
0,อยากได้ใครสักคนที่ฟังเราระบายได้ คนที่เข้าใจเเละรู้ถึงความรู้สึกเราคนที่จะอยู่เราตอนที่รู้สึกเเย่เเละผมก็เจอเขาเเล้วเเต่น่าเสียดาย ที่ผมตื่นขึ้นมาซะก่อน..,0,1,0,0,0,0,2,40
0,เราเป็นให้คุณได้ทุกอย่างเลยนะ รวมถึงเป็นหมา,0,1,0,0,0,0,2,11
0,งื่อออ มือใหม่หัดขับ 555 ไม่มีเงินกินข้าวแล้ว ทำงานกับคนหมู่มากก็ลำบาก,0,1,0,1,0,0,2,16
0,อยากจบจะแย่อยากแยกกันเต็มที,0,1,0,0,0,0,2,7
0,ขอบคุณนะคะที่เสียสละครั้งนี้,0,1,0,0,0,0,0,5
0,ฉันต้องการกำลังใจ ไม่ใชการซ้ำเติม,0,1,0,0,0,0,2,7
0,ขอสดุดีวีรชนผู้กล้า ตลอดจนดวงวิญาณทุกดวงขอให้ไปสู่ภพภูมิที่ดี ผู้กอง ปุ๊ 26,0,1,0,0,0,0,0,21
0,พูดตรง ๆ นะ จากหลายๆเหตุการณ์ที่ทำให้เจ้าหน้าที่ทำงานได้ยากลำบาก ก็คือ สื่อที่ไม่มีจรรยาบรรณนี่แหละ สักแต่จะขายข่าว แต่ไม่คิดถึงความปลอดภัยของผู้อื่น !,0,0,1,0,0,0,2,33
1,นอนไม่หลับ อยากตายว่ะ,0,1,0,0,0,0,2,4
0,เราไม่ได้อยากเห็นแก่ตัว แต่เราไม่อยากแคร์ใครแล้ว เราเหนื่อย,0,1,0,0,0,0,2,14
0,เรารู้แหละว่าคงเป็นไปไม่ได้หรอก ต่อให้อธิษฐานบนบานสิ่งศักดิ์สิทธิ์ ก็คงช่วยอะไรไม่ได้ เพราะมันไม่มีทางเป็นจริงได้,0,1,0,0,0,0,2,23
0,อำนาจทำให้คนกลายเป็นบ้า สุดท้ายบีบคนให้กลายเป็นหมาบ้า แต่หมาบ้านั่นดันเป็น หมา K9,0,0,1,0,0,0,2,21
0,ก็ไม่รู้ต้องดีขนาดไหน ถึงเป็นคนที่ถูกใจได้,0,1,1,0,0,0,2,13
0,สำหรับใครที่คิดจะซื้อยาต้านเศร้าหรือยาต่างๆนะคะ เราอยากจะแนะนำว่าให้ไปหาหมอดีกว่านะคะ ยาทางจิตเวชมีผลต่อประสาทนะ มีผลข้างเคียงเยอะมาก และอันตรายมากเช่นกัน เปิดใจไปหาหมอกับเสี่ยงอันตราย คุณจะเลือกอันไหน? ทุกคนย่อมพบจิตแพทย์เป็นปติในปัจจุบัน,0,0,0,0,0,0,1,56
0,เคยดูข่าวกราดยิงที่ต่างประเทศ ไม่คิดเลยว่า วันนี้จะเกิดขึ้นกับประเทศตัวเอง,0,1,0,0,1,0,2,17
1,ถ้าต้องตื่นมารู้สึกแย่แบบนี้ ขอหลับไม่ตื่นได้มั้ย,0,1,0,0,0,0,2,13
0,เรามันไม่มีค่าอะไรเลยใช่ไหม,0,1,0,1,0,0,2,7
0,ขอแสดงความเสียใจกับครอบครัวผู้สูญเสีย ขอขอบคุณเจ้าหน้าที่ทุกท่านที่ทำงานอย่างหนัก ขอปลอบขวัญผู้บาดเจ็บและคนในเหตุการณ์ทุกท่าน ขอขอบคุณทุกคนที่คอยช่วยเหลือซึ่งกันและกัน ขอชื่นชมสื่อที่มีจรรยาบรรณที่ดี,0,1,0,0,0,0,2,36
0,"In the end, we learn how to be Strong alone. 🙂🌻 วันนึงโลกจะสอนให้เราอยู่คนเดียวได้เองโดยที่ไม่ต้องไปยึดติดกับใคร.🙂 ——————🌻————",0,1,0,0,0,0,1,32
1,อยากตาย,0,1,0,0,0,0,2,2
0,เหนื่อยเหมือนกันเนาะ โดนกดดันบ่อยๆแบบนี้,0,1,0,0,0,0,2,7
0,เพราะ เซ็นจอร์จ มันยอดมาก *ดีต่อใจ ก็ให้เด็กม.ปลาย เรียน2-3คาบก็กลับบ้านได้ก็ดี เขาไม่กลับบ้าน,1,0,0,0,0,0,0,27
0,"คำถามเกี่ยวกับชีวิตกูตอนนี้เลยนะ คือแบบ ""อีหยังวะ"" เจอแต่อะไรไม่รู้แม่งเหนื่อย",0,1,0,0,0,0,2,21
1,ไม่อยากตื่น ไม่อยากรู้ว่าพรุ่งนี้ต้องเจออะไรบ้าง ไม่อยากรับรู้ ไม่อยากเครียดแล้ว,0,1,0,0,0,1,2,18
0,ทุกความสดใสที่เราวาดไว้ถูกทำลายเพราะปีศาจในตัวเราเช่นกัน 🥀,0,1,0,0,0,0,2,15
0,เหนื่อยที่แปลว่าไม่อยากทนไม่อยากอยู่ต่อแล้ว มันเหนื่อย เหนื่อยเกือนกว่าที่เราจะรับไหว เจอแต่ปัญหาในชีวิต อยากหายไปจากโลกนี้แล้ว,0,1,0,0,0,1,2,34
0,อาการไม่อยากอ่านหนังสือทั้งที่เคยชอบมาก และอาการอ่านจับใจความไม่ได้ยังคงอยู่ คงต้องรักษากันอีกยาว,0,1,0,0,0,0,2,23
0,ลือแม่จ่าคลั่งสุดช้ำใจหนัก ยังทำใจไม่ได้พาตัวคุมเข้มในค่ายทหาร หวั่นคิดสั้น,0,0,0,0,0,1,2,17
0,ความคิดวนเวียนอยู่กับความตาย,0,1,0,0,0,0,2,5
0,ไม่สามารถห้ามความคิดถึงได้จริง ๆ 😞,0,1,0,0,0,0,2,7
0,"ทุกครั้งที่สะดุ้งตื่นขึ้นมานั้น ฉันก็ไม่สามารถหลับตาได้อีกเลย -ใจสั่น -มือเท้าเย็น -หายใจไม่ทั่วท้อง -สุดท้ายคือ ""ร้องไห้"" ฝันร้ายยังคงตามหลอกหลอนฉันไม่ห่างหายไปไหนเลย ทิ้งฉันไปบ้างก็ได้นะ 15.02.2020 😭",0,1,0,0,0,0,2,45
0,โลก 2 ใบของเราคือ บ้านกับโรงเรียน โรงเรียน เรามักจะหัวเราะ ยิ้่ม สร้างความสุขให้เพื่อน แต่ที่บ้าน เรากลับเงียบ วางกระเป๋าแล้วอาบน้ำเขาห้องนอน อยากให้พรุ่งนี้เร็วๆ ไม่อยากจะอยู่บ้าน แต่ใช่ว่าที่โรงเรียนจะดีทุกอย่าง มีแค่เพื่อนเท่านั้นอ่ะ ที่ทำให้อยู่ต่อได้ทุกวันนี้,0,1,0,0,0,0,2,58
0,เทอเปนใครอะ ได้น้ำตาเราเยอะกว่าพ่อแม่เราอีก,0,1,0,0,0,0,2,12
0,คนแปลกหน้าที่เข้าใจกัน ระบายกับเราได้นะ เผื่อเราจะเข้าใจแก,1,0,0,0,0,0,1,14
1,คุณบอกว่าถ้าคุณไม่มีเรา คุณจะสบายกว่านี้ อือ โอเคเดี๋ยวเราจะหายหรือตายไปเอง,0,1,1,1,0,0,2,23
0,ทำไมถึงได้เหนื่อยขนาดนี้กันนะ,0,1,0,0,0,0,2,8
0,กูเกลียดมึง มึงจะไปอยู่ไหนก็ไป ี้คือคำพูดที่ออกจากปากคนเป็นยาย -ยายทำให้เราเป็นเด็กเงียบ -ยายชอบเอาไปเทียบกับหลานคนอื่น -ยายชอบเอาเรื่องของเราไปพูดลับหลัง -ยายยุให้พี่เกลียดเรา -ยายชอบหาเรื่องด่าเรา ตั้งแต่พ่อแม่เลิกกันก็สัมผัสคำว่า ครอบครัว ไม่เจอเลย,0,1,0,0,0,0,2,67
0,ถามอยู่นั่นแหละ ไ่ม่รู่รึไงว่าเครียดเพราะเรื่องที่บ้าน ทำไมต้องมาถามด้วยน้ำเสียงแบบนั้นด้วย คนในครอบครัวที่โยนภาระแทบทุกอย่างมาให้ ชีวิตกูแม่งโคตรบัดซบ,0,1,1,0,0,0,2,37
0,ต้นเหตุที่ทำให้ทุกคนทะเลาะกันคือตัวเราเอง,0,1,0,1,0,0,2,9
0,ก็เราไม่ได้สำคัญอยู่แล้วหนิ,0,1,0,1,0,0,2,7
0,“แมท ภีรนีย์” ตอกกลับคอมเมนต์แซ่บ “เกลียดก็ไปตาย ตามส่องอยู่ได้,0,0,1,0,0,0,2,16
0,อย่าพูดว่ามึงไม่เคยทิ้งกูให้อยู่คนเดียวเพราะมันเป็นการกระทำที่กูจำฝังใจกูจำได้ว่ามึงทิ้งกูแล้วอยู่กับคนคุยมึงกูจำได้ขึ้นใจอย่าพูด!ว่าไม่เคยทำ ตอแหล จอมปลอม ดอกทอง,0,0,1,0,0,0,2,43
0,แปลกเนอะ ทุกคนที่เหมือนเข้าใจ แต่พอเอาเข้าจริงก็เหมือนเดิม,0,1,0,0,1,0,2,13
1,ถ้าตายไปทุกอย่างจะจบ สิ่งที่คุณเหนื่อยมาตลอด สิ่งที่คุณไม่ไหวกับมัน จะจบลงถ้าคุณตาย หรือไม่จริง?,0,1,0,0,0,1,2,28
0,มีเรื่องไม่สบายใจทักมาคุยกับเราได้นะ เราอาจจะไม่เข้าใจคุณทั้งหมดแต่เราจะอยู่ข้างๆคุณตรงนี้เวลาที่ไม่สบายใจคุณไม่ได้อยู่คนเดียวนะคะ💛,1,0,0,0,0,0,1,34
0,ถ้าความรู้สึกห้ามกันได้ เราคงไม่รู้สึกรัก เราคงไม่รู้สึกกับความเศร้าเลย,0,1,0,0,0,0,2,17
0,เธอเป็นคนเดียวที่สามารถทำให้ฉันมีความสุขได้ถึงแม้ว่าฉันกำลังเศร้าเรื่องของเธออยู่ 🙃,0,1,0,0,0,0,0,18
0,วงการแพทย์สูญเสียอีก Huang Wenjun แพทย์อายุ 42 ปีที่โรงพยาบาลใกล้กับอู่ฮั่นเสียชีวิตจากการติดเชื้อ COVID-19 อีกราย ถือเป็นการสูญเสียคุณหมอคนที่2 ในรอบ 24 ชั่วโมง,0,1,0,0,0,0,2,34
0,ก่อนคบ ทำทุกอย่างเพื่อให้ได้กูมา หลังคบ,0,1,0,0,0,0,2,10
0,ขอร้องเราไม่อยากรับรู้อะไรอีกแล้ว,0,1,0,1,0,0,2,7
0,"อิตาลี-เกาหลี ช็อคยอดติดเชื้อพุ่ง ทั่วโลกทะลุ 78,000 ราย",0,0,0,0,0,0,0,11
0,ก่อนจะทำคิดถึงใจฉันบ้าง,0,1,0,0,0,0,2,7
0,ที่ไหนอยู่แล้วสบายใจ เราก็อยากอยู่ ที่ไหนอยู่แล้วไม่สบายใจ เราก็ไม่อยากอยู่,0,1,0,0,0,0,2,16
0,สุดท้ายฉันก็ยังไม่ตาย,0,0,0,0,1,0,2,6
0,ถ้อยคำที่เธอบอกรักยังจดจำไว้ทุกคำ ...,0,1,0,0,0,0,0,11
0,รู้สึกแย่แค่ไหน ก็พูดก็ระบายกับใครไม่ได้ เพราะเขามองว่าเรียกร้องอ่ะ..,0,1,0,0,0,0,2,18
0,สักวัน สักวันหนึ่งฉันจะก้าวออกไปจากโลกที่โหดร้ายนี้ให้ได้,0,0,0,0,0,0,0,13
0,สภาพสภาวะจิตใจของประชาชนทุกคนคือสิ่งที่น่าเป็นห่วงที่สุด ยังจะย่ำแย่กว่าที่เป็นอยู่อีกเยอะ โอกาสและสิ่งที่จะเกิดขึ้นคือ ขั้นรุนแรงสุดคือ จะมีคนคิด อีกมากมาย...,0,1,0,0,0,0,2,36
0,แม้แต่พระเจ้าก็ไม่ฟังคำขอของฉันเลย😔,0,1,0,0,0,0,2,10
0,อย่ากลัวการจากลาเลยนะ,0,1,0,0,0,0,2,7
0,พูดว่าไม่ไหวกับใครได้บ้าง,0,1,0,0,0,0,2,7
1,อยากตายแบบ ไม่เดือดร้อนใคร ไม่มีใครรู้ ไม่มีใครตามหา ไม่มีใครสนใจ,0,1,0,1,0,0,2,18
0,พวกเรานี่ก็เก่งเนาะ🙂,1,0,0,0,0,0,1,6
0,ได้โปรดใส่ใจเราบ้างได้มั้ย? เราดูไร้ค่าจนครอบครัวไม่ใส่ใจขนาดนี้เลยหรอ รักเราสักนิดได้มั้ย เราพยายามแล้วพยามยามทำทุกอย่างให้ดีแล้วนะ ทำไมไม่รักเราสักที,0,1,0,1,0,0,2,39
0,ถ้าบอกว่าไม่เหนื่อยจะเชื่อปะ,0,1,0,0,0,0,2,8
0,รักกันมันจำกัดอายุด้วยหรอ😥,0,1,0,0,0,0,0,8
0,น้อยใจในวาสนาชีวิตของตัวเอง,0,1,0,0,0,0,2,6
0,เป็นเพราะเราทำผิด หรือผิดที่เป็นเราทำ,0,1,0,1,0,0,2,9
0,มันไม่ง่ายกับฉันหรอก😢,0,1,0,0,0,0,2,7
0,ทำไมโลกภายนอกถึงใจร้ายกับเราจัง.🌚,0,1,0,0,1,0,2,9
0,กูอยากร้องไห้ 😭😭,0,1,0,0,0,0,2,4
0,มันจะมีซักครั้งมั้ย ที่ไม่ต้องพยายามอยู่ฝ่ายเดียว.,0,1,0,0,0,0,2,13
1,คัตเตอร์ไม่คม... 😟,0,1,0,0,0,0,2,5
0,วันนั้นเป็นวันที่เราเเย่ที่สุด... ถ้าวันนั้นเเฟนไม่ขี่รถตามหาเรา!เราก็อาจไม่มีชีวิตอยู่อีกต่อไป โรคนี้มันชั่งน่ากลัว,0,1,0,0,0,0,2,28
1,หมอดูทักว่าจะตายด้วยการผูกคอตายตอนอายุ18 ทั้งๆที่เค้าไม่รู้ว่าเราเป็นซึมเศร้า,0,1,0,0,1,0,2,20
0,มีใครต้องการฉันบ้างไหม,0,1,0,0,0,0,2,6
0,ช่างแม่งเหอะความรู้สึกกูอะ,0,0,1,0,0,0,2,7
0,วันที่เหนื่อยที่ท้อมีใครไหมที่จะถามวันนี้เป็นไงบ้าง อยากเล่าไหม😭,0,1,0,0,0,0,2,16
0,"เวลา""หัวใจเพื่อนรักพัง"" เรานี่คนรับฟัง และสร้างกำลังใจให้โคตรดี ตัดภาพมาที่ตอนเราใจพัง ""ไม่มีคนฟัง ไม่มีคนสร้างกำลังใจ""",0,1,0,0,0,0,2,34
0,ในภาวะฉุกเฉินคุณโทนหาใครคนแรก?,0,0,0,0,0,1,0,9
0,คือตอนนี้สิวผด สิวอุดตันขึ้นเต็มหน้า แถมยังลามมาขึ้นตรงหน้าอกและหลัง ขึ้นเยอะแบบที่ไม่เคยมีมาก่อน จนไม่รู้ว่าตอนนี้แพ้อะไรกันแน่ ครีม? น้ำ? หรือแพ้ฝุ่นตามอากาศ จิตตกมากอ่ะบอกเลย,0,1,0,0,0,0,2,51
0,อยากไปหาคนที่ทำให้มีรอยยิ้ม จัง กลัวว่าวันนึงจะไม่มีโอกาสไปหา กลัวว่าโอกาสจะหายไปพร้อมกับความมืดที่ไม่มีวันตื่นขึ้นมาในเช้าวันต่อไป...,0,1,0,0,0,1,0,35
0,เรามักโหยหาความรักความอบอุ่นจากครอบครัวเสมอถึงครอบครัวจะไม่มีให้ก็ตาม🖤🥀 01:01,0,1,0,0,0,0,2,17
0,ทำไม??? โลกใบบนี้มันใช้ชีวิตเหนื่อยจังเลยนะ,0,1,0,0,0,0,2,12
1,-เมื่อไหร่เราจะหายไปจากโลกนี้สักที-,0,1,0,1,0,0,2,11
0,กอดนัวเองให้แน่นๆเลยนะ อย่าพึ่งปล่อยนะเรากลัวใจตัวเองจังเลยว่ะ กลัวสักวันมันจะไม่คิดถึงใครเลย,0,1,0,0,0,0,2,26
0,มีแค่ยากับบุหรี่ตัวนึงที่เยียวยาฉันได้,0,1,0,0,0,0,0,11
0,ไปไม่บอกเลยนะ ไม่เอาอันใหม่มาด้วยอะ,0,0,1,0,0,0,2,12
0,—ชีวิตตอนนี้ก็เหมือนเรือที่กำลังเผชิญกับพายุ จะจมวันไหนยังไม่รู้เลย,0,1,0,0,0,0,2,19
0,การใช้ชีวิตแบบไร้จุดหมายมันเป็นแบบนี้นี่เอง...,0,1,0,1,0,0,2,9
1,เราเป็นคนเดียวรึเปล่าที่รู้สึกว่าการฮีลจากครอบครัวมันไม่ค่อยช่วยเท่าไหร่ ยิ่งรู้สึกเป็นการบอกให้เราหายเร็วๆ เรารู้สึกผิดที่เราเป็นแบบนี้นะ แต่มันเหนื่อยอ่ะ เรารู้สึกว่าอยากจะพอแล้วทุกอย่าง บางทีก็คิดที่จะฆ่าตัวตายนะ ไม่ใช่อยากตายแต่ว่าอยากหายไปเท่านั้นเอง,0,1,0,1,0,1,2,57
1,เมื่อไรจะหมดวันสักทีฉันเบื่อแล้ว เบื่อต้องมาเป็นภาระของครอบครัว,0,1,0,1,0,0,2,15
0,แพ้ความจริง,0,1,0,0,0,0,2,2
0,เป็นกันไหมคะ มือแขนอ่อนแรง แบบจะอะไรก็หล่น ใจลอย ซุ่มซ่าม มันดูเหมือนเราไม่ระวัง แต่จริงๆคือไม่ได้อยากให้มันหก หรืออะไร แต่แบบมันก็หก มันก็หล่น,0,0,0,1,0,1,2,38
0,ใครเคยไปโรงพยาบาลศิริราชบ้าง โดยการสร้างนัดหมายออนไลน์ ใครเคยไปขอสอบถามข้อมูลหน่อยจ้า,0,0,0,0,0,0,0,19
1,ทำไรก็ผิดไปหมดเลยไง ทำไรก็ไม่พอใจ ทำให้ตายยังไงก็ไม่ดีหรอกกูอะ แย่ตั้งแต่เกิดมาละ,0,1,0,1,0,0,2,27
0,สุดท้ายก็ไม่มีใครรับผมได้.,0,1,0,1,0,0,2,9
0,การที่มีใครสักคนช่วยดึงขึ้นไป แล้วถีบกลับลง มันเจ็บดีเนอะ เราก็คงทำได้แค่อยู่ในหลุมเดิม ไม่มีทางให้ขึ้นไปเหมือนเดิม และก็ทนทรมานต่อไปเหมือนเดิม...,0,1,0,1,0,0,2,38
0,แม้งเอ้ย ดิ่งอีกแล้ว ไม่เคยเชื่อใจกันเลย,0,1,0,0,0,0,2,10
0,พยายามอยู่นะ,0,1,0,0,0,0,1,3
0,ผมอยากเป็นมนุษย์คนเดียวบนดาวอังคาร เป็นปลาวาฬที่โดดเดี่ยวในก้นทะเลลึก ออกห่างจากผู้คนสังคม ทุกสิ่งอย่าง ..,0,1,0,0,0,0,2,22
0,เหมือนจะดีแต่เหตุผลที่ทำให้ดิ่งหลักคือสังคมที่เรียน ดิ่งกับเพื่อน กับอาจารย์ แค่คิดถึงวันจันทร์ก็ไม่อยากไปแล้ว แต่ต้องสู้เพื่อคนข้างหลัง,0,1,0,0,0,0,0,31
0,เราตลกใช่ไหม เทอร์ถึงไม่ชอบ,0,1,0,0,0,0,2,7
0,ฉันเกลียดตัวเองที่ต้องเป็นแบบนี้,0,1,0,0,0,0,2,7
0,ติดโรคตายจะเป็นไง,0,0,1,0,0,1,2,4
0,หมอ..ผมพยายามเเล้วเเต่มันยากจังครับ,0,1,0,0,0,0,2,9
0,เป็นผู้ฟังที่ดี เป็นที่ปรึกษาที่ดี เป็นคนปลอบที่ดี เป็นคนสังเกตความรู้สึกคนอื่นที่ดีเสมอ เพราะต้องการและหวังว่าสักวันหนึ่งจะได้รับการปฏิบัติแบบนี้บ้างมันคงโคตรรู้สึกดี เลยปรับให้กลายเป็นนิสัยของตัวเอง ปลอบตัวเองมานานแค่ไหนแล้วตัวเรา,0,1,0,0,0,0,2,51
0,ทำไมเวลาต้องการใครสักคนมันต้องเป็นแบบนี้ทุกทีอะ?,0,1,0,1,0,0,2,13
0,ทนหน่อยนะตัวฉัน เดี๋ยวมันก็จะดีขึ้น ละมั้ง ✌️😔,1,1,0,0,0,0,0,13
0,ผมอาร์มนะครับเพลงนี้แค่เปิดใจรับฟัง อยากให้สังคมเปิดใจรับฟังความรู้สึกของคนที่กำลังต่อสู้ รวมถึงคนรอบตัวเราด้วย และผมกับเพลงนี้จะช่วยรับฟังคอมเมนท์ระบาย ส่งต่อกำลังใจกันอย่ายอมแพ้ ผมที่ส่งต่อเพลงsos ผมเชื่อในตัวทุกคน,1,0,0,0,0,0,1,50
0,อย่างน้อยพวกเขาก็เห็นว่าฉันสำคัญอยู่,0,1,0,0,0,0,0,9
1,ถ้าวันนึงเราหายไปทุกอย่างคงดีขึ้นกว่านี้,0,1,0,1,0,0,0,11
1,มันต้องเป็นครอบครัวที่แย่ขนาดไหนอ่ะกูถึงไม่อยากอยู่,0,1,0,0,0,0,2,14
0,ในไม่ช้าฉันจะไม่สนใจอะไรอีกเลย...,0,1,0,0,0,0,2,9
0,D - 14.03 | T - 23.55 : คงไม่มีใครอยากนอนร้องไห้ทุกวันหรอกนะ ทุกคนก็ล้วนอยากมีความสุขกันทั้งนั้น.,0,1,1,0,0,0,2,26
0,บางครั้งก็อยากหนีจากความวุ้นวาย. กดดัน และหลอกลวง🤕🍂🥀,0,1,0,1,0,0,2,13
0,สวัสดีครับ อยากให้มาฟังนะครับ ผมเอาตัวผมเองแสดงถึงสิ่งที่สะท้อนหรือแค่บอกให้เห็นในสิ่งที่ผมและคนอื่นๆกำลังเจออยู่ ผมก็เป็นคนนึงที่ต้องอดทนกับคำพูดที่ไม่ตลก อย่ายอมแพ้นะครับอยากให้ฟัง ผมอาร์มนะที่ส่งต่อเพลง sos เชื่อในตัวคุณทุกคนนะ,1,0,0,0,0,0,1,64
0,ฉันควรไปทำงานที่ไหน ไปทำงานอะไร ไปทางไหน เห้อออออ อยากระบาย,0,1,0,0,0,1,2,16
0,พี่สาว:มึงรู้ป่ะว่าตอนแรกแม่กับพ่อไม่ได้อยากให้มึงเกิด แต่พ่อกับแม่พูดว่ากลัวกูเหงาเขาก็เลยคิดที่จะมีมึง ฉัน:อ่อ😥 พี่สาว:และอีกอย่างถ้ามึงเป็นผู้ชายกูคงรักมึงมากกว่านี้.. ฉัน:... นี้หรอคือคำที่ควรออกมาจากปากพี่สาว(คิดในใจ),0,1,0,0,1,0,2,66
0,เหนื่อยมากใช่ไหมถ้าเหนื่อยก็พักไม่ต้องฝืน,0,1,0,0,0,0,0,9
0,กลับมาเจ็บปวดอีกแล้ว พอแล้วได้ไหม ขอร้อง,0,1,0,0,0,1,2,7
0,-150363- พีชรู้สึกเครียดมาก ผลมาจากการนอนไม่หลับ2วันติดต่อกัน จึงกินยานอนหลับเกินขนาด,0,1,0,0,0,1,2,18
0,ลืมๆเราไปเถอะ,0,1,0,0,0,0,2,5
0,รู้ แต่มันพูดไม่ได้,0,1,0,0,0,0,2,6
0,D - 15.03 | T - 00.07 : ทุกคนล้วนมีเหตุผล และปัญหากันทั้งนั้นอย่าคิดว่าคุณเพียงคนที่ต้องการคนรับฟัง.,0,0,1,0,0,0,1,26
0,บางที การที่มีเพื่อนเยอะๆ มันก็ดีเหมือนกันนนะ ถึงเเม้ว่าบางคนจะนินทาเราบ้าง จะทำให้ทะเลาะกัน เเต่ไม่มีวันไหนเลย ที่พวกมันจะทิ้งผมไป ทุกวันนี้ ผมรักพวกมันมากเลย เหมือนเป็นเพื่อนที่ผสมพ่อกับเเม่เข้าไปด้วย ดีใจมากๆเลยครับ ที่ได้พวกมันมาเป็นเพื่อน,1,0,0,0,0,0,1,64
0,เ ว ล า เ ห็ น ค น มี คู่ อ่ ะ มึ ง ไ ม่ ต้ อ ง อิ จ ฉ า เ ล ย เ พ ร า ะ ．．． เ ว ล า มี ค น ม า จี บ อ่ ะ มึ ง ก็ ไ ม่ เ อ า ５５５５,0,1,0,0,0,0,0,55
0,น่าหงุดหงิดนะตัวกูที่ยังอยู่บนโลกนี้,0,0,1,1,0,0,2,10
0,มันก็สบายใจดีจริงๆนะ,1,0,0,0,0,0,1,6
1,ไม่มีเหตุผลที่จะตาย แต่ก็ไม่มีเหตุผลที่จะอยู่นะ,0,1,0,0,0,0,2,11
0,(1) มาแล้วค่ะ เราไปหาหมอมาละ สรุปเราหายแล้ว (หมอว่างั้น) ตอนนี้เข้าเฟส 2 กินยาต่อเนื่องอีก 4 เดือน ให้ครบปี (เนี่ย เราสับสนว่าเราเริ่มรักษาเดือนไหนแน่🤔 จะกลับไปค้นใบเสร็จอีกรอบ) ก็ประมาณ ส.ค.63 นี้ ตัวยากลับมากินตัวเดิม วันละ 1 ครั้ง,1,0,0,0,0,0,0,65
0,ให้เราเป็นคนที่คอบรับฟังคุณในเวลาที่คุณไม่สบายใจได้มั้ยคะ เรารู้ว่ามันแย่แค่ไหนเวลาไม่มีคนคอยรับฟัง มันอึดอัด อึดอัดมากๆ เพราะงั้นอย่าเก็บเรื่องแย่ๆไว้คนเดียวเลยนะ Dmมาระบายได้ตลอดนะคะ รักและเป็นห่วงทุกคนนะ☺️✌🏻,1,0,0,0,0,0,1,58
0,พอซะที เลิกคาดหวังลมๆแล้งๆได้แล้ว มึงก็รู้ดี แค่สถานะยังไม่มี ตัดใจเถอะ ก่อนที่เค้าจะรำคาญมึงไปมากกว่านี้,0,1,0,0,0,0,2,29
0,กุมันคงผิดมากสินะสงสัยจะผิดตั้งแต่กูเกิดมาแล้วแหละ,0,1,0,1,0,0,2,16
0,การตายของเรามันไม่ได้ทำให้คนอื่นเดือดร้อนนะ มันทำให้ทุกคนมีความสุขด้วยซ้ำ.🙂,0,1,0,1,0,0,2,16
0,"IT'S OKAY NOT TO BE OKAY– Sadness is not a weakness . บทความซึ่งตอบคำถามที่ว่า "" เมื่อไหร่ถึงจะ 'โอเค' เมื่อเรารู้สึก 'ไม่โอเค' "" : —",1,0,0,0,0,0,0,35
0,"ความรักก็เหมือนขนมหวาน แรกๆก็หวานอร่อย เดียวนานๆไปก็ "" เ บื่ อ "" จำไว้นะ ถ้ามีคำว่า "" เ บื่ อ "" เกิดขึ้นในคู่ของคุณ ลองถามตัวเองดูหรือยัง ว่า "" มั น ใ ช่ ค ว า ม รั ก ห รื อ เ ป ล่ า """,0,1,0,0,0,0,2,59
0,หญิงไทยอายุ 66 ปี คนแรกในสหรัฐฯ เสียชีวิตจาก COVID-19 โดยทำงานเป็นหัวหน้าแม่ครัวร้านอาหารแห่งหนึ่งในกรุงวอชิงตัน ดี.ซี. ของสหรัฐฯ,0,1,0,0,0,0,2,26
0,คุณทำให้ผมรู้ ว่าที่ตรงนั้น... มันไม่มีผมก็ได้😀🖤,0,1,0,0,0,0,2,13
0,อยากอยู่แบบเงียบๆ อยู่ไกลๆจากคนรอบข้าง,0,1,0,1,0,0,2,9
1,เมื่อไหร่กูจะตายวะ,0,0,0,1,0,0,2,5
0,อยากตัดให้หมดจริงๆ,0,0,1,0,0,0,0,5
1,ไม่อยากกลับบ้าน ไม่อยากอยู่บ้าน แต่จำเป็นต้องกลับต้องอยู่,0,1,0,0,0,0,2,12
0,ถ้าฝนตกก็คิดถึงกันบ้างนะ :),0,0,0,0,0,0,0,8
0,เหอะ ชีวิตตัวเราเองป้ะ ชีวิตเราเเต่มาตัดสินเเทนเรา คืออะไรอ่ะ มาบอกว่าเนียะ เเล้วก็ทำอะไรไม่เป็น ตัดสินไม่เป็น ก็พอทำ ก็บอกว่าผิด ไม่ดีอีก เลือกอะไรได้บ้าง,0,1,1,1,0,0,2,44
0,บางครั้งก็ไม่อยากรับรู้อะไรอีกแล้ว...,0,1,0,0,0,0,2,8
0,ใครที่ต้องการคนรับฟังเดมมาหาเค้าได้ตลอดนะคะ 🥺,1,0,0,0,0,0,1,13
0,รักคำเดียวแหละ,0,1,0,0,0,0,0,4
0,เมื่อความเจ็บปวดกำลังกัดกินหัวใจ บาดแผลที่แห้งสนิทกำลังถูกสกิดเป็นแผลใหม่ ฉันทำได้แค่กอดตัเอง...,0,1,0,0,0,0,2,22
0,อยากจะบอกว่า ในสถานการณ์แย่ๆแบบนี้โควิดระบาดตกงาน มันก็ทำให้เรารู้นะว่าใครที่อยู่ข้างเราจริงๆ สุดท้ายมันก็คือตัวเราเอง เขาไม่คิดเลยว่าเราจะใช้ชีวิตยังไง ไม่สนใจเลย ที่เราโทรไปหรือแชทไป มันไม่ได้มีความสำคัญเลย แย่เนาะทำไมต้องมาเจออะไรแบบนี้ตอนตัวเองลำบากด้วย,0,1,0,1,0,0,2,66
0,มันจะมีใครภาวนาให้ตัวเองตายๆไปเถอะเหมือนกันมั้ยวะ รึเปล่าวะ,0,0,0,0,0,1,2,16
0,น้ำมันกัญชาสูตร อ.เดชา ไม่ขมไม่เมา ปลอดภัย 100% มีโปรลดราคา และของแถม!!! ยินดีให้คำปรึกษาวิธีการใช้และรักษาโรค สนใจสินค้า inbox หรือกดลิงค์แอดไลน์,0,0,0,0,0,0,0,32
0,ที่มึงบอกไม่เหลือใคร แล้วนี่กูหมาหรอ?' คำถามของเพื่อนเรา คำตอบของเราคือการเงียบ '... ' แล้วเลือกที่จะไม่พูดถึงความรู้สึกตัวเอง มันไม่ใช่ว่าอยากจะพูดว่าไม่เหลือใคร แต่เรารู้สึกเราไม่มีใครเลยจริงๆ คนที่เป็นหมาคือเราต่างหาก เราไม่สามารถร้องไห้กับใคร หรือพูดอะไรได้เลย,0,1,1,1,0,0,2,68
0,ต้องใช้เวลาเท่าไรของชีวิตนะ ถึงจะเจอความสุขแบบคนอื่นสักที...,0,1,0,0,0,0,2,14
0,ติกเกาะ 14วัน กับเงิน 500,0,1,0,0,0,0,2,7
0,การที่เราจะอยู่ได้ในสภาพแวดล้อมแบบนี้มันอาจไม่ส่งผลดีกับตัวเรา แต่ถ้าเราผ่านและก้าวข้ามมันไปได้ เราก็จะเจอสิ่งที่พิเศษ,1,1,0,0,0,0,0,33
0,ดูก็รู้ว่าแกรักเราน้อยลงมันคือเรื่องจริงอ่ะ เราว่าเราไม่ได้รู้สึกไปเอง😥,0,1,0,0,0,0,2,21
0,ไตรมาสแรกยังไม่ผ่านเลย มีแต่ปัญหาให้แก้ แต่ไม่แก้เชี้ยอะไรเลย,0,1,1,0,0,0,2,17
0,จริงๆ ก็หาคำว่าความสุขไม่ได้เลย ตอนนี้เหมือนตัวคนเดียว...,0,1,0,0,0,0,2,14
0,ผู้ป่วย ให้คิดว่าเราเป็นต้นไม้ ต้องรับแสงแดด น้ำ ปุ๋ย (ออกกำลังกาย นอนหลับเพียงพอ กินอาหารที่ดี กินยาตรงเวลา) ทำได้เป็นประจำเราจะหายเร็วขึ้นค่ะ,1,0,0,0,0,0,1,32
0,ความสุข เป็นสิ่งง่ายๆที่อธิบายให้ฟังยากนะ มันอาจจะเกิดขึ้นง่ายสำหรับบางคน และอาจเป็นสิ่งที่ยากสำหรับบางคน บางคนยิ้มออกมาได้อย่างง่ายดาย แต่กับฉันการยิ้มมันยากเหลือเกิน จะมีสักกี่คนกันนะที่เห็นฉันยิ้ม เพราะฉันมีความสุขจริงๆ 5555อาจจะไม่มีเลยก็ได้เนอะ ว่ามั้ย,0,1,0,0,0,0,2,61
0,ตายไปอย่างมากเราก็มีวันหยุดเพิ่ม ไม่สร้างคน ช่วยชาติ ก็อย่าพาลเลยนะ มัน “เป็นบาปเป็นกรรม” กลับมาบ้าง อย่าเห็นแก่ตัวมากนักเลย ไม่ช่วยก็ไม่ควรผลาญนะจริงๆ,0,0,1,1,0,0,2,41
0,เหนื่อยจัง,0,1,0,0,0,0,2,2
0,เมื่อฉันโตไปคำที่คุณดูถูกไว้จะถูกลบล้างเอง!!,0,0,1,0,0,0,2,14
0,มีใครเหนื่อยใจกับตัวเองเหมือนเรามั้ย?,0,1,0,1,0,0,2,9
0,คุณรู้มั้ยว่าสิ่งที่คุณทำ มันทำให้ผมเจ็บ,0,1,0,0,0,0,2,12
0,ไข่แพงก็กินหมูแทน,0,0,1,0,0,0,0,6
0,เลือกถูกแล้วใช่มัยวะ... 😭,0,1,0,0,0,1,2,8
0,ไม่สงสารผู้หญิงตัวน้อยๆคนนี้บ้างหรอ ที่ต้องมาเสี่ยงแล้วก็เหนื่อยกับอะไรก็ไม่รู้😤😩,0,1,1,0,0,0,2,21
0,"ถ้าหนึ่งคนหมดใจ 🖤 "" ก็ ป ล่ อ ย เ ข า ไ ป "" ให้เขาเจอคนที่ใช่สำหรับเขาเถอะ 🚶🏼‍♂️",0,1,0,0,0,0,2,27
0,มันไม่ใช่ครั้งแรกที่ฉันรู้สึกโดดเดี่ยว และมันก็คงไม่ใช่ครั้งสุดท้าย ไม่รู้ว่าเวลาแบบนี้ ควรจะไปหาใคร ควรจะบอกใครมั้ย ไม่มีทางหนี ไม่มีทางให้ไปต่อ ทำได้แค่จมอยู่กับความรู้สึกบ้าๆนี่ทุกวัน,0,1,0,0,0,0,2,43
0,มีแต่คนอยู่บ้าน ไม่มีใครคิดมาอยู่ในใจเราบ้างเหรอ🥺🤪,0,0,0,0,0,0,0,17
0,โรคซึมเศร้าไม่เคยเป็นเรื่องตลก ( x,0,0,1,0,0,0,2,8
0,เหนื่อย อึดอัดมาก ท้อแล้วนะ จะไม่/หวแล้วนะ,0,1,0,0,0,0,2,12
0,ไม่ได้ร้องไห้ก็ไม่ได้แปลว่าไม่เสียใจอะ,0,1,0,0,0,0,2,11
0,ในขณะที่ทุกคนวิตกกับโควิด แต่นี่วิตกกับวิจัยมาก แรกๆบอกไหว นานไปใจสลาย ฮือออออ,0,1,0,0,0,0,2,21
0,แฟนไม่มี นอนเหงา วนไปครับ 😔😭,0,1,0,0,0,0,2,9
0,มีใครเป็น แล้วทำงานไปด้วยคะ มีผบกระทบอะไรต่องานบ้างรึป่าวคะ,0,0,0,0,0,1,0,18
0,ไม่เเรงไปหรอกคำที่เธอพูด เราเเค่รับมันไม่ไหวเอง,0,1,0,0,0,0,2,17
0,เราไม่สมบูรณ์แบบหรอก แต่เราเพียงต้องการแค่กำลังใจ...,0,1,0,0,0,0,2,11
0,มีทุกอย่าง ยกเว้นความสุข,0,1,0,0,0,0,2,4
0,โสดงะ,0,1,0,0,0,0,0,2
0,คิดถึงเธอมากเท่าไกร่ก็ไม่มีวันพบเจอ 🙂,0,1,0,0,0,0,2,13
0,ไหนบอกเราไม่ทิ้งกัน มึงทิ้งกูตั้งแต่วันแรกเลยสึส แดกเกลือไปจ้า มาม่าก็เสือกแพง,0,0,1,0,0,0,2,22
0,ผมก็แค่อยากมีความสุขเหมือนคนอื่นเขาบ้าง,0,1,0,0,0,0,2,9
0,แม่รักหนูไหม:(,0,1,0,0,0,0,2,5
0,เด็กคนนั้นที่เคยหัวเราะเมื่อมีความสุข ร้องไห้ออกมาเมื่อรู้สึกเศร้า... เด็กคนนั้นมันหายไปไหน ... ทำไมมีแต่เด็กที่ไม่สามารถแสดงออกอะไรไม่ได้เลย,0,1,0,0,0,0,2,34
0,ก็ต้องกับมาหน่วงกับมาร้องไห้กับมาอยากตาย เพราะคนในครอบครัวเหมือนเดิม,0,1,0,1,0,0,2,16
0,สุดท้ายก็ไม่เหลือใคร:),0,1,0,0,0,0,2,6
0,RIP พยาบาลทำงานหนัก วูบดับ,0,1,0,0,0,0,2,5
0,ในอดีตทุกคนผ่านอะไรมาไม่เหมือนกัน เจออุปสรรคมาไม่เหมือนกัน อย่าคิดว่าแค่เรื่องเล็กน้อยทำไมต้องอ่อนแอ ทำไมต้องร้องไห้ เพราะมันอาจจะเป็นเรื่องใหญ่ที่สุดในชีวิตเขาแล้วก็ได้ :),0,1,0,0,0,0,0,37
0,10.00 น.เจ้าหน้าที่มูลนิธิร่วมกตัญญูรับแจ้งมีผู้กระโดดน้ำบริเวณสะพานพระราม8 จำนวน 3คน ช่วยเหลือได้ 1คน เสียชีวิต1คน สูญหาย1คน โดยผู้รอดชีวิตเผยว่านัดกันมา กระโดดน้ำฆ่าตัวตายเพราะมีปัญหาครอบครัว ความคืบหน้าจะรายงานให้ทราบต่อไป [USER]ุณภาพจากร่วมกตัญญู,0,1,0,0,0,0,2,54
0,อะไรจะแข็งแรงขนาดนี้วะ เกิดมาไม่เคยแพ้ยาสักชนิด ถ้าโลกคัดให้เราต้องอยู่ แล้วทำไมไม่สามารถอยู่แบบมีความสุขได้วะ ฉันก็แค่หนึ่งชีวิตห่วยๆ,0,1,0,0,0,0,2,36
0,คิดถึงไอ้ต้าวทั้ว3ตัวที่สุด,1,0,0,0,0,0,0,6
0,อีกแล้ว,0,0,0,0,1,0,0,1
0,หมอให้ยานอนหลับมาแต่มันไม่ช่วยให้หลับได้เลย เปลี่ยนยามาสองรอบแล้วก็ไม่ดีขึ้นเลย,0,1,0,0,0,0,2,20
0,ฉันไม่ได้เข็มแข็งขนาดนั้น,0,0,1,0,0,0,2,7
0,หัวหน้าสถานีควบคุมไฟป่าภูพิงค์และเพื่อนร่วมงาน ร่วมแสดงความเสียใจกับการเสียชีวิตของนายสิงห์ทน หลังตัดสินใจจบชีวิตในบ้านพักตนเอง คาดเครียดปัญหาส่วนตัว,0,1,0,0,0,0,2,28
0,หวนคืนสู่วงการนอนไม่หลับ ตอนนี้ก็ทั้งเพลีย ทั้งร้อน ทั้งปวดหัว มีเรื่องอะไรให้คิดเยอะแยะไปหมด,0,0,0,0,0,1,2,19
0,เหมือนจะดีขึ้นนะแต่ก็ไม่เลย:),0,1,0,0,0,0,2,8
0,การที่เราพยายามทำทุกอย่างให้เขารัก แต่เค้าเสือกไม่รัก แม่งเจ็บวะ,0,1,0,0,0,0,2,18
0,ผิดเหรอที่เป็นโรคซึมเศร้า มันผิดมากเหรอ คิดว่าอยากเป็นเหรอ คิดว่าไม่เจ็บปวดหรอกับคำที่พวกคุณพูดใส่ คำพูดบางคำมันสามารถฆ่าคนคนหนึ่งได้เลยนะ แค่ที่เป็นอยู่ก็ทรมานมากพอแล้ว ขอทุกคนอย่าพูดอะไรที่มั่นบั่นทอนจิตใจได้ไหม รับไม่ไหวหรอก ไม่อยากยิ้มปลอมๆใส่ทุกคนอีกแล้ว,0,1,0,1,0,0,2,66
0,พันไทย ฝ่าโควิด😁😁,0,0,0,0,0,0,0,5
0,คือเป็นผู้ป่วย มาสามสี่ปี ทางนี้คอยพยายามวิเคราะห์ตัวเองตลอดเพื่อให้รู้ตัวเองถึงสาเหตุที่จะเกิดอาการ และหลีกเลี่ยงมันให้ได้มากที่สุด -ส่วนใหญ่เลือกใช้การ หนีออกมา..ไม่ปะทะ ??แต่ทำไมอีกฝ่ายต้องตามมา บังคับให้กลับไปทะเลาะด้วย ไม่เข้าใจ???,0,0,0,1,1,0,2,53
0,หรือที่ทุกคนทราบกันดีว่าคือหมาดำเพื่อนรัก อย่าให้มันทำร้ายเราเราคือเจ้าของชีวิตนะเจ้าหมา ทุกคนผมอาร์มที่ส่งต่อเพลงsos ลองฟัง ส่งต่อ และผมเชื่อว่าทุกคนไม่มีใครอยากป่วย ชีวิตคุณมีค่าอย่ายอมแพ้ น้องสาวผมก็ยังต่อสู้ไปด้วยกัน,1,0,0,0,0,0,1,55
1,ขอโทษที่ทำให้คิดว่าเราเรียกร้องความสนใจจากทุกคน ขอโทษที่ทำตัวเป็นภาระเป็นตัวปัญหา สุดท้ายทุกคนก็มองเราว่าเป็นแบบนี้อยู่ดี,0,1,0,1,0,0,2,26
0,ไม่อยากอยู่ที่นี่แล้ว คนที่นี่ใจร้าย มารับหนูไปไวๆที ได้โปรด 😢,0,1,0,1,0,0,2,18
0,อาจจะด้วยน้ำเสียง คำพูดที่หมอใช้ หรืออะไรก็แล้วแต่ แต่มันช่วยให้เรารู้สึกดีขึ้นจริง ๆ เราเอามาฝากเผื่อเป็นกำลังใจใครที่กำลังรักษา ได้บ้างนะคะ คุณหมอบอกเราประมาณว่า คุณอย่าเพิ่งตายนะ เชื่อหมอ มันไม่คุ้ม หมอก็จะสู้ไปกับคุณเหมือนกัน ตกลงนะ มาลุยกัน,1,0,0,0,1,0,1,60
0,ไม่ได้คิดอยากตายมากี่วัน ทำไมต้องมาทำให้คิดมาก เบื่ออยู่แต่บ้าน,0,1,0,0,0,0,2,16
0,เราอยากจะตะโกนบอกพี่สาวตัวเองว่า หยุดคิดแบบนั้นสักทีได้ไหม น้องทรมานนะที่เห็นพี่เป็นแบบนี้ น้องตามส่องทวิตของพี่ตลอด ทำไมถึงคิดแบบนี้น้องเข้าใจนะ🥺 ทำไมต้องมาเกิดขึ้นกับพี่เราด้วย☹️ พี่รู้ไหมตอนน้องรู้ น้องเสียใจมากเลยนะที่พี่เป็น😢,0,1,0,0,0,1,2,63
0,การที่เรายิ้ม ไม่ได้แปลว่าไม่เสียใจ เราเพียงแค่ไม่อยากแสดงออกมาให้คุณเห็น,0,1,0,0,0,0,2,19
0,ใครมีวิธีทำให้แผลเป็นจากการกรีดแขนจางลงบางไหมคะ ช่วยแนะนำหน่อยค่ะ😓😓,0,1,0,0,0,0,2,19
0,โรคซึมเศร้า:) ผลลัพธ์แบบทดสอบจิตวิทยาบุคลิกภาพ หมีพูห์ ของฉันได้ อียอร์ (Eeyore). via [USER],0,0,0,0,0,0,0,17
0,ทุกวันนี้ที่ไม่ทักใคร ไม่ใช่ว่าหยิ่ง แต่แค่จริงๆไม่ได้มองหน้าคนๆนั้นมากกว่า ความมั่นใจ บางทีมันก็ไม่ได้มีกันทุกคน,0,1,0,0,0,0,2,28
1,การขาดอากาศจนตัวชามันเหมือจะลอยไปนอกโลกเลย,1,0,0,0,1,0,2,14
0,Nobuhiko Obayashi หนึ่งในผกก.คนสำคัญของญี่ปุ่น หนังสยองสุดเซอร์ ถือเป็นหนังคัลต์ขึ้นหิ้งในตำนานที่คนรักหนังต้องดู เมื่อ 7 ดรุณีต้องผจญบ้านผีเฮี้ยนที่สามารถฆ่าพวกเธอได้ตั้งแต่ประตู หน้าต่าง ยันเปียโน ไปอ่านเรื่องราวของหนังกัน,0,0,0,0,0,0,2,48
0,นวด นวด นวด… นวดเพื่อเพิ่มพลัง ลัน ลัน ลา ลัน ลัน ลา จะช่วยผ่อนคลายกล้ามเนื้อ เลือดไหลเวียนสะดวก ทำให้รู้สึกผ่อนคลาย และหายเครียด😀 ดูวิธีนวดได้ที่,1,0,0,0,0,0,1,32
1,กูเกิดมาเพื่อไม่มีใครเข้าใจ อยากตายแต่ทำไรไม่ได้ พ่อแม่ทะเลาะกัน ความสัมพันธ์ความรักไม่สมหวัง เกิดมาเพื่อผิดหวัง พบเจอแต่ความชิปหาย เหนื่อย อยากตาย,0,1,0,1,0,0,2,35
0,เราควรเป็นตัวของตัวเองได้แล้วอ่ะ คนที่หยิ่งๆ เย็นชา ไม่ค่อยคุยกับใคร กลับมาเป็นแบบเดิมดีกว่า ให้เสียงเพลงมันเยียวยาเรานะ💚🦊,1,0,0,0,0,0,1,27
0,ถ้าการที่เราเก็บทุกคำพูดของคนอื่นมาคิด โดนคนในบ้านพูดแทงใจบ่อยๆ แอบร้องไห้คนเดียวบ่อย อยากอยู่คนเดียว เครียด คิดมาก ไม่มีสมาธิ เหม่อลอยบ่อย รู้สึกเหมือนไม่มีที่ให้เราอยู่แล้ว ไม่มีใครต้องการแล้ว ไม่มีใครเข้าใจเราแล้ว เคยแอบคิดเรื่องตายบ้างนิดหน่อย (มีต่อในเม้น),0,1,0,0,0,0,2,62
1,ความผิดพลาดครั้งใหญ่ในชีวิตของพ่อแม่คือการที่กูเกิดมา,0,1,0,1,0,0,2,13
0,มาอีกแล้วไออยู่ๆก็เบื่อทุกอย่าง เบื่อสิ่งรอบข้าง เบื่อสิ่งที่เคยชอบมากไป นอนๆก็น้ำตาคลอ หยิกแขนตัวเอง 😔,0,1,0,1,0,0,2,26
0,เป็นอะไร เหนื่อยอะไรนักหนา งานก็ไม่ได้หนักซักหน่อย แค่นี้ทำเป็นท้อ โตไปจะเหนื่อยกว่านี้เยอะ,0,1,0,1,0,0,2,22
0,ถ้าวันนึงเราเปลี่ยนไปแล้ว ไม่พยายามไม่สนใจ ไม่ยอมทุกอย่าง เหมือนที่ผ่านมา เธอจะรู้สึกอะไรบ้างไหม,0,1,0,0,0,0,2,21
0,ดาวน์ลงเรื่อยๆแต่ก็ยังไม่กล้าพอที่จะเห็นแก่ตัว 🎭,0,1,0,0,0,1,2,11
0,ร้องไห้ทุกคืนก่อนนอนตลอดเพราะอะไรก็ไม่รู้ ใครถามก็ได้แต่บอกไม่รู้ แม่งเอ้ย,0,1,0,0,0,0,2,19
0,เลิกบอกว่า 'เรื่องแค่นี้' เถอะวะ อยากจะอ้วกใส่หน้ามึงอะ มึงคนทำมึงก็พูดได้สิว่าเรื่องแค่นี้ แล้วคนโดนกระทำอย่างกูล่ะ พอพูดขึ้นมาก็หาว่าเรื่องแค่นี้ยังทนไม่ได้,0,0,1,0,0,0,2,46
0,ใครจะสนใจเราอ่ะ ก็เราไม่สำคัญ เราหายไปก็ไม่มีใครรู้สึกอะไรหรอก,0,1,0,1,0,0,2,19
0,ครอบครัวยังไม่สนใจเราเลย,0,1,0,1,0,0,2,6
0,หันกลับมาได้ตลอดเลยนะ ผมยังไม่ไปไหน ยังอยู่ที่เดิม:-),0,1,0,0,0,0,1,15
0,เกิดเป็นเรามันผิดมากหรอ ทำอะไรก็ผิดไปหมด ออกไปเที่ยวก็ด่า อยู่บ้านก็ด่า เรียนไม่ดีก็ด่า คือต้องการอะไรจากเราอะ เราเคยดีในสายตาคุณบ้างไหม😞,0,1,0,1,0,0,2,41
0,ทำไมว่ะทำไมสิ่งที่กูทำมันผิดมากเลยหรอว่ะทำไมกูต้องเป็นฝ่ายผิดตลอดทำไมไม่มีใครรักกูเลยว่ะ ทำไมกู... ต้องเกิดมาด้วยว่ะ🙃🙃🙃,0,1,0,1,1,0,2,37
0,เพราะชอบไปอินอยู่ฝ่ายเดียวไง ลงเอยถึงสาหัสแบบนี้ สมน้ำหน้า,0,0,1,0,0,0,2,13
0,เพื่อนคือสิ่งที่ทำให้เรายิ้มได้ หัวเราะได้ แค่ในทางกลับกันพวกเค้าก็ทำให้เราไม่อยากมีชีวิตอยู่ได้เหมือนกัน,0,1,0,0,0,0,2,23
0,กว่าจะผ่านไปได้ในแต่ละวัน,0,1,0,0,0,0,2,7
0,ทำเป็นมีความสุขแต่ตัวจริงนอนร้องไห้อยู่,0,1,0,0,0,0,2,7
0,เราน่ารังเกลียดมากเลยใช่ไหม :(,0,1,0,1,0,0,2,8
0,เทอไม่เคยทิ้งใครไป เทอเเค่ปล่อยผ่าน💛💛🧸🧸,0,1,0,0,0,0,2,12
1,ถ้าการหนีมันจะดีที่สุด ก็ควรหนีหายไปจากชีวิตทุกคนเลยไปในที่ ที่ไม่มีใครรู้จักกับเรา คงจะดีไม่ใช่น้อยเลยเนอะ,0,1,0,0,0,1,2,32
0,ที่บอกอ่ะว่าตอนนั้นรู้สึก ตอนนี้ก็เหมือนเดิม... 😔🥀,0,1,0,0,0,0,2,11
0,D - 19.04 | T - 21.13 : มีใครพอรู้วิธีทำให้นอนหลับบางมั้ย หรือถ้าจะให้ดีบอกวิธีทำให้หลับสนิทหน่อยสิ.,0,0,0,0,0,1,0,29
0,อย่าฝากหัวใจเราไว้กับใคร ถึงแม้มันจะเจ็บปวดมากก็ตาม มันทำให้เราได้รู้ว่าหัวใจที่ยังมีหัวใจ 😊,0,1,0,0,0,0,2,24
0,โรคนี้ไม่ได้เรียกว่าโรคเรียกร้องความานใจนะ อย่าเข้าใจผิด 😂 เราไม่ได้เรียกร้องความสนใจ,0,1,0,0,0,0,2,21
0,รี+ฟอล+ไหนบอกพี่หมอซิว่าชอบสีอะไยกัน❤️ แจกดูดวงฟรี 4 คน!!! แก้เครียดกันเน่อ ประกาศ 1 ทุ่มวันนี้น้าาา จุ้บๆๆ,0,0,0,0,0,0,0,34
0,ทำไมนะเวลาเหนิ่อยถึงชอบปวดหัว😢,0,0,0,0,1,0,2,9
0,ผิดด้วยหรอวะที่หงุดหงิดเวลาพูดอะไรออกไปแล้วไม่มีใครสนใจ,0,1,1,0,0,0,2,16
0,ไม่มีค่าพอให้ใครมารัก -So sad🖤,0,1,0,0,0,0,2,9
0,มีแต่ข่าวคนฆ่าตัวตายทุกวันเลยคือทุกอย่างมันแย่นะ คนไม่มีคือไม่มีจริงๆอ่ะร้านโดนปิด เงินหมด เห็นข่าวแล้วโคตรหดหู่ 😭😭,0,1,0,0,0,0,2,31
0,มาเพ้นท์กระเป๋าผ้ากัน... 🌹🌹🖌️,0,0,0,0,0,0,0,7
0,ที่แน่ๆเลย ฉันแค่ป่วย แต่ไม่ได้เรียกร้องความสนใจ แค่บางทีก็อยากหาคนที่พร้อมเข้าใจกันเฉยๆ,0,1,0,0,0,0,2,23
0,เพราะแรงกดดันของคำบอกลา .. ฟิลเพลง 20 ตุลา คือเพลงดิ่งจริง จนอยากฆ่าตัวตายเลยจริงๆ,0,1,0,0,0,0,2,19
1,แม่งเอ้ยย ทำไมกูไม่ตายๆไปตั้งแต่เข้ารพ.รอบนั้นวะ กูฟื้นมาทำไมวะ ทำไมวะ แม่ง กูเกลียดความคาดหวัง,0,1,1,1,0,0,2,28
1,ทรมานนะเวลาที่ฆ่าตัวตายในความคอดซ้ำไปซ้ำมา แต่มันทำไม่ได้,0,1,0,0,0,1,2,14
0,โลกเริ่มไม่น่าอยู่ขึ้นทุกวัน,0,1,0,1,0,0,2,6
0,มันเหงา มันเศร้า แต่เราก็ต้องผ่านมันไปให้ได้ในทุกๆวันทุกๆคืน,0,1,0,0,0,0,2,17
0,ถ้ามีเงินเป็นล้านแล้วค่อยเป็น แต่ถ้ยังไม่มีป้องกันไว้ดีกว่า,0,0,0,0,0,0,2,15
0,เปิดคำพูดสุดท้าย หนุ่มวัย 27 เครียดเจอพิษโควิดทำไร้เงิน ยิงตัวดับต่อหน้าเพื่อน,0,1,0,0,0,0,2,18
0,แกจะอยากครอบครองไปทำไมกับความรักที่เอาแต่ทำร้ายแก,0,1,0,0,0,0,2,12
0,เจอของดีที่ร้านเช่าเก่า (มีคนขอซื้อไปแล้วนะ),0,0,0,0,0,0,0,15
0,จะพยายามอยู่ต่อละกัน,0,1,0,0,0,0,2,6
0,เราที่สับสนกับทุกอย่าง ไม่รู้ด้วยซ้ำว่าควรอยู่ตรงไหน เป็นความรู้สึกที่ว่างเปล่า แต่กลับอยากร้องไห้มากที่สุด ไม่รู้ว่าที่กำลังทำอยู่นั้นมันคืออะไร ไร้จุดหมาย,0,1,0,0,0,0,2,31
0,จากคำแนะนำนั้นคือเรื่องจริงที่กำลังทำอยู่ ซึ่งต้องยอมรับในการสูญเสียความเป็นตัวเองให้ได้ นอกจากหาทางฟื้นฟูใจให้กลับมามีความสุขแบบเร่งด่วนแล้ว ก็ต้องหาทางหลุดพ้นจากสภาพแวดล้อมนี้ไปให้ได้ ก่อนที่จะถูก กัดกร่อนในทุกๆ วัน (2/2),0,0,0,0,0,0,0,45
0,ให้กูมีความสุขที่จริงๆไม่ได้หรอวะ แม่งเบื่อที่ต้องหลอกตัวเองว่ามีความสุข ที่ต้องยิ้มทั้งๆที่ในใจแม่งไม่ไหวแล้วอ่ะ,0,1,0,0,0,0,2,30
0,อีกแล้วสินะที่เป็นคนคั่นเวลามีค่าแค่ตอนเธอเหงา 01:11,0,1,0,0,0,0,2,14
0,ขอโทษนะ “ที่ไม่น่ารักเหมือนวันแรก”,0,1,0,0,0,0,2,10
0,ฉันรู้... ฉันมีเพื่อน แต่ฉันรู้สึกเหมือนฉันไม่มีใครที่จะสามารถคุยเรื่องแย่ๆที่เกิดขึ้นในหัวของฉันได้.. // ว่างเปล่า... และไม่มีใครเข้าใจเราได้เลย,0,1,0,0,0,0,2,39
0,เคยคิดเหมือนกันว่า วันนึงถ้ามีคนมารักเรา เค้าจะรับเราที่เป็นโรคซึมเศร้าได้ไหม เค้าจะอยู่ข้างๆเราในวันที่เราอ่อนแอหรือเปล่า เค้าจะไม่ทิ้งเราไปไหนเพราะบางทีเราเอาแต่เศร้าโดยไม่มีเหตุผล พอถึงวันนั้นเค้าจะยังจับมือเราแล้วเดินไปพร้อมเค้าไหม.. 🦋,0,1,0,0,0,0,2,63
0,วนลูป,0,1,0,0,0,0,0,2
0,ใครก็ได้เดมมาคุยด้วยหน่อย จะ ตายแล้ว,0,1,0,0,0,1,2,10
0,วันนี้เข้าครัวก็จะต้มผักกินทุกวันแต่พอเขาคนนั้นเข้ามาเท่านั้นแหละ ต้มผักมันเปลืองแก๊สขนาดนั้นเลยหรอว่ะ😫,0,0,1,0,0,0,2,27
0,ถ้าเปลี่ยนความคิดถึงเป็นลมหายใจ..ฉันคงต้องอยู่แบบนี้ไปตลอดซิน่ะ,0,1,0,0,0,0,2,15
1,ฉันกำลังจะจากไปพร้อมกับบุหรี่มวนสุดท้าย:),0,1,0,0,0,0,2,8
0,เอากันจน โบ๋ เธอบอกแค่คนรู้จัก 😔,0,1,0,0,0,0,0,9
0,ฉันปวดหัวหนักมา ฉันบอกแม่ว่าหนูปวดหัว หนูเป็นไมเกรนแน่เลย กินยามา 2 คืนเเล้วไม่ดีขึ้นเลย คำตอบสุดท้ายคือ เขาไม่เชื่อร่วมถึง นี่ด้วย เขาก็ไม่เชื่อ,0,1,0,1,0,0,2,37
0,พ่อก็ขอโทษแล้ว บอกว่าเครียดไปหน่อย ก็ไม่ได้โกรธอะไรพ่อ แต่ทำไมความรู้สึกเกลียดตัวเอง ขยะแขยง สมเพชตัวเองมันเยอะขึ้นล่ะ,0,1,0,1,0,0,2,27
0,ขนาดคนในครอบครัวยังไม่เลียวแลจะอะไรกับคนรอบข้างและเพื่อนๆล่ะ,0,1,0,1,0,0,2,16
0,กว่าจะผ่านแต่ละวันแสนยากเกิน.,0,1,0,0,0,0,2,8
0,มีใครเคยเป็นบ้างไหม ไม่รู้ว่าตัวเองเริ่มเป็นเมื่อไหร่ แต่หลังๆมายิ่งนานวันไป ความรู้สึกหรือทุกๆอย่างมันยิ่งชัดเจนขึ้น พอเริ่มสังเกตได้ว่าตัวเองเป็นหรือเปล่า พออาการมันเริ่มหนักขึ้น ก็เริ่มทะเลาะกับตัวเอง พยายามคิดให้ได้ว่ามันไม่ใช่ ฉันไม่ได้เป็น,0,1,0,1,0,1,2,59
0,คนหนึ่งมีความหวัง อีกคนอยากจะจบมันลง,0,1,0,0,0,0,2,10
0,ก็รู้คำตอบอยู่แล้ว แล้วกูยังหวังอะไรอยู่อีกวะ,0,1,0,0,0,0,0,12
0,พูดได้มั้ยว่าเหนื่อย พูดได้ปะว่าไม่ไหว อ้อ!! ไม่ได้สินะ เคๆ ฉันเข้มแข็ง ฉันไม่เป็นไร เห็นมั้ยฉันยิ้มด้วย เห็นหรือเปล่า? 😔😶,0,1,0,0,0,0,2,31
0,ขอปรึกษาหน่อยค่ะ ตอนนี้แม่เรามีภาวะเครียด และมีความคิดจะฆ่าตัวตาย เพราะปัญหาโควิดด้วย เราไม่ปล่อยแม่อยุ่คนเดียวมาอาทิตย์นึงเเล้ว ไหนแม่ต้องดูแลตาด้วย ความเครียดยิ่งเพิ่มขึ้นเราควรดูเเลแม่เบื้องต้นยังไงดีค่ะ ช่วงนี้ไปรพ.ใหญ่ไม่ได้เพราะไม่มีรถโดยสาร,0,0,0,0,0,1,2,57
0,ร้องไห้ไม่ให้เสียงดัง ทรมานจัง😢,0,1,0,0,0,0,2,7
0,เอาจริงๆคงไม่มีใครมารับได้หรอกที่เราเป็นแบบนี้ไม่มีใครอยากอยู่กับคนป่วยหรอกเราก็ทำได้แค่อยู่กับตัวเองน่าจะดีที่สุดแล้ว,0,1,0,1,0,0,0,32
1,ที่พึ่งสุดท้ายที่ไล่เราไปตาย ขอบคุณ,0,1,0,0,0,0,2,7
0,มันจบแล้วๆๆ55 เราไม่ควรรักใครตั้งแต่แรกอยู่แล้วทุกอย่างมันก็กำหนดอยู่แล้วนิ55... รักใครไม่ได้แถมยังไม่มีใครรักเราอีก...,0,1,0,0,0,0,2,34
0,รปภ.หนุ่มโดดสะพานตากสิน เผยถูกแฟนทิ้งกะทันหันจึงคิดสั้น ไม่เกี่ยวโควิด,0,1,0,0,0,0,2,15
0,ไม่มีเราทุกคนต้องมีความสุขเเน่ๆเลย:),0,1,0,1,0,0,2,9
0,ความรักเป็นสิ่งที่เราชอบมากเลยนะเวลามีมัน เราจะไม่เศร้าเราจะมีความสุข แต่พอรักมันจบลงความเศร้าก็กลับมา ช่วงเวลาแบบนี้เนี่ยแหละยิ่งทำให้คิดน้อยกว่าเดิม,0,1,0,0,0,0,2,37
0,แค่เพราะเป็นเรามันเลยไม่สมควรมีความสุขหรือได้รับความรักเลยหรอ,0,1,0,0,0,0,2,14
0,หงุดหงิดเหมือนจะคุมอารมณ์ตัวเองไม่ได้แล้ว,0,1,1,0,0,0,2,9
0,เข้าใจความรู้สึกแบบนี้,0,1,0,0,0,0,0,3
0,เหมือนตัวเองเป็นโรคไบโพลาร์เลยอ่ะ,0,0,0,1,0,0,2,7
0,"X suicides per day ? ว่าด้วยการ รายวัน อันเกิดจากการไม่ได้รับเงินเยียวยา 5,000 บาท การ ในช่วงวิกฤติ",0,0,0,0,0,0,0,22
0,นอนหลับได้ก็เพราะยาใช่มั้ยย เมื่อคืนได้นอนทั้งคืนก็ดีแต่นี้อะไร,0,1,0,0,1,0,2,16
0,แกไม่ได้รักเราจริงๆหรอก เราบอกแกไปว่าเราเป็นซึมเศร้า แกบอกแกรับได้ แกจะช่วยให้เราหาย แต่แกไม่เคยศึกษาเกี่ยวกับโรคนี้ แกไม่เคยใส่ใจ แกเอาแต่ทำร้ายความรู้สึกเรา แกทำให้เรารู้สึกแย่เป็นล้านๆรอบ แกมาทำให้เรายิ้มรอบเดียว เราก็โกรธแกไม่ลง โคตรแย่เลยโว้ย!!☹️ ทำไมอะทำไม:(,0,1,0,1,0,0,2,73
0,เราโดดเดี่ยวจริงๆหว่ะ เราไม่มีอะไรเลยแม่งโครตน่าสมเพช,0,1,0,1,0,0,2,14
1,คำพูดของแม่วันนั้นเราโครตเจ็บหัวใจ เราไม่ได้อยู่กับแม่ เราโทรหาแม่ เราคิดถึงแม่ แต่แม่บอกเราว่าแม่ไม่อยากติดต่อกับเรา การกระทำของเขาบ่งบอกว่าเราคือภาระ วันนั้นเราสะอื้นทั้งวัน ใจเราเหมือนมีมีดมาปักไว้เลย,0,1,0,1,0,0,2,54
0,เป็นคนนึงที่ใส่ใจคนอื่นมากมาก แต่กลับไม่เคยได้รับความใส่ใจกลับคืนมาเลย,0,1,0,0,0,0,2,16
0,มันไม่มีจริงหรอกไอ่คำว่า ไม่เป็นไร ที่บอกแบบนั้นเพราะกำลังหลอกตัวเองอยู่ต่างหาก,0,1,0,0,0,0,2,18
0,เราก็คิดถึงแกไม่ต่างจากแกที่คิดถึงเขาหรอก,0,1,0,0,0,0,2,12
0,เล่าให้แม่ฟังก็มองเป็นเรื่องตลก ขำมั้ย5555 รู้มั้ยตอนนี้หนูไม่กล้าหลับเลย ไม่น่า น่าจะหลอน,0,1,0,1,0,0,2,23
0,โดนคนอื่นดูถูกกูเฉยๆไม่สนเเต่นี่พ่อตัวเองอ่ะกูควรรู้สึกยังไง,0,1,0,0,0,0,2,17
1,อยากหายไปเลย ไม่อยากเจ็บแล้ว ทรมาณ บอกใครไม่ได้เลย ได้เเต่ยิ้ม,0,1,0,1,0,0,2,17
0,ชอบเราก็พูดตรงๆ ขอแค่เธอมั่นคงและไม่ไปหลงรักใคร,1,0,0,0,0,0,1,13
0,เหมือนจะใส่ใจเลยนะคะ แต่ก็ไม่อะ เบื่อ..เสียใจว่ะ..,0,0,1,1,0,0,2,14
1,ถ้าเรากินยาเป็นกำมือเราจะเป็นยังไงคะ,0,1,0,0,0,0,2,11
0,เทปกาวยังมีสองหน้า นับประสาอะไรกับคน,0,0,0,0,0,0,2,7
0,ไม่ต้องเป็นตัวเองบ้างก็ดีนะ ยิ่งความทรงจำหายไปอะยิ่งโคตรดีเลย เราโคตรอิจฉาเธอเลย :):,0,1,0,0,0,0,0,21
0,ครอบครัวก็ซ้ำเติม เพื่อนก็ซ้ำเติม ชีวิตที่เป็นอยู่ตอนนี้มันยังแย่ไม่พอหรอ ทำไมต้องมาเจออะไรแบบนี้ด้วยวะ,0,1,0,1,0,0,2,24
1,"ทำไมต้องมองเราเป็นตัวประหลาดด้วยล่ะ... เราเเค่อยสกระบายความรู้สึกเเค่นั่นเอง... พวกคุณถึงขั้นเกลียดเราเลยหรอ... เเค่กรีดเเขนก็โดนหาว่า""เรียกร้องความสนใจ"" เเล้วคุณไม่คิดบ้างละว่าทำไมเราถึงกรีดเเขนเพราะครอบครัวเเละสังคมนั่นแหละ!!!!",0,1,1,1,0,0,2,54
0,ถ้ามีพรสามข้อ อยากจะขออะไร สำหรับเรา ขอแค่ข้อเดียว 'ช่วยทำให้เราหลุดพ้นจากตรงนี้ที วิธีไหนก็ได้... ',0,1,0,0,0,0,2,28
0,ขอโทษที่เกิดมาแล้วเป็นภาระของทุกคน,0,1,0,1,0,0,2,8
0,❌ครอบครัว❌ ไม่อยากได้ครอบครัวแบบนี้,0,1,1,1,0,0,2,7
0,"ตัวจริง เสียงจริง ของจริง!! ทักมาได้นะค่ะ ปรึกษาฟรี [USER]์มาสอบได้คะ 🆔0625566923 📌สูตรเข้มข้นThc95% 👉 ราคา 1,300.- ✅ ขนาด 5 ml ของแท้100% 📦 ฟรีค่าจัดส่งด่วนทั่วประเทศ",0,0,0,0,0,0,0,42
0,จะรักหรือไม่รัก ทำไมทำตัวไม่ชัดเจน,0,1,0,0,0,0,2,8
1,ทำไมต้องเป็นเราทุกครั้งนะที่ต้องยอม อยากหายไปจังเลย เหนื่อยแล้ว:),0,1,0,0,0,0,2,17
0,ไม่ยอมให้เรามีความสุขอะค่ะ ถึงแม้ฟีลตอนนี้เรากำลังสนุก หัวเราะอยู่ก็ตาม แต่มันจะยิ่งฉุดให้เราดิ่งลงมา แค่ความสุขเล็กน้อยก็ให้ไม่ได้หรอคะ,0,1,0,0,1,0,2,34
0,เขาใช้เงินซื้อความสุขให้ฉันเลี้ยงฉันอย่างสุขสบาย แต่เขาลืมให้ความรัก,0,1,0,0,0,0,2,16
0,ไม่น่าเกิดมา,0,1,0,1,0,0,2,4
0,เหนื่อยนะ เอาจริง😞,0,1,0,0,0,0,2,4
0,ถามว่าเรารักคุณมั้ย แล้วคุณล่ะ รักเราบ้างมั้ย,0,1,0,1,0,0,2,13
0,เกลียดบ้าน! เกลียดสิ่งแวดล้อมในบ้านตัวเอง เกลียดอากงอาม่าที่ด่ากันตลอดทั้งวันจนเรานอนไม่ได้ เกลียดพี่ชายที่เป็นกะเทยที่หลอนยาแล้วมาทุบประตูห้องกู อีบ้า! เกลียดแม่ตัวเองที่ลำเอียงรักพี่รักน้องมากกว่า แถมชอบกระแหนะกระแหนทำหน้าทำตา ชอบพูดจาทำร้ายจิตใจกัน,0,0,1,1,0,0,2,58
0,กูก็บอกทุกครั้งนะว่ากูรัก แต่มึงมองข้ามกูอย่างกะฝุ่น,0,1,0,1,0,0,2,15
0,คิดถึงช่วงเวลานั้นนะ🖤,0,1,0,0,0,0,2,5
0,ความรู้สึกที่เก็บไว้ข้างในแล้วบอกใครไม่ได้มันทรมานเหมือนกันนะ เหมือนกำลังจะตายเลย,0,1,0,0,0,0,2,17
0,ขอบคุณทุกคนที่เคยให้กำลังใจเวลาที่เคยผ่านมาจริงๆ ขอบคุณที่ขนาดเราไม่รู้จักกัน เรากลับเข้าใจกันมากกว่าคนที่เราเห็นอยู่ในทุกวัน ขอบคุณพวกคุณมาที่คุณให้กำลังใจฉัน ฉันอยากจะบอกพวกคุณว่าฉันผ่านมาได้เพราะพวกคุณ ฉันอยากให้คนทุกๆคนผ่านมันไปได้นะ พวกคุณเก่งอยู่แล้ว 💝❤️,1,0,0,0,0,0,1,64
0,มีใครที่อยากมีเราอยู่ด้วยจริงๆไหม,0,1,0,1,0,0,2,10
0,กูไม่ควรมาค้นพบเจอเพลงเศร้าในขณะที่ตัวเองกำลังดาวน์ ...,0,1,0,0,0,0,2,13
0,ทุกวันนี้ก็แอบอิจฉาคนอื่นมาตลอดที่มีครอบครัวคอยซับพ็อตและสนับสนุน,0,1,0,0,0,0,2,14
0,ทำดีร้อยครั้งไม่มีค่าหรอกถ้าทำ... ความผิดแค่ครั้งเดียว🤫,0,1,0,1,0,0,2,14
0,คุณพ่อคุณแม่คุณตาคุณยายกูจะรู้ไหมว่าสมัยนี้มันมีการบูลลี่ มันอยู่อยากมากเลยนะครับ😒🖕🏽,0,0,1,1,0,0,2,23
1,ไม่ได้อยากตาย แค่อยากจะหลับแบบสบายๆเท่านั้นเอง,0,1,0,0,0,0,2,12
0,เราท้อแต่แกบอกให้เราถอย ... มันใช่หรอ...,0,0,0,1,0,0,2,13
0,เรามีอาการเกี่ยวกับหัวใจหัวใจเราเต้นเร็วผิดปกติทำให้เราหายใจไม่ทันจนหายใจไม่ออกเเต่พวกเขาก็ยังใช้เราทำงานหนักๆทั้งๆที่รู้ว่าเราเป็นเเบบนี้,0,1,0,0,0,0,2,33
0,รักก็เหมือน การพนัน ชนะก็สนุกและได้ไปต่อ แพ้ก็ทุกข์ ใจต่อไป,0,1,0,0,0,0,0,16
0,น้ำตาไหลเองอีกเเล้ว อ่อนเเอชิบหาย,0,1,0,0,0,0,2,8
0,อยากระบายมากๆตอนนี้ ใครสักคนเดมมาได้ไหมคะ😢 ได้โปรด,0,1,0,0,0,1,2,17
0,"จง""ปล่อย""เขา เพื่อ ""เปลี่ยน"" ชีวิตเรา",0,1,0,0,0,0,0,11
0,ครอบครัวบาปไหม ที่ออกลูกมาแต่มาทำให้ลูกไม่มีความสุข,0,1,0,0,0,0,2,12
0,คนนอกสายตา,0,1,0,0,0,0,2,2
0,ทุกคนที่เกิดมา ล้วนมีคุณค่าในตัวเอง,1,0,0,0,0,0,1,7
0,คนในครอบครัวให้ไปบอกหมอว่าเราหายดีแล้ว แบบนี้ก็ได้ด้วยเหรอว่ะ,0,1,0,0,0,0,2,15
0,เอาอีกละ,0,1,0,0,0,0,0,3
0,รอหน่อยนะ,0,1,0,0,0,0,0,3
0,ฉันเคยคิด... ว่าฉันเข้าใจทุกอย่าง ว่าฉันเข้าใจทุกคน แต่ในความเป็นจริงแล้ว ฉันต่างหากไม่เข้าใจอะไรเลย.😔,0,1,0,1,0,0,2,22
0,❤️ฝากกดตามเพจด้วยน๊า❤️ [USER] [USER] [USER],0,0,0,0,0,0,0,11
0,ต้องเก็บมาคิดคนเดียว บางทีมันต้องแอบมานั่งร้องไห้คนเดียว ต่อหน้าคนอื่นกูต้องทำเป็นยิ้ม ลับหลังกูต้องมานั่งร้องไห้ คิดอยู่คนเดียว ทำอะไรไปก็ผิดทุกอย่าง กูทำไปแล้วมันมีความสุข แต่กูกลับต้องมานั่งเสียใจคนที่โดนว่า จะมีสักกี่คนที่เข้าใจ,0,1,0,1,0,0,2,58
1,ทำไมการมีชีวิตอยู่มันถึงได้น่ากลัวและทรมานแบบนี้นะ เราขอได้ไหมโชคชะตา ขอให้วันพรุ่งนี้เราหายไปจากโลกนี้ได้ไหมเราทรมานที่สุดเลย ได้โปรด,0,1,0,1,0,1,2,33
1,ถ้าเราตายไปสักคน ทุกอย่างมันจะดีขึ้นใช่มั้ย?,0,1,0,1,0,0,2,13
0,ปีศาจ=ครอบครัวของฉัน.,0,1,0,1,0,0,2,6
1,ทำไมอยู่ๆก็ดิ่ง ดิ่งแบบไม่มีสาเหตุดิ่งจนแทบจะคุมตัวเองไม่ได้มันแย่จังแย่จนอยากจะบีบึอตัวเองให้ตายแต่ก็ทำได้แค่ให้หายใจไม่ออกชั่วคราวแค่นั้น,0,1,0,0,0,0,2,36
0,ฉันจะต้องยิ้มแบบเต็มปากให้ได้,0,1,0,0,0,0,0,7
0,ชินแล้วแหละกับคำพูดแบบนั้น,0,1,0,0,0,0,2,7
0,"ไม่ชอบคำว่า "" เลิก"" เลย 😢 😭",0,1,0,0,0,0,2,10
0,เหนื่อยๆๆๆๆๆๆๆ,0,1,0,0,0,0,2,2
0,ความรู้สึกจมดื่งที่ไม่มีวันจบ..🌊,0,1,0,0,0,0,2,9
0,เมื่อฉันเปิดเพลงหนึ่งซ้ำไปซ้ำมา 🎧 Friends : ทำไมมึงฟังเพลงนี้ซ้ำไปซ้ำมาวะ ชอบหรอ? Me. : ป่าวกูไม่ได้ชอบ แค่เคยมีคนส่งมาให้กูฟัง 😔,0,1,0,0,0,0,0,36
0,ไอ้คำว่าลูกเจ็บพ่อแม่ก็เจ็บมันใช้ได้กับพ่อแม่ที่รักและทะนุถนอมลูกมากไม่ใช่คนเป็นพ่อแบบนี้ทำร้ายร่างกายและใจลูกไม่เว้นแต่ละวันแบบนี้และยังปล่อยให้คนอื่นมาทำร้ายน่าตาเฉยแถมยังไปเข้าข้างอีกใช่หรอแน่ใจหรอว่าเราเจ็บพ่อจะเจ็บไปพร้อมกะเราถามตัวเองดีๆนะ,0,0,1,1,0,0,2,65
0,เบื่ออออแ!! ท้อแท้กับชีวิตจังว่ะ,0,1,0,0,0,0,2,9
0,เกลียดตัวเองว่ะ พอเวลาโกรธแม่งควบคุมอารมณ์ตัวเองไม่ได้เลย,0,0,1,0,0,0,2,14
0,อยากลืม แต่ก็ลืมไม่ได้,0,1,0,0,0,0,2,7
0,อยากได้กำลังใจ,0,1,0,0,0,0,2,2
0,หลายคนเป็นโรคซึมเศร้าเพราะครอบครัว ซึ่งหนึ่งในนั้นก็มีฉัน:),0,1,0,0,0,0,2,14
0,เกิดเป็นเรามันผิดมากเลยหรอครับ ?,0,1,0,1,0,0,2,10
1,แม่ดูแลเราดีมาก พี่สาวเอาใจใส่เราดีกว่าเมื่อก่อน แต่ทำไมเรายังรู้สึกแย่แบบนี้อยู่ เราอยากหนีความคิดตัวเอง เราเกลียดตัวเอง อยากตาย,0,1,0,1,0,1,2,27
0,พอไม่กินยาทั้งเช้า เย็น ก่อนนอน 1 วัน อาการคือตัวสั่นนอนไม่หลับนอนดิ้นพลิกตัวไปมา ในหัวเหมือนกำลังฝันเรื่องราวไม่ประติดประต่อกันมั่วไปหมด ข่มตาหลับทั้งคืน ก็ไม่หลับในหัวมีแต่ภาพเหล่านั้นวนไปเรื่อยๆ ทรมานดีว่ะ,0,1,0,0,0,0,2,48
0,แล้วเราบอกใครได้บ้างอะ มันไม่มีใครเข้าใจ เราพูดไปแกก็ไม่เข้าใจเราหรอก,0,1,0,1,0,0,2,21
1,สุดท้าย ได้แต่ฆ่าตัวตายซ้ำๆในความคิดตัวเอง โดดตึกตายบ้าง โดนแม่น้ำบ้าง รถชนแล้วตายไปเลยบ้าง มันทรมานมากๆเลยนะ,0,1,0,0,0,0,2,27
1,ไม่เคยมีความคิดว่าอยากตายเลย แต่ตอนนี้.. อยากตายมาก😥,0,1,0,0,1,0,2,15
0,ถ้าฉันมีโอกาสออกจากบ้านหลังนี้ได้ฉันจะไปให้ไกลโดยไม่หันกลับมาอีก,0,1,0,0,0,0,2,18
0,ฉันอยากมีความสุขจริงๆบ้าง,0,1,0,0,0,0,2,5
0,บ้านเราสอนให้รู้จักกับความผิดหวังเสมอ สอนว่าคนเราใช่ว่าจะมีความสุขตลอด แต่เขาไม่เคยสอนเราเลยว่าความสมหวังกับความสุขน่าตามันเป็นไง หรือที่เราทำได้คือทนและมองดูคนอื่นโดยหวังว่าวันนึงเราจะได้เจอแบบเขาบ้าง แต่น่าเสียดายมันอาจจะไม่มีวันนั้น,0,1,0,0,0,0,2,59
0,( พูดกับฉัน ) ช่วยไม่ได้ ไม่รู้จะช่วยยังไง ตัวมึงเองหัดดูแลตัวเองให้เป็น มึงไม่ใช่เด็กๆ แล้ว นึกถึงคนข้างหลังบ้าง ( พูดกับเขา ) มีอะไรบอกกูได้ กูอยู่ข้างๆมึง กูเป็นห่วง Its importance is different.,0,1,0,0,0,0,0,49
0,ไร้ค่า ไร้ค่า ไร้ค่า คำๆนี้วนเวียนซ้ำไปซ้ำมาในหัว ถ้าไม่มีเรา แม่เราคงสบายใจ ถ้าเราตายไปซะ มันคงดีกับพวกเค้า,0,1,0,1,0,0,2,28
1,ทำไมมันไม่ดีขึ้นเลยนะ รู้สึกเหนื่อยมากๆอยากพัก อยากหลับไปเลย เบื่อความรู้สึกแบบนี้ 🥺,0,1,0,0,0,0,2,20
0,วันนี้เป็นไงบ้าง?มาคุยกันหน่อยมั้ย:),1,0,0,0,0,0,1,10
0,ช่วยอดทนอีกนิดนะตัวฉัน ขอร้องล่ะ อย่าพึ่งทำอะไรไปมากกว่านี้เลยนะ,0,0,0,0,0,1,2,18
0,คุณจะรู้ไหมนะว่าแบบในขณะที่ฉันเศร้าฉันก็มีพวกคุณเยียวยาจิตใจ... บทเพลงของพวกคุณมันช่วยให้ฉันมีกำลังใจในแต่ละครั้งที่รู้สึกเศร้าคุณช่วยดึงฉันมาจากเหตุการณ์อันเลวร้าย คุณสร้างร้อยยิ้มให้ฉัน มันทำให้ฉันไม่รู้สึกว่าอยู่คนเดียว..ขอบคุณจริงๆ🙏💜💜,1,0,0,0,0,0,1,57
1,ถ้าฉันกระโดดลงมาจากหน้าต่างบานนั้นมันจะตายหรือป่าวนะ,0,0,0,0,0,0,2,14
0,ฉันจะมีชีวิตใหม่ได้อย่างไร😭,0,1,0,0,0,0,2,7
0,เรามันเกิดจากความผิดพลาด หรือความรักกันแน่นะ',0,1,0,1,0,0,2,11
0,ตอนคุณร้องไห้ เสียใจ เราคอยปลอบคอยกอดอยู่ข้างๆตลอด แต่พอเราร้องไห้บ้าง ไม่เห็นมีใครกอดหรือปลอบเราเลย,0,1,0,0,0,0,2,26
0,กว่าจะกลับมารักตัวเองได้ก็สายไปเเล้ว😢,0,1,0,0,0,0,2,11
0,อย่างที่คิดไว้ไม่เหลือใครจริงๆด้วยคิดว่าจะมีเพื่อนสนิทอยู่ข้างๆคอยรับฟังและเข้าใจแต่ก็ไม่ คิดว่าแม่ที่รู้ว่สเราเป็นโรคนี้จะเข้าใจและรับฟังแต่สรุปเลยคือไม่เราก็ต้องอยู่คนเดียวอีกแล้ว... 😢😔,0,1,0,1,0,0,2,49
0,ฉันไม่ได้เป็น ฉันแค่คิดไปเองเท่านั้น,0,1,0,0,0,1,0,10
0,กรกฎาแล้ว แล้วคุณล่ะ จะรัก หรือ จะลา... 😌😔,0,1,0,0,0,0,0,12
0,กู = ถูกลืม 5555555555 😂,0,1,0,1,0,0,2,6
0,การเลี้ยงดูเด็กคนนึงให้โตมาอย่างมีคุณภาพมันไม่ใช่เรื่องง่าย ถ้าคิดว่ายังไม่พร้อมก็อย่าพึ่งคิดจะมีลูกเพราะพ่อแม่ อาจสร้างปมให้เด็กคนๆนึงได้ทั้งชีวิต,0,0,1,0,0,0,2,40
0,ทุกคนแม่งก็ดีเเต่โทษกูอ่ะ,0,1,0,1,0,0,2,8
0,ช่วงกักตัวมีเวลาดูแลตัวเองมากขึ้น ใช้สกิลแคร์จนรู้สึกผิวหน้าดีขึ้นมาก แต่ก็ต้องสะดุดกับรอยแผลเป็นที่เกิดจากการกรีด การทำให้เป็นรอย รอยพวกนั้นไม่จางลงไปด้วยเลย เหลือรอยแผลให้เรานึกถึงกับอดีตที่แย่ ๆ ทุกสัมผัสหวนแต่คิดถึงเรื่องราวในอดีต ต่างรอยแผล ต่างความเจ็บปวด,0,1,0,0,0,0,2,60
0,หลับตาซิที่รักขอเธอนอนหลับฝันเพื่อพรุ่งนี้ได้พบวันใหม่กับฉัน~,0,1,0,0,0,0,0,16
1,เมื่อไหร่จะตายสักที,0,1,0,0,0,0,2,4
1,เมื่อเราตายเราก็จะกลายเป็นแค่ความทรงจำและเมื่อเวลาผ่านไปความทรงจำก็จะค่อยๆตายไปจากใจคนคนนั้น...,0,1,0,0,0,0,2,26
0,และเวลาเด็กๆเจอเรื่องพวกนี้มา ก็ไม่สามารถเล่าให้ใครฟังได้ ก็ทำได้แต่เข้ามานั่งในห้อง ร้องไห้ ระบายอารมณ์ทุกอย่างออกได้แค่ทางน้ำตา โดยที่คนที่ทำให้เป็นแบบนี้กลับไม่หันมาเหลียวแล และไม่มีใครคอยอยู่ข้างๆคอยปลอบเลย,0,1,0,0,0,0,2,52
0,เหนื่อยก็พักเจ็บหนักก็ไปตาย 🙂,0,1,0,0,0,0,2,9
0,เราได้มาถึงจุดๆหนึ่งที่เราไม่สามารถรับอะไรได้อีก ทำไมน้ำตามันถึงไม่หยุดไหลซักทีนะ,0,1,0,0,0,0,2,24
0,ความเงียบคือสิ่งปลอบประโลมใจเราได้ดีที่สุดและเป็นสิ่งที่เคี้ยนตีให้เราเจ็บปวดมากที่สุด,0,1,0,0,0,0,2,21
0,ทำไมนะ มั้งๆที่ไม่รู้อะไรกับมาพูดแบบนี้ นี่ก็หลานนะ นี่ก็ทำงานตั้งแต่13 ส่วนอีกคนหล้ะ 21ยังไม่ทำงานเลย แต่กับมาว่าเรา บ่นเรา เราทำไรผิด โคตรน้อยใจเลยนะ เราเหมือนอยู่ตัวคนเดียวทั้งๆที่ก็คุยกับพ่อแม่ถึงจะไม่ได้อยู่ด้วยก้เถอะ อยู่บ้านนี้เราจะดีขึ้นหรอ,0,1,1,1,0,1,2,70
0,1ปีกับโรคซึมเศร้าเทอว่าเราจะหายมั้ยยิ่งตอนนี้เจอกับเรื่องเหี้ยอะไรไม่รู้ในประเทศจิตตกง่ายกว่าเดิมอีก ช่วยเป็นกำลังใจให้เราด้วยนะคะเราอยากหายไวๆแล้ว😔,0,1,0,0,0,1,2,42
0,มึง บางความสัมพันธ์อะที่มันแบบทำให้อีกฝ่ายร้องไห้ทุกวันทุกครั้งที่เวลาทะเลาะกัน บางทีกูกะเสียใจนะที่ทำไมกูดูแย่จังวะกูทำเหมือนกูไม่รักเขา แต่ในใจกูอะโครตรักเขาเลยไอ้สัส และแม่งเวลาเขาร้องไห้กูกลัวว่าวันหนึ่งเขาจะจากกูไปกูกลัวเขาจะเบื่อกูวะ,0,1,0,0,0,1,2,68
0,เราอาร์มนะ มีกำลังใจ เพลงนี้ชื่อ หมาดำเพื่อนรัก อย่าให้มันทำร้ายเรา เราคือเจ้าของชีวิตนะเจ้าหมา ทุกคนผมอาร์มที่ส่งต่อเพลงsos ลองฟัง ส่งต่อ และผมเชื่อว่าทุกคน ไม่มีใครอยากป่วย ชีวิตคุณมีค่าอย่ายอมแพ้ น้องสาวผมก็ยังต่อสู้ไปด้วยกัน,1,0,0,0,0,0,1,55
0,ทำไมมันเหนื่อยจังว่ะ5555😐😢😭,0,1,0,0,1,0,2,7
0,พน.เราจะออกจากบ้านแล้วน้าาา เป็นกำลังใจให้หน่อยสิ,1,0,0,0,0,0,0,14
0,ความสุข คืออะไรกันนะ.,0,1,0,0,0,0,2,6
0,ทางออกจะตันทุกทางอย่างงี้ไม่ได้นะ เราจะเดินต่อไปไม่ได้ เราเหนื่อยมากแล้ว เราอดทนมากเกินไปแล้ว เราไม่มีแรงจะเดินต่อแล้ว 😢 .,0,1,0,0,0,0,2,33
1,ถ้าวันนี้ฉันตาย ฉันไม่เสียดายอะไรเลยเพาะนั้นคือความสุขสุดท้ายที่มีแล้วจริงๆ,0,1,0,0,0,0,2,18
0,ซอสพริก,0,0,0,0,0,0,0,2
1,สำหรับบางคน ความตายอาจเป็นคำตอบเดียวของเขาแต่สิ่งที่รั้งเค้าไว้อยู่ก็เป็นความสุขที่ไม่เคยมีและไม่เคยได้รับเช่นกัน... สิ่งที่รั้งไว้คือความหวัง หวังว่าจะมีความสุขบ้าง,0,1,0,0,0,0,2,40
0,ไม่ไหวเเล้วจริงๆ,0,1,0,0,0,0,2,4
0,บอกตัวเองเสมอว่าสู้ๆนะ เพราะงั้นตอนนี้เลยยังคงต้องอยู่ต่อไปเรื่อยๆถึงจะเหนื่อยแค่ไหนก็ต้องทำต่อไป✌️✌️,1,0,0,0,0,0,1,26
0,ไม่ว่าจะพยายามอธิบายความเศร้าให้ฟังขนาดไหน ก็ไม่มีใครเข้าใจและปลอบเราได้จริงๆหรอก!,0,1,0,0,0,0,2,22
0,ถึงฉันจากอดีตถึงอนาคต เธอเป็นไงบ้าง มีความสุขดีมั้ย เหนื่อยมั้ย วันนี้ได้พูดกับใครบ้างรึยัง เธอยิ้มหรือหัวเราะบ้างรึยัง หรือตอนนี้กำลังดิ่งอยู่นะ ฉันไม่รู้จะช่วยเธอยังไงจริงๆ ขอโทษนะ,0,1,0,0,0,0,2,45
0,ลูกคนโตที่คุณไม่เคยสนใจ ก็อยากได้ความรักความอบอุ่นเหมือนกันนะ.,0,1,0,1,0,0,2,14
0,"""ฉันเหนื่อย"" เหนื่อยกับการที่ต้องผิดหวังอยู่ซ้ำๆกับเรื่องเดิมๆ",0,1,0,0,0,0,2,16
1,พออยากเข้าสังคมก็เริ่มมีความคิดแปลกๆเข้ามา หรือว่าเราเหมาะที่จะอยู่คนเดียว คนอย่างเราควรอยู่คนเดียว ควรตายไปกับความคิดแย่ๆสะ ไม่ควรมีชีวิตอยู่ต่อไป,0,1,0,1,0,1,2,35
0,ความรู้สึกแตกสลายนี้ เอามันออกไปได้รึเปล่า,0,1,0,0,0,0,2,9
0,ผิดเองผิดทุกอย่างเลย,0,1,0,0,0,0,2,5
0,อะไรที่เป็นความสุขของเธอ มันก็คือความสุขของฉันเหมือนกัน,1,0,0,0,0,0,1,13
0,รู้จักคนเยอะนะ แต่เวลาเศร้ามา เหมือนหันหาใครก้ไม่เจอ.. ไม่รู้จริงๆว่าคนไหนจะฟังแล้วเข้าใจจริงๆ ไม่ใช่ฟังไปเผื่อเอาไปนินทาต่อ ...,0,1,0,0,0,1,2,37
0,เป็นโรคที่ทรมานเเละกัดกินจิตใจมาก ทรมานจนเหมือนตายทั้งเป็น,0,1,0,0,0,0,2,13
0,อยากถาม คือถ้าพ่อแม่เรารักพี่เราและฝากความคาดหวังไว้ทำให้เกิดโรคเครียดหรือซึมเศร้ารึป่าวคะ? คือพี่เราเรียนจนร้องไห้ โกรธทุกครั้งที่เวลาเราเข้าข้างแม่หรือพ่อ หรือทำหน้าบึ้งใส่นิดหน่อยก็ร้องไห้ คือพี่เราเป็นอะไรรึป่าวคะ?,0,1,0,0,0,0,2,52
0,ผมอาร์มนะครับ เพลงชื่อ SOSนี้ผมเขียนถึงโรคซึมเศร้า จากการที่น้องสาวผมป่วยทำให้ผมอยากแชร์เพลงนี้ให้สังคมบอกให้สังคมเปิดใจ บอกให้คนที่ป่วยรู้ถึงกำลังใจ ส่งต่อเพลงนี้ให้สังคมกันนะครับ อย่ายอมแพ้ครับทุกคนเลยนะ อยากให้คนที่ไม่เปิดใจได้ฟัง,1,0,0,0,0,0,1,61
0,ไหวไหมนะตัวเรา จะอยู่ได้ถึงพรุ่งนี้ไหม ไม่ได้ก็ดี มีค่าอะไรในชีวิตใครไหม มีแต่ทำให้คนอื่นรุ้สึกแย่ ตลกหว่ะ,0,1,0,1,0,1,2,28
0,เมียพี่นี่แอดวานทุกวัน... ล่าสุดบอกว่า รู้ว่าอยากได้ผัว แต่หนุจะได้ผัวเป็นยาม เพียงแค่เรา คืออยุในบ้าน เราแค่ถอดเกงสับออกเพราะอึดอัด มันตีหนึ่งอะ ถ้าออกข้างนอกแล้วไม่ใส่ เออ!! กุให้มึงด่า,0,0,1,0,0,0,2,52
0,มันเศร้านะผมรู้สึกว่ามันเศร้าถึงเศร้าเลยเเหละ ไม่รู้ว่าเพราะอะไรทำไมถึงรู้สึกเศร้าเเบบนี้ อาจจะเป็นเพราะผมกลัวว่ามันจะไม่สำเร็จ กลัวว่าผมจะทำมันพลาด กลัวว่าคนที่รอคอยจะไม่สมหวังกับผม มันเลยทำให้ผมรู้สึกเเบบนี้ รู้สึกไม่ดีหรือรู้สึกหงอยไปเลยอ่ะ 😩,0,1,0,0,0,1,2,68
0,ก่อนหน้านี้พยายามกรีดแขนตัวเองหลายครั้ง แต่ไม่กล้าพอที่จะทำ พอมาวันนี้เราทำมันไปแล้ว เราต้องรู้สึกยังไงอ่ะตอนนี้,0,1,0,0,0,0,2,25
1,อยากพักผ่อนจริงๆสักที ให้เราไปเถอะ,0,1,0,0,0,0,2,8
0,พ่อแม่ไม่มีหรอกที่ไม่รักลูก ใช่เพราะเขาไม่เคยคิดว่าเราเป็นลูกไง เขาเลยไม่เคยรักเราเลย,0,1,1,1,0,0,2,26
0,จงอย่าเสียเวลาให้กับสิ่งที่…ไม่ทำให้ชีวิตเราดีขึ้น,0,0,0,0,0,0,0,13
0,เครียดคืออะไร คิดสั้นคืออะไร ซึมเศร้าคืออะไร ท้อหว่ะ,0,1,0,0,0,0,2,11
0,แกเป็นฟอลผมด้วย แกกำลังใจดีมาก ไม่คิดว่าจะจากไปอย่างกระทันหันแบบนี้,0,1,0,0,1,0,2,16
0,บางทีการพูดอะไรสักอย่างออกมา มันไม่ใช่เรื่องง่ายเลยนะ;-;,0,1,0,0,0,1,2,15
0,เพราะอดีตมันเเย่มันโดนมาเยอะฉันซื่อสัตย์กับความรักมาตลอดแต่ทุกครั้งที่ฉันมีมันและซื่อสัตย์กับมันมันทำให้ฉันต้องโดนหักหลังตลอดฉันจึงกลัวที่จะมีมัน💔นอกจาก💓ความรักที่บริสุทธิ์จากครอบครัวและเพื่อนของฉันมันไม่เคยทำให้ฉันเสียใจเลย💓,0,1,0,0,0,1,2,56
0,ชีวิตที่โสโครก,0,1,0,1,0,0,2,3
0,มีเรื่องในหัวมากมายแต่พูดไม่ได้เลยสักคำ🖤 [USER],0,1,0,0,0,0,2,13
0,31 คือตายนะครับ ไม่ใช่ยอดติดเชื้ออะไรที่ไหน,0,0,1,0,0,0,2,11
0,คำว่า รัก ของเรามันเหมือนกันบ้างไหม,0,1,0,0,0,0,2,9
0,ร้องไห้ทุกวัน ให้น้ำตาเคลือบใจที่แหลกสลาย,0,1,0,0,0,0,2,9
0,ทุกครั้งที่ทะเลาะ ต้องการให้ง้อ ไม่ใช่ให้ถอย,0,1,0,0,0,0,2,9
0,ปีสองผ่านมาได้ด้วยเกรดเฉลี่ย 3.85 ขอบคุณตัวเอง แม่และเพื่อนมากที่ทำให้เรากลับมารักตัวเองได้ ตอนนี้กลับมาดูแลหุ่นแบบจริงจังแล้ว สู้เว้ย! อยากบอกคนที่ท้อเหมือนเราว่า อย่ากดดันตัวเองเลย ตัวคุณรู้จักตัวเองดีที่สุด รักตัวเองเยอะๆนะ สู้ๆ,1,0,0,0,0,0,1,56
0,แม้ในวันที่เธอหกล้มฉันก็ยังคงบอกกับเธอว่าไม่เป็นไรนะฉันจะพยุงเธอขึ้นมารักษาแผลของเธอจนกว่าจะหายดี เธอน่ะ เก่งที่สุดสำหรับฉันเลยนะไม่เป็นไรหรอกถ้าเธอจะมีบาดแผลไม่เป็นไรหรอกถ้าอยากจะร้องไห้หรืออ่อนแอ แต่เมื่อวันนี้เธออ่อนแอแล้วพรุ่งนี้เธอต้องเข้มแข็งนะ คนเก่ง,1,0,0,0,0,0,1,63
0,เหมือนเขาพึ่งรู้ว่าเราผอมลง น้ำหนักก็ลดไปตั้งเยอะทำไมพึ่งสังเกตุ?,0,0,0,0,1,0,2,19
0,บางคนอยากลืมอดีตแต่ฉันจำอดีตไม่ได้เลย,0,1,0,0,0,0,2,11
0,ตั้งแต่แพนิคแล้วช็อควันนั้นก็เหมือนช็อคทุกครั้งกับการสูญเสีย กลายเป็นคนอารมณ์อ่อนไหว ช็อคแล้วก็ร้อนหน้าอกไปหมดร้อนแบบจับดูแล้วรู้สึกเลยว่าตัวร้อนมาก ;-; ไม่อยากให้อะไรจากไปอีกแล้ว รับไม่ไหว,0,1,0,0,0,1,2,43
0,ตอนที่เราเป็นไฟ ขอบคุณเธอที่คอยเติมนำ้มัน,0,0,0,0,0,0,0,10
0,เป็นคนคนหนึ่งที่กลัวความสูญเสียคนที่รักไปมากๆกลัวถึงขั้นจะเรียกว่าบ้าเลยก็ได้อ่ะคือแค่ขนาดนิยายอ่ะที่มีเนื้อหาเกี่ยวกับการสูญเสียคนที่รักไปยังอ่านไม่ได้เลยไม่ว่าเรื่องนั้นจะเป็นเรื่องที่อยากอ่านมากขนาดไหนพออ่านไปถึงตอนที่ตัวละครเสียคนที่รักไปก็คือหยุดเลยจ้าหยุดทันที,0,0,0,0,0,1,2,68
0,เคยคิดจะฆ่าตัวตายนะแบบเครียดมากแล้วก็กดดัน พอกลับมาคิดอีกครั้งอ่ะเห้ยถ้าตายไปจริงๆอ่ะแล้วเราจะเอาอะไรไปตอกกลับเขาอ่ะ ถึงตายไปมันก็ไม่สะใจหรอก สู้ไม่ตายเรียนให้จบหางานดีๆกลับไปตอกหน้าคนที่เคยดูถูกเราสะใจกว่าเยอะ!,0,0,1,0,0,0,0,59
0,อย่างน้อยครั้งนึงในชีวิตวัยเด็กฉันก็ยังมีความสุข...,0,1,0,0,0,0,0,12
1,มันคือการระบายสิ่งที่อยู่ในใจออกมา มันเป็นสิ่งที่ไม่มีใครเข้าใจได้ มันคือความเจ็บปวดภายในใจที่ได้ระบายออกมาในรูปแบบของการทำร้ายตัวเอง ถึงจะรู้ว่าไม่ควรทำ แต่ตอนทำมันกลับรู้สึกดีมากนะ,0,1,0,1,0,0,2,46
0,ยิ้มทุกวัน หัวเราะทุกวัน แต่ในใจมันปตกสลายไปหมด ยิ่งวันนั้นที่ทะเลาะกับแม่ ขับรถหนีออกจากบ้านไป ทั้งพ่อทั้งแม่ก็โทรตาม ใจมันก็คิดว่าทำไมไม่ขับรถตกสะพานตายไปเลย,0,1,0,0,0,0,2,43
0,ในวันที่ฉันรู้สึกแย่กับครอบครัวกลับไม่มีใครสนใจฉันแม้แต่เพื่อนสนิท ในขณะที่พวกเขารู้สึกแย่ฉันยังอยู่กับเขาเสมอไม่เคยห่าง 😢 Cr. เพื่อนทรยศ,0,1,0,0,0,0,2,32
0,ชอบผลงานเพลงนอนน้อย มากเลยค่ะ ขอแสดงความเสียใจอย่างสุดซึ้ง,0,1,0,0,0,0,2,13
0,ความรู้สึกมันเป็นเรื่องละเอียดอ่อน,0,1,0,0,0,0,2,4
0,เห้ออเกลียดตัวเองมาก ทำไมต้องรักคนง่ายด้วยว้ะ... โชคร้ายกว่านั้น คือไปรักคนที่เขาไม่คิดจะจริงจังกับเราตั้งแต่แรก,0,1,0,0,0,0,2,29
0,ตามนั้น,0,0,0,0,0,0,0,1
0,เรารู้ว่าเราจิตไม่ปกติ เพราะใครกันล่ะที่ทำให้เราเป็นแบบนี้,0,1,1,1,0,0,2,16
0,เราของแนะนำเพลงนี้ดูนะคะ เป็นเพลงเราฟังทุกครั้งเลยเวลาที่เราไม่สบายใจ ถึงแม้จะเป็นเพลงเกาหลีก็ตาม เราฟังเพลงนี้แล้วร้องไห้เลยค่ะ แล้วพูดกับตัวเองว่าลืมวันเก่าๆไปแล้วมาเริ่มนับ1ใหม่ เราหวังว่าคุณจะไม่ทำร้ายตัวนะคะ(1),1,0,0,0,0,0,1,55
0,ความรักไม่เคยทำร้ายใคร มีเเต่ความไม่จริงใจที่ทำร้ายกัน 💔 -fate-,0,1,0,0,0,0,2,15
0,ความรู้สึกที่คุ้นชิ ความรู้สึกที่อยากหายไปมันได้กลับมาอีกแล้ว ทรมานจังเลย,0,1,0,0,0,0,2,16
0,ไม่น่าเชื่อว่า คำพูดคนๆนึง จะส่งผลร้ายต่อความรู้สึก ร่างกาย จิตใจ และสมองคนอีกคนได้จริงๆ คิดดูสิ คนๆนั้นคงเป็นคนที่มีค่ามากทางจิตใจคนนึงเลยแหละ,0,1,0,1,1,0,0,37
0,เหมือนเราจะเคยชินกับการที่อยู่กับหมู่เพื่อน ญาติ พี่น้อง พอเวลาที่ต้องอยู่คนเดียว ดำเนินชีวิตไปตามลำพัง มันเคว้งมากเว้ย รู้สึกแบบไม่ใช่ความรู้สึกแบบนี้ ทั้งๆ ที่เมื่อก่อนก็อยู่มาได้ แต่ทำไมตอนนี้... หรือเรายึดติดกับคนอื่นมากเกินไป ควรทำไงว่ะ! ทำใจหรอ?,0,0,0,0,0,1,2,55
0,มีใครเป็นโรคซึมเศร้าแล้วพ่อแม่ไม่รู้บ้าง เราคนนึงแหละไม่กล้าบอกเพราะพวกเขาจะหาว่าไร้สาระ,0,1,0,1,0,1,2,21
0,5 คนที่กำลังตกยุ่ใน สุ้ๆนะ ขอให้รุ้ไว้ว่ามีคนที่ยุ่ข้างเทอ ถึงเราจะเป้นคนแปลกหน้า แต่เราเชื่อว่าคุณทำได้!!อย่ายอมแพ้ ชีวิตนี้คือของเทอ ล้มแล้วก้อลุก มีอะไรทักมาได้เลยนะ💓,1,0,0,0,0,0,1,54
0,บันทึกถึงลูกสาว : ของขวัญที่มีค่ายิ่ง - Pantip ขอบคุณลูกๆทร่เป็นสิ่งเดียวในเวลานั้นที่ทำให้คุณแม่ยังอยากอยู่บนโลกใบนี้ต่อไป,1,0,0,0,0,0,1,28
0,บางทีก็คิดว่าโลกมันไม่ค่อยอยากให้เรามีความสุขนาน สักพักก็เอาความเสียใจมาอัดหน้ากัน,0,1,0,1,0,0,2,20
0,ทำไมฉันถึงไม่เคยมีความสุขเลย😭,0,1,0,0,0,0,2,8
0,เราอยากมาเเชร์วิธีที่เวลาเราเศร้าเเละร้องไห้หนักมากๆ เราทำตามซีรีส์เรื่องหนึ่ง คือการ เอามือไขว้กันข้างหน้าเป็นตัวX เเล้วค่อยตบไหล่เบาๆสลับกันไปมา พร้อมพูดว่าไม่เป็นไรเเล้วนะวิธีนี้จะช่วยให้เรามีสติเเละปลอบตัวเองได้มากขึ้น ลองดูนะคะ เราว่ามันช่วยได้เยอะเลยนะ ✌🏻❣️,1,0,0,0,0,0,1,67
0,"ระหว่าง กับ ""ตัวเรา"" อะไรจะหายก่อนกัน",0,1,0,0,0,0,2,10
0,เราโดนบูลลี่เรื่องรูปร่างมาตลอดตั้งแต่เด็ก อีอ้วน อีช้าง ฮิปโป แมมมอส ทุกคำที่โดดนเราได้แต่เก็บไว้ในใจ และหวังว่าพวกเค้าจะหยุด แต่เปล่าเลย จนตอนนี้เราทำงานเป็นครู เราก็โดนครูด้วยบูลลี่ทุกวัน อ้วน ระวังพื้นแตกนะ เมื่อไหร่กันนะที่คนพวกนี้จะสำนึก ว่าคำพูดก็ทำร้านคนได้,0,1,1,1,0,1,2,73
1,จะตายก็ไม่ได้จะอยู่ก็ทรมาน แล้วเราควรทำยังไง ตายทั้งเป็นงั้นหรอ,0,1,0,0,0,0,2,17
0,กลับมาแย่อีกแล้วแย่ไปหมด,0,1,0,0,0,0,2,6
0,มันจุก จุปมากๆเลย จุกจนร้องไห้ไม่ออก555,0,1,0,0,0,0,2,13
0,ทำไมต้องร้องไห้ก่อนนอน ถึงจะนอนหลับลึก ถ้าไม่ร้องก็หลับแหละ แต่สะดุ้งตื่นกลางดึก แล้วก็มานั่งโทษตัวเอง แล้วก็ร้องไห้ แล้วก็หลับไป บางทีเราก็ไม่เข้าใจเธอนะ เราเหนื่อยแล้วนะ ที่รู้ว่าก่อนนอนเราต้องร้องไห้ ถึงจะได้ไม่ต้องกินยานอนหลับ,0,1,0,0,1,0,2,53
0,แม่พูดว่ากูไม่เคยคิดว่ามึงเป็นคนแบบนีั ทำไมมึงเป็นแบบนี้ ...,0,1,0,1,0,0,2,17
0,คนเป็นซึมเศร้าเยอะจริงๆ เรามีเพื่อนที่อยู่ข้างนอกนั่นเยอะมากๆเลยอ่ะ ดีใจ,1,0,0,0,0,0,1,17
0,มีใครเป็นไหมคะ อยู่ๆก็รู้สึกเหนื่อย อยากร้องไห้ออกมาดังๆ เราปวดหัวมากเลยค่ะ ตอนนี้เราพยายามไม่ให้ตัวเองร้องไห้หนักเพราะหัวจะปวดมากขึ้นกว่าเดิม,0,1,0,0,0,0,2,35
0,เราเป็นคนนึงที่ไม่ว่าครอบครัวจะอยู่พร้อมหน้ากันหรือไม่พร้อมหน้ากัน เราก็ไม่ได้รู้สึกมีความสุขเลย,0,1,0,0,0,0,2,22
1,ตายมั้ยจะได้จบ ใครไม่จบ แต่เราจบ จบชีวิตมันตรงนี้แหละ พอที กลับมาบาปต่อ,0,1,0,0,0,0,2,19
0,คนเราเกิดมาเพื่ออะไร? หลายคนมีคำตอบของตัวเอง ยกเว้นฉัน ผู้ที่ไม่รู้ว่าเกิดมาเพื่ออะไร และมีชีวิตไปทำไม,0,1,0,0,0,0,2,27
0,คน โลก จิต กลับมาด้วย ด้วยซีรีส์ SEASON of BLUE ฤดูแห่งความสุขสีฟ้า เมื่อ แปลว่า เราจึงต้อง กัน บทความแรกของซีรีส์ที่ขอพาทุกคนไปเข้าใจ “การกอด” มากขึ้น,1,0,0,0,0,0,0,37
0,🗣 คุณ... เคยคิดมากจนนอนไม่หลับไหม? 😭 คุณ... เคยหลับทั้งน้ำตาหรือป่าว ❓คุณ... เคยสงสัยไหมว่า ทำไมเราถึงทำในสิ่งที่เราไม่อยากทำ มาหาคำตอบไปพร้อมๆกัน กดดูด้วยกันเลยจร้าาาาาาา ‼️,0,1,0,0,0,0,0,50
0,อิเหี้ยโคตรเบื่อชีวิตเลยอะ แต่ละวันแบบ เหนื่อยอะ มีอะไรต้องกังวลกับอะไรเยอะแยะกับอนาคต กดดันอีก ชีวิตแม่งเหนื่อย😥 เลือกได้ขอไม่เกิดมาอะ,0,1,0,1,0,0,2,33
0,กลับบ้านทีไร มีปัญหาทุกที,0,1,0,1,0,0,2,4
0,ยิ้มเยอะนะ ไม่มีใครที่ไม่เหมาะกับรอยยิ้มหรอก💕,1,0,0,0,0,0,1,12
0,ที่จริงก็ทำใจไว้นานละนะ แต่พอเอาเข้าจริง ก็ยังร้องไห้อยู่ดี,0,1,0,0,0,0,2,16
1,แค่..อยากหลับแล้วไม่ต้องตื่น มันผิดหรอ???,0,1,0,0,0,0,2,11
0,"ทุกความสัมพันธ์ล้วนแล้วมีความชัดเจนทั้งหมด และความชัดเจนนั้นก็มีแค่2อย่าง คือ ""รัก กับ ไม่รัก"" แค่นั้นเอง เขาชัดเจนกับคุณแล้ว...",0,1,0,0,0,0,0,31
1,ปล่อยให้ฉันได้เป็นอิสระจากความทุกข์สักที ได้โปรด...,0,1,0,0,0,0,2,10
0,รู้สึกดาวน์ไปหมด 😪,0,1,0,0,0,0,2,5
0,เหนื่อยมากจนปล่อยโฮออกมา และมีคำถามตัวเองว่ากุเกิดมาทำไมวะทำไมมันเหนื่อยแบบนี้นะ,0,1,0,1,0,0,2,20
0,เห้ยยยย ตกใจ,0,0,0,0,1,0,2,2
0,ถ้าตั้งใจจะไปอยู่แล้วจะมาถามทำไมว่าเลิกกันไหม,0,0,1,0,0,0,2,12
0,แล้วจะนอนเช้าหรอ คิดมากอยู่ได้นอนได้แล้ว,0,1,0,0,0,0,0,11
0,พอได้ฟังเพลงนี้รู้สึกมีกำลังใจขึ้นมา ไม่รู้สิ มันฮีลใจเรามากๆในวันที่เราไม่เหลือเราจะมาฟังเพลงของแม่ตลอด เพลงเศร้าที่ทำให้เราแฮปปี้ เราขอบคุณตัวเองที่ตกหลุมรักศิลปินคนนี้ 🥺❣️✨,1,0,0,0,0,0,1,45
0,เขาเอ่ยออกมาแล้วว่าถ้าเราตายไปก็ดีเราก็จะตายแบบที่เขาต้องการ,0,1,0,1,0,0,2,18
0,เห็นข้อความแบบนี้แล้วก็คิดได้ว่า ถ้าย้อนกลับไปเป็นเด็กอีกครั้งได้ เราก็แทบไม่ต่างจากตอนนี้เลย ไม่เคยได้ทำอะไรที่อยากทำเลย ทำไมมันถึงนานขนาดนี้ได้วะ,0,1,0,0,0,0,2,38
0,เหมียนหมาก็กูนี่ไง รอเก่งเกิ้นน,0,1,0,0,0,0,2,9
0,ตอนกูจะตายนอนวอร์ดจิตเวชมาบอกว่า : เรียนอะไรก็ได้ไม่บังคับ ไม่เรียนก็ได้นะ เเม่ไม่ซีเรียสเลย พอกูออกมาบอกว่า: ห้ามเรียนตกนะ ไม่อายเขาหรอก เเม่อายเค้า เอ๊ะ!! เค้าใช่คนเดียวกันรึป่าว,0,1,1,0,0,0,2,50
0,เรา : เบื่องาน เบื่อตัวเอง เบื่อชีวิต ท้อเหนื่อยไปหมด,0,1,0,0,0,0,2,11
0,คนที่ว่าจะอยู่ด้วยกันตลอดไป ตอนนี้ก็ไม่เห็นมีใครอยู่สักคน☺️,0,1,0,0,0,0,2,16
0,บ้านหลังนี้มันไม่ใช่เซฟโซนของฉัน แต่มันเป็นที่ที่ทำร้ายฉันมากที่สุด🙂 ไม่มีวันไหนเลยที่ฉันอยู่ในบ้านหลังนี้แล้วฉันมีความสุข😞,0,1,1,1,0,0,2,35
0,ต้องเข้มแข็งแค่ไหน ถึงจะยืนอย่างมั่นคงบนโลกเบี้ยวๆ ใบนี้ได้นะ,0,1,0,1,0,0,2,17
1,: เรารู้อยู่แล้วว่าวันนึงเราก็ต้องตาย : แต่เราอยากเร่งเวลานั้นให้มาถึงเร็วขึ้นก็แค่นั้นเอง,0,1,0,0,0,0,2,25
0,ใครๆก็อยากมีชีวิตที่ดีทั้งนั้น แต่แค่มันมีไม่ได้ไง,0,1,1,0,0,0,2,14
0,อยากได้ตัวเองแบบเมื่อก่อนแบบที่มีความสุข ไม่ใช่ตอนนี้หาความสุขแถบไม่เจอ,0,1,0,0,0,0,2,15
0,ไม่มีใครอยากอยู่ใกล้คนอย่างเรา และไม่มีใครอยากจะให้เราเข้าไปพูดคุยด้วย เหมือนตัวประหลาดหน่ะแหละ ไม่มีใครอยากจะยุ่งเกี่ยว,0,1,0,1,0,0,2,32
0,Back up ลูกอิดอก ให้มึงกลับบ้านไปก่อน มึงจะถึงไหมไอน้อง เห็นกูว่างไหมไอน้อง เปลี่ยนจากเงินเป็นของ เปลี่ยนจากของเป็นทอง ...,0,0,1,0,0,0,2,33
1,อยากตายแม่งให้มันจบๆ,0,1,0,0,0,0,2,8
1,ตอนร้องไห้แทบขาดใจ ไม่มีใครอยู่ตรงนั้นด้วยเลย,0,1,0,0,0,0,2,11
0,ถ้าไม่เป็นการรบกวนจนเกินไป เปิดเพลงที่ผมชอบฟังในงานศพให้ด้วย plssss 🤣 55555555,0,1,0,0,0,0,2,18
0,แค่ต้องการเซฟโซน... มันทำไมยากแบบนี้ครับ?,0,1,0,1,1,0,2,12
0,อยากให้ลองอ่านบทความนี้นะ หนึ่งปีที่ส่งต่อ และ สี่เพลงที่เกี่ยวข้องกับชีวิตและโรคซึมเศร้า ขอบคุณทุกคนที่ส่งต่อและมีส่วนร่วมกับทุกกิจกรรมครับ,0,0,0,0,0,0,1,31
0,ไม่อยากให้พรุ่งนี้มาถึงเลย เหนื่อย,0,1,0,0,0,0,2,7
0,การที่มีฉันเป็นคนในครอบครัวมันแย่ขนาดนั้นเลยหรอขอโทษนะ,0,1,0,1,0,0,2,15
0,° กูรอเค้ามามาง้อ นี่สามวันแล้ว จนป่านนี้ข้อความสักตัวก็ยังไม่มี ...,0,1,0,0,0,0,2,21
0,ฉันรู้ค่ะว่าโลกนี้มันมีอะไรอีกมากค่ะ แต่ฉันเลือกนอนดูNetflixยันสิ้นปีไปเลยค่ะ,0,1,0,0,0,0,0,23
0,โตมาก็อย่าให้โดนคนในครอบครัวพูดเเล้วกันว่าไม่อยากให้เกิดมา,0,1,0,1,0,0,2,16
0,เพราะบางทีความสุขก็เกิดขึ้นได้จากการอยู่คนเดียว,0,1,0,0,0,0,0,10
0,ใครแย่งผัวคนอื่นจงรู้ตัวไว้ว่า กฎแห่งกรรมยุติธรรมเสมอ เครดิต: นิพนธ์ นามประสิทธิ์,0,0,1,0,0,0,2,16
0,มีแต่เรารึป่าวที่โตมา ไม่เคยมีเซอร์ไพรส์วันเกิด ไม่มีของขวัญ ไม่มีการบอกรัก ไม่ทีการกอด ไม่มีอะไรเลย รวมถึงความสุข,0,1,0,0,0,0,2,30
0,คนเป็น ไม่ควรมีความรัก…รู้แล้ว,0,1,0,1,0,0,2,9
0,ไม่มีเพื่อนคบ เราน่ารังเกียจขนาดนั้นเลยหรอคะ?,0,0,0,1,0,0,2,12
0,"ถ้าคุณสังเกตเราสักนิด คุณจะรู้ว่าเราน่ะ ""ยิ้มน้อยลงมาก""",0,1,0,0,0,0,2,16
0,ความสุขกับโรคนี้มันอยู่ใกล้กันลิบตาเลยว่าไหม,0,1,0,0,0,0,2,13
0,อ่าาา มันตั้งแต่เมื่อไรกันนะที่รอยยิ้มของผมไปไม่ถึงดวงตา🙂,0,1,0,0,0,0,2,16
0,เค้ากำลังไล่ตอบทุกคนอยู่นะคะ รอเค้าหน่อยน้าา ตอนนี้กำลังไล่คุยและฟังตามลำดับแชทเลยค้าบบ,0,0,0,0,0,0,0,23
0,กับบางคนคือไม่ได้รู้จักเราดีอะไรขนาดนั้นเลย ฟิลมันเเบบเรานับ1จะถึง100อยู่เเล้วเเต่ต้องจบดิ่งเพียงเพราะคำพูดที่ไร้ความคิดป่ะ มันเเบบดูเหมือนจะไมาอะไรนะ เเต่คนมันคิดอ่ะ มันฝังใจ,0,1,0,0,0,0,2,46
0,ทุกครั้งที่ฉันให้อภัย ฉันมักจะโดดสาดคำพูดแย่ๆใส่เสมอ มันซ้ำๆซากๆจนตอนนี้ฉันไม่เจ็บปวดกับคำพูดของคนๆนั้นอีกแล้ว,0,1,0,0,0,0,2,27
0,วันนี้ไม่ค่อยดาวน์เพราะคอยหาอะไรทำอยู่เนืองๆ ซักผ้า จัดห้องครัวส่วนทำขนม พอตกบ่ายว่างนอนเล่นโทรสับแล้วก็เผลอหลับยาวไปจนบ่าย4 สามีและสมาชิกที่บ้านทำตัวน่ารักขึ้น บรรยากาศในบ้านก็ดีขึ้น ขอให้เป็นแบบนี้ไปทุกวัน เราต้องหาย,1,0,0,0,0,0,1,51
0,สลดกลางดึก ❗️ สาวคาดป่วยซึมเศร้า คิดสั้นลาโลก รมควันดับพร้อมกับแมวแสนรักอีก 2 ตัว 😢 ในคอนโดหรูย่านลาดพร้าว,0,1,0,0,0,0,2,24
0,ดิ่ง จมดิ่งลงไปเรื่อยๆ,0,1,0,0,0,0,2,5
0,เราภาวนาขอให้ทุกวันเป็นวันที่ดี ถึงแม้ในใจก็รู้อยู่แล้วว่าคงเหมือนเดิม,0,1,0,0,0,0,0,16
0,หลายๆคนมองคนที่ป่วยโรคซึมเศร้าว่า... บ้าประสาท... เรียกร้องความสนใจจากคนอื่น... ขาดความอบอุ่นจากครอบครัว... ไร้สาระ... ปัญญาอ่อน... อื้ม..ชินแล้วล่ะตะคิดยังไงก็เชิญเลยย,0,1,0,0,0,0,2,39
0,เเกไม่ตายจากใจฉันไปสักที🔕😢,0,1,0,0,0,0,2,10
0,ไม่อยากเป็นตัวปัญหาของทุกคนแล้วทำไงดี,0,1,0,0,0,0,2,10
1,เราไม่ได้ต้องการกำลังใจ เราไม่ได้ต้องการให้ใครมาเป็นห่วง เราต้องการแค่ความรู้สึกที่มั่นใจว่าอยากจะตายจริงๆ,0,1,0,0,0,1,2,24
1,ความรู้สึกอยากตายเป็นมา 2 ปีกว่าแล้ว ยังไม่หายไปแต่ดีขึ้นเมื่อได้รักษา เคยพยายามทำแต่ไม่ตาย ขอเป็นกำลังใจให้ทุกคนนะคะ การไปหาจิตแพทย์ไม่ใช่เรื่องน่ากลัวและน่าอาย เราป่วยที่ใจ ก็ให้เค้ารักษาใจเราให้ดีขึ้น มันคงต้องดีขึ้นสักวันหรือไม่เราก็เรียนรู้ที่จะอยู่กับมันได้,0,1,0,0,0,0,1,63
0,เป็นยังไงกันบ้างช่วงนี้ ใครยังไม่รักษาแนะนำให้รักษานะคะ ใครรักษาอยู่ ทานยาอย่าหยุดยาเองนะคะ มีเรื่องไม่สบายใจทักมาระบายกันได้ค่ะ เป็นกำลังใจให้ทุกคนผ่านโรคนี้ไปได้นะคะ,1,0,0,0,0,0,1,42
0,เราเป็นลูกเขาจริงๆหรือเปล่านะ นี่เป็นคำถามที่ฉันคิดตลอดเวลา,0,0,0,1,0,0,2,14
1,ทุกคนจะรักฉัน เมื่อฉันตายไปแล้ว,0,1,0,0,0,0,2,9
1,พวกแกแค่เห็นรอยยิ้มที่ฉันยิ้ม พวกแกคงคิดว่าฉันปกติดี แต่ไม่เลย... ฉันไม่เคยจะยิ้มออกมาจากใจจริงของฉันเลยด้วยซ้ำ... ฉันอยากตาย อยากตายตลอดเวลา... ฉันอยากตายแม้กระทั่งตอนที่ฉันยิ้มให้กับพวกแกทุกคน...,0,1,0,0,0,0,2,54
0,พ่อพระเอกอีกคนของฉัน,0,1,0,0,0,0,2,6
0,เราไม่ได้กลัวการตาย เรากลัวการมีชีวิต ต่างหาก,0,1,0,0,0,1,2,10
0,วันนี้มีสอบเก็บคะแนน+นำเสนองาน แต่ตอนนี้ยังนอนไม่หลับเลย 🥺 เมื่อไรจะเลิกฝันร้ายสักทีนะ,0,1,0,0,0,1,2,20
1,ตอนนี้เราไม่รู้ว่าเราเป็นมั้ยเพราะยังไม่เคยพบแพทย์ แต่ความรู้สึกตอนนี้คือไม่อยากอยู่แล้ว,0,1,0,1,0,0,2,21
0,ครอบครัวเราน่าเบื่อมากเรามีแม่เลี้ยงแม่เลี้ยงเรามีลูกพึ่ง3ขวบ ในบ้านไม่มีใครดูแลแม่ก็เอาแต่ดูโทรศัพท์น้องต้องเล่นคนเดียวนั่งดูการ์ตูนคนเดียว หิวก็หาของกินไปทั่วไม่มีใครสนใจ บางทีก็ให้เราเลี้ยงเราไม่เข้าใจถ้าไม่พร้อมจะมีทำไม,0,0,1,0,0,0,2,56
0,ดิ่งไปหมด เหมือนจมลงไปในหลุมดำลึกๆหลุมหนึ่งที่ขึ้นมายาก,0,1,0,0,0,0,2,16
0,ทุกอย่างจะจบภายในพรุ่งนี้มั้ยนะ,0,1,0,0,0,0,2,7
0,เราจะไปหาหมอเเล้วนะ เเต่เราไม่กล้า ...,0,1,0,0,0,1,2,11
0,นี่เรากำลังแข่งกันอยู่หรอ ใครตายคนสุดท้ายของโลกคนนั้นชนะหรอ??,0,1,0,1,0,0,2,18
1,เราอยากรุ้เราผิดใช่มั้ยที่เราหยุดคิดเรื่องลบๆไม่ได้ เรา ต้องทำยังไงเราก็ไม่ได้อยากคิดมั้ยอ่ะเรื่องแย่ๆแบบนั้น เราไม่รุ้แล้วจะทำยังไง... นอกจากเราจะตาย...,0,1,0,1,0,0,2,46
0,เหนื่อเป็นนะเราไม่ใช่หุ่นยนต์มีความรู้สึก😂,0,1,0,0,0,0,2,10
0,แต่ก่อนเรายิ้มและร่าเริงมากกว่าตอนนี้ รอยยิ้มของฉันได้หายไปตั้งแต่เมื่อไร... ฉันจำไม่ได้แล้ว...,0,1,0,0,1,0,2,22
0,พรุ่งนี้ฉันจะทำอย่างไร แกล้งมีความสุขมันเหนื่อยมากๆเลยนะ,0,1,0,0,0,0,2,13
0,"พี่แอนท์ สุดยอดนางแบบในยุค90 และเป็นคนที่เราเลือกให้เธอเป็นความสมัยใหม่ในยุคมิลเลนเนียมได้จากเราไปแล้ว ขอให้พี่ไปสู่ภพภูมิที่ดี ดีใจที่ได้เคยร่วมงานกันค่ะ @ Bangkok, Thailand",0,1,0,0,0,0,2,47
1,ไม่ ซัพพอร์ต อะไรก็ได้... ยอม แต่จะมาบอกว่าน่องไม่ป่วยไม่ได้... ยูก้รู้ว่าเราเคยฆ่าตัวตาย แต่ไม่รู้ว่าทำมาดีกว่า30ครั้ง... มันควรถึงเวลาที่ยูจะซัพพอร์ตเราอ่ะ เราต้องหาหมอต่อ,0,1,1,0,0,0,2,48
0,เอาเพลงเพราะๆมาฝากฟลวงับ🙃🖤,0,0,0,0,0,0,0,9
0,สิ่งที่น่ากลัวที่สุดคือจิตใจของตัวเราเอง มันน่ากลัวมากเลยนะ มันมีอีกคนในจิตใจของเราที่มันสั่งการทุกอย่าง,0,1,0,0,0,1,2,25
1,มันน่าเศร้าดีนะ ขอพรให้ตัวเองหายไป แต่ทำไมยังหน้าด้านมีชีวิตอยู่,0,1,1,1,0,0,2,15
0,สวัสดีครับผมอาร์มที่ส่งต่อเพลง sos เปิดใจให้มาก รับฟังให้มาก อย่าตัดสิน ไม่ใครอยากป่วยและส่วนใหญ่สาเหตุก็ง่ายๆคือครอบครัว และสารเคมีในสมองครับ อย่ายอมแพ้เน้อ บทสัมภาษณ์ทาง way magazine,1,0,0,0,0,0,1,39
0,อาร์มนะครับ มีเซฟโซนในเพลงนี้ เพลงนี้ชื่อแค่เปิดใจรับฟัง อยากให้สังคมเปิดใจรับฟังความรู้สึกของคนที่กำลังต่อสู้ รวมถึงคนรอบตัวเราด้วย และผมกับเพลงนี้จะช่วยรับฟังคอมเมนท์ระบาย ส่งต่อกำลังใจกันอย่ายอมแพ้ ผมที่ส่งต่อเพลงsos ผมเชื่อใจทุกคน,1,0,0,0,0,0,1,54
0,พร้อมที่จะเริ่มต้นใหม่ยัง ขอให้เจอเเต่คนดีดีนะ 😊,1,0,0,0,0,0,1,12
1,อยากหายไปจริงๆ,0,1,0,0,0,0,2,4
0,พยาบาลคือจี้ปมแรงมาก ขยี้เก่งนัก เอาพยาบาลคนเดิมของหนูคืนมาาาาา,0,0,1,0,1,0,2,18
0,สุดท้าย..ก็วนกลับมาที่เดิม,0,1,0,0,0,0,2,7
1,อยากจะเห็นเราก็รีบหน่อยนะ เพราะเรากำลังจะจากไป,0,1,0,0,0,0,2,12
0,ไม่มีใครทนอยู่ ทนคุยกับเราได้นานหรอก555555,0,1,0,1,0,0,2,13
0,อยากจะเป็นเพื่อนกับทุกคน แต่ลืมไปว่า ไม่มีใครอยากเป็นเพื่อนกับเรา,0,1,0,1,0,0,2,16
0,ชีวิตฉันมันไม่ได้มีความสุขนักหรอก,0,1,0,0,0,0,2,8
0,บางทีดูก็รู้ว่าคนรอบข้างรังเกียจเรา...,0,0,0,1,0,1,2,10
0,ชีวิตนี้คงไม่มีใครต้องการเราแล้วสินะ...,0,1,0,1,0,0,2,12
0,ทุกครั้งที่ออกจากบ้าน ไปมีความสุข วันไหนที่ไปโรงเรียนแล้วมีความสุขมากๆ พอกลับมาถึงบ้านมักจะไม่มีความสุขเสมอ,0,1,0,0,1,0,2,22
0,เครียดจะตายอยู่เเล้วมันท้อไปหมดคนส่งธรรมมะมาให้ก็ส่งอยู่นั่นแหละไม่ได้ช่วยไรเลยบันเทิงจัง55,0,1,0,0,0,0,2,27
0,รู้สึกแย่มากเลยอะถ้าบอกว่าอยากมีแม่เหมือนคนนั้นคนนี้จะเป็นไรมั้ยอะ เราไม่ชอบที่เราทำไรไม่ถูกใจแม่แล้วแบบทำหน้าไม่ดีใส่อะมองบนบ้างเบะปากใส่งี้หรอ ใช้เงินเยอะฟุ่มเฟื่อยไม่คิดถึงลูกเลย พ่อก็อารมณ์ร้อนชอบเอาความคิดตัวเองเป็นใหญ่ไม่ฟังความคิดเห็นคนอื่นบอกไปก็ด่า🖤,0,1,0,1,0,0,2,72
0,เข้าใจเราเข้าใจเป็นสิ่งที่แบบคือเราพยายามเข้าใจเพื่อนทุกคนนะแต่มันก็เหมือนจะไม่มีใครเข้าใจเราเลยอ่ะ:(,0,1,0,1,0,0,2,27
0,บางครั้ง ก็ไม่อยากรับรู้อะไรเลย,0,1,0,0,0,0,2,7
1,ต้องกินยาเยอะขนาดไหนถึงจะตาย,0,0,0,0,1,0,2,9
0,เหนื่อยทุกวัน อยากหายจากโรคจริงๆ ไม่อยากเป็นโรคนี้ มันว่างเปล่าเหลือเกิน เจ็บปวดเหลือเกิน,0,1,0,0,0,0,2,16
0,ความรักจะเยียวยาฉันจิงๆไช่ไหม,0,0,0,1,0,0,2,7
0,? : สักวันเธอจะดีขึ้น เค้าอยู่กับเธอตรงนี้เค้าจะกอดเธอเอง วันนี้เธอหายไปไหนแล้ว เราไม่น่าให้เธอเป็นโลกทั้งใบของเราเลย เธอทำให้เราดีขึ้นแต่วันนี้เธอผลักเราลงเหวอีกครั้ง ขอบคุณที่ทำให้รู้ว่าความรักเยียวยาเราไม่ได้ เราไม่เหมาะกับความรักและการมีชีวิตอยู่จริงๆ,0,1,0,0,0,0,2,65
0,เฮ้อ,0,1,0,0,0,0,0,1
0,วันนี้เป็นวันเกิดเราก็คงเป็นวันปกติของคนอื่นเนอะ พ่อลืมแม่ไม่สนใจคนอื่นก็คงไม่สนใจ แต่ไม่เป็นเราเป่าเค้กคนเดียวก็ได้ ร้องเพลงคนเดียวได้ เนอะ:),0,1,0,1,0,0,2,35
0,ไม่ใช่โรคใจโว้ย แต่สารเคมีในสมองกูผิดปกติ!!!!!,0,0,1,0,0,0,2,12
0,ช่วงก่อนหน้านี้เคยคิดว่าไม่อยากอยู่แล้ว คิดหาวิธีทำยังไงก็ให้เราหลับสบายที่สุดแล้วไม่เดือดร้อนคนข้างหลัง เบื่อๆไม่อยากออกไปไหน อยากอยู่คนเดียว ไม่อยากทำอะไรเลย ไม่อยากเจอหน้าใครเลย แต่ช่วงนี้เหมือนดีขึ้นคือ ไม่ค่อยคิดเรื่องตายแต่ก็มีคิดบ้าง,0,1,0,0,0,0,2,58
0,บอกว่าไม่อยากมีลูกนิสัยแบบนี้แล้วเคยถามบ้างไหมว่าเราอยากเกิดมามั้ย,0,1,0,1,0,0,2,18
0,ต้องยิ้มหรอ ต้องยิ้มใช่มั้ย..(?),0,1,0,1,0,0,2,8
0,สีสันจากต้นไม้ดอกไม้ สีฟ้าครามสดใสจากท้องฟ้าผ้ามัดย้อมและแสงแดด ช่วยให้เราหลุดจากหลุมดำได้นะ... ลองดูนะคะ... เราจะมีรอยยิ้มไปด้วยกัน 😊,1,0,0,0,0,0,1,34
0,อยากไร้ความรู้สึก,0,1,0,0,0,0,2,2
0,ก็..โดนหมายหัวขนาดนั้นนี่เนอะ..,0,0,1,0,0,0,2,9
0,เกิดเป็นกูนี่เหนื่อยเนอะ ต้องมาแบกรับปัญหาต่างๆ โดยที่ไม่ถามกูเลยว่ากูเป็นไงบ้าง,0,1,0,0,0,0,2,20
0,เมื่อก่อนเกลียดฝนนะ เเต่ตอนนี้เริ่มชอบเเล้วสิ,1,0,0,0,0,0,1,10
0,ในเวลาที่ต้องการใครสักคน... แต่พอหันไปมองรอบๆกลับไม่มีใครสักคน,0,1,0,0,0,0,2,20
1,คิดฆ่าตัวตายทุกวันยังเรียกคิดสั้นอยู่หรอ🙂,0,0,0,1,0,0,2,9
0,เอาละพน.ฉันต้องสู้กับการปั้นหน้ายิ้มต่อเเล้ว,0,1,0,1,0,0,0,10
0,อีกแล้วหรอ วันจันทร์เร็วจังเลย._. ไม่อยากไปรร.เลย คนพวกนั้นใจร้ายมากๆไม่อยากเจอเลย ไม่อยากเจอใครเลย,0,1,0,0,0,0,2,28
1,ทำไมความคิดไร้ค่า ความคิดอยากตาย อยากหายไปมันเข้มข้นขึ้นไปทุกทีนะ??,0,1,0,1,0,0,2,15
0,ต้องมาจมอยู่กับความรู้สึกแย่ๆไปคนเดียวอีกนานแค่ไหน Cr.𝑹𝒆𝒕𝒖𝒓𝒏🌻,0,1,0,0,0,0,2,14
0,แพ้ ตั้งแต่ ที่เราเกิดมามีเรื่องราวชีวิตที่ไม่สมบูรณ์แบบเหมือนคนอื่นแล้ว💔,0,1,0,0,0,0,2,16
1,ขอโทษนะแต่หนูทำใจเชื่อใจพ่อแม่ไม่ได้จริงๆค่ะขอโทษที่เป็นเด็กเวรขอโทษที่เป็นภาระขอโทษนะ,0,1,0,1,0,0,2,22
0,คนเราก็เหมือนเกมเศรษฐี ทอยลูกเต๋าสักกี่ครั้งก็วนอยู่ที่เดิม (เฉียบ!!!),0,0,0,0,0,0,0,18
0,สุดท้ายแล้วมันก็แค่การกระทำที่หวังผลฉันคงคิดไปเองว่าคุณต้องการฉันจริงๆ,0,1,0,0,0,0,2,18
0,มีความเชื่อตั้วแต่เด็กๆว่าชีวิตเราก็คงเหมือนกับคนอื่นแหละ โดนด่า โดนทำร้าย คิดว่ามันเป็นเรื่องปกติ แต่ก็เพิ่งมารู้ตัวหลังที่เพื่อนๆเล่าให้ฟังกับชีวิตในสัยเด็กที่สวยงาม ชีวิตตอนเด็กเราก็ดูน่าสมเพชไปเลยอ่ะ,0,1,0,1,0,0,2,52
1,อยากเกิดใหม่ ถ้าตายจะมีชาติหน้าป่าว,0,1,0,0,0,1,2,9
0,อดทนอีกนิด ใกล้จะสำเร็จแล้ว,0,1,0,0,0,0,1,7
0,ผมไม่รู้ว่าคุณเป็นใครที่ไหน ที่ผ่านมาถึงแม้ผมจะโดนหลอกลวงเรื่องความรัก แต่ผมอยากขอบคุณคุณนะที่ผ่านเข้ามาในความรู้สึกของผม หัวใจของผมถึงแม้เราจะไม่รู้จักกัน,0,1,0,0,0,0,2,38
0,ยิ่งพบายามยิ้มมันยิ่งดูฝืน,0,1,0,0,0,0,2,9
0,เพราะมันไม่เคยหายสินะ,0,1,0,0,0,0,2,7
1,ทุกครั้งที่รู้สึกเจ็บปวด บาดแผลในร่างกายก็มักจะเพิ่มขึ้นเสมอ🙃,0,1,0,0,0,0,2,11
1,สับสนกับความรู้สึกตอนนี้มากๆเลยอ่ะ รักษามา3ปีตอนนี้เหมืนมันจะดีขึ้นเริ่มมีภาพสิ่งที่อยากทำในหัวลางๆ แต่ในความรู้สึกนึงก็คือไม่ได้อยากจะอยู่ในโลกนี้ขนาดนั้น,0,1,0,1,0,0,2,45
0,โลกนี้ไม่เห็นน่าอยู่สักนิด เราเหนื่อยเกินกว่าที่จะปลอบตัวเอง ... ถ้าวันนั้นมาถึงอย่ามายื้อกันอีกเลย..😔,0,1,0,0,0,0,2,24
0,ถ้ามันได้ดิ่งลงไปแล้วมันยากมากๆนะที่จะกลับมาเป็นเหมือนเดิม หนีจากโลกความจริงไม่ได้และที่แย่กว่านั้นคือเราไม่ยอมรับตัวเราเอง,0,1,0,0,0,1,2,33
0,เป็นอีกครั้งที่ทำพลาดแล้ว ย้ำกับตัวเองตลอดเวลาว่ามึงพลาดมึงพลาดมึงพลาด เหนื่อยมากเลย ทำไมต้องเป็นแบบนี้,0,1,0,1,0,0,2,24
1,มีใครบ้างนะ..ที่จะรู้สึกเหมือนพวกเรา ทำไมถึงชอบหาเรื่องบุญคุณหรือศาสนาใดๆมาอ้าง มันไม่ได้ทำให้ฉันคิดได้เลย มันยิ่งทำให้ฉันอยากตายเร็วๆขึ้น คุณคิดหรอว่าศาสนาจะมีจริงๆบนโลก มองโลกเราให้ออกก่อนกล่าวว่า แล้วคุณจะรู้ว่าทำไมพวกเราถึงอยากสิ้นลมใจหาย..,0,1,0,1,0,0,2,63
0,กอดหมอนแล้วซะอย่าฟุ้งซ่านอย่างเมื่อคืน,0,1,0,0,0,0,2,8
0,ล่าสุดหมาหน้าเซเว่นยังเดินหนีกู😌,0,1,0,0,1,0,2,9
1,เราอยากตายมาก ๆ เลย “แม่” คำ ๆ นี้ต้องสร้างความลำบากใจความหนักใจกับลูกขนาดไหน ถึงทำให้ลูกคิดอยากตายได้ เราไม่อยากรับรู้กับเรื่องเดิม ๆ ขอตายดีกว่า,0,1,0,0,1,0,2,38
0,"ใครสนใจแลกประสบการณ์เข้ามากันนะคะ คุณได้รับคำเชิญให้เข้าร่วม ""✌️🖤ซึมเศร้าคุยกันนะ มาปรับทุกข์ ช่วยๆกัน🖤✌️"" โปรดแตะลิงก์ด้านล่างเพื่อเข้าร่วมโอเพนแชทนี้",1,0,0,0,0,0,1,32
0,ใครจะไปรู้เด็กน้อยแสนร่าเริงในวันนั้น โตมากลายเป็นคนที่น่าสงสารและ น่าสมเพชในวันนี้,0,1,0,1,0,0,2,18
0,ในวันหนึ่งที่เราแย่มากๆอย่างน้อยมันก็ทำให้เราเห็นว่าคนไหนไม่เคยเห็นว่าเราเป็นเพื่อน,0,1,0,0,0,0,2,22
1,บางทีก็คิดนะว่าควรตายไปซะ ตายไปให้พ้นๆ,0,1,0,1,0,0,2,12
0,ทั้งๆที่พวกเขาเป็นคนทำให้เราเป็นแบบนี้แต่กลับมาด่าเราว่า ' อีบ้า ' ตลกดี ตลกมาก ตลกมากๆที่พวกเขาไม่รู้สึกผิดกับสิ่งที่พวกเขาทำลงไปไม่เสียใจสักนิดกับสิ่งที่เขาทำเขาพูด แต่คนที่ต้องมาเสียใจมาเจ็บปวดกลับเป็นเรา โคตรตลกเลยอะ,0,1,1,0,0,0,2,61
1,ความผิดกูๆๆๆๆๆๆๆๆๆๆๆๆๆๆๆๆๆ ตายๆไปจะดีกว่ามั้ย ไหนๆอยู่ไปก็ไม่มีอะไรดีซักอย่าง,0,1,0,1,0,0,2,20
0,ที่ไม่ร้องไห้ ไม่ใช่เพราะไม่รู้สึก แต่ มันเสียใจเกินกว่าจะร้องไห้,0,1,0,0,0,0,2,15
0,ช่วยน้องหน่อยค่ะ ถือว่าทำบุญ 5บาทก็ได้ค่ะ,0,1,0,0,0,0,0,10
0,... ตอนนี้ผมยังไม่มียานเป็นของตัวเองครับคุณ แบบว่า ยังเรียนไม่จบเลย อีกนาน,0,1,0,0,0,0,2,21
0,ทำไมทุกคนต้องพูดว่าดูแลน้องด้วยเหลือกันแค่นี้แล้วคือทำไมอ่ะละคนที่ขึ้นชื่อว่าพ่อไม่ดูแลเราเลยอ่ะเราแค่อยากได้แมวมาอยู่เป็นเพื่อนเราไม่เคยขออะไรเลยจากพ่อเราขอเพราะเนื่องในวันเกิดเราแต่พ่อเมินแชทเราพ่ออ่านไม่ตอบต่างจากน้องเราที่ขออะไรก็ให้,0,1,0,1,0,0,2,63
0,วันนั้นคงเป็นวันที่เรามีความสุขที่สุดสิน่ะ,0,1,0,0,0,0,0,9
0,"ความลับของฉันถูกเปิดออกมา ""มันชัดเจนเสียจน"" ""ผู้คนต่างถามถึง""",0,1,0,0,0,0,0,17
0,ทำไมสมองมันสั่งให้ลืม แต่หัวใจยังกลับจำต่อให้เธอเลวร้ายแค่ไหน ก็ยังเป็นเธอ ลืมไม่ได้ ก็คือลืมไม่ได้เปล่าวว่ะ 😭😭,0,1,0,0,0,0,2,32
0,คือทุกคนอย่าพยายามเข้ามาในชีวิตกูเหอะ มันไม่ได้มีความสุขอะไรเลย มันมีแต่ความเศร้า,0,1,0,0,0,0,2,19
0,สิ่งแรกที่พี่บอกว่าจะผิดหวังในตัวเราก็คือ เรียนไม่จบ ฮ่าๆ เหมือนพี่จะได้ผิดหวังแล้วล่ะ,0,1,0,0,0,0,2,24
0,ผมแลกกำลังใจ สวัสดีครับ อยากให้มาฟังนะครับ ผมเอาตัวผมเองแสดงถึงสิ่งที่สะท้อนหรือแค่บอกให้เห็นในสิ่งที่ผมและคนอื่นๆกำลังเจออยู่ ผมก็เป็นคนนึงที่ต้องอดทนกับคำพูดที่ทำร้ายเรา ผมอาร์มนะที่ส่งต่อเพลง sos เชื่อในตัวคุณทุกคนนะ กอด ระบายในเพลงได้นะ,1,0,0,0,0,0,1,66
0,หยุดถามฉันสักทีว่าโอเคมั้ย ไม่อยากเเสร้งว่าโอเคเเล้ว,0,1,0,0,0,0,2,15
0,😶ที่เราเงียบแค่อยากให้เรื่องมันจบ แต่พบว่าจุดจบก็มีแต่น้ำตา💦,0,1,0,0,0,0,2,19
0,ฉันรอให้ถึงวันที่ครอบครัวฉันมีความสุข มีพร้อมทุกอย่าง แล้วฉันจะปลดห่วงของฉันเอง,0,1,0,0,0,1,0,19
0,พรุ่งนี้ต้องยิ้มอีกแล้วหรอ? ร้องไห้ได้ไหม เหนื่อยจัง ต้องฝืนอยู่ทั้งทีไม่อยากอยู่,0,1,0,0,0,0,2,18
1,อยากไปให้พ้นโลกนี้...,0,1,0,0,0,0,2,5
0,ไม่รู้ว่าพรุ่งนี้ต้องเจออะไรบ้างแค่คิดมันก็เศร้าแล้วอ่ะ,0,1,0,0,0,1,2,15
0,ดิ่งอีกแล้วสินะ,0,1,0,0,0,0,2,4
0,เพราะเราเก็บความรู้สึกเก่งใช่ไหม... ทำไมเวลาเราเสียใจที่สุดเขากับมองว่าเรา คำพูดบางคำอาจฆ่าคนคนนึงได้นะ,0,1,0,0,0,0,2,28
0,คนอย่างเราไม่สมควรอยู่บนโลกนี้จริงๆแหละ🙂,0,1,0,1,0,0,2,12
0,เป็นโรคเครียด นอนไม่หลับ ทำให้เวลานอนแต่ละนาทีมีค่าเสมอเพราะไม่รู้จะสะดุ้งตื่นเมื่อไหร่ กว่าจะหลับตาลงแต่ละคืนได้ว่ลำบากแล้ว การจะนอนหลับให้รู้สึกสบายแล้วผ่อนคลายนั้นลำบากกว่า,0,1,0,0,0,0,2,36
0,งานและปัญหา,0,1,0,0,0,0,2,3
0,เคยนอนในห้องโง่ๆคนเดียว เคย เล่นเกมคนเดียว เคยแชร์ชีวิตตัวเองให้ตัวเองฟัง เคยเศร้าคนเดียว เคยไปเที่ยวคนเดียว เคยดูหนังคนเดียว เคยมีความสุขคนเดียว เคยทุกข์คนเดียว . . ถ้าจะกลับมาตัวคนเดียวอีกครั้งคงไม่แปลกอะไร,0,1,0,0,0,0,2,46
0,บางคำพูดดีๆมันก็ไม่ได้ฮีลใจให้เราดีขึ้นเสมอไปนะ,0,1,0,1,0,0,2,16
0,เมื่อไหร่แม่จะพาไปหาหมออีกครั้ง อยากหาย แต่ไม่กล้าบอก ไม่กล้าพูด ไม่กล้าคุย กลัวบอกไปแล้วแม่จะกลับมาคิดมาก งั้น ปล่อยไว้แบบนี้แหละเนอะ ปล่อยให้แม่คิดว่าหายดีแล้ว แบบนี้แหละ😊,0,1,0,0,0,1,0,43
0,โครตเกลียดตัวเองเลย!!!!!! แย่ไปหมด มีแต่ความรู้สึกแย่ๆวนอยู่รอบตัว หันไปทางไหนก็พบแต่ความว่างเปล่า😭😭 ทำไมมันเหี้ขนาดนี้~~,0,1,0,0,0,0,2,31
0,ก็อยากเป็นคนที่รับฟัง รับปรึกษาได้เหมือนคนอื่นนะ แต่เรื่องของตัวเองยังไม่รอดเลย จะไปช่วยใครเขาได้ละ:) ขนาดเพื่อนเราเองยังทิ้งเราเลย เราคงแย่มากๆจริงๆ:(,0,1,0,1,0,0,2,42
0,เราคิดถึงแกว่ะ😢,0,1,0,0,0,0,2,5
0,เราเเค่อยากจะร้องให้😥,0,1,0,0,0,0,2,7
0,กลับมารักตัวเอง,0,1,0,0,0,0,0,3
1,เป็นคนหนึ่งที่ตอนป.4อยากเป็นโรคซึมเศร้า แต่พอได้ก้าวเข้าสู่เส้นทางนี้มันช่างทรมาณเหลือเกิน อยากตาย,0,1,0,0,0,0,2,22
0,"คำว่า""รัก""จะเสียงดังที่สุดเมื่อได้ฟังมันจากการกระทำ",0,1,0,0,0,0,0,14
0,เอาจริงๆตอนนี้ไม่อยากกลับบ้าน อยากหนีแบบนี้ต่อไป หนีให้ถึงที่สุดไม่อยากกลับแล้วจริงๆ,0,1,0,0,0,0,2,18
0,อะไรคือความสุข?,0,1,0,0,0,0,2,4
0,ทำได้แค่ยิ้ม กลบเกลื่อนน้ำตา✨,0,1,0,0,0,0,2,6
0,ทำยังไงดี คือไม่อยากกลับบ้านจริงๆ ไม่ไหวแล้ว,0,1,0,0,0,1,2,11
0,ขอให้วันที่ใกล้จะถึงเป็นครั้งสุดท้ายของเราเถอะ :),0,1,0,0,0,0,2,11
0,คนนับล้านที่กำลังยื่นอยู่ตรงนั้น แต่ฉันเป็นคนเดียวที่อยู่ตรงนี้,0,1,0,0,0,0,2,14
0,เรามันไร้ค่าขนาดนั้นเลยหรอ,0,0,0,1,0,0,2,7
0,อยู่ๆก็นึกเรื่องเศร้าที่ไม่เคยเกิดขึ้น แต่เป็นเรื่องที่คิดว่ามันอาจจะเกิดขึ้นได้ แล้วก็ร้องไห้น้ำตาไหล นี่ฉันเป็น รึเปล่านะ 😭,0,1,0,0,1,1,2,27
0,เห็นนางอับไอจีนางก็ไม่ได้คิดไรนิก็ไลค์ปกติไม่ได้อ่าน แต่พอเห็นคนอับรูปเยอะก็แบบ ฝ่าบาทเป็นไรวะ สรุป อห.ช็อคมาก 🥺,0,0,0,0,1,0,2,36
0,คนที่หนูรักใจร้ายกับหนูหมดเลยแล้วหนูไว้ใจใครได้บ้างหนูเหลือใครบ้างได้แต่ตั้งคำถามกับตัวเองบ่อยๆว่าทำไม ทำไมแม่เปลี่ยนไปไม่เหมือนตอนที่หนูยังเด็กๆเลย ไม่ว่าแม่จะเปลี่ยนไปแค่ไหนหนูยังเหมือนเดิมนะยังเป็นเด็กน้อยของแม่คนเดิมแค่ตอนนี้แค่ใจหนูมันอ่อนแอกว่าตอนเด็กๆ,0,1,0,1,1,0,2,67
0,รู้แหล่ะว่าเก็บตัวกว่าก่อน รู้แหล่ะว่าเงียบกว่าเดิม จะให้เป็นตัวตลกต่อก็ไม่ไหว,0,1,0,0,0,0,2,22
0,อยากให้ถึงตอนกลางคืนเร็วๆจัง วันนี้มีรางวันสำหรับคนเก่งด้วยแหละ อดทนหน่อยนะ :),1,0,0,0,0,0,0,19
0,ถ้าพ่อกับแม่หย่ากันนี่ควรจะไปอยู่กับใครดีกว่าครับ พ่อ อยู่ด้วยก็มีแต่ทำร้าย แล้วก็ไม่เคยมีตัวตน แต่เค้าก็ดูแลเราเพราะหน้าที่พ่อ แม่ อยู่ด้วยก็ไม่สบายใจ ปวดหัว ชอบทะเลาะกันกับยาย คือส่วนตัวอยากอยู่คนเดียวมากกว่า แต่เราก็เด็กอยู่นั่นแหละนะ,0,1,0,1,0,1,2,58
0,จะให้เอาอะไรมาดีขึ้น เอะอะทะเลาะเอะก็โมโห ต้องรองรับอารมณ์แบบนี้อีกนายแค่ไหน,0,1,0,0,0,0,2,19
0,คุณคนเก่งของเราอย่าลืมพักผ่อนกันด้วยนะคะ,1,0,0,0,0,0,1,10
0,ครอบครัวทะเลาะกันเป็นไรที่ทำไงก็ไม่ชินสักที เราต้องสู้สิเนอะ,0,1,0,0,0,0,0,15
0,เกลียดเวลาที่มีคนบอกว่าการคิดจะฆ่าตัวตาย = การคิดสั้น,0,1,1,1,0,0,2,13
0,สมเด็จพระราชาธิบดีทีชัลลา แห่งราชอาณาจักรวากานดา เสด็จสวรรคต . ทรงพระแข็งแกร่งมาก ขนาดเป็นมะเร็งลำไส้ระยะ 3 ยังสู้มาได้ตั้ง 4 ปี แถมแสดงหนังได้อีก,0,0,0,0,1,0,2,34
0,ด่วน! แชดวิก โบสแมน นักแสดงนำ BlackPanther เสียชีวิตแล้ว จากมะเร็งลำไส้ใหญ่,0,0,0,0,0,0,0,16
0,สุดท้ายก็ชินและชาไปเอง...,0,1,0,0,0,0,2,8
0,ตอนที่อยู่คนเดียวในบ้านมันทำให้คิดด้านลบเยอะเลย,0,1,0,0,0,0,2,12
0,ทำไงดีตอนนี้อยู่ในโหมดลงโทษตัวเองและทำให้ตัวเองไม่สมควรมีความสุข เพราะคิดว่าไม่ได้งานสักทีตอนนี้ไม่สมควรมีความสุข,0,1,0,1,0,0,2,24
0,ทำไมต้องตะโกนด้วย คุณก็รู้ว่ามันทำให้ฉันตกใจ ฉันกลัว ฉันไม่ชอบ แค่นี้ทำให้ไม่ได้เลยหรอ,0,0,1,0,0,1,2,23
0,หมอให้หาข้อดีวันละ 1 ข้อ วันนี้ได้คำตอบละ เราแต่งmood and tone รูปได้ ความสุขเริ่มได้จากตัวเรา,1,0,0,0,0,0,1,23
0,คุณบอกทำไมฉันไม่ไปอยู่ข้างนอกคนเดียว ถ้าฉันมีเงินฉันคงไม่อยู่กับคุณหรอก ฉันคงหนีไปนานแล้ว,0,1,1,1,0,0,2,25
0,ไม่อยากไปหาหมอ,0,1,0,0,0,1,2,4
0,คือเวลาดิ่งมันไม่ใช่ดิ่งแค่เรื่องที่เจอตรงนั้นเรื่องเดียว เหมือนเรื่องทุกอย่างที่เรากดมันไว้ก็ระเบิดออกมาพร้อมกัน มันเลยเป็นอะไรที่เสียใจ เสียใจมาก ๆ ร้องไห้แบบไม่สนใจอะไร คือ ณ ตอนดิ่งมันแย่มาก ๆ อ่ะ,0,1,0,0,0,0,2,48
0,เราคิดว่ามันโอเคแล้ว เราดูแลตัวเองได้ ไม่ต้องหาหมอหรอก เพราะที่ผ่านมาเราก็ฮีลตัวเองมาตลอด แต่ไม่ มันแย่ขึ้นมากๆ,0,1,0,0,0,1,2,29
0,เหนื่อยใจจัง รักกันพอวันนึงก็หมดใจกันสุดท้ายก็ต้องมีคนนึงต้องเสียใจ คนที่ไม่หมดใจกันรักกันไปจนแก่เฒ่านี้น่าอิจฉาเนอะ,0,1,0,0,0,0,2,31
0,กว่าจะใช้ชีวิตผ่านไปได้แต่ละวัน,0,1,0,0,0,0,2,7
0,เขาคิดแต่ความรู้สึกตัวเอง เขาคิดว่าฉันทำเขาเจ็บปวด เขาคิดแบบนั้นมาเสมอ เพราะจริงๆเขาคงแค่รักตัวเอง เขาบอกกับทุกๆคนว่าเขาทำทุกอย่างเพื่อฉัน สุดท้ายเขาก็พูดว่าเขาเหนื่อยเพราะ ฉัน,0,1,0,1,0,0,2,44
1,วันไหนฉันจะหายไป,0,1,0,0,0,0,2,6
0,มีใครอยากเป็นเพื่อนกับเรามั้ย รึว่าเราควรอยู่คนเดียว,0,1,0,0,0,0,2,13
0,อะไรอีก อีกแล้วหรอ วนอยู่อย่างนั้นน่ะ,0,1,0,0,0,0,0,8
0,สาเหตุของความอ้วนคือกินยาซึมเศร้าเปลี่ยนตัวยาตอนที่ดาวเสาร์ rest ไปนั่นแหละ แล้วตอนนี้น้ำหนักขึ้นมา25กิโลแล้ว ตัวเป็นตึกเลย😭,0,1,0,0,0,0,2,27
0,ไม่ได้อยู่คนเดียวบนโลก แต่อยู่บนโลกที่โคตรโดดเดี่ยว,0,1,0,0,0,0,2,13
0,ก็ไม่รู้ทำไม รับฟังคนอื่นได้ แต่ให้คนอื่นมาฟังเรื่องตัวเองไม่ได้ บางทีมันคงโหดร้ายเกินไป แคร์เค้ามากพอเจอพูดสวนมาว่าคิดว่าเค้าก็แคร์เราเหรอ บอกตรงๆไปต่อไม่ถูก โดนโกหกซ้ำๆบ่อยมั้ง เลยไม่ไว้ใจใคร,0,1,0,0,0,0,2,52
1,ยมบาลและเทวดาโปรดให้อภัยในสิ่งที่ลูกกำลังจะทำด้วย โปรดให้วิญญาณของลูกสลายหายไปและไม่ทุกข์ทรมานเหมือนกับที่ตอนมีชีวิตเคยเจอด้วยเถอะ,0,1,0,0,0,0,2,31
0,การกลั้นน้ำตาไม่ให้ไหลต่อหน้าคนอื่น มันทรมารมากเลยนะเว้ย,0,1,0,0,0,0,2,15
0,ไม่น่ารัก เเต่ก็รักหน่อยไม่ไดัหรอ 😞💛,0,1,0,0,0,0,2,11
0,และร่วงลงพร้อมร่างเด็กหญิง เช้าวันใหม่เด็กหญิงไปรร.เพื่อนๆต่างถามว่าขาเป็นอะไรเด็กหญิงยิ้มเหมือนอย่างเคยก่อนจะตอบเพื่อนไปว่าแค่ลื่นล้มน่ะ ไม่ต้องห่วง,0,1,0,0,0,0,2,35
0,คนที่คุณต้องการไม่ใช่คนที่energyบวก สว่างจ้าเหมือนพระอาทิตย์ หรือคนติดลบที่เอาแต่บอกว่าให้คุณตายๆไปซะ แต่เป็นคนที่ยินดีจะสวมรองเท้าคู่เดียวกับคุณ(put themselves in your shoes),0,1,0,0,0,0,1,44
0,พี่วอร์เคยพูดว่าอยากติดอยู่ในป่าแล้วเอาชีวิตในรอด ตอนนี้เราที่กำลังสู้กับโรคซึมเศร้า ก็เปรียบเหมือนติดอยู่ในป่า แต่เสียงพี่วอร์ บอกฉันเสมอว่า เกิดมาทั้งทีสู้หน่อยสิว่ะ ตอนนี้เรากำลังสู้กำลังมันอยู่ เราจะไม่ยอมเเพ้เราจะหาทางออกให้เจอ [USER]ุณนะพี่,1,0,0,0,0,0,1,64
0,สวัสดีค่ะเพื่อนๆที่ตอนนี้กำลังมีปัญหาแล้วต้องการคนรับฟังเราก็เป็นหนึ่งในนั้นเหมือนกันค่ะนี่เป็นแอปที่เราเจอคนแนะนำในทวิตในนี้มีคุณหมอหลายคนเลยค่ะปรึกษาได้ฟรีสามครั้งต่อเดือนแหนะคุณหมอเขารับฟังเราดีมากๆเลยค่ะสุดท้ายนี้คือขอบคุณที่ทำแอปนี้ขึ้นมานะคะ,1,0,0,0,0,0,1,66
0,ทำไม อะไร อย่างไร ? มาแลกเปลี่ยนกำลังใจมุมมอง และประสบการณ์จากโรคซึมเศร้า ปล. เลือกเอาไปปรับใช้ผมแค่มาแลกเปลี่ยน แนะนำทางที่ดีที่สุดคือไปพบจิตแพทย์นะครับ อย่ายอมแพ้ จากหนึ่งกำลังใจ ขอบคุณครับ,1,0,0,0,0,0,1,41
1,ไม่รู้ทำไม.. ถึงรู้สึกได้ยินเสียงในหัวบอกให้ไปตายทุกที,0,1,0,0,0,0,2,15
0,คนที่บอกว่าจะอยู่ข้างๆ ทำไมตอนนี้ ตอนนี้เราไม่ไหวจนมันระเบิดออกมา ถึงมีเเค่เราคนเดียว คนเดียวเท่านั้น,0,1,0,1,0,0,2,24
0,เสียงกรี๊ดร้องไห้ที่เบาที่สุด,0,1,0,0,0,0,2,6
0,คนโดนเมินมันเหนื่อยนะเว้ย😢,0,1,0,0,0,0,2,8
0,คือเเบบเเค่ความเเน่ใจว่าเขาจะพาไปมั้ยเขายังไม่มีให้เลยคือถ้าจะให้ตั้งเเล้วไปเองบอกมาเลยก็ได้จะให้มานั่งรอนั่งให้ความหวังทำไมว่าจะพาไปเเม่งเป็นเเบบนี้ทุกครั้งจะไปพน.เเล้วเขายังไม่ทำอะไรเลยโทรขอคิวหารพ.ไม่ทำไรเลยเว้ยนี่หรอวะที่บอกเป็นห่วงเเย่ชห.เลยเราเนี่ย,0,1,1,1,1,0,2,79
0,เห้อ มันเกือบดีแล้วจริงๆ,0,1,0,0,0,0,2,5
1,ความสดใสในตัวเริ่มหายไปกับกาลเวลา ไม่รู้สึกสนุก ดีใจ ยินดีกับอะไรทั้งสิ้น เหนื่อยแล้ว เมื่อไหร่ตัวฉันจะหายไปจากโลกนี้สักที,0,1,0,0,0,0,2,29
1,ดูดบุหรี่ กินเหล้า เล่นยาทำมาหมดแล้ว สุดท้ายก็ไม่เห็นจะมีความสุข หรือความสุขเดียวที่เรามีได้คือความตายกันนะ,0,1,0,0,0,0,2,25
0,"คนเรา... เวลาจะตั้งใจเริ่มทำสิ่งใดสิ่งนึง ก็ต้องการ ' ก ำ ลั ง ใ จ ' จากคนใกล้ตัว ไม่ใช่ ..ค ำ ด่ า , ค ำ ดู ถู ก , ค ำ เ ห ยี ย ด.. แล้วกูจะเอากำลังใจที่ไหนไปตั้งใจทำวะ (╥﹏╥)",0,1,0,0,0,0,2,57
0,บางทีมันก็เหนื่อย ท้อ นอยนะที่เราพยายามมากทุ่มมากับสิ่งนั้นที่มันไม่ใช่ทางเราเเต่ต้องทำเเละเขาไม่ได้เห็นเราในสายตาเลยเรารู้สึกเราพยายามที่จะเข้าใจเเต่มันก็ผิดไปหมดเราไม่สามารถตามใจเดาใจคุณได้ตลอดเเต่เรารู้ตัวเราเสมอว่า ณ เวลานี้เราทุ่มกับสิ่งนี้มากที่สุดเเล้ว,0,1,0,1,0,0,2,73
0,เปรียบเทียบตัวเองกับคนอื่น แล้วก็มานั่งดิ่ง แย่ที่สุดเลยตัวฉัน,0,1,0,0,0,0,2,13
0,รอยแผลมันย้ำเตือนกับเราเสมอ,0,1,0,0,0,0,2,7
1,จากที่ไม่ไหวก็ใกล้ตายแล้ว,0,1,0,1,0,0,2,8
0,วันนี้เป็นวันที่รู้สึกแย่มากๆเรื่องมีอยู่ว่าเราไปค้นกระเป๋าพ่อเพื่อจะหามีดแต่ดันพบยารักษาซึมเศร้ากับยานอนหลับที่เป็นชื่อพ่อปกติพ่อมีอะไรจะบอกกับเราตลอดแต่ไม่คิดว่าพ่อจะปิดเรื่องที่พ่อเป็นซึมเศร้าไม่รู้ว่าพ่อเป็นมานานเท่าไหร่เเล้วแต่พ่อไม่เคยแสดงอาการอะไรให้เราเห็นเลย,0,1,0,0,1,1,2,70
0,กว่าจะผ่านไปแต่ละวัน ทำไมเหนื่อยจัง เรื่องราวในหัวมากมาย ไม่รู้จะเริ่มจากจุดไหนดี สับสน เบลอไปหมด อยากจะตายให้ได้เลย ทำไมต้องเป็นแบบนี้ รู้ไหมว่าใช้ชีวิตลำบาก รู้ไหมว่ามันคลั่ง รู้ไหมว่ามันเหนื่อยกับการแสร้งยิ้ม,0,1,0,0,0,0,2,52
0,ยิ้มให้กันนะในเพลงนี้ ผมอาร์มนะครับ 😊🙏💯 เพลงกอดใจ จะมากอดคุณ ผมมาเป็นคนที่รับฟังด้วยเพลงนี้ ตัวคุณมีค่าที่สุด หวังว่าพวกคุณ จะได้ยินเพลงนี้จากผมนะครับ ผมส่งต่อทุกวันให้ทุกคนเลยครับ กอดใจ ไม่มีใครอยากป่วยแน่ๆ กอดตัวเองไปพร้อมกับหัวใจ,1,0,0,0,0,0,1,63
0,ขอกำลังใจโหน่ยยย🥰💞 กดดันมากตอนนี้ไม่รู้จะทำอะไรยังไงก็ลังเลทุกอย่างเลย สับสน ไม่รู้เป็นอะไรตาบวมหมดเเล้ว,0,1,0,0,0,0,0,27
1,ถ้ากูตาย แม่เสียดายเงิน ไม่ได้เสียดายกู แม่เคยเอาไปบ่นกับป้า,0,0,1,0,0,0,2,17
0,อยากเมคเฟรนค่ะ เราอยากมีเพื่อน,0,1,0,0,0,0,0,8
0,อยากจะบอกว่าเค้าเป็นกำลังใจให้นะ ใครอยากระบาย ระบายได้เลย เค้าอยู่ตรงนี้เสมอนะ,1,0,0,0,0,0,1,20
1,ทำร้ายตัวเองทีไร แม่จับได้อีกแล้ววว จับได้ทุกครั้งง😞มีวิธีทำร้ายตัวเองไม่ให้พ่อแม่ไม่รู้มั้ยง่ะ._.,0,1,0,0,0,1,2,23
0,"ชัดๆแบบนี้ดีหน่อย จะอวยว่าหล่อ😁😆 "" รูปชัดก็มี รูปนี้ดี ชิมิ 😂❤️ 😭 "" Cr.สุดหล่อ",1,0,0,0,0,0,1,27
0,เคยคิดว่าตัวเองดีขึ้นแล้ว มีความสุขขึ้น เจอเพื่อนใหม่ สังคมใหม่ๆ จนวันนึงถึงได้รู้สึกตัวว่าที่ผ่านมาก็แค่ภาพลวงตาที่สร้างขึ้นมาเอง,0,1,0,0,0,0,2,30
0,ลองมานับๆดูว่าเหลือใครในชีวิตบ้าง,0,1,0,0,0,0,2,11
0,ร้องไห้ทั้งวันแล้ว,0,1,0,0,0,0,2,3
0,คือเราอยากลองไปหาหมอ เพราะเรากลัวเราเป็นโรคซึมเศร้า อาการเราคือร้องไห้ทุกวัน ทุกเช้าทุกเที่ยงทุกเย็น คิดมาก คิดเยอะ กลัวทุกอย่างเลย เราไม่รู้จะเริ่มยังไงปรึกษาใครเรากลัวพ่อแม่ด่าเพราะพ่อแม่เราไม่อินกับโรคแบบนี้ เราควรทำไงดีคะ,0,0,0,0,0,1,2,55
0,คำพูดจากเพื่อนสนิท):,0,0,0,0,0,0,0,4
0,กูทำอะไรผิดนะ ทำไมถึงเป็นแบบนี้,0,1,0,0,0,0,2,9
0,ชีวิตมีแต่เรื่องวุ่นวาย พบเจอแต่เรื่ิองเฮงซวย พบแต่เรื่องที่คิดว่าการรับฟัง เป็นเรื่องสำคัญ ทำแต่เรื่องเห็นแก่ตัว และสุดท้ายมันก็วิ่งผ่านหน้าเราไป,0,1,1,0,0,0,2,32
0,บอกตัวเองตลอดจะทนเท่าที่ทำได้ล่ะกัน😌🙂,0,1,0,0,0,0,0,10
0,บอกเค้าไปเเล้วมันไม่ได้โล่งเหมือนที่คิดไว้เลย มันเหมือนครึ่งๆกลางๆ สรุปเเล้วกูเป็นอะไร เครียดการเรียนก็ไม่ ครอบครัวก็ไม่ เเล้วสรุปเเล้วกูเป็นอะไรกันเเน่วะ,0,0,0,1,1,0,2,39
1,คนเป็นซึมเศร้าและไบโพลาร์อยากมีเพื่อนบ้างไม่ได้เหรอ พอรู้ว่าเป็นทุกคนก็ไม่คุยกับเราโดนบุลลี่ เราเล่นทวิตเพื่อจะได้มีเพื่อน ทวิตเป็นโลกอีกใบของเรา เราอยากมีเพื่อนที่คุยแล้วเป็นกำลังใจเปนความสบายใจ เพราะในชีวิตจริงผมกรีดข้อมือนับไม่ถ้วนพยายามฆ่าตัวตาย,0,1,0,1,0,0,2,64
1,ถ้าวันนึงเราไม่อยู่ โปรดรับรู้ความเจ็บปวดทั้งหมดที่เรามี ความเจ็บปวดของการกระทำและคำพูดของทุกคนในครอบครัวที่ได้ทำกับเราไว้,0,1,0,0,0,0,2,28
0,เราตอบแชตเขาภายใน 1 นาที เขาตอบแชตเราภายใน 1 ชั่วโมง :'(,0,1,0,0,0,0,2,15
0,พรุ่งนี้นัดกับหมอไว้ แต่ฉันไม่อยากไปอีกแล้ว คงตื่นขึ้นมาวันนี้วันสุดท้ายแล้ว มีใครอยากคุยด้วยไหม เล่าอะไรให้ฟังก็ได้,0,1,0,0,0,0,2,28
0,กินครั้งที่สอง กินมากกว่าครั้งแรก แต่ก็ยังรอดตายมาเพราะไม่ได้ทิ้งแผงยาที่แกะไว้ เฮ้อออ ไม่ได้กินเพื่ออยากตายนะ กินเพื่อให้ลืมความรู้สึกที่จุกอยู่ในอกต่าหาก,0,1,0,0,1,1,2,40
0,โครตเกลียดตัวเองเวลาเศร้า ชอบทำตัวเหมือนมีความสุข,0,1,0,0,0,0,2,10
0,"🔬sาคาน้ำมัuกัญชา(เข้มข้น) 🍃 5cc. 9OO฿ 10cc.1,55O฿ สนใจสoบถามsายaะเอียดDM (ส่งจริงมีรีวิว)❗️❗️ Line : [USER] FB : น้ำมันกัญชาCannabidoil",0,0,0,0,0,0,0,46
0,ถามตัวเองทุกวัน ว่าจะทนได้ถึงเมื่อไหร่,0,1,0,0,0,0,2,9
0,ขอให้วันนี้เป็นวันที่ดีสำหรับทุกคนนะ,1,0,0,0,0,0,1,8
0,หายไปก็ไม่เห็นมีเพื่อนคนไหนตามหนิ ฉันมันเหมือนละอองอากาศตั้งแต่แรกอยู่แล้วแหละ ช่างเถอะ,0,1,0,1,0,0,2,20
0,ขอบคุณรอยยิ้มและเสียงหัวเราะ มุขตลกที่ไม่เหมือนใคร,0,1,0,0,0,0,0,9
1,ไม่อยากลืมตาเลย,0,1,0,0,0,0,2,4
0,มันควบคุมไม่ได้อีกแล้ว,0,1,0,0,0,0,2,5
0,ทำไมต้องมีความสุขต่อหน้าคนอื่นตลอดเวลา.,0,1,0,0,0,0,2,7
0,เริ่มเฉยๆกับหลายๆอย่างแล้ว เพราะเรามีเป้าหมายที่ชัดเจนมากพอ อีกนิดนะ มันจะจบแล้ว,0,1,0,0,0,0,2,23
0,วันนี้ของทุกคนเป็นยังไงบ้างคะ ผ่านไปได้ด้วยดีเลยใช่ไหม มาเม้นบอกกันได้เลยนะ,1,0,0,0,0,0,1,20
0,ทุกอย่างมักจะเริ่มจากแผลเล็กๆก่อนแล้วก็ค่อยๆสะสมไปจนมันรักษาไม่หายเหมือนแผลใจไง🙂,0,1,0,0,0,0,2,21
0,เพื่อนคนนึงชอบแชทบอกว่าทุกคนในกลุ่มชอบเมินแชทของตัวเอง แต่ไม่เลยแชทของตัวเรานี่แหละที่ทุกคนเมินไม่อ่านไม่ตอบ แต่เราไม่ได้พูดอะไรพยายามหลอกตัวเองไปวันๆ,0,1,0,0,0,0,2,39
0,มันก็แบบมีอารมณ์ที่เครียดๆเศร้า ก็ซื้อดหล้าเอย สปายเอย มากิน แบบเมากริ่มๆก็เริ่มร้องไห้ คุยกับตัวเองระบายออกมา แต่ตอนเช้ามานี่โคตรจะปวดหัวเลย,0,1,0,0,0,0,2,38
0,มันเหนื่อย มันท้อไปหมดเลย เหนื่อยจนร้องไห้ออกมาแล้ว,0,1,0,0,0,0,2,12
0,ไม่ว่าช่วงเวลานั้นจะดีแค่ไหน พรุ่งนี้มันก็ก็เป็นแค่ความทรงจำ,0,1,0,0,0,0,2,15
0,“เครียด โกรธ วิตกกังวล ตัวเราจัดการได้” ของนานมีบุ๊คส์,0,0,0,0,0,0,0,10
0,โครตไม่ชอบตอนที่พ่อแม่ทะเลาะกันมากๆเลย,0,1,0,0,0,0,2,11
0,โลกใบนี้มันใจร้ายเนอะ เป็นไปได้ก็อยากให้โลกใบนี้ใจดีกับคุณมากๆเลยนะ,0,1,0,0,0,0,0,20
0,การที่เราทำสิ่งดีๆให้แล้วได้รับคำพูดแย่ๆกลับมา... แล้วพอเราไม่อยากทำให้แล้วเท่ากับว่าเราเห็นแก่ตัวก็ได้หรอ คำพูดแย่ๆของคุณทุกคำทำให้เราเป็น จนทุกวันนี้ ครอบครัวเขาทำกันแบบนี้หรอ,0,1,1,1,0,0,2,46
0,เหนื่อยจะพูดแล้วอะ บังคับอะไรกันนักวะ กับพี่เคยบังคับเขาเคยคาดหวังเคยกดดันขนาดนี้มั้ย,0,0,1,0,0,0,2,22
0,เบื่อโลกใบนี้...,0,1,0,1,0,0,2,5
0,เราพอแล้ว..พร้อมทิ้งทุกอย่างจากโลกใบนี้แล้ว..ขอให้ทุกคนมีความสุขในวันที่เราไม่อยู่นะ😊😊,0,1,0,0,0,0,2,22
0,ก็ต้องยอมเสียเค้าไป ก่อนที่วันนึงเราจะไม่มีค่าอารัยเลย 😢 💋,0,1,0,0,0,0,2,18
0,บางทีก็ไม่รู้ว่าอยู่กับใครแล้วมีความสุข...,0,1,0,0,0,0,2,11
0,ทำไมพื้นที่ระบายของเราไม่ใช่คนที่เรารักหรือไว้ใจ ทำไมกลับต้องเป็นในนี้,0,1,0,0,1,0,2,19
0,เหนื่อย กดดัน เอาง่ายๆ อยากตาย,0,1,0,0,0,0,2,6
0,แยกไม่ออกว่าตายจริงๆเป็นยังไงแล้ว แค่นี้เหมือนตายทั้งเป็นแล้ว,0,1,0,1,0,0,2,13
0,เหนื่อยเหมือนกันนะบ้างที,0,1,0,0,0,0,2,5
0,กอดเราหน่อยได้มั้ยคะ กดเฟบ กดอะไรก็ได้ เสียงในหัวมันไม่อยากอยู่ต่อแล้ว แต่เรายังมีความฝันที่อยากอยู่ต่อจนได้เป็นครูอย่างที่ฝัน เรากลัวใจตัวเองค่ะ,0,1,0,0,0,1,2,37
1,ทุกอย่างล้วนมีตอนจบ,0,1,0,0,0,0,2,4
0,ฝังใจมาตลอดกับคำพูดของแม่ที่ว่า”ไม่มีมึงชีวิตกูคงสบายกว่านี้เยอะ”,0,1,0,1,0,0,2,20
0,มันเป็นช่วงที่เลวร้ายที่สุดอีกครั้ง😭,0,1,0,0,0,0,2,7
0,🚨 5G ผ่อน 0%10เดือน🔻 👉คลิก 🛍 11นิ้ว 128GB 📌สนใจคลิกเลย 👉,0,0,0,0,0,0,0,20
0,ที่บอกว่าอยากตายไม่เคยพูดเล่นสักครั้ง..,0,1,0,0,0,0,2,10
1,กินยาเกินขนาดก็แล้ว ไม่ตายวะ รีบๆทีเหอะ,0,0,1,0,1,0,2,12
0,คนในครอบครัวรับรู้และพาไปพบจิตแพทย์ทุกครั้งที่แพทย์นัด แต่ที่บ้านไม่เข้าใจโรคนี้ เขาคิดว่าแค่เรากินยาแล้วก็จะหาย ทำเหมือนเราเป็นไข้หวัด,0,1,0,1,0,0,2,33
0,เหตุผลที่จะมีชีวิตอยู่ ..ไม่มี เหตุผลที่ควรจะตายไปซะ ..เป็นร้อย,0,1,0,1,0,0,2,16
0,เราคบกันมา9เดือน แต่เขายังเก็บรูปแฟนเก่าใว้ในรถอยู่เลย 😭😭😭😭😭,0,1,0,0,0,0,2,18
0,ฉันโตมาจากครอบครัวที่พ่อแม่แยกทางกัน คุณที่โตมาจากครอบครัวสมบูรณ์คุณคงไม่เข้าใจ,0,1,0,0,0,0,2,18
0,ควรจะรู้สึกยังไง ให้ใจเพื่อนเเต่ละคนเกินร้อยทุกคนเเต่กลับทำกันยังนี้ ทำดีต่อหน้าลับหลังนินทา เเต่ละคนเเม่งโคตรเหลี่ยมอ่ะบอกเลย ในเมื่อไม่อยากคบกูเป็นเพื่อนก็ไม่เป็นไร ระวังเพื่อนพวกมึงกันเองนะเเต่ละคนเเม่งโคตรเหลี่ยม🙂🙂,0,1,1,1,0,0,2,53
0,อยากได้คนที่เข้ามาในชีวิตเป็นของขวัญ ไม่ใช่บทเรียน ☺,0,1,0,0,0,0,2,12
0,เราผิดหรอที่เป็นแบบนี้ เราไม่ได้อยากรู้สึกแบบนี้ด้วยซ้ำ ที่เราเล่าออกไปเราก็แค่หวังให้มีใครสักคนเข้าใจบ้างก็ยังดี แต่สุดท้ายก็ไม่มีใครเข้าใจหรอกและก็ทิ้งเราไปอยู่ดี,0,1,0,1,0,0,2,46
0,ในขณะที่เรากำลังร้องไห้อยู่ในห้องน้ำเล็กๆ คนข้างนอกไม่ได้รับรู้ถึงควาทรมานในใจเราเลย,0,1,0,0,0,0,2,22
0,นับวันก็คือ ไม่ต้องนอนแล้วว5555,0,0,0,1,0,0,2,8
0,ขี้เกียจเเสร้งยิ้มเวลาอยู่ต่อหน้าแม่,0,0,0,1,0,0,2,9
0,เรื่องแค่นี้ทำไมต้องตะคอกใส่ด้วยอ่ะ รู้งี้กูน่าจะกรีดตตัวเองตายตั้งแต่เมื่อวานแล้ว55555555555555555,0,1,1,0,0,0,2,20
0,The Attention: อยากตายต้องได้ตาย? เมืองไทยควรสนับสนุนให้มี ‘การุณยฆาต’ แล้วหรือยัง? อ่านต่อ :,0,0,0,0,0,0,0,26
0,ชีวิตที่นี่สมเพช,0,1,0,1,0,0,2,3
0,ตอนเศร้าเพลงแท่งโครตเพราะเลยว่ะ 😂,0,1,0,0,0,0,0,10
0,ให้ พยายามมากแค่ไหนก็เป็นแค่แกะดำ,0,1,1,1,0,0,2,9
0,เหมือนพลังที่เคยมี... หายไปไหนแล้วก็ไม่รู้..😣 .,0,1,0,0,0,0,2,14
0,เบื่อสุด ตรงที่ยังไงก็ต้องโอเคร,0,1,0,0,0,0,2,9
0,น่าสมเพชชีวิตบ้าๆแบบนี้,0,0,0,1,0,0,2,5
0,ทุกวันนี้อยู่เพื่อเศร้า ร้องไห้ เสียใจ เก็บความรู้สึก และฝืนยิ้ม,0,1,0,0,0,0,2,10
0,ถึงอยากจะพูดออกไปว่าช่วยด้วยก็เถอะ สุดท้านก็กลัวเขารำคาญ กลัวเขามองว่าเรามันอ่อนแอ กลัวเขาเป็นทุกข์เพราะเรา 😂 เพราะงี้แล้วเก็บมันไว้แบบนี้แหละ,0,1,0,0,0,1,2,37
0,จะผ่านวันนี้ไปได้มั้ย...,0,1,0,0,0,0,2,7
1,ขอหลับตาสักหน่อยนะ แต่ไม่ขอลืมตาขึ้นมาละกัน,0,1,0,0,0,0,2,12
0,ง่าใครที่เป็นอยู่มาระบายกับเราได้นะเราพร้อมรับฟังทุกคนเลยใครไม่เข้าใจปล่อยเขาไปให้เราได้เป็นที่พึ่งทางใจของทุกคนน่ะเราคอยเป็นกำลังใจให้ เราไม่รู้ว่าใครแบกรับอะไรไว้บ้าง สู้ๆนะคะเราเป็นกำลังใจให้พวกคุณทุกคนเลย😊✌️,1,0,0,0,0,0,1,55
0,ถึงจะหนีดวงจันทร์มายังไง ก็แหงนมองมันอยู่ดีป่ะวะ,0,1,0,0,0,0,0,13
0,เหนื่อยกับการมีชีวิตแล้ว ทำผิดมากมาย ไร้เป้าหมาย มันน่าอายที่ยังหายใจอยู่,0,1,0,1,0,0,2,15
0,ขังตัวเองไว้ในอดีตที่แสนเลวร้าย ออกมาจากจุดนั้นไม่ได้สักที,0,1,0,0,0,0,2,15
0,ลักษณะการเปลี่ยนแปลงที่สำคัญของ อ่านรายละเอียดได้ที่นี่,0,0,0,0,0,0,0,9
0,คนที่ใช่ของเขา คงไม่ใช่เรา🖤🤍.,0,1,0,0,0,0,2,10
0,ไม่อยากกลับมาร้องไห้อีกแล้ว แต่มันก็ไม่ไหว ใจไม่ได้แข็งแกร่งขนาดนั้น เหนื่อยเนอะว่ามั้ย,0,1,0,0,0,0,2,20
1,มันแย่จริงๆนะเว้ยกูท้อกูเหนื่อยกูแสดงออกไม่ได้ฆ่ากูเหอะให้กูตายสักทีการมีชีวิตมันเป็นอะไรที่ทรมานกูที่สุดแล้ว,0,1,1,0,0,0,2,30
0,เรานี่มันไม่ได้เรื่องเลยจริงๆ,0,0,0,1,0,0,2,6
0,ถ้าคนที่เขาเคยทำให้เรารู้สึกแย่รู้สึกดิ่งมาก่อนตอนนี้เขากำลังดิ่งถ้าเป็นทุกคนจะรู้สึกหรือทำยังไงเหรอ จะสะใจหรือสงสารหรือปล่อยเลยตามเลยเหรอ,0,1,0,0,0,1,2,34
1,ขอระบาย วันนี้ไปทานข้าวเย็นกับพี่ชายมา เราเล่าว่าหมอให้เปลี่บนยาใหม่ ตัวนี้ดีขึ้นเค้ากินข้าวได้เยอะขึ้นตั้งสองจาน สิ่งที่พี่ตอบคือ ทำไมไม่หาย เป็นโรคจิตแบบนี้ที่ทำงานรู้ไม่โดนไล่ออกเหรอ เราจุก อึดอัดเลย,0,1,0,1,0,0,2,51
1,อยากหลับแบบไม่ตื่น คงจะดีกว่าตื่นมาแล้วเจอเรื่องแย่ๆแล้วทำให้เราอยากจะฆ่าตัวตายแบบนี้,0,1,0,1,0,0,2,21
0,ตื่นมาอีกแล้วหรอ🖤😖,0,1,0,0,1,0,2,5
0,คิดถึง😢,0,1,0,0,0,0,2,2
0,"ขอเป็นกลจ.ให้คนที่เป็น นะคะ การที่เขาเป็นแล้วจะฆ่าตัวตายคือเค้าไม่ได้ตัดสินใจทีเดียว เค้าคิดแล้วคิดอีกกว่าสมองจะacceptอะไรแบบนี้ได้คือต้องคิดหนักจริงๆต้องตันแล้วจริงๆ คนปลอบก็ไม่ควรที่จะเอาตัวเองมาเปรียบเทียบว่า ""กูเคยเจอหนักกว่านี้อีก"" อย่านะคะเค้าต้องการกลจ.",1,0,0,0,0,0,1,68
0,เราเหนื่อยหวะ,0,1,0,0,0,0,2,3
1,สิ่งที่ทำให้อยากตายคือครอบครัว ครอบครัว และครอบครัว,0,1,0,0,0,0,2,10
0,งานไม่เสร็จ,0,0,0,0,0,0,2,3
1,เราเหนื่อยจัง ถ้าวันนึงเราไปก่อน เราแค่อยากพักแล้วน่ะ ไม่ต้องโทษตัวเองกันนะ ทุกคนทำดีที่สุดแล้วนะ,0,1,0,0,0,0,2,24
0,การกอดตัวเองเป็นอีกหนึ่งกำลังใจได้นะ,1,0,0,0,0,0,1,9
0,นี่เราจะต้องเป็นคนไร้ค่าแบบนี้อีกนานแค่ไหน งานก็ไม่มี เงินก็ไม่มี แมร่งไม่ยุติธรรมเลย,0,1,0,1,0,0,2,24
0,เพื่อนทำงานเป็นไกด์มาก่อน พอเจอวิกฤตโควิดเมื่อหกเดือนที่แล้ว บริษัทเลิกจ้าง เพื่อนตระเวนสมัครงานไปทั่ว แต่ไม่ติดอันดับ โทรมาวันนี้บอกได้งานละ แต่ไกลบ้านบอกแล้วบอกว่าตัวเองเริ่มเป็น เพราะเครียดสะสม สงสารอะได้แต่ให้กำลังใจ โรคนี้ใกล้ตัวมากจริงๆนะ 😢,0,1,0,0,0,0,2,56
0,วาดส่งหมอ,0,0,0,0,0,0,0,3
1,ทำยังไงถึงจะหายไปเลยหรอค่ะ หายไปแบบที่คนอยู่ข้างๆไม่กี่คนไม่ต้องมาเจ็บไปด้วย...,0,1,0,0,0,0,0,25
0,ทำก็โดนด่า ไม่ทำก็โดนด่า ไม่รู้จะทำยังใง ทำอะไรไม่ถูก,0,0,1,0,0,0,2,19
0,เคยเป็นคนให้กำลังใจคนอื่นมา แต่ตอนนี้กลายเป็นคนอยากได้กำลังใจบ้าง,0,1,0,0,0,0,2,13
0,ไม่ใช่ความผิดเรา เเต่เราต้องขอโทษ เเล้วมีใครขอโทษเราได้บ้าง มีใครคิดจะขอโทษหรือให้ความสำคัญว่าเรายังเป็นคนอยู่บ้าง มีใครที่จะถามว่าเป็นไงบ้างหรือพูดคำว่าขอโทษให้เรามั้ย เหนื่อยนะ เหนื่อยมากๆหยุดเสเเสร้งใส่เราสักที จะอ้วกเเล้ว,0,1,0,1,0,0,2,60
0,"ก็คงจะมีแค่น้องตุ๊กตาเต่าตัวนี้ ที่รู้ว่าเราร้องไห้,เศร้า,ดีใจ หรืออะไรต่างๆ พอนานๆก็รู้สึกเหมือนกลายเป็นเพื่อนที่อยู่กับเราไปแล้ว🐢❤",0,1,0,0,0,0,2,34
0,วิธีระบายที่ดีที่สุด,0,0,0,0,0,0,0,5
0,ความรู้สึกแย่ๆพวกนี้มันดึงเราไว้ พยายาม แต่ก็ไม่สำเร็จ ทำยังไง ต้องทำยังไงหรอ,0,1,0,0,0,0,2,20
0,ที่เห็นเรายิ้มใช่ว่าเราจะมี ความสุขเสมอไป.😊,0,1,0,0,0,0,2,12
0,ร้องไห้ไปด้วยกันนะ,0,1,0,0,0,0,0,4
0,ไม่มีใครอยากเป็นแบบนี้อ่ะ ใครๆก็อยากมีความสุขอยากรีเซ็ตชีวิตได้ใหม่เหมือนกัน,0,1,0,0,0,0,2,17
0,พอเราโตขึ้น จึงรู้ว่าการที่ต้องร้องไห้ต่อหน้าคนที่เรารักและรักเรา มันเป็นอะไรที่ยากมาก,0,1,0,0,0,0,2,24
0,เพราะฉันไม่ไหวแล้วฉันจึงเรียกร้องความสนใจ,0,1,0,0,0,0,2,9
1,เลิกไล่หนูไปตายเถอะค่ะ หนูเองก็ไม่อยากอยู่เหมือนกัน,0,1,0,1,0,0,2,14
0,แม่บอกแม่เป็นห่วงหนู แม่ไม่อยากให้หนูตายใช่ไหม แล้วทำไมแม่ไม่เข้าใจหนูเลย ไม่ใช่แค่แม่ แต่ทุกคน ทุกคนไม่มีใครเข้าใจหนู ทำไม ทำไมไม่เข้าใจกันเลยวะ ทำไมวะอีเหี้ย,0,1,1,1,1,0,2,42
0,เราเหนื่อยแล้วนะ,0,1,0,0,0,0,2,4
0,จะหลับฝัน ไม่ขอตื่นขึ้นมา,0,1,0,0,0,0,2,7
0,ทำอะไรก็ผิดไปหมด,0,1,0,1,0,0,2,6
0,ทำไมต้องเป็นเราที่โดนเมิน? ทำไมต้องเป็นเราที่โดนพวกเธอไล่? ทำไมต้องเป็นเราที่โดนพวกเธอทิ้ง? เราน่ารังเกียจ? เราทำอะไรผิด? ผิดที่เป็นเราหรอ? พอเป็นเราเลยไม่อยากยุ่งกับเรา? ทำไมต้องเป็นเราด้วย? ทำไม? ทำไม?,0,1,0,1,0,0,2,61
0,ปรึกษาใครได้บ้าง จะไม่ไหวแล้วแก:),0,1,0,0,0,0,2,10
0,อยากโดนกอด อยากโดนโอ๋ อยากมีคนนั่งอยู่ข้างๆเวลาร้องไห้ แต่ไม่มีเลย ไม่มี ไม่มีใครเลย,0,1,0,0,0,0,2,24
0,หรือว่าเธอคนนั้น ไม่มีอยู่จริง 😶,0,1,0,0,0,0,2,9
0,ทุกคนบอกให้เรารักตัวเองให้เป็น ทั้งเพื่อน หมอ แม่ หรือแม้ผู้หญิงคนหนึ่งที่ทำให้เราต้องอยู่สภาพนี้ เราโคตรรู้สึกแย่กับคำนี้เลย เรารักตัวเองไม่พออีกเหรอวะ รักหรือไม่รักก็ไม่เห็นจะมีอะไรเปลี่ยนไป เลิกโลกสวยได้ละ พวกคุณทำกับเราแบบนั้นให้เราเกลียดตัวเองจะให้มารักตัวเอง?,0,1,0,1,1,0,2,69
0,**Ooca(แอปฯให้คำปรึกษาจิตวิทยา) เปิดให้คุยกับจิตแพทย์และนักจิตวิทยา เพื่อเยียวยาหัวใจจากผลกระทบจากการสลายชุมนุม “ฟรี!!”**,0,0,0,0,0,0,1,25
0,เอาจริงๆ คืออยากกอดใครสักคนแน่นๆ อยากมีคนรับฟังในทุกๆเรื่องที่เจอมาอ่ะ,0,1,0,0,0,0,0,21
1,กี่ครั้งแล้วที่พยายามไม่หยิบคัตเตอร์และหยิบอย่างอื่นมากรีดแทน เพราะไม่อยากให้เป็นรอยแผลชัด,0,1,0,0,0,1,2,22
0,อยู่ได้ถึงทุกวันนี้เพราะมีหน้าที่เรียน,0,1,0,0,0,0,2,8
0,ทำไมถึงรอดมาอ่ะ☠️,0,0,0,0,1,0,2,6
0,ตอนนี้ไม่มีอะไรต้องห่วงแล้ว ชีวิตไม่มีอะไรต้องคอยดูแลแล้ว แต่ก็ตายไม่ได้อยู่ดี ชั้นไม่มีความกล้าพอที่จะพรากลมหายใจตัวเอง ชั้นมันขี้ขลาด,0,1,0,0,0,0,2,32
1,มันจะมีอยู่ช่วงเวลาหนึ่งที่ทำให้เราอยากทำร้ายตัวเองแบบให้ตายไปเลย,0,1,0,0,0,0,2,17
1,ถ้าหายไปได้ก็คงจะดี,0,1,0,1,0,0,0,7
0,กินยาแล้วไม่เห็นช่วยอะไรกูเลยวะพอมีเรื่องอะไรเข้ามาแม่งก็ดิ่งเท่าเดิมเลยอ่ะเหนื่อยแล้วนะเว้ย,0,1,0,0,0,0,2,25
0,อาร์มนะ สองปี ผมจะส่งต่อไปเพื่อบอกสัญญาณ,0,0,0,0,0,0,0,11
0,เราไม่เคยทนนะ เเต่เราคิดเสมอว่าถ้าวันใดวันหนึ่งเราเจอที่ๆเหมาะกับเรา มันก็คุ้มนะที่จะสู้ให้ถึงที่สุด เราจะไม่รู้สึกเสียดายเวลาเลยถ้ามันสำเร็จ ถ้ายอมเเพ้ตั้งเเต่ตอนนี้เราอาจจะรู้สุกเสียดายโอกาสที่ไม่ยอมคว้าไว้เเล้วปล่อยมันหายไปโดยไม่รู้ว่าวันข้างหน้าจะเจออีกรึเปล่า,1,0,0,0,0,0,1,66
0,ไม่มีใครเข้าใจเรามากกว่าตัวเราเองแล้ว เคยไม่เรารู้สึกอยากทิ้งเขา เราไม่หวังอเไรจากเขาอีกแล้ว แต่กลับทำไม่ได้เพราะเรารักเขาไปแล้ว,0,1,0,0,0,0,2,34
0,ฟังเทศน์ไป... รับเอฟเฟคของฟูล็อกไป ในหัวคิดงานวนไป,0,0,0,0,0,0,2,15
0,(6)ในขณะที่เขายังลังเลว่าจะเลือกใคร เราเกิดเพ้อกลางดึก จำอะไรไม่ได้ พูดไม่รู้เรื่อง สรุปคือเป็นโรคซึมเศร้า แฟนเรารู้สึกผิด ตัดสินใจกลับมาหาเรา ผู้หญิงคนนั้นส่งข้อความมาบอกว่า จะมาด่าเราให้หายบ้า เราต้องเข้าโนงบาลครั้งที่2,0,1,0,0,1,0,2,54
0,คำด่าของพวกเขาก็อยู่ในหัวมันไม่ได้หายไปไหนฝังลงใต้จิตใจด้วยซ้ำ,0,1,0,1,0,0,2,17
0,คำถามที่ว่าเป็นอะไรของใครบางคนที่ถามมา บางทีเค้าแค่อยากได้คำตอบ แต่ไม่ได้อยากจะเข้าใจจริงๆหรอกว่าเราเป็นอะไร,0,1,0,0,0,0,2,27
0,"ท้องฟ้าเหมือนแกเลย ""เปลี่ยนไปทุกวัน""🖤🌘",0,1,0,0,0,0,2,8
0,ยิ่งเพื่อนรั้งเราเอาไว้มากแค่ไหน เรายิ่งรู้สึกผิดต่อพวกเขามากเท่านั้น,0,1,0,0,0,1,2,16
0,ไม่ได้มีแค่กูที่มีความรู้สึกนี้,0,1,0,0,0,0,2,8
0,ทำไมคนที่ทำร้ายเราคือครอบครัวของเราเองล่ะ คำพูดมันฆ่าคนได้จริงๆนะ 😂,0,1,0,1,0,0,2,19
0,เป็นมึงนี่ดีนะ ไม่เห็นเครียดไรเลย' ... แกอยากเป็นเราจริงๆหรอ,0,1,0,0,0,0,2,18
0,(9) พี่ชาย พี่สาว และแม่เลยให้เราอยู่บ้าน ทั้งสามคนจะออกค่ารักษา ค่ากินอยู่ให้เราเอง เรากับแฟนก็พยายามปรับตัวเข้าหากัน ลืมเรื่องที่ผ่านมา ตอนนี้ผ่านมา5เดือนแล้ว จู่ๆ เราก็เอาเรื่องนี้กลับมาคิด,0,1,1,0,0,0,2,46
1,เราอยู่ไม่ไหวแล้วคุณ ขอโทษนะคะ,0,1,0,0,0,0,2,8
0,ถ้ามีโอกาสก็อยากให้เรา วนกลับมารักกันอีกครั้ง 🍂,0,1,0,0,0,0,0,12
0,ใจชาหนึบเลยตอนนี้,0,1,0,0,0,0,2,5
0,"อาลัยเจมส์ บอนด์ คนแรก ""ฌอน คอนเนอรี"" เสียชีวิตด้วยวัย 90 ปี",0,1,0,0,0,0,2,16
0,ยืนคนละจุดก็... ไม่แปลกที่จะรู้สึกต่างกัน,0,1,0,0,0,0,2,10
0,อิจฉาเพื่อนจัง เป็นที่สนใจตลอด เวลาเศร้าก็มีคนอื่นคอยให้กำลังใจเสมอ ทำไมทีกับเราเขาถึงไม่รู้สึกอะไรเลยนะ..,0,1,1,1,0,0,2,26
1,มันไม่มีใครอยากมานั่งกรีดแขนตัวเองซ้ำๆเพื่อให้คนอื่นหันมามอบความรักให้หรอกนะที่ทำเพราะเรารู้ไงว่าไอ้แผลกายข้างนอกนี่มันไม่เคยเจ็บเท่าแผลในใจเลยสักครั้งคุณไม่ต้องสนใจหรอกเราก็ไม่ได้ต้องการไม่ต้องสงสาร และไม่ต้องซ้ำเติม ขอแค่นี้เอง,0,1,1,0,0,0,2,58
0,ชีวิตมันจะเหี้ยไรขนาดนี้วะ,0,0,1,0,0,0,2,8
0,ตอนนี้อยากได้คนคุยด้วยค่ะ รู้สึกไม่ดีเลย,0,1,0,0,0,1,2,10
0,ไม่มีความสุข ไม่มีความทุกข์ ไม่มีอะไรเลยในหัว เฉยๆไปหมดทุกอย่าง เบื่อที่สุด,0,1,0,0,0,0,2,18
0,คงสนุกมากใช่ไหมที่ได้บูลลี่เราเห็นเราไม่พูดอะไรให้ไม่ได้แปลว่าเราไม่รู้สึกนะเรารู้สึกแค่เราไม่แสดงออก,0,1,0,1,0,0,2,29
0,อิจฉาคนที่ได้ไปลอยกระทงกับครอบครัวจัง,0,1,1,0,0,0,2,9
0,เราจะเป็นsafe zone ให้คุณนะคะคนเก่ง,1,0,0,0,0,0,1,9
1,อยากผูกคอตายนะ แต่ใจไม่กล้าพอ กลัวเชือกขาด กลัวไม้หัก ขี้ขลาด,0,1,0,0,0,1,2,15
0,"ตื่นมา พร้อมรับข่าวเศร้า... ลุงฌอน เจมส์ บอนด์ ของผมได้จากไปแล้ว @ Prachin Buri, Thailand",0,1,0,0,0,0,2,21
0,หายๆไปคงดีกว่านี้,0,1,0,0,0,0,2,6
0,อยากเจอ คนจริงใจ มีมั้ยแถวนี้😔 ...,0,1,0,0,0,0,0,10
0,ขนาดเพื่อนสนิทยังไม่ชอบหน้าเราเลย,0,1,0,1,0,0,2,8
1,เหนื่อยมากเลย บางทีก็ไม่อยากอยู่ตรงนี้แล้ว,0,1,0,0,0,0,2,10
0,เคยยิ้มได้โดยที่มันมาจากใจ แต่ตอนนี้แค่ฝืนยิ้มยังยิ้มไม่ออกเลย รอยยิ้มนั้นมันได้หายไปแล้ว ตั้งแต่... 😭😭,0,1,0,0,0,0,2,26
0,เพื่อนมาอยู่ด้วยพอเพื่อนจะไปก็รู้สึกอ่อนเเออีกเเล้ว,0,1,0,0,0,0,2,15
0,จะเลิกเอาใจไปรัก คนที่ไม่เคยรักเรา 🎵,0,1,0,0,0,0,2,12
0,ฉันไม่รู้ว่าจะผ่านคืนนี้ไปได้ยังไง,0,1,0,0,0,0,2,10
0,ครอบครัวเราเจอวิกฤตหนัก จนเราเป็นโรคซึมเศร้า เรากลับมาอยู่บ้านที่ตจว. จากเด็กในกทม ได้กินของห้าง ได้มีเงินใช้ ตอนนี้หรอ แค่เห็นคนอื่นกินชาบู กินขนมอร่อยๆก็ร้องไห้แล้วอะ มีใครเปฌนเหมือนเรามั้ย 😭,0,1,0,1,0,0,2,50
0,มีใครเคยแอดมิทเพื่อปรับยาไหมคะ,0,0,0,0,0,1,0,11
0,ทุกคนคะ เราไม่ไหววแล้ว ขอใครสักคนระบายหน่อยได้มัย้คะ แค่คำพูดให้กำลังใจหรทออะไรก็ได้ มันหนักมากจริงๆ ร้องให้จนแทบขาดใจแล้ว เราดึงตัวเองจากตรงนี้ไม่ได้เลย,0,1,0,0,0,1,2,41
0,ขอคนปรึกษาได้ไหมคะ? ช่วงนี้เราแย่มาก dm มาเลยได้ไหม? ใครก็ได้,0,1,0,0,0,0,2,17
0,สู้แล้วนะ,0,1,0,0,0,0,1,3
0,ฉันผู้ที่ไม่เคยมีความหมายในชีวิตใคร,0,1,0,1,0,0,2,9
0,อยู่ห้องมืดๆคนเดียวเปิดเพลงดังๆมันเป็นเซฟโซนที่ดีสุดสำหรับเรา,1,1,0,0,0,0,0,17
0,จริงๆแล้วการไม่มีชีวิตอยู่หรือการที่ไม่ต้องรู้สึกอะไรเลย เป็นหนึ่งสิ่งที่อยากได้มากที่สุดในตอนนี้,0,1,0,1,0,0,2,21
0,เป็นคืนที่เราต้องมานอนร้องไห้อีกแล้ว,0,1,0,0,0,0,2,9
1,สำหรับใครที่กำลังท้อ ก็สู้ๆนะ เดี๋ยวก็ตายกันแล้ว ตายไปพร้อมกันไม่ต้องคิดมาก,0,1,0,1,0,0,2,19
0,คือเราต้องรู้สึกแย่เพราะเหตุผลเดิมๆของแกอีกนานแค่ไหนกันหรอ,0,1,0,0,0,0,2,17
1,ตายเลยดีมั้ย🙃,0,1,0,0,0,0,2,5
0,Flash sale คุกกี้พร้อมส่งมีเพียง 20 ชิ้นเท่านั้น สั่ง3 ชิ้นขึ้นไปค่าส่ง15 บาททั่วประเทศ ชิ้นละ35 บาท 3 ชิ้น 100 บาท ช่วยอุดหนุนหน่อยนะคะ ทำเองค่ะ วันนี้เราไปขายที่ม็อบด้วยแต่ขายไม่ค่อยดีค่ะ 🙏🙏🙏,0,0,0,0,0,0,0,47
0,คือเรา เห้อ ทำไรไม่ได้เลยอ่ะ,0,1,0,0,0,0,2,9
1,ไม่ไหวแล้ว เราอยากตาย เราอยากทีเดียวตายเลยไม่ต้องทรมานกับโลกใบ้นี้อีก,0,1,0,0,0,0,2,18
1,ท่องมันไว้ เดี๋ยวก็ตายแล้ว ท่องมันไว้...,0,1,0,0,0,0,2,11
0,ปัญหาที่เข้ามาบางทีมันก็เกินจะรับไหว,0,1,0,0,0,0,2,10
1,รอดมาได้อีกเเล้วสินะ😑,0,0,0,0,1,0,2,8
1,สบายใจแล้วก็นอนนะ ถึงมันจะเป็นการทำร้ายตัวเอง แต่มันทำให้เราสบายใจ,0,1,0,0,0,0,0,15
0,ปล่อยน้ำตาให้มันหลั่งริน 😶,0,1,0,0,0,0,2,7
0,ขอบคุณโลกคับ เราขอไปก่อนนะคับ โลกไม่ได้น่าอยู่,0,1,0,1,0,0,2,13
1,คัตเตอร์ไม่คมเลยเนอะ,0,1,0,0,0,0,2,5
0,อยู่กับเพื่อนมีความสุขยังไง ช่วยเล่าให้คนไม่มีเพื่อนฟังโหน่ย,0,1,0,0,0,0,0,15
0,เพราะความรู้สึกของเรา มันสวนทางกัน 🙂,0,1,0,0,0,0,2,8
0,มีใครเคยเจอคุณหมอจิตแพทย์บอกให้กลับไปรักษาที่เก่าบ้างมั๊ยคะ ถ้าเจอช่วยบอกเราหน่อยนะคะ ถ้าสงสัยอ่านเต็มได้ในลิ้งค์ด้านล่างนี้ค่ะ,0,0,0,0,0,0,0,33
0,บางทีก็ไม่อยากปรับตัวให้กับใคร เรารู้ว่าเราเป็นคนยังไง ถึงเราจะลืมตัวก็ตาม แต่ในบางครั้งเราก็เหนื่อยนะที่เราทำตามเป๊ะทุกอย่างแต่ผิดนิดหน่อยเหมือนเราไปทำไรให้เธอโกรธมา55555,0,1,0,0,0,0,2,45
1,ที่บอกว่าอยากตายไม่เคยพูดเล่น,0,1,0,0,0,0,2,8
1,ทำไมเวลาเราการที่เราป่วย คนอื่นมองดูมันเป็นเรื่องโกหก ทั้งๆที่ไม่มีใครอยากเป็น มันทรมานนะ กินยาทุกวันไม่รู้ตับจะพังตอนไหน บางทีหูแว่วหูดับ บางทีก็ฆ่าตัวตาย บางทีก็เป็นคนอารมณ์ดี บางทีก็เป็นคนโมโหร้าย,0,1,0,1,0,0,2,49
0,ไม่กล้าบอกความจริงกับเทอ เรากลัวเสียเทอไป,0,1,0,0,0,1,2,13
1,ทำไมกูไม่ตายซะให้มันจบไปเลยวะ จะได้ไม่ต้องมาเจอเหี้ยไรที่ไม่ควรเจอทำไมวะ,0,0,1,0,0,0,2,24
0,อันนี้เป็นบททดสอบจำลองความตายนะครับ; ทำโดยนิสิตจุฬาลงกรณ์มหาวิทยาลัย ลองเล่นกันดูนะครับ เข้าไปจะมีคำเตือนอยู่อย่าลืมอ่านกันนะครับ ส่วนใครที่ไม่ไหวให้กดออกเลยนะครับ 😢 ใครที่เข้าไม่ได้เราเเปะลิ้งไว้ให้เเล้วนะครับ 🧸🖇🌷 ( ),0,0,0,0,0,0,0,60
0,บางครั้งก็อยากจะหนีปัญหาทุกอย่างในชีวิต หนีไปให้ไกลๆ ไม่อยากรู้สึกอะไรแล้ว ไม่อยากรับรู้อะไรทั้งนั้น อยากทิ้งทุกอย่างไว้ข้างหลัง และไม่ต้องแคร์ใครอย่างที่ทำอยู่ทุกวันนี้ รู้สึกเหนื่อยกับสิ่งที่เป็นอยู่มามากแล้ว ขอหายไปสักพักได้ไหมสัก1วันก็ได้ ที่ได้อยู่กับตัวเองอะ,0,1,0,0,0,0,2,61
0,ปรึกษาใครไม่ได้เพราะไม่รู้จะเข้าหาใคร,0,1,0,0,0,0,2,10
0,วันนี้ช่วยใจดีกับเราหน่อยนะ,0,0,0,0,0,1,0,7
0,ใครก็ได้แนะนำจิตแพทย์ในเชียงใหม่ให้หน่อยค่ะ,0,0,0,0,0,0,0,8
0,มาทุกคืนวันอาทิตย์เลยนะ เกินควบคุมจริงๆๆ,0,0,0,0,1,0,2,9
1,ผิดที่เกิดมา,0,1,0,1,0,0,2,3
0,พบกัน 31 ธันวาคมนี้ค่ะ,0,0,0,0,0,0,0,5
0,หยุดพูดให้ปล่อยวางได้แล้วถ้าทำได้แล้วเราจะเป็นแบบนี้เหรอ,0,1,0,0,1,0,2,14
0,ผมเป็นคนยิ้มเก่งมาก เวลาถ่ายรูปก็ยิ้มตลอด ผมชอบลงรูปไอจีครับเพราะผมชอบถ่ายรูปนั่นเเหละครับเวลาผมลงรูปภาพหรือลงสตอรี่เพื่อก็จะมาเม้นว่าพส. ผมก็ทำได้เเค่ส่งสติกเกอร์หัวเราะตอบกลับไป😂ผมไม่กล้าพูดหรอกครับผมกลัวเสียเพื่อนๆ กลัวเพื่อนคิดว่าเเซวเเค่นี้ไม่ได้หรอ,0,1,0,0,0,1,2,74
0,"คำพูดทำร้ายคน คนอื่นพูดๆๆๆๆ ตัวเราฟังๆๆๆๆแล้วเก็บมาคิดตาม เค้าจะพูดก็เป็นเรื่องของเค้านิ ปากอยู่บนหัวของเค้าไม่ใช่หัวเรา แต่ๆๆๆๆถ้าสิ่งที่เค้าพูดไม่ได้หวังดีกับเราเราเลือกไม่สนใจได้นิ ฟังแต่ไม่ต้องเก็บมาคิดตาม I don't care, I respect myself.",1,0,0,0,0,0,2,66
0,ทุกสิ่งที่เกิดขึ้น มักมีเหตุผลของมัน:-),0,0,0,0,0,0,0,8
0,อ่อนโยนกับเราได้มั้ย เราอยากโดนปลอบใจบ้าง,0,1,0,0,0,1,2,10
0,บางทีก็อยากหายไปแบบโง่ๆ😌,0,1,0,0,0,0,2,9
0,หลายคนมีปัจจัยที่แตกต่างกัน ผมอาร์มนะ 3️⃣6️⃣❤ ทำไม อะไร อย่างไร ? มาแลกเปลี่ยนกำลังใจมุมมอง และประสบการณ์จากโรคซึมเศร้า ปล. เลือกเอาไปปรับใช้ผมแค่มาแลกเปลี่ยน แนะนำทางที่ดีที่สุดคือไปพบจิตแพทย์นะครับ อย่ายอมแพ้ จากหนึ่งกำลังใจ ขอบคุณครับ,1,0,0,0,0,0,1,53
0,"อย่าให้เราต้องคิดว่า ""การตาย"" คือทางออกที่ดีที่สุด",0,1,0,0,0,0,2,14
0,ยอมรับเลยว่าตอนนี้ตัวเองแย่มาก🖤😔,0,1,0,0,0,0,2,7
1,ไม่ได้อยากตาย แต่ไม่ได้อยากอยู่เช่นกัน,0,1,0,1,0,1,2,10
0,ใช่ค่ะวันๆนึงคิดจะตายไปแล้วเป็นพันรอบ ไล่อีกทีจะตายให้ดูแล้วนะ,0,1,0,0,0,0,2,21
0,เหนื่อยและท้อ มากขึ้นทุกวัน อยากจะอุ้มท้องลูกหนีไปไกลๆ แต่เงินไม่มี ได้แต่อดทน เพื่อลูก 😭,0,1,0,0,0,0,0,22
0,เธอคงเหนื่อยมากๆเลยใช่มั้ย เธอพยายามเต็มที่แล้วนะ ต่อไปนี้เธอจะไม่โดดเดี่ยวอีกแล้วจับมือเราแล้วเดินไปด้วยกันนะคนเก่ง เธอน่ะเก่งที่สุดนะเลยรู้มั้ย🌻✨,1,0,0,0,0,0,1,36
1,สุดท้ายพอจะฆ่าตัวตาย ก็ทำคนเดียวอยู่ดีป่ะ อย่ามาตั้งคำถามกับเรา เพราะเราแม่งโคตรรู้สึกแย่ทุกครั้งที่หาคำตอบให้,0,1,1,0,0,0,2,25
0,รักใครมากๆพอเขาไม่สนใจ ก็น้อยใจเหมือนกันนะ🖤,0,1,0,0,0,0,2,12
1,แอบคิดว่าถ้าตัวเองตายไป ข้าวสารตอนนี้ยังเหลือให้ที่บ้านกินได้สักมื้อหนึง นั้งมองถังข้าวสาร มองเงินกะเป๋าที่ไม่มี งานหาไม่ได้ ฟ้งคำธรรมมะว่าชีวิตต้องสู้ แล้วจะให้สู้อย่างไงแหละ ถ้าหายไปแล้วจะได้ไม่มีความรู้สึก อีก,0,1,0,1,0,0,2,57
1,หลับไปแล้วตายเลยก็ได้นะพร้อมแล้ว,0,1,0,0,0,0,2,9
1,รอหน่อยนะความตาย ฉันกำลังพยายามอยู่,0,1,0,0,0,0,2,8
0,คนที่ฆ่าตัวตายไม่ได้คิดสั้น แต่เขาคิดมานานหลายรอบ คิดแล้วคิดอีก อดทนแล้วอดทนเล่า จนมันเกินขีดจำกัดความอดทนที่มีแล้ว,0,1,0,0,0,0,2,29
0,มีใครสงสัยแบบเราบ้างไม กูที่เป็นผช. :เรื่องมากจุกจิก=หาว่าเป็นตุ๊ดเป็นอีเจ๊ :พอเลิก=กลายเป็นคนไม่ใส่ใจไม่สนใจ :พอจะกลับไปเรื่องมากใส่ใจ =กลับไปเป็นตุ๊ดเป็นอีเจ๊ตามเดิม,0,0,1,0,0,0,2,47
0,เราสามารถปรึกษาอาการเรากับใครได้บ้างไหมคะ เราไม่ไหวแล้ว,0,1,0,0,0,0,2,15
0,"อยากให้มี ""การุณยฆาต""",0,1,0,0,0,0,2,8
0,เช้านี้เศร้า เหงานะ วันอาทิตย์ อยากใกล้ชิด แนบตัว เคียงข้างเธอ คิดถึงจัง ตังมา นอนละเมอ อยากพบเจอ ตัวเธอ อีกครั้งจัง,0,1,0,0,0,0,2,23
0,อ่านทวีตละคิดว่าจะเข้าใจกว่าเดิมกลายเป็นดิ่งกว่าเดิมอีกวะ,0,1,0,0,0,0,2,15
1,มันน่าเศร้าสำหรับฉันมาก ที่ฆ่าตัวตายแต่ไม่ตาย..,0,0,0,0,1,0,2,11
1,ถ้าฉันตายไป มีจะดีขึ้นไหมนะ,0,1,0,0,0,0,2,9
0,กูเป็นแค่คนช่วยแก้เหงาของมึง.. หรอว่ะ🙄,0,1,0,0,0,0,2,13
0,เราเหนื่อยจังเลยเรารักษามาจะ3เดือนแล้วแต่ทำอาการรุนแรงกว่าเดิม🥺,0,1,0,0,0,0,2,17
0,เราผิดเองนี่นา,0,1,0,1,0,0,2,5
0,หาเพื่อนคุยด้วยค่ะ,0,0,0,0,0,0,0,5
0,วันแรกที่ตั้งสินใจไปพบจิตแพทย์ ทั้ง ๆ ที่ทำงานเข้าเวรอยู่ เป็นทหารเกณฑ์ ...,0,0,0,0,0,0,0,15
0,มันจะมีมั้ยนะ...,0,0,0,0,1,0,0,6
1,มันถึงจุดที่ทนไม่ไหว ก็ต้องการการปลดปล่อย คิดว่าวันหนึ่งเราจะไปโดยที่ไม่ต้องโพสต์ต้องลานั่นคือสุดแล้ว ไม่มีกำลังใจที่จะอยู่แล้ว,0,1,0,0,0,0,2,28
0,รู้สึกเเย่ทุกครั้งที่ทำผิด เเล้วมักจะโดนคนในครอบครัวซ้ำเติม,0,1,0,0,0,0,2,10
1,จมอยู่กับรอยแผลและคาบน้ำตา,0,1,0,0,0,0,2,5
0,หาโอกาสคุยมันยากจังแหะ... ทุกคนดูยุ่งตลอดเวลา บอกไปเค้าจะกังวลรึเปล่า,0,1,0,0,0,0,2,18
0,ตอนนี้ตัวเองมึนงงกับสิ่งที่เกิดขึ้น อยากลองถามว่าอาการที่เราเป็น คือโรคซึมเศร้ารึเปล่า อยากได้ทางสว่างให้เค้าหน่อย เค้าเหนื่อย ;;__;;,0,1,0,0,0,0,2,28
0,สิ่งที่กลัวที่สุดในการเป็นโรคซึมเศร้า คือการที่ทำคนรอบข้างรู้สึกแย่กับเราไปด้วย,0,1,0,0,0,1,2,20
0,บอกตัวเองว่ามึงต้องอดทน เพราะไม่มีใครมาปลอบมึงแล้ว,0,1,0,0,0,0,2,14
0,บางคนผ่านมา เพื่อสอนให้รู้ว่า ความรักมันไม่ใช่แบบนี้,0,1,0,0,0,0,2,13
0,เหนื่อยก็แค่ยิ้ม ไม่โอเคก็แค่เงียบ 😊🙂,0,1,0,0,0,0,2,10
0,ไม่สามารถระบายให้คนอื่นฟังได้ เลยเลือกที่จะทำร้ายตัวเอง,0,1,0,0,0,0,2,11
0,กูบอกให้ออกไป,0,1,1,0,0,0,2,5
0,พยายามไปทำไม ในเมื่อ คนอื่นไม่เคยเห็นมัน,0,1,0,0,0,0,2,10
0,คุณรู้ไหมว่าความปรารถนาดีของคุณกำลังทำลายชีวิตเราอยู่🥀✨🤐,0,1,0,0,0,0,2,13
0,ยอมเป็นตัวเลือก เธอก็ยังไม่เลือกเราอยู่ดี,0,1,0,0,0,0,2,10
0,ผมคิดถึงคนนั้นในอดีตของตัวเองมากครับ คนที่ชอบเข้าสังคมรู้จักคนใหม่ๆ ที่มีพลังงานในการทำกิจกรรมการต่าง ปลูกต้นไม้ เขียนนิยาย ทำค่าย คิดถึงคนที่มองโลกในแง่ดีและพร้อมให้อภัยทุกคน คิดถึงมากเลยครับ,0,1,0,0,0,0,2,44
0,อาการวันนี้เหนื่อยๆ หนักๆ อยากหายไปแต่ไม่อยากทำร้ายตัวเอง,0,1,0,0,0,1,2,14
1,ทุกครั้งที่เห็นมีความสุข มันอาจจะไม่ได้เป็นเเบบนั้น ทุกครั้งที่ผมอยากตาย ผมไม่เคยพูดเล่นเลยสักครั้ง ทุกครั้งที่ผมเจอปัญหามา ถึงเเม้จะรู้ว่ามีคนหนึ่งอยู่ข้างๆ เเต่ผมอาจจะไม่ไหวเกินทนอีกต่อไป ผมอาจจะตัดสินใจทำลงไปเเล้ว อยากให้รู้ว่า ขอบคุณ เเละรักเสมอ 🖇🌷,0,1,0,0,0,0,2,59
0,"ยาวนานกว่าความทรงจำ คือ ""การลืมคนในความทรงจำ""",0,1,0,0,0,0,2,10
0,จังหวะจะร้องไห้ เเต่ต้องสั่งตัวเองว่าห้ามร้องก็ทรมานอยู่นะ😢,0,1,0,0,0,0,2,15
1,ทุกอย่างเป็นความผิด ผมเอง ผมขอโทษนะ,0,1,0,1,0,0,2,8
0,กินยานอน,0,0,0,0,0,0,0,3
1,เพราะฉันคงหมดเวลา ถึงคราวต้องจากลา บนเส้นทางไกลแสนไกล ไม่อาจจะคืนย้อนมา,0,1,0,0,0,0,2,18
0,เหนื่อยเเหละ... 😥🖤🥀,0,1,0,0,0,0,2,6
0,เห็นเธอรักกลับเขา ใจเราก็เจ็บทุกที,0,1,0,0,0,0,2,10
1,แขน คือที่ระบายที่ดีที่สุด,0,1,0,0,0,0,2,7
0,เรากลัวว่าเราจะฆ่าตัวตายที่โรงเรียนในสักวันหนึ่ง,0,0,0,0,0,1,2,10
0,“บางความสัมพันธ์ เอาแน่เอานอนไม่ได้แต่เอากันได้”,0,0,0,0,0,0,2,14
0,ไม่เป็นไรหรอก ยังไงก็เติบโต,0,1,0,0,0,0,0,5
0,หลับไห้สบายคะป้าขอไห้ไปอยู่ในที่ดีดีคะ,0,1,0,0,0,0,2,14
0,ไม่ต้องมาสนใจกันแล้วได้ไหม,0,1,0,0,0,0,2,7
0,ถ้าหากลองออกไปสัมผัสธรรมชาติมันจะช่วยให้เราดีขึ้นไหม จะช่วยให้ลืมความรู้สึกแย่ๆตอนนี้หรือเปล่า,0,1,0,0,0,0,2,22
1,ความตาย ทำให้คนรอบข้างหันมารักเราทันที:),0,1,0,0,0,0,2,9
0,เป็นคนสำคัญของใครไม่ได้ ก็ให้เป็นคนสำคัญของ ตัวเอง ให้ได้,0,1,0,0,0,0,1,13
0,เพราะดีเกินไปรึเปล่า ถึงโดนเขาด่าเล่น... 🥀 ทั้งที่ไม่ผิด,0,1,0,0,0,0,2,14
1,เขียนจดหมายลาตายทิ้งไว้แล้ว พอถึงเวลาจริงๆจะกล้าทำไหมนะ,0,1,0,1,0,1,2,14
0,อยากยืนได้ด้วยตัวเอง โดยไม่ต้องมีใครคอยพยุง,0,1,0,0,0,0,0,10
0,จากวันนั้นที่เราเกิดจนถึงวันนี้ อะไรคือความหมายของชีวิต ช่วยกันหาคำตอบนะ,0,0,0,1,0,0,0,16
0,โสด ก็ดีทำไรก็สบาย ไม่ต้องรอใครร ... แต่บางทีก็อยากรอใครเหมือนกันนะ ฮรือออออ,0,1,0,0,0,0,2,19
0,ทั้งๆที่คิดว่าตัวเองเลิกคิดเรื่องไม่อยากอยู่ไปแล้ว แต่จริงๆก็ไม่อ่ะรู้สึกว่าตัวกำลังวนกลับมาคิด ทำไมถึงเป็นแบบนี้อีกแล้วก็ไม่รู้ 😢😭,0,1,0,0,1,0,2,34
0,บางทีเราอาจจะเสียสิ่งที่ดีที่สุดไปเพียงเพราะคำพูดของคนอื่น,0,1,0,0,0,0,2,14
0,อยากให้แกรับฟังเราแค่นั้นเอง -Moon-,0,1,0,0,0,0,2,8
0,ต่อให้กูบอกโอเค... ก็ใช่ว่ากูจะโอเคเสมอไปนะเว้ย...,0,1,1,0,0,0,0,15
0,เด็กที่ไม่เคยต้องให้ที่บ้านห่วงเรื่องเรียน เพราะพยายามเรียนดีเป็นปกติ สอบได้เกรด 4 คือปกติ พอโตมาเราใช้ชีวิตพลาดหน่อย ก็เลยมีแต่ซ้ำเติม ไม่ช่วย ไม่ซัพพอร์ท ถูกตัดหางปล่อยวัด ฉันอยากกลับไปแก้อดีตอยากสอนให้เขารู้ว่าฉันก็ธรรมดา ฉันก็คน ฉันทำผิด ฉันพลาด ฉันหลงทางได้,0,1,0,0,0,0,2,64
0,เบื่ออออออออออ,0,1,0,0,0,0,2,6
0,เด็กน้อยคนนั้น ยิ้มครั้งสุดท้ายเมื่อไหร่กันนะ,0,1,0,0,1,0,2,8
0,ความฝันเรามันคงไม่มีวันเป็นไปได้หรอก,0,1,0,1,0,0,2,9
1,แม่เข้ามาปลุกแต่เช้าเลย แล้วบ่นเรื่องพ่อให้ฟังอีกละ เหนื่อยว่ะเหนื่อยมาก เรากลับมาบ้านวันแรกก็ต้องกลับมาเจออะไรบั่นทอนแบบนี้เลยอ่ะ โครตไม่อยากอยู่ต่อละ ท้อมากๆมากจริงๆ,0,1,0,1,0,0,2,43
0,บอกจะลดน้ำหนักๆ มาหลายปีละ เริ่มทุกครั้งที่พูด แต่..โอ้วว มนูดดดด ทำไมกูหนักกว่า เดิมวะ😭😭,0,1,0,0,0,0,2,24
0,ไม่เป็นไรนะเธอ เธอเก่งแล้วค่ะที่รัก ทุกอย่างมันไม่ง่ายเลย เราเข้าใจ เธอทำเต็มที่แล้วนะคะ คืนนี้หลับตาลงพักผ่อนก่อน ขอให้พรุ่งนี้ไม่แย่เหมือนวันที่ผ่านมานะคะ สู้นะคะ ไม่ไหวทักมาระบายกับเค้าได้เสมอนะ กอดๆค่ะ💖,1,0,0,0,0,0,1,49
0,ไรค่าจังทั้งวันคิดแต่เรื่องนี้...,0,1,0,1,0,0,2,9
1,ต้องตายใช่มั้ย ถึงจะได้ไม่ต้องรับรู้,0,1,0,0,0,0,2,9
1,ทุกคนเคยอยากตายกันไหม เคยถามตัวเองไหมว่สเราเกิดมาทำไม,0,1,0,0,1,0,2,15
0,"หัวใจที่กำลังเปิดออก กำลังจะปิดลงอีกครั้ง และจะไม่เปิดออกมาอีก.. "" ชั่วชีวิต.. """,0,1,0,0,0,0,2,24
0,ไม่แปลกใจเลย ที่ทำไมเด็กหลายๆคน ทำไมถึงคิดอยากฆ่าตัวตาย มันก็มีคิด บางแหละ จะอยู่ไปทำไม เป็นภาระ เป็นตัวถ่วง จริงๆเราก็ผิดแหละ แต่บางครั้ง การที่ให้อภัย มันไม่ดีกว่าการพูด การด่า การว่าหรอ มีความรู้สึก มีความคิด เหมือนกันนะเว้ยย ไม่ใช่คิดจะพูดก็พูด,0,1,0,0,0,0,2,61
0,ต้องทำไงกูต้องเปลี่ยนรถเลยไหม ใครมันอยากจะเมารถกันว่ะแค่คำพวกนี้ก้ทำให้เรารส.เป้นภาระขนาดไหนแล้วทำไมต้องทนอยุ่,0,0,1,1,0,0,2,34
0,ไม่รู้ว่าตั้งแต่เมื่อไหร่แต่เพื่อนที่เคยคิดว่าสนิทที่สุดเริ่มสนุกกับการล้อเล่นกับความรู้สึกของเรา พอเราพูดว่าเราไม่พอใจ เราดันกลายเป็นคนที่ผิด เป็นคนเอาแต่ใจตัวเอง ในขณะเค้าก็ไม่ได้สำนึกกับสิ่งที่เค้าทำเลย โลกใจร้ายกับเรามากจริงๆ,0,1,0,1,1,0,2,55
0,ก็แค่เด็กคนหนึ่งที่พร้อมร้องไห้กับทุกเรื่อง...,0,1,0,0,0,0,2,12
0,เที่ยงคืนสองนาที!! 🤍🤍 ง่วงได้แล้ว นอนได้แล้ว,0,0,0,0,0,0,0,11
0,ต่อให้เป็น มันไม่ใช่ข้ออ้างที่จะมาระเบิดอารมณ์ใส่คนอื่นในทุกวันนะ ไอ้ที่ทำ ๆ อยู่นี่คือพ่อแม่ไม่สั่งสอน ไม่มีหัวนอนปลายเท้ารึเปล่า ?,0,0,1,0,0,0,2,30
0,อย่ามาเข้าใจเราในวันที่เราไม่ได้อยู่หรือไม่รู้สึกอะไรเเล้วนะเพราะมันไม่มีประโยชน์😓,0,1,0,0,0,0,2,20
1,จะยังอยู่ถึงปีหน้าไหมนะ ปีนี้มันหนักหน่วงจัง,0,1,0,0,0,1,2,11
0,ฉันก็แค่หลอกตัวเองเก่งเท่านั้นเอง🙂,0,1,0,1,0,0,2,7
0,อย่าร้องไห้สิอย่าร้องอยู่คนเดียวนิไม่มีใครปลอบน๊าบอกตัวเอง😓😭,0,1,0,0,0,0,2,16
0,เจ็บจนชิน ไม่เป็นอะไร ให้เธอไปคบกับเขา😥🥀,0,1,0,0,0,0,2,11
0,เข้ามาอ่านเเท็คนี้เหมือนมีเพื่อน เหมือนไม่ได้เศร้าอยู่คนเดียวบนโลก ซึ่งมันดีรึป่าวนะ 😂,1,0,0,0,0,0,0,21
1,ภาวนาให้ตัวเองตายในทุกๆวัน,0,1,0,0,0,0,2,7
0,คนชอบบอกให้เรา “เก็บคำดูถูกมาเป็นแรงผลักดัน..” ผลักดันเหี้ยไร กูบั่นทอน กูเสียกำลังใจ กูอยากจะซัดหน้าแม่ง ไม่มีแรงผลักดันอะไรทั้งนั้น,0,1,1,0,0,0,2,32
0,กุว่ากุควรไปหาจิตแพทย์ มีใครพอจะแนะนำได้ไหม,0,0,0,0,0,1,2,13
0,ทุกๆวันเป็นวันที่แย่ วันนี้ก็เช่นกัน,0,1,0,0,0,0,2,8
1,มันเคยดีกว่านี้ ตอนที่โลกนี้ยังไม่มีฉัน,0,1,0,1,0,0,2,11
0,อยู่บ้านนี้มันโคตรอึดอัดเลยอะ อยากออกไปอยู่ที่อื่นจริงๆนะ,0,1,0,1,0,0,2,15
0,แรกๆก็หวาน... นานไปก็ขม,0,1,0,0,0,0,2,10
0,ความรู้สึกเราหรอ.. ช่างมันเถอะ😥,0,1,0,0,0,0,2,6
0,ก่อนคุณจะด่า คุณถามก่อนมั้ยว่าที่เราทำ เพราะอะไรเราถึงทำแบบนี้ ใช้เหตุผลหน่อยสิ อย่าเอาแต่ความคิดตัวเอง แล้วก็มาบอกว่า คุณอาบน้ำร้อนมาก่อน น้ำร้อนที่คุณว่า คุณยังใช้หม้อต้มอยู่เลย ยุคสมัยมันต่างออกไปแล้ว อย่าใช้มาตรฐานคุณมาเปรียบเทียบ เพราะความคิดของคนเรามันต่างกัน,0,1,1,0,0,0,2,58
0,เข้าสู่ปีที่19ของเรา แต่ความรู้สึกก็เหมือนเดิมแบบที่ผ่านมาแต่อาจจะหนักมากขึ้น แต่เราก็... ทนมาได้แล้ว สุขสันต์วันเกิดให้กับตัวฉันเอง ต่อให้แม้อยากจะตาย แต่ฉันก็รอความตายจากพระเจ้าอยู่ดีหละนะ🙂,0,1,0,0,0,0,0,46
0,ขอวิธีให้ Move on ได้เร็วๆหน่อยค่ะ 🥲 //ความรู้สึกแย่มากเลยค่ะตอนนี้ ...,0,1,0,0,0,0,2,18
0,จะผ่านวันนี้ไปได้มั้ยนะ,0,1,0,0,0,0,2,7
0,คิดว่าพรุ่งนี้วันจัทร์ทีไรจิตตกทุกที😥,0,1,0,0,0,0,2,10
0,แย่เนาะ แย่สุดๆเลยวันนี้ -Moon-,0,1,0,0,0,0,2,8
0,อยู่ไปก็ไม่ต่างอะไรกับตายทั้งเป็น เมื่อไหร่จะตายไปสักทีเหนื่อย,0,1,0,0,0,0,2,14
0,มูฟออนไม่ได้จริงๆหรือมึงไม่อยากมูฟกันแน่ ลองถามตัวเองดูดีๆ มึงรู้ดีอยู่แก่ใจ • • • • •,0,1,0,0,0,0,2,27
0,ใครมีเรื่องไม่สบายใจ สามารถDMมาระบายกับเราได้นะ ถ้าไม่มีใครอยู่ข้างๆคุณเราจะเป็นคนที่อยู่ข้างๆคุณเอง🍀,1,0,0,0,0,0,1,28
0,ถูกตักเตือนผ่านไมค์ประกาศให้คนอื่นได้ยินหัดเตรียมตัวมาดีๆซะบ้างเหมือนเรียกให้ยืนแล้วโดนด่าว่าอีโง่!กลางห้องคำพูดปยเดียวกระเเทกใจร้องไห้คิดมาทั้งคืนจนตอนนี้ เข้าห้องผิดในใจคือฉันผิด?ไม่เคยไปที่นั้นคนอื่นมองรู้สึกแย่มากๆพยายามคิดคนเราไม่เหมือนกันเขาอาจจะไม่ได้คิดอะไร,0,1,1,1,0,0,2,70
1,ฉันดีใจที่ได้ออกไปพักผ่อน แต่ในขณะเดียวกันการพักผ่อนของฉันคือการนอนหลับไปแล้วไม่ต้องตื่นมาอีกเลย มากกว่า...,0,1,0,0,0,0,2,24
0,นี่เราต่อยกำแพงจนคนที่บ้านรู้เลยเหรอ555,0,0,0,0,1,0,2,12
0,เราเจ็บปวดกับชีวิตตัวเองมากเลย,0,1,0,0,0,0,2,7
0,ยืนกลางสายฝน เพื่อปกปิดรอยน้ำตา,0,1,0,0,0,0,2,7
0,ทำไมวันนี้เราท้อจัง😪😭,0,1,0,0,1,0,2,6
1,สุดท้ายก็ตายไม่สำเร็จไม่สนุกเอาซะเลย,0,1,0,0,0,0,2,10
0,ยังไม่เริ่มเลย พังแล้ว,0,1,0,0,0,0,2,6
0,เเค่ต้องการใครสักคน,0,1,0,0,0,0,2,5
0,เก่งมากแล้วน่ะ ตัวกู✌️🙂,1,0,0,0,0,0,1,7
0,หายากเหมือนกันเนาะความสุขอ่ะ -Moon-,0,1,0,0,0,0,2,7
0,บางครั้งเองก็เกลียดการถูกคนรอบตัวเป็นห่วงและบอกรัก เพราะสิ่งที่เขาทำนั้นมันไม่จริงเลย..,0,1,0,0,0,0,2,23
0,ทิ้งทุกอย่างไว้ปีนี้ทั้งหมดได้มั้ย,0,1,0,0,0,0,2,8
0,ไม่เคยโกหกเรื่องอยู่ไม่ได้เลยสักครั้ง,0,1,0,0,0,0,2,9
0,การมีเพื่อนสนิทมันดีนะแต่ทุกครั้งที่เราสนิทกับใครแล้วทำไมทุกคนถึงเริ่มเปลี่ยนไปเหมือนทุกคนกำลังไม่ต้องการเรา,0,1,0,1,0,1,2,22
0,เปิดบัตรมาแล้วเบลอมากแม่ นี่กาเบอร์สี่ พอหย่อนลงกล่องแล้วถึงนึกได้ว่าเขตเรามีแค่สามคน... 🤔,0,0,0,0,1,0,0,27
0,คำพูดบ้างคำก็ฆ่าคนคนนึงได้เหมือนกัน,0,1,0,0,0,0,2,10
0,คุณที่หลงเข้ามารู้จักเรา คงรู้สึกผิดหวังอยู่ใช่มั้ยล่ะ ขอโทษนะที่เด็กน้อยร่าเริงที่คุณเคยพบในวันนั้น ค่อยๆหายไปแล้วเพราะเรากำลังจะกลายเป็นผู้ใหญ่ที่ไม่เหลือความสุขอีกแล้ว,0,1,0,0,0,0,2,38
1,ความตายไม่ใช่สิ่งสวยงามหรอก แต่การหลุดพ้นจากสิ่งที่เป็นอยู่ต่างหาก,0,1,0,1,0,0,2,13
0,อยู่บ้านนานมันก็เครียดนะ เคยออกไปไหนมาไหนได้ แบบนี้มันอึดอัดจัง,0,1,0,0,0,0,2,18
0,เป็นคนมีเพื่อนนะ มีเยอะด้วย แต่กลับอยู่คนเดียวมากกว่าอยู่กับเพื่อนอีก งงว่ะ5555555,0,1,0,0,0,0,2,19
0,เหนื่อยแล้วพอแล้วได้มั้ยไม่อยากไปหาหมอแล้วไม่อยากกินยาแล้วมันหายโดยไม่ต้องหาหมอได้มั้ยอ่ะ,0,1,0,0,0,0,2,24
0,เหนื่อย...,0,1,0,0,0,0,2,2
0,ทุกคนต้องมีความสุขเเล้ว ถ้าไม่มีเรา:),0,1,0,1,0,0,2,9
0,จีบตั้งแต่ต้นปียันปลายปี เธอบอกmerry christmas นะเพื่อนรัก,0,1,0,0,0,0,2,11
0,จ๊ะเอ๋ ดึกเเล้วนะคะวันนี้เป็นยังไงกันบ้างคะ โอเคหรือเปล่าเอ่ย วันหยุดเเบบนี้ได้พักผ่อนเต็มที่ไหมคะ ได้ทานอะไรที่อยากทาน นอนตื่นสายๆหรือเปล่า เเล้ววันนี้ได้ยิ้มหรือยังคะ ถ้ายังไม่ยิ้มเเสดงว่ามีเรื่องอะไรไม่สบายใจอยู่เเน่เลย อยากเล่าให้ซันฟังไหมคะซันพร้อมรับฟังนะ,1,0,0,0,0,0,1,64
1,อยากตายแล้วเข้าสวรรค์เลยอ่า,0,1,0,0,0,1,2,7
0,เธอฟังเพื่อนเธอมากกว่าเราเราไม่ว่า แต่เธอช่วยฟังเราด้วยได้มัยว่าเราไม่ได้คุยกับใครเธอก็เห็นอยู่ว่าเราคุยกับเธอเกือบตลอดเวลา กลับมาเถอะนะทีเชอร์ของหนู👩‍🏫🖤❤️🥀 แบงค์,0,1,0,0,0,1,2,44
0,ถ้าความรักของเธอที่ฉันได้ ฉันต้องใจดีแบ่งเธอให้คนอื่นอีก ฉันขอความรักฉันคืน เธอไปดูแลคนอื่นเหอะ เราอยู่คนเดียวได้,0,1,0,0,0,0,2,29
0,การเดินออกมาอาจะเป็นสิ่งที่ดีที่สุดก็ได้โปรดอย่าทำให้ฉันรู้สึกผิดไปมากกว่านี้เลย ได้โปรด,0,1,0,0,0,0,2,23
0,6 นาทีถ้าลองเปิดใจ ถ้าอคติไม่เปิดใจข้ามวิดีโอนี้ไปนะครับ ทำไม คำว่า สู้ๆ / แค่นี้ไม่เป็นไร เดี๋ยวก็ผ่านไปและการเปรียบเทียบ ที่เราอยากให้กำลังใจ คนที่กำลังอยู่ในภาวะซึมเศร้า เค้าถึงไม่ชอบ หรือกลับทำให้มันแย่ลง เปิดใจฟัง แชร์ได้นะครับ,1,0,0,0,0,0,1,57
0,จ้าาาาาา ตามสบายเลยจ้าาาา ไม่อยู่ก็ต้องอยู่แล้วล่ะจ้าา ขอลา บาย!,0,0,0,1,0,0,2,17
0,"""เพลงผมสะเหล่อถึงเค้า มันช่วยชีวิตเค้าได้ อย่างน้อยก็ดึงสติเค้ากลับมาได้"" กัมปนาท พนัสนาชี หรือ อาร์ม 36MAN ไม่มีเจตนาใดนอกจากส่งต่อมุมมองของตัวผม และเคารพทุกคนครับ ลองฟังและแชร์กันได้เลยครับ ไม่มีใครอยากป่วย ไม่มีใครที่จะเข้มแข็งได้ตลอด",1,0,0,0,0,0,1,61
0,บางทีการที่เราอยู่คนเดียวแล้วนั่งทบทวนเรื่องที่ผ่านมามันอาจจะดีก็ได้นะ,1,0,0,0,0,0,0,16
0,อยากเข้าโรงบาล,0,1,0,0,0,0,0,3
1,ไม่ต้องห่วง ไม่อยู่เกินคืนนี้แน่ๆ จะไม่มานั่งทะเลาะ ร้องไห้ หรือพูดอะไรอีกแล้ว เชิญมีความสุขกันให้สบายใจ,0,1,0,1,0,0,2,22
0,การที่เราเป็นแบบนี้มันจะดีมั้ยถ้าหากเรายังจะคบใครสักคนอยู่ ดึงเค้าเข้ามาในชีวิตคนอย่างเรามันดีรึป่าว,0,1,0,1,0,1,2,29
0,"ถ้าเรา ""ตาย"" มันคงจะดีกว่า .)",0,1,0,1,0,0,2,9
0,ทำไมต้องทำตัวมีแฟน ทั้งๆที่แฟนทำตัวไม่มีเรา,0,1,0,0,0,0,2,12
0,ผู้ชายชวนไปห้องบอกไม่ทำอะไร พอไปถึงไม่ทำอะไรจริงๆ,0,1,0,0,0,0,2,15
0,ทำไมเราต้องพยายามกลั้นน้ำตาเอาไว้เพราะกลัวคนอื่นคิดว่าเราอ่อนแอหรอ กูแค่เหนื่อยไงกูอยากร้องไห้ แค่นั้น... 🥀🖤🥺,0,1,0,0,0,1,2,25
0,อารมณ์เปลี่ยนทุกสามนาที,0,0,1,0,0,0,0,5
